ISO-10303-21;
HEADER;
/* Generated by software containing ST-Developer
 * from STEP Tools, Inc. (www.steptools.com) 
 */

FILE_DESCRIPTION(
/* description */ (''),
/* implementation_level */ '2;1');

FILE_NAME(
/* name */ 'Encoder Cap.step',
/* time_stamp */ '2026-08-30T14:43:48+02:00',
/* author */ (''),
/* organization */ (''),
/* preprocessor_version */ 'ST-DEVELOPER v20.1',
/* originating_system */ 'Autodesk Translation Framework v15.8.0.0',
/* authorisation */ '');

FILE_SCHEMA (('AUTOMOTIVE_DESIGN { 1 0 10303 214 3 1 1 }'));
ENDSEC;

DATA;
#10=MECHANICAL_DESIGN_GEOMETRIC_PRESENTATION_REPRESENTATION('',(#13),#9530);
#11=SHAPE_REPRESENTATION_RELATIONSHIP('SRR','None',#9537,#12);
#12=ADVANCED_BREP_SHAPE_REPRESENTATION('',(#14),#9529);
#13=STYLED_ITEM('',(#9546),#14);
#14=MANIFOLD_SOLID_BREP('Body1',#4069);
#15=B_SPLINE_CURVE_WITH_KNOTS('',3,(#5100,#5101,#5102,#5103),
 .UNSPECIFIED.,.F.,.F.,(4,4),(-0.0837222442122056,-0.0455921267087566),
 .UNSPECIFIED.);
#16=B_SPLINE_CURVE_WITH_KNOTS('',3,(#5105,#5106,#5107,#5108,#5109,#5110),
 .UNSPECIFIED.,.F.,.F.,(4,2,4),(-0.0863187579515987,-0.0472300336560599,
0.),.UNSPECIFIED.);
#17=B_SPLINE_CURVE_WITH_KNOTS('',3,(#5112,#5113,#5114,#5115),
 .UNSPECIFIED.,.F.,.F.,(4,4),(-0.00315881045434985,-0.000162466535647839),
 .UNSPECIFIED.);
#18=B_SPLINE_CURVE_WITH_KNOTS('',3,(#5117,#5118,#5119,#5120),
 .UNSPECIFIED.,.F.,.F.,(4,4),(-0.000162466535647828,0.0365901162887321),
 .UNSPECIFIED.);
#19=B_SPLINE_CURVE_WITH_KNOTS('',3,(#5121,#5122,#5123,#5124,#5125,#5126),
 .UNSPECIFIED.,.F.,.F.,(4,2,4),(-0.0903870966541829,-0.0473327870382583,
0.),.UNSPECIFIED.);
#20=B_SPLINE_CURVE_WITH_KNOTS('',3,(#5130,#5131,#5132,#5133,#5134,#5135),
 .UNSPECIFIED.,.F.,.F.,(4,2,4),(0.00383403005616237,0.0374042799740198,
0.0743727715905031),.UNSPECIFIED.);
#21=B_SPLINE_CURVE_WITH_KNOTS('',3,(#5137,#5138,#5139,#5140,#5141,#5142),
 .UNSPECIFIED.,.F.,.F.,(4,2,4),(-0.0903870966535492,-0.0473327870380768,
0.),.UNSPECIFIED.);
#22=B_SPLINE_CURVE_WITH_KNOTS('',3,(#5144,#5145,#5146,#5147),
 .UNSPECIFIED.,.F.,.F.,(4,4),(-0.00474770215514055,0.),.UNSPECIFIED.);
#23=B_SPLINE_CURVE_WITH_KNOTS('',3,(#5150,#5151,#5152,#5153),
 .UNSPECIFIED.,.F.,.F.,(4,4),(-0.0584940062840401,-0.0537463077380661),
 .UNSPECIFIED.);
#24=B_SPLINE_CURVE_WITH_KNOTS('',3,(#5171,#5172,#5173,#5174),
 .UNSPECIFIED.,.F.,.F.,(4,4),(-0.0837222442110717,-0.0455921267081924),
 .UNSPECIFIED.);
#25=B_SPLINE_CURVE_WITH_KNOTS('',3,(#5176,#5177,#5178,#5179,#5180,#5181),
 .UNSPECIFIED.,.F.,.F.,(4,2,4),(-0.0863187579520573,-0.0472300336565068,
0.),.UNSPECIFIED.);
#26=B_SPLINE_CURVE_WITH_KNOTS('',3,(#5183,#5184,#5185,#5186),
 .UNSPECIFIED.,.F.,.F.,(4,4),(-0.00315881045434823,-0.000162466535646361),
 .UNSPECIFIED.);
#27=B_SPLINE_CURVE_WITH_KNOTS('',3,(#5187,#5188,#5189,#5190),
 .UNSPECIFIED.,.F.,.F.,(4,4),(-0.000162466535646496,0.0365901162887325),
 .UNSPECIFIED.);
#28=B_SPLINE_CURVE_WITH_KNOTS('',3,(#5208,#5209,#5210,#5211),
 .UNSPECIFIED.,.F.,.F.,(4,4),(-0.0365901162887325,0.00016246653564746),
 .UNSPECIFIED.);
#29=B_SPLINE_CURVE_WITH_KNOTS('',3,(#5213,#5214,#5215,#5216),
 .UNSPECIFIED.,.F.,.F.,(4,4),(-0.00315881045434918,-0.000162466535647426),
 .UNSPECIFIED.);
#30=B_SPLINE_CURVE_WITH_KNOTS('',3,(#5217,#5218,#5219,#5220,#5221,#5222,
#5223),.UNSPECIFIED.,.F.,.F.,(4,3,4),(0.00694921959639917,0.037736021726784,
0.0750195459477289),.UNSPECIFIED.);
#31=B_SPLINE_CURVE_WITH_KNOTS('',3,(#5227,#5228,#5229,#5230,#5231,#5232),
 .UNSPECIFIED.,.F.,.F.,(4,2,4),(0.00383403017643886,0.037358429309131,0.0743727752720471),
 .UNSPECIFIED.);
#32=B_SPLINE_CURVE_WITH_KNOTS('',3,(#5234,#5235,#5236,#5237,#5238,#5239),
 .UNSPECIFIED.,.F.,.F.,(4,2,4),(-0.0903870965081344,-0.0473164835609951,
0.),.UNSPECIFIED.);
#33=B_SPLINE_CURVE_WITH_KNOTS('',3,(#5241,#5242,#5243,#5244),
 .UNSPECIFIED.,.F.,.F.,(4,4),(-0.0047476990748163,0.),.UNSPECIFIED.);
#34=B_SPLINE_CURVE_WITH_KNOTS('',3,(#5247,#5248,#5249,#5250),
 .UNSPECIFIED.,.F.,.F.,(4,4),(-0.0730922392376665,-0.0683445386168207),
 .UNSPECIFIED.);
#35=B_SPLINE_CURVE_WITH_KNOTS('',3,(#5268,#5269,#5270,#5271),
 .UNSPECIFIED.,.F.,.F.,(4,4),(-0.0837222442104505,-0.0455921267076545),
 .UNSPECIFIED.);
#36=B_SPLINE_CURVE_WITH_KNOTS('',3,(#5273,#5274,#5275,#5276),
 .UNSPECIFIED.,.F.,.F.,(4,4),(-0.0365901162887345,0.000162466535646496),
 .UNSPECIFIED.);
#37=B_SPLINE_CURVE_WITH_KNOTS('',3,(#5278,#5279,#5280,#5281),
 .UNSPECIFIED.,.F.,.F.,(4,4),(-0.003158810454348,-0.000162466535646534),
 .UNSPECIFIED.);
#38=B_SPLINE_CURVE_WITH_KNOTS('',3,(#5283,#5284,#5285,#5286,#5287,#5288,
#5289),.UNSPECIFIED.,.F.,.F.,(4,3,4),(0.0100821009914328,0.0376890932416746,
0.0750195500784617),.UNSPECIFIED.);
#39=B_SPLINE_CURVE_WITH_KNOTS('',3,(#5290,#5291,#5292,#5293),
 .UNSPECIFIED.,.F.,.F.,(4,4),(0.00694922006933938,0.0100821009914328),
 .UNSPECIFIED.);
#40=B_SPLINE_CURVE_WITH_KNOTS('',3,(#5297,#5298,#5299,#5300,#5301,#5302),
 .UNSPECIFIED.,.F.,.F.,(4,2,4),(0.00383403000268933,0.0374246676464602,
0.0743727699309815),.UNSPECIFIED.);
#41=B_SPLINE_CURVE_WITH_KNOTS('',3,(#5304,#5305,#5306,#5307,#5308,#5309),
 .UNSPECIFIED.,.F.,.F.,(4,2,4),(-0.0903870967658168,-0.047345219486099,
0.),.UNSPECIFIED.);
#42=B_SPLINE_CURVE_WITH_KNOTS('',3,(#5311,#5312,#5313,#5314),
 .UNSPECIFIED.,.F.,.F.,(4,4),(-0.00474771570087297,0.),.UNSPECIFIED.);
#43=B_SPLINE_CURVE_WITH_KNOTS('',3,(#5317,#5318,#5319,#5320),
 .UNSPECIFIED.,.F.,.F.,(4,4),(-0.0584940062841773,-0.0537463077382291),
 .UNSPECIFIED.);
#44=B_SPLINE_CURVE_WITH_KNOTS('',3,(#5338,#5339,#5340,#5341),
 .UNSPECIFIED.,.F.,.F.,(4,4),(-0.0837222442189691,-0.0455921267106562),
 .UNSPECIFIED.);
#45=B_SPLINE_CURVE_WITH_KNOTS('',3,(#5343,#5344,#5345,#5346,#5347,#5348),
 .UNSPECIFIED.,.F.,.F.,(4,2,4),(-0.0863187580992159,-0.0472425885738484,
0.),.UNSPECIFIED.);
#46=B_SPLINE_CURVE_WITH_KNOTS('',3,(#5350,#5351,#5352,#5353),
 .UNSPECIFIED.,.F.,.F.,(4,4),(-0.0031588104543499,-0.000162466524984888),
 .UNSPECIFIED.);
#47=B_SPLINE_CURVE_WITH_KNOTS('',3,(#5354,#5355,#5356,#5357),
 .UNSPECIFIED.,.F.,.F.,(4,4),(-0.00016246653564761,0.0365901162887305),
 .UNSPECIFIED.);
#48=B_SPLINE_CURVE_WITH_KNOTS('',3,(#5375,#5376,#5377,#5378,#5379,#5380),
 .UNSPECIFIED.,.F.,.F.,(4,2,4),(-0.0863187577590344,-0.0472135697053484,
0.),.UNSPECIFIED.);
#49=B_SPLINE_CURVE_WITH_KNOTS('',3,(#5382,#5383,#5384,#5385),
 .UNSPECIFIED.,.F.,.F.,(4,4),(-0.0031588104543497,-0.000162466535646746),
 .UNSPECIFIED.);
#50=B_SPLINE_CURVE_WITH_KNOTS('',3,(#5386,#5387,#5388,#5389),
 .UNSPECIFIED.,.F.,.F.,(4,4),(-0.00016246653564669,0.0365901162887322),
 .UNSPECIFIED.);
#51=B_SPLINE_CURVE_WITH_KNOTS('',3,(#5407,#5408,#5409,#5410),
 .UNSPECIFIED.,.F.,.F.,(4,4),(-0.0365901162887354,0.000162466535646069),
 .UNSPECIFIED.);
#52=B_SPLINE_CURVE_WITH_KNOTS('',3,(#5412,#5413,#5414,#5415),
 .UNSPECIFIED.,.F.,.F.,(4,4),(-0.0031588104543468,-0.000162466535645899),
 .UNSPECIFIED.);
#53=B_SPLINE_CURVE_WITH_KNOTS('',3,(#5416,#5417,#5418,#5419,#5420,#5421,
#5422),.UNSPECIFIED.,.F.,.F.,(4,3,4),(0.0069492193861305,0.0377568891689602,
0.0750195440854961),.UNSPECIFIED.);
#54=B_SPLINE_CURVE_WITH_KNOTS('',3,(#5426,#5427,#5428,#5429,#5430,#5431),
 .UNSPECIFIED.,.F.,.F.,(4,2,4),(0.00383403009045635,0.0373912056586565,
0.0743727726472548),.UNSPECIFIED.);
#55=B_SPLINE_CURVE_WITH_KNOTS('',3,(#5433,#5434,#5435,#5436,#5437,#5438),
 .UNSPECIFIED.,.F.,.F.,(4,2,4),(-0.0903870967242768,-0.0473405312246013,
0.),.UNSPECIFIED.);
#56=B_SPLINE_CURVE_WITH_KNOTS('',3,(#5440,#5441,#5442,#5443),
 .UNSPECIFIED.,.F.,.F.,(4,4),(-0.0047476990748102,0.),.UNSPECIFIED.);
#57=B_SPLINE_CURVE_WITH_KNOTS('',3,(#5446,#5447,#5448,#5449),
 .UNSPECIFIED.,.F.,.F.,(4,4),(-0.0730922401916098,-0.0683445397935118),
 .UNSPECIFIED.);
#58=B_SPLINE_CURVE_WITH_KNOTS('',3,(#5467,#5468,#5469,#5470),
 .UNSPECIFIED.,.F.,.F.,(4,4),(-0.0837222442018371,-0.0455921267028292),
 .UNSPECIFIED.);
#59=B_SPLINE_CURVE_WITH_KNOTS('',3,(#5472,#5473,#5474,#5475),
 .UNSPECIFIED.,.F.,.F.,(4,4),(-0.0365901162887346,0.000162466535647283),
 .UNSPECIFIED.);
#60=B_SPLINE_CURVE_WITH_KNOTS('',3,(#5477,#5478,#5479,#5480),
 .UNSPECIFIED.,.F.,.F.,(4,4),(-0.00315881045434829,-0.000162466535647172),
 .UNSPECIFIED.);
#61=B_SPLINE_CURVE_WITH_KNOTS('',3,(#5481,#5482,#5483,#5484,#5485,#5486,
#5487),.UNSPECIFIED.,.F.,.F.,(4,3,4),(0.00694921973125062,0.0377226399083155,
0.0750195471331729),.UNSPECIFIED.);
#62=B_SPLINE_CURVE_WITH_KNOTS('',3,(#5491,#5492,#5493,#5494,#5495,#5496),
 .UNSPECIFIED.,.F.,.F.,(4,2,4),(0.00383402998664069,0.0374307869473281,
0.0743727694320232),.UNSPECIFIED.);
#63=B_SPLINE_CURVE_WITH_KNOTS('',3,(#5498,#5499,#5500,#5501,#5502,#5503),
 .UNSPECIFIED.,.F.,.F.,(4,2,4),(-0.0903870968055725,-0.0473496767318855,
0.),.UNSPECIFIED.);
#64=B_SPLINE_CURVE_WITH_KNOTS('',3,(#5505,#5506,#5507,#5508),
 .UNSPECIFIED.,.F.,.F.,(4,4),(-0.00474771570087167,0.),.UNSPECIFIED.);
#65=B_SPLINE_CURVE_WITH_KNOTS('',3,(#5511,#5512,#5513,#5514),
 .UNSPECIFIED.,.F.,.F.,(4,4),(-0.0584940062841778,-0.0537463077381653),
 .UNSPECIFIED.);
#66=B_SPLINE_CURVE_WITH_KNOTS('',3,(#5532,#5533,#5534,#5535),
 .UNSPECIFIED.,.F.,.F.,(4,4),(-0.0837222442046228,-0.0455921267052787),
 .UNSPECIFIED.);
#67=B_SPLINE_CURVE_WITH_KNOTS('',3,(#5537,#5538,#5539,#5540,#5541,#5542),
 .UNSPECIFIED.,.F.,.F.,(4,2,4),(-0.0863187581540908,-0.0472470897489586,
0.),.UNSPECIFIED.);
#68=B_SPLINE_CURVE_WITH_KNOTS('',3,(#5544,#5545,#5546,#5547),
 .UNSPECIFIED.,.F.,.F.,(4,4),(-0.00315881045434829,-0.000162466535646832),
 .UNSPECIFIED.);
#69=B_SPLINE_CURVE_WITH_KNOTS('',3,(#5548,#5549,#5550,#5551),
 .UNSPECIFIED.,.F.,.F.,(4,4),(-0.000162466535646714,0.0365901162887305),
 .UNSPECIFIED.);
#70=B_SPLINE_CURVE_WITH_KNOTS('',3,(#5569,#5570,#5571,#5572,#5573,#5574),
 .UNSPECIFIED.,.F.,.F.,(4,2,4),(-0.0863187580431768,-0.0472378541187712,
0.),.UNSPECIFIED.);
#71=B_SPLINE_CURVE_WITH_KNOTS('',3,(#5576,#5577,#5578,#5579),
 .UNSPECIFIED.,.F.,.F.,(4,4),(-0.00315881045435028,-0.000162466535648265),
 .UNSPECIFIED.);
#72=B_SPLINE_CURVE_WITH_KNOTS('',3,(#5580,#5581,#5582,#5583),
 .UNSPECIFIED.,.F.,.F.,(4,4),(-0.000162466535648161,0.0365901162887337),
 .UNSPECIFIED.);
#73=B_SPLINE_CURVE_WITH_KNOTS('',3,(#5601,#5602,#5603,#5604),
 .UNSPECIFIED.,.F.,.F.,(4,4),(-0.0365901162887329,0.000162466535648411),
 .UNSPECIFIED.);
#74=B_SPLINE_CURVE_WITH_KNOTS('',3,(#5606,#5607,#5608,#5609),
 .UNSPECIFIED.,.F.,.F.,(4,4),(-0.00315881045434823,-0.000162466535648366),
 .UNSPECIFIED.);
#75=B_SPLINE_CURVE_WITH_KNOTS('',3,(#5610,#5611,#5612,#5613,#5614,#5615,
#5616),.UNSPECIFIED.,.F.,.F.,(4,3,4),(0.00694921932301901,0.0377631525321338,
0.0750195435233424),.UNSPECIFIED.);
#76=B_SPLINE_CURVE_WITH_KNOTS('',3,(#5620,#5621,#5622,#5623,#5624,#5625),
 .UNSPECIFIED.,.F.,.F.,(4,2,4),(0.00383403002070249,0.0374178000514883,
0.0743727704925751),.UNSPECIFIED.);
#77=B_SPLINE_CURVE_WITH_KNOTS('',3,(#5627,#5628,#5629,#5630,#5631,#5632),
 .UNSPECIFIED.,.F.,.F.,(4,2,4),(-0.0903870967843668,-0.04734725780286,0.),
 .UNSPECIFIED.);
#78=B_SPLINE_CURVE_WITH_KNOTS('',3,(#5634,#5635,#5636,#5637),
 .UNSPECIFIED.,.F.,.F.,(4,4),(-0.00474769907482431,0.),.UNSPECIFIED.);
#79=B_SPLINE_CURVE_WITH_KNOTS('',3,(#5640,#5641,#5642,#5643),
 .UNSPECIFIED.,.F.,.F.,(4,4),(-0.0730938519726297,-0.0683461404583618),
 .UNSPECIFIED.);
#80=B_SPLINE_CURVE_WITH_KNOTS('',3,(#5661,#5662,#5663,#5664),
 .UNSPECIFIED.,.F.,.F.,(4,4),(-0.0837222442091232,-0.0455921267078149),
 .UNSPECIFIED.);
#81=B_SPLINE_CURVE_WITH_KNOTS('',3,(#5666,#5667,#5668,#5669),
 .UNSPECIFIED.,.F.,.F.,(4,4),(-0.0365901162887332,0.000162466535647374),
 .UNSPECIFIED.);
#82=B_SPLINE_CURVE_WITH_KNOTS('',3,(#5671,#5672,#5673,#5674),
 .UNSPECIFIED.,.F.,.F.,(4,4),(-0.0031588104543478,-0.000162466535647394),
 .UNSPECIFIED.);
#83=B_SPLINE_CURVE_WITH_KNOTS('',3,(#5675,#5676,#5677,#5678,#5679,#5680,
#5681),.UNSPECIFIED.,.F.,.F.,(4,3,4),(0.0069492194569586,0.0377498599280831,
0.0750195447154784),.UNSPECIFIED.);
#84=B_SPLINE_CURVE_WITH_KNOTS('',3,(#5685,#5686,#5687,#5688,#5689,#5690),
 .UNSPECIFIED.,.F.,.F.,(4,2,4),(0.00383402999131269,0.0374290053399512,
0.0743727695787764),.UNSPECIFIED.);
#85=B_SPLINE_CURVE_WITH_KNOTS('',3,(#5692,#5693,#5694,#5695,#5696,#5697),
 .UNSPECIFIED.,.F.,.F.,(4,2,4),(-0.0903870968177731,-0.0473508554155716,
0.),.UNSPECIFIED.);
#86=B_SPLINE_CURVE_WITH_KNOTS('',3,(#5699,#5700,#5701,#5702),
 .UNSPECIFIED.,.F.,.F.,(4,4),(-0.00474771570087183,0.),.UNSPECIFIED.);
#87=B_SPLINE_CURVE_WITH_KNOTS('',3,(#5705,#5706,#5707,#5708),
 .UNSPECIFIED.,.F.,.F.,(4,4),(-0.0584940062840721,-0.0537463077380807),
 .UNSPECIFIED.);
#88=B_SPLINE_CURVE_WITH_KNOTS('',3,(#5726,#5727,#5728,#5729),
 .UNSPECIFIED.,.F.,.F.,(4,4),(-0.0837222442030056,-0.0455921267045879),
 .UNSPECIFIED.);
#89=B_SPLINE_CURVE_WITH_KNOTS('',3,(#5731,#5732,#5733,#5734,#5735,#5736),
 .UNSPECIFIED.,.F.,.F.,(4,2,4),(-0.0863187581672218,-0.0472482800500596,
0.),.UNSPECIFIED.);
#90=B_SPLINE_CURVE_WITH_KNOTS('',3,(#5738,#5739,#5740,#5741),
 .UNSPECIFIED.,.F.,.F.,(4,4),(-0.00315881045434946,-0.000162466535649892),
 .UNSPECIFIED.);
#91=B_SPLINE_CURVE_WITH_KNOTS('',3,(#5742,#5743,#5744,#5745),
 .UNSPECIFIED.,.F.,.F.,(4,4),(-0.000162466535649934,0.0365901162887297),
 .UNSPECIFIED.);
#92=B_SPLINE_CURVE_WITH_KNOTS('',3,(#5763,#5764,#5765,#5766,#5767,#5768),
 .UNSPECIFIED.,.F.,.F.,(4,2,4),(-0.0863187581236441,-0.0472446469779957,
0.),.UNSPECIFIED.);
#93=B_SPLINE_CURVE_WITH_KNOTS('',3,(#5770,#5771,#5772,#5773),
 .UNSPECIFIED.,.F.,.F.,(4,4),(-0.00315881045435018,-0.000162466535649712),
 .UNSPECIFIED.);
#94=B_SPLINE_CURVE_WITH_KNOTS('',3,(#5774,#5775,#5776,#5777),
 .UNSPECIFIED.,.F.,.F.,(4,4),(-0.000162466535649719,0.0365901162887303),
 .UNSPECIFIED.);
#95=B_SPLINE_CURVE_WITH_KNOTS('',3,(#5795,#5796,#5797,#5798),
 .UNSPECIFIED.,.F.,.F.,(4,4),(-0.0365901162887308,0.00016246653564873),
 .UNSPECIFIED.);
#96=B_SPLINE_CURVE_WITH_KNOTS('',3,(#5800,#5801,#5802,#5803),
 .UNSPECIFIED.,.F.,.F.,(4,4),(-0.00315881045434934,-0.00016246653564873),
 .UNSPECIFIED.);
#97=B_SPLINE_CURVE_WITH_KNOTS('',3,(#5804,#5805,#5806,#5807,#5808,#5809,
#5810),.UNSPECIFIED.,.F.,.F.,(4,3,4),(0.00694921934139704,0.0377613289790387,
0.0750195436895232),.UNSPECIFIED.);
#98=B_SPLINE_CURVE_WITH_KNOTS('',3,(#5814,#5815,#5816,#5817,#5818,#5819),
 .UNSPECIFIED.,.F.,.F.,(4,2,4),(0.00383402999131264,0.0374290053398742,
0.0743727695786301),.UNSPECIFIED.);
#99=B_SPLINE_CURVE_WITH_KNOTS('',3,(#5821,#5822,#5823,#5824,#5825,#5826),
 .UNSPECIFIED.,.F.,.F.,(4,2,4),(-0.090387096816975,-0.0473508554152274,
0.),.UNSPECIFIED.);
#100=B_SPLINE_CURVE_WITH_KNOTS('',3,(#5828,#5829,#5830,#5831),
 .UNSPECIFIED.,.F.,.F.,(4,4),(-0.00474769907481617,0.),.UNSPECIFIED.);
#101=B_SPLINE_CURVE_WITH_KNOTS('',3,(#5834,#5835,#5836,#5837),
 .UNSPECIFIED.,.F.,.F.,(4,4),(-0.0730938519727118,-0.0683461404584282),
 .UNSPECIFIED.);
#102=B_SPLINE_CURVE_WITH_KNOTS('',3,(#5855,#5856,#5857,#5858),
 .UNSPECIFIED.,.F.,.F.,(4,4),(-0.0837222442042851,-0.045592126704629),
 .UNSPECIFIED.);
#103=B_SPLINE_CURVE_WITH_KNOTS('',3,(#5860,#5861,#5862,#5863),
 .UNSPECIFIED.,.F.,.F.,(4,4),(-0.0365901162887337,0.000162466535646666),
 .UNSPECIFIED.);
#104=B_SPLINE_CURVE_WITH_KNOTS('',3,(#5865,#5866,#5867,#5868),
 .UNSPECIFIED.,.F.,.F.,(4,4),(-0.00315881045434819,-0.000162466535646721),
 .UNSPECIFIED.);
#105=B_SPLINE_CURVE_WITH_KNOTS('',3,(#5869,#5870,#5871,#5872,#5873,#5874,
#5875),.UNSPECIFIED.,.F.,.F.,(4,3,4),(0.00694921934139648,0.037761328978892,
0.0750195436889159),.UNSPECIFIED.);
#106=B_SPLINE_CURVE_WITH_KNOTS('',3,(#5879,#5880,#5881,#5882,#5883,#5884),
 .UNSPECIFIED.,.F.,.F.,(4,2,4),(0.003834030020701,0.0374178000517938,0.07437277049326),
 .UNSPECIFIED.);
#107=B_SPLINE_CURVE_WITH_KNOTS('',3,(#5886,#5887,#5888,#5889,#5890,#5891),
 .UNSPECIFIED.,.F.,.F.,(4,2,4),(-0.0903870967847152,-0.0473472578030618,
0.),.UNSPECIFIED.);
#108=B_SPLINE_CURVE_WITH_KNOTS('',3,(#5893,#5894,#5895,#5896),
 .UNSPECIFIED.,.F.,.F.,(4,4),(-0.00474771570087268,0.),.UNSPECIFIED.);
#109=B_SPLINE_CURVE_WITH_KNOTS('',3,(#5899,#5900,#5901,#5902),
 .UNSPECIFIED.,.F.,.F.,(4,4),(-0.0584940062837858,-0.0537463077378752),
 .UNSPECIFIED.);
#110=B_SPLINE_CURVE_WITH_KNOTS('',3,(#5920,#5921,#5922,#5923),
 .UNSPECIFIED.,.F.,.F.,(4,4),(-0.0837222442069433,-0.0455921267050555),
 .UNSPECIFIED.);
#111=B_SPLINE_CURVE_WITH_KNOTS('',3,(#5925,#5926,#5927,#5928,#5929,#5930),
 .UNSPECIFIED.,.F.,.F.,(4,2,4),(-0.0863187581246775,-0.0472446469783762,
0.),.UNSPECIFIED.);
#112=B_SPLINE_CURVE_WITH_KNOTS('',3,(#5932,#5933,#5934,#5935),
 .UNSPECIFIED.,.F.,.F.,(4,4),(-0.00315881045434829,-0.00016246653564762),
 .UNSPECIFIED.);
#113=B_SPLINE_CURVE_WITH_KNOTS('',3,(#5936,#5937,#5938,#5939),
 .UNSPECIFIED.,.F.,.F.,(4,4),(-0.000162466535647665,0.0365901162887314),
 .UNSPECIFIED.);
#114=B_SPLINE_CURVE_WITH_KNOTS('',3,(#5957,#5958,#5959,#5960,#5961,#5962),
 .UNSPECIFIED.,.F.,.F.,(4,2,4),(-0.0863187581670562,-0.047248280049834,
0.),.UNSPECIFIED.);
#115=B_SPLINE_CURVE_WITH_KNOTS('',3,(#5964,#5965,#5966,#5967),
 .UNSPECIFIED.,.F.,.F.,(4,4),(-0.00315881045434597,-0.000162466535646451),
 .UNSPECIFIED.);
#116=B_SPLINE_CURVE_WITH_KNOTS('',3,(#5968,#5969,#5970,#5971),
 .UNSPECIFIED.,.F.,.F.,(4,4),(-0.000162466535646451,0.0365901162887321),
 .UNSPECIFIED.);
#117=B_SPLINE_CURVE_WITH_KNOTS('',3,(#5989,#5990,#5991,#5992),
 .UNSPECIFIED.,.F.,.F.,(4,4),(-0.0365901162887337,0.000162466535647054),
 .UNSPECIFIED.);
#118=B_SPLINE_CURVE_WITH_KNOTS('',3,(#5994,#5995,#5996,#5997),
 .UNSPECIFIED.,.F.,.F.,(4,4),(-0.0031588104543489,-0.000162466535647138),
 .UNSPECIFIED.);
#119=B_SPLINE_CURVE_WITH_KNOTS('',3,(#5998,#5999,#6000,#6001,#6002,#6003,
#6004),.UNSPECIFIED.,.F.,.F.,(4,3,4),(0.00694921945695593,0.0377498599275815,
0.0750195447137775),.UNSPECIFIED.);
#120=B_SPLINE_CURVE_WITH_KNOTS('',3,(#6008,#6009,#6010,#6011,#6012,#6013),
 .UNSPECIFIED.,.F.,.F.,(4,2,4),(0.00383402998664115,0.0374307869475764,
0.074372769433138),.UNSPECIFIED.);
#121=B_SPLINE_CURVE_WITH_KNOTS('',3,(#6015,#6016,#6017,#6018,#6019,#6020),
 .UNSPECIFIED.,.F.,.F.,(4,2,4),(-0.0903870968066534,-0.0473496767323722,
0.),.UNSPECIFIED.);
#122=B_SPLINE_CURVE_WITH_KNOTS('',3,(#6022,#6023,#6024,#6025),
 .UNSPECIFIED.,.F.,.F.,(4,4),(-0.00474769907478803,0.),.UNSPECIFIED.);
#123=B_SPLINE_CURVE_WITH_KNOTS('',3,(#6028,#6029,#6030,#6031),
 .UNSPECIFIED.,.F.,.F.,(4,4),(-0.0730938519726991,-0.0683461404584185),
 .UNSPECIFIED.);
#124=B_SPLINE_CURVE_WITH_KNOTS('',3,(#6049,#6050,#6051,#6052),
 .UNSPECIFIED.,.F.,.F.,(4,4),(-0.0837222442136728,-0.0455921267086463),
 .UNSPECIFIED.);
#125=B_SPLINE_CURVE_WITH_KNOTS('',3,(#6054,#6055,#6056,#6057),
 .UNSPECIFIED.,.F.,.F.,(4,4),(-0.0365901162887327,0.000162466535649251),
 .UNSPECIFIED.);
#126=B_SPLINE_CURVE_WITH_KNOTS('',3,(#6059,#6060,#6061,#6062),
 .UNSPECIFIED.,.F.,.F.,(4,4),(-0.00315881045434957,-0.00016246653564914),
 .UNSPECIFIED.);
#127=B_SPLINE_CURVE_WITH_KNOTS('',3,(#6063,#6064,#6065,#6066,#6067,#6068,
#6069),.UNSPECIFIED.,.F.,.F.,(4,3,4),(0.00694921932302231,0.0377631525327114,
0.0750195435246756),.UNSPECIFIED.);
#128=B_SPLINE_CURVE_WITH_KNOTS('',3,(#6073,#6074,#6075,#6076,#6077,#6078),
 .UNSPECIFIED.,.F.,.F.,(4,2,4),(0.00383403009045673,0.0373912056582063,
0.0743727726460261),.UNSPECIFIED.);
#129=B_SPLINE_CURVE_WITH_KNOTS('',3,(#6080,#6081,#6082,#6083,#6084,#6085),
 .UNSPECIFIED.,.F.,.F.,(4,2,4),(-0.0903870967237195,-0.0473405312245507,
0.),.UNSPECIFIED.);
#130=B_SPLINE_CURVE_WITH_KNOTS('',3,(#6087,#6088,#6089,#6090),
 .UNSPECIFIED.,.F.,.F.,(4,4),(-0.00474770241783181,0.),.UNSPECIFIED.);
#131=B_SPLINE_CURVE_WITH_KNOTS('',3,(#6093,#6094,#6095,#6096),
 .UNSPECIFIED.,.F.,.F.,(4,4),(-0.0584940062842308,-0.0537463077382502),
 .UNSPECIFIED.);
#132=B_SPLINE_CURVE_WITH_KNOTS('',3,(#6114,#6115,#6116,#6117),
 .UNSPECIFIED.,.F.,.F.,(4,4),(-0.0837222442095783,-0.045592126707019),
 .UNSPECIFIED.);
#133=B_SPLINE_CURVE_WITH_KNOTS('',3,(#6119,#6120,#6121,#6122,#6123,#6124),
 .UNSPECIFIED.,.F.,.F.,(4,2,4),(-0.0863187580442438,-0.0472378541191069,
0.),.UNSPECIFIED.);
#134=B_SPLINE_CURVE_WITH_KNOTS('',3,(#6126,#6127,#6128,#6129),
 .UNSPECIFIED.,.F.,.F.,(4,4),(-0.00315881045434829,-0.000162466535647866),
 .UNSPECIFIED.);
#135=B_SPLINE_CURVE_WITH_KNOTS('',3,(#6130,#6131,#6132,#6133),
 .UNSPECIFIED.,.F.,.F.,(4,4),(-0.000162466535647998,0.0365901162887312),
 .UNSPECIFIED.);
#136=B_SPLINE_CURVE_WITH_KNOTS('',3,(#6151,#6152,#6153,#6154,#6155,#6156),
 .UNSPECIFIED.,.F.,.F.,(4,2,4),(-0.0863187581540609,-0.047247089749028,
0.),.UNSPECIFIED.);
#137=B_SPLINE_CURVE_WITH_KNOTS('',3,(#6158,#6159,#6160,#6161),
 .UNSPECIFIED.,.F.,.F.,(4,4),(-0.00315881045434857,-0.000162466535646805),
 .UNSPECIFIED.);
#138=B_SPLINE_CURVE_WITH_KNOTS('',3,(#6162,#6163,#6164,#6165),
 .UNSPECIFIED.,.F.,.F.,(4,4),(-0.000162466535646777,0.0365901162887303),
 .UNSPECIFIED.);
#139=B_SPLINE_CURVE_WITH_KNOTS('',3,(#6183,#6184,#6185,#6186),
 .UNSPECIFIED.,.F.,.F.,(4,4),(-0.036590116288733,0.000162466535648075),
 .UNSPECIFIED.);
#140=B_SPLINE_CURVE_WITH_KNOTS('',3,(#6188,#6189,#6190,#6191),
 .UNSPECIFIED.,.F.,.F.,(4,4),(-0.00315881045434932,-0.00016246653564813),
 .UNSPECIFIED.);
#141=B_SPLINE_CURVE_WITH_KNOTS('',3,(#6192,#6193,#6194,#6195,#6196,#6197,
#6198),.UNSPECIFIED.,.F.,.F.,(4,3,4),(0.00694921973125243,0.0377226399088716,
0.0750195471353594),.UNSPECIFIED.);
#142=B_SPLINE_CURVE_WITH_KNOTS('',3,(#6202,#6203,#6204,#6205,#6206,#6207),
 .UNSPECIFIED.,.F.,.F.,(4,2,4),(0.00383403000268996,0.0374246676471973,
0.074372769933312),.UNSPECIFIED.);
#143=B_SPLINE_CURVE_WITH_KNOTS('',3,(#6209,#6210,#6211,#6212,#6213,#6214),
 .UNSPECIFIED.,.F.,.F.,(4,2,4),(-0.090387096765685,-0.0473452194860541,
0.),.UNSPECIFIED.);
#144=B_SPLINE_CURVE_WITH_KNOTS('',3,(#6216,#6217,#6218,#6219),
 .UNSPECIFIED.,.F.,.F.,(4,4),(-0.00474769907482036,0.),.UNSPECIFIED.);
#145=B_SPLINE_CURVE_WITH_KNOTS('',3,(#6222,#6223,#6224,#6225),
 .UNSPECIFIED.,.F.,.F.,(4,4),(-0.0730938519727057,-0.0683461404584248),
 .UNSPECIFIED.);
#146=B_SPLINE_CURVE_WITH_KNOTS('',3,(#6243,#6244,#6245,#6246),
 .UNSPECIFIED.,.F.,.F.,(4,4),(-0.0837222442098372,-0.0455921267058672),
 .UNSPECIFIED.);
#147=B_SPLINE_CURVE_WITH_KNOTS('',3,(#6248,#6249,#6250,#6251),
 .UNSPECIFIED.,.F.,.F.,(4,4),(-0.0365901162887311,0.000162466535650416),
 .UNSPECIFIED.);
#148=B_SPLINE_CURVE_WITH_KNOTS('',3,(#6253,#6254,#6255,#6256),
 .UNSPECIFIED.,.F.,.F.,(4,4),(-0.00315881045434968,-0.000162466535650278),
 .UNSPECIFIED.);
#149=B_SPLINE_CURVE_WITH_KNOTS('',3,(#6257,#6258,#6259,#6260,#6261,#6262,
#6263),.UNSPECIFIED.,.F.,.F.,(4,3,4),(0.00694921938613075,0.0377568891688621,
0.0750195440855287),.UNSPECIFIED.);
#150=B_SPLINE_CURVE_WITH_KNOTS('',3,(#6267,#6268,#6269,#6270,#6271,#6272),
 .UNSPECIFIED.,.F.,.F.,(4,2,4),(0.00383403017643792,0.0373584293092015,
0.0743727752731133),.UNSPECIFIED.);
#151=B_SPLINE_CURVE_WITH_KNOTS('',3,(#6274,#6275,#6276,#6277,#6278,#6279),
 .UNSPECIFIED.,.F.,.F.,(4,2,4),(-0.0903870965072479,-0.0473164835605513,
0.),.UNSPECIFIED.);
#152=B_SPLINE_CURVE_WITH_KNOTS('',3,(#6281,#6282,#6283,#6284),
 .UNSPECIFIED.,.F.,.F.,(4,4),(-0.00474770204706235,0.),.UNSPECIFIED.);
#153=B_SPLINE_CURVE_WITH_KNOTS('',3,(#6287,#6288,#6289,#6290),
 .UNSPECIFIED.,.F.,.F.,(4,4),(-0.0584940062844234,-0.0537463077384216),
 .UNSPECIFIED.);
#154=B_SPLINE_CURVE_WITH_KNOTS('',3,(#6308,#6309,#6310,#6311),
 .UNSPECIFIED.,.F.,.F.,(4,4),(-0.0837222442020082,-0.0455921267018224),
 .UNSPECIFIED.);
#155=B_SPLINE_CURVE_WITH_KNOTS('',3,(#6313,#6314,#6315,#6316,#6317,#6318),
 .UNSPECIFIED.,.F.,.F.,(4,2,4),(-0.0863187577572899,-0.0472135697047244,
0.),.UNSPECIFIED.);
#156=B_SPLINE_CURVE_WITH_KNOTS('',3,(#6320,#6321,#6322,#6323),
 .UNSPECIFIED.,.F.,.F.,(4,4),(-0.00315881045434982,-0.000162466535646884),
 .UNSPECIFIED.);
#157=B_SPLINE_CURVE_WITH_KNOTS('',3,(#6324,#6325,#6326,#6327),
 .UNSPECIFIED.,.F.,.F.,(4,4),(-0.000162466535647079,0.0365901162887305),
 .UNSPECIFIED.);
#158=B_SPLINE_CURVE_WITH_KNOTS('',3,(#6345,#6346,#6347,#6348,#6349,#6350),
 .UNSPECIFIED.,.F.,.F.,(4,2,4),(-0.0863187580995931,-0.0472425885741533,
0.),.UNSPECIFIED.);
#159=B_SPLINE_CURVE_WITH_KNOTS('',3,(#6352,#6353,#6354,#6355),
 .UNSPECIFIED.,.F.,.F.,(4,4),(-0.00315881045434863,-0.000162466535647832),
 .UNSPECIFIED.);
#160=B_SPLINE_CURVE_WITH_KNOTS('',3,(#6356,#6357,#6358,#6359),
 .UNSPECIFIED.,.F.,.F.,(4,4),(-0.000162466535647776,0.0365901162887301),
 .UNSPECIFIED.);
#161=B_SPLINE_CURVE_WITH_KNOTS('',3,(#6377,#6378,#6379,#6380),
 .UNSPECIFIED.,.F.,.F.,(4,4),(-0.0365901162887356,0.000162466535645653),
 .UNSPECIFIED.);
#162=B_SPLINE_CURVE_WITH_KNOTS('',3,(#6382,#6383,#6384,#6385),
 .UNSPECIFIED.,.F.,.F.,(4,4),(-0.00315881045434719,-0.000162466535645625),
 .UNSPECIFIED.);
#163=B_SPLINE_CURVE_WITH_KNOTS('',3,(#6386,#6387,#6388,#6389,#6390,#6391,
#6392),.UNSPECIFIED.,.F.,.F.,(4,3,4),(0.00694922006934028,0.0376890932418103,
0.075019550078278),.UNSPECIFIED.);
#164=B_SPLINE_CURVE_WITH_KNOTS('',3,(#6396,#6397,#6398,#6399,#6400,#6401),
 .UNSPECIFIED.,.F.,.F.,(4,2,4),(0.0038340300561615,0.0374042799740781,0.0743727715906313),
 .UNSPECIFIED.);
#165=B_SPLINE_CURVE_WITH_KNOTS('',3,(#6403,#6404,#6405,#6406,#6407,#6408),
 .UNSPECIFIED.,.F.,.F.,(4,2,4),(-0.0903870966530705,-0.0473327870378629,
0.),.UNSPECIFIED.);
#166=B_SPLINE_CURVE_WITH_KNOTS('',3,(#6410,#6411,#6412,#6413),
 .UNSPECIFIED.,.F.,.F.,(4,4),(-0.0047476990748177,0.),.UNSPECIFIED.);
#167=B_SPLINE_CURVE_WITH_KNOTS('',3,(#6416,#6417,#6418,#6419),
 .UNSPECIFIED.,.F.,.F.,(4,4),(-0.0730922410373709,-0.0683445407585155),
 .UNSPECIFIED.);
#168=B_SPLINE_CURVE_WITH_KNOTS('',3,(#6437,#6438,#6439,#6440),
 .UNSPECIFIED.,.F.,.F.,(4,4),(-0.0837222442093847,-0.0455921267071375),
 .UNSPECIFIED.);
#169=B_SPLINE_CURVE_WITH_KNOTS('',3,(#6442,#6443,#6444,#6445),
 .UNSPECIFIED.,.F.,.F.,(4,4),(-0.0365901162887335,0.000162466535646725),
 .UNSPECIFIED.);
#170=B_SPLINE_CURVE_WITH_KNOTS('',3,(#6447,#6448,#6449,#6450),
 .UNSPECIFIED.,.F.,.F.,(4,4),(-0.00315881045434799,-0.00016246653564668),
 .UNSPECIFIED.);
#171=B_SPLINE_CURVE_WITH_KNOTS('',3,(#6451,#6452,#6453,#6454,#6455,#6456,
#6457),.UNSPECIFIED.,.F.,.F.,(4,3,4),(0.00694921959639998,0.0377360217269088,
0.0750195459477459),.UNSPECIFIED.);
#172=B_SPLINE_CURVE_WITH_KNOTS('',3,(#6461,#6462,#6463,#6464,#6465,#6466),
 .UNSPECIFIED.,.F.,.F.,(4,2,4),(0.00383403005616189,0.0374042799739758,
0.0743727715908605),.UNSPECIFIED.);
#173=B_SPLINE_CURVE_WITH_KNOTS('',3,(#6468,#6469,#6470,#6471,#6472,#6473),
 .UNSPECIFIED.,.F.,.F.,(4,2,4),(-0.0903870966543428,-0.0473327870385252,
0.),.UNSPECIFIED.);
#174=B_SPLINE_CURVE_WITH_KNOTS('',3,(#6475,#6476,#6477,#6478),
 .UNSPECIFIED.,.F.,.F.,(4,4),(-0.00474770215513561,0.),.UNSPECIFIED.);
#175=B_SPLINE_CURVE_WITH_KNOTS('',3,(#6481,#6482,#6483,#6484),
 .UNSPECIFIED.,.F.,.F.,(4,4),(-0.058494006283007,-0.0537463077371582),
 .UNSPECIFIED.);
#176=B_SPLINE_CURVE_WITH_KNOTS('',3,(#6502,#6503,#6504,#6505),
 .UNSPECIFIED.,.F.,.F.,(4,4),(-0.0837222441991367,-0.0455921267021439),
 .UNSPECIFIED.);
#177=B_SPLINE_CURVE_WITH_KNOTS('',3,(#6507,#6508,#6509,#6510,#6511,#6512),
 .UNSPECIFIED.,.F.,.F.,(4,2,4),(-0.0863187579517435,-0.0472300336562772,
0.),.UNSPECIFIED.);
#178=B_SPLINE_CURVE_WITH_KNOTS('',3,(#6514,#6515,#6516,#6517),
 .UNSPECIFIED.,.F.,.F.,(4,4),(-0.00315881045434835,-0.000162466535646666),
 .UNSPECIFIED.);
#179=B_SPLINE_CURVE_WITH_KNOTS('',3,(#6518,#6519,#6520,#6521),
 .UNSPECIFIED.,.F.,.F.,(4,4),(-0.00016246653564661,0.0365901162887343),
 .UNSPECIFIED.);
#180=B_SPLINE_CURVE_WITH_KNOTS('',3,(#6539,#6540,#6541,#6542,#6543,#6544),
 .UNSPECIFIED.,.F.,.F.,(4,2,4),(-0.0863187579517082,-0.0472300336561357,
0.),.UNSPECIFIED.);
#181=B_SPLINE_CURVE_WITH_KNOTS('',3,(#6546,#6547,#6548,#6549),
 .UNSPECIFIED.,.F.,.F.,(4,4),(-0.0031588104543493,-0.000162466535646572),
 .UNSPECIFIED.);
#182=B_SPLINE_CURVE_WITH_KNOTS('',3,(#6550,#6551,#6552,#6553),
 .UNSPECIFIED.,.F.,.F.,(4,4),(-0.000162466535646444,0.0365901162887314),
 .UNSPECIFIED.);
#183=B_SPLINE_CURVE_WITH_KNOTS('',3,(#6571,#6572,#6573,#6574),
 .UNSPECIFIED.,.F.,.F.,(4,4),(-0.0365901162887354,0.000162466535646447),
 .UNSPECIFIED.);
#184=B_SPLINE_CURVE_WITH_KNOTS('',3,(#6576,#6577,#6578,#6579),
 .UNSPECIFIED.,.F.,.F.,(4,4),(-0.00315881045434999,-0.000162466535646465),
 .UNSPECIFIED.);
#185=B_SPLINE_CURVE_WITH_KNOTS('',3,(#6580,#6581,#6582,#6583,#6584,#6585,
#6586),.UNSPECIFIED.,.F.,.F.,(4,3,4),(0.00694921959639616,0.0377360217271434,
0.0750195459494319),.UNSPECIFIED.);
#186=B_SPLINE_CURVE_WITH_KNOTS('',3,(#6590,#6591,#6592,#6593,#6594,#6595),
 .UNSPECIFIED.,.F.,.F.,(4,2,4),(0.00383403017643876,0.0373584293088428,
0.0743727752710747),.UNSPECIFIED.);
#187=B_SPLINE_CURVE_WITH_KNOTS('',3,(#6597,#6598,#6599,#6600,#6601,#6602),
 .UNSPECIFIED.,.F.,.F.,(4,2,4),(-0.0903870965076912,-0.0473164835607634,
0.),.UNSPECIFIED.);
#188=B_SPLINE_CURVE_WITH_KNOTS('',3,(#6604,#6605,#6606,#6607),
 .UNSPECIFIED.,.F.,.F.,(4,4),(-0.0047476990748165,0.),.UNSPECIFIED.);
#189=B_SPLINE_CURVE_WITH_KNOTS('',3,(#6610,#6611,#6612,#6613),
 .UNSPECIFIED.,.F.,.F.,(4,4),(-0.0730922392384424,-0.0683445386175084),
 .UNSPECIFIED.);
#190=B_SPLINE_CURVE_WITH_KNOTS('',3,(#6631,#6632,#6633,#6634),
 .UNSPECIFIED.,.F.,.F.,(4,4),(-0.0837222442086753,-0.0455921267081953),
 .UNSPECIFIED.);
#191=B_SPLINE_CURVE_WITH_KNOTS('',3,(#6636,#6637,#6638,#6639),
 .UNSPECIFIED.,.F.,.F.,(4,4),(-0.0365901162887326,0.000162466535647488),
 .UNSPECIFIED.);
#192=B_SPLINE_CURVE_WITH_KNOTS('',3,(#6641,#6642,#6643,#6644),
 .UNSPECIFIED.,.F.,.F.,(4,4),(-0.00315881045434884,-0.000162466535647412),
 .UNSPECIFIED.);
#193=B_SPLINE_CURVE_WITH_KNOTS('',3,(#6645,#6646,#6647,#6648,#6649,#6650,
#6651),.UNSPECIFIED.,.F.,.F.,(4,3,4),(0.00694922006933957,0.0376890932416791,
0.0750195500778573),.UNSPECIFIED.);
#194=B_SPLINE_CURVE_WITH_KNOTS('',3,(#6655,#6656,#6657,#6658,#6659,#6660),
 .UNSPECIFIED.,.F.,.F.,(4,2,4),(0.00383403000269124,0.0374246676466602,
0.074372769931907),.UNSPECIFIED.);
#195=B_SPLINE_CURVE_WITH_KNOTS('',3,(#6662,#6663,#6664,#6665,#6666,#6667),
 .UNSPECIFIED.,.F.,.F.,(4,2,4),(-0.0903870967662169,-0.0473452194864151,
0.),.UNSPECIFIED.);
#196=B_SPLINE_CURVE_WITH_KNOTS('',3,(#6669,#6670,#6671,#6672),
 .UNSPECIFIED.,.F.,.F.,(4,4),(-0.00474771570087298,0.),.UNSPECIFIED.);
#197=B_SPLINE_CURVE_WITH_KNOTS('',3,(#6675,#6676,#6677,#6678),
 .UNSPECIFIED.,.F.,.F.,(4,4),(-0.0584940062841772,-0.0537463077382291),
 .UNSPECIFIED.);
#198=B_SPLINE_CURVE_WITH_KNOTS('',3,(#6696,#6697,#6698,#6699),
 .UNSPECIFIED.,.F.,.F.,(4,4),(-0.083722244195893,-0.0455921267017366),
 .UNSPECIFIED.);
#199=B_SPLINE_CURVE_WITH_KNOTS('',3,(#6701,#6702,#6703,#6704,#6705,#6706),
 .UNSPECIFIED.,.F.,.F.,(4,2,4),(-0.0863187580990181,-0.0472425885739441,
0.),.UNSPECIFIED.);
#200=B_SPLINE_CURVE_WITH_KNOTS('',3,(#6708,#6709,#6710,#6711),
 .UNSPECIFIED.,.F.,.F.,(4,4),(-0.00315881045434952,-0.000162466535646826),
 .UNSPECIFIED.);
#201=B_SPLINE_CURVE_WITH_KNOTS('',3,(#6712,#6713,#6714,#6715),
 .UNSPECIFIED.,.F.,.F.,(4,4),(-0.000162466535646721,0.0365901162887317),
 .UNSPECIFIED.);
#202=B_SPLINE_CURVE_WITH_KNOTS('',3,(#6733,#6734,#6735,#6736,#6737,#6738),
 .UNSPECIFIED.,.F.,.F.,(4,2,4),(-0.086318757758053,-0.0472135697049558,
0.),.UNSPECIFIED.);
#203=B_SPLINE_CURVE_WITH_KNOTS('',3,(#6740,#6741,#6742,#6743),
 .UNSPECIFIED.,.F.,.F.,(4,4),(-0.00315881045434913,-0.000162466535647901),
 .UNSPECIFIED.);
#204=B_SPLINE_CURVE_WITH_KNOTS('',3,(#6744,#6745,#6746,#6747),
 .UNSPECIFIED.,.F.,.F.,(4,4),(-0.000162466535647884,0.0365901162887312),
 .UNSPECIFIED.);
#205=B_SPLINE_CURVE_WITH_KNOTS('',3,(#6765,#6766,#6767,#6768),
 .UNSPECIFIED.,.F.,.F.,(4,4),(-0.0365901162887357,0.000162466535646555),
 .UNSPECIFIED.);
#206=B_SPLINE_CURVE_WITH_KNOTS('',3,(#6770,#6771,#6772,#6773),
 .UNSPECIFIED.,.F.,.F.,(4,4),(-0.00315881045434968,-0.00016246653564644),
 .UNSPECIFIED.);
#207=B_SPLINE_CURVE_WITH_KNOTS('',3,(#6774,#6775,#6776,#6777,#6778,#6779,
#6780),.UNSPECIFIED.,.F.,.F.,(4,3,4),(0.00694921938613003,0.037756889169149,
0.0750195440861955),.UNSPECIFIED.);
#208=B_SPLINE_CURVE_WITH_KNOTS('',3,(#6784,#6785,#6786,#6787,#6788,#6789),
 .UNSPECIFIED.,.F.,.F.,(4,2,4),(0.0038340300904555,0.0373912056588772,0.0743727726479394),
 .UNSPECIFIED.);
#209=B_SPLINE_CURVE_WITH_KNOTS('',3,(#6791,#6792,#6793,#6794,#6795,#6796),
 .UNSPECIFIED.,.F.,.F.,(4,2,4),(-0.0903870967240258,-0.0473405312245213,
0.),.UNSPECIFIED.);
#210=B_SPLINE_CURVE_WITH_KNOTS('',3,(#6798,#6799,#6800,#6801),
 .UNSPECIFIED.,.F.,.F.,(4,4),(-0.00474769907481057,0.),.UNSPECIFIED.);
#211=B_SPLINE_CURVE_WITH_KNOTS('',3,(#6804,#6805,#6806,#6807),
 .UNSPECIFIED.,.F.,.F.,(4,4),(-0.0730922401920739,-0.0683445397939738),
 .UNSPECIFIED.);
#212=B_SPLINE_CURVE_WITH_KNOTS('',3,(#6825,#6826,#6827,#6828),
 .UNSPECIFIED.,.F.,.F.,(4,4),(-0.0837222442100695,-0.0455921267071769),
 .UNSPECIFIED.);
#213=B_SPLINE_CURVE_WITH_KNOTS('',3,(#6830,#6831,#6832,#6833),
 .UNSPECIFIED.,.F.,.F.,(4,4),(-0.0365901162887349,0.000162466535646628),
 .UNSPECIFIED.);
#214=B_SPLINE_CURVE_WITH_KNOTS('',3,(#6835,#6836,#6837,#6838),
 .UNSPECIFIED.,.F.,.F.,(4,4),(-0.00315881045434835,-0.000162466535646444),
 .UNSPECIFIED.);
#215=B_SPLINE_CURVE_WITH_KNOTS('',3,(#6839,#6840,#6841,#6842,#6843,#6844,
#6845),.UNSPECIFIED.,.F.,.F.,(4,3,4),(0.0069492197312507,0.0377226399085441,
0.075019547134391),.UNSPECIFIED.);
#216=B_SPLINE_CURVE_WITH_KNOTS('',3,(#6849,#6850,#6851,#6852,#6853,#6854),
 .UNSPECIFIED.,.F.,.F.,(4,2,4),(0.00383402998664106,0.0374307869473959,
0.0743727694322173),.UNSPECIFIED.);
#217=B_SPLINE_CURVE_WITH_KNOTS('',3,(#6856,#6857,#6858,#6859,#6860,#6861),
 .UNSPECIFIED.,.F.,.F.,(4,2,4),(-0.0903870968066426,-0.0473496767323391,
0.),.UNSPECIFIED.);
#218=B_SPLINE_CURVE_WITH_KNOTS('',3,(#6863,#6864,#6865,#6866),
 .UNSPECIFIED.,.F.,.F.,(4,4),(-0.00474771570087336,0.),.UNSPECIFIED.);
#219=B_SPLINE_CURVE_WITH_KNOTS('',3,(#6869,#6870,#6871,#6872),
 .UNSPECIFIED.,.F.,.F.,(4,4),(-0.0584940062841195,-0.0537463077381324),
 .UNSPECIFIED.);
#220=B_SPLINE_CURVE_WITH_KNOTS('',3,(#6890,#6891,#6892,#6893),
 .UNSPECIFIED.,.F.,.F.,(4,4),(-0.0837222442071213,-0.045592126705966),
 .UNSPECIFIED.);
#221=B_SPLINE_CURVE_WITH_KNOTS('',3,(#6895,#6896,#6897,#6898,#6899,#6900),
 .UNSPECIFIED.,.F.,.F.,(4,2,4),(-0.0863187581525211,-0.0472470897482396,
0.),.UNSPECIFIED.);
#222=B_SPLINE_CURVE_WITH_KNOTS('',3,(#6902,#6903,#6904,#6905),
 .UNSPECIFIED.,.F.,.F.,(4,4),(-0.00315881045434841,-0.000162466535647068),
 .UNSPECIFIED.);
#223=B_SPLINE_CURVE_WITH_KNOTS('',3,(#6906,#6907,#6908,#6909),
 .UNSPECIFIED.,.F.,.F.,(4,4),(-0.000162466535646999,0.0365901162887317),
 .UNSPECIFIED.);
#224=B_SPLINE_CURVE_WITH_KNOTS('',3,(#6927,#6928,#6929,#6930,#6931,#6932),
 .UNSPECIFIED.,.F.,.F.,(4,2,4),(-0.0863187580431585,-0.047237854118687,
0.),.UNSPECIFIED.);
#225=B_SPLINE_CURVE_WITH_KNOTS('',3,(#6934,#6935,#6936,#6937),
 .UNSPECIFIED.,.F.,.F.,(4,4),(-0.00315881045435118,-0.000162466535647172),
 .UNSPECIFIED.);
#226=B_SPLINE_CURVE_WITH_KNOTS('',3,(#6938,#6939,#6940,#6941),
 .UNSPECIFIED.,.F.,.F.,(4,4),(-0.000162466535647113,0.0365901162887325),
 .UNSPECIFIED.);
#227=B_SPLINE_CURVE_WITH_KNOTS('',3,(#6959,#6960,#6961,#6962),
 .UNSPECIFIED.,.F.,.F.,(4,4),(-0.0365901162887345,0.000162466535647245),
 .UNSPECIFIED.);
#228=B_SPLINE_CURVE_WITH_KNOTS('',3,(#6964,#6965,#6966,#6967),
 .UNSPECIFIED.,.F.,.F.,(4,4),(-0.00315881045434897,-0.000162466535647231),
 .UNSPECIFIED.);
#229=B_SPLINE_CURVE_WITH_KNOTS('',3,(#6968,#6969,#6970,#6971,#6972,#6973,
#6974),.UNSPECIFIED.,.F.,.F.,(4,3,4),(0.00694921932301958,0.0377631525320829,
0.0750195435228431),.UNSPECIFIED.);
#230=B_SPLINE_CURVE_WITH_KNOTS('',3,(#6978,#6979,#6980,#6981,#6982,#6983),
 .UNSPECIFIED.,.F.,.F.,(4,2,4),(0.00383403002070019,0.0374178000511321,
0.0743727704910623),.UNSPECIFIED.);
#231=B_SPLINE_CURVE_WITH_KNOTS('',3,(#6985,#6986,#6987,#6988,#6989,#6990),
 .UNSPECIFIED.,.F.,.F.,(4,2,4),(-0.0903870967846818,-0.04734725780296,0.),
 .UNSPECIFIED.);
#232=B_SPLINE_CURVE_WITH_KNOTS('',3,(#6992,#6993,#6994,#6995),
 .UNSPECIFIED.,.F.,.F.,(4,4),(-0.00474769907483775,0.),.UNSPECIFIED.);
#233=B_SPLINE_CURVE_WITH_KNOTS('',3,(#6998,#6999,#7000,#7001),
 .UNSPECIFIED.,.F.,.F.,(4,4),(-0.0730938519726425,-0.0683461404583724),
 .UNSPECIFIED.);
#234=B_SPLINE_CURVE_WITH_KNOTS('',3,(#7019,#7020,#7021,#7022),
 .UNSPECIFIED.,.F.,.F.,(4,4),(-0.0837222442052366,-0.0455921267046212),
 .UNSPECIFIED.);
#235=B_SPLINE_CURVE_WITH_KNOTS('',3,(#7024,#7025,#7026,#7027),
 .UNSPECIFIED.,.F.,.F.,(4,4),(-0.0365901162887326,0.000162466535647485),
 .UNSPECIFIED.);
#236=B_SPLINE_CURVE_WITH_KNOTS('',3,(#7029,#7030,#7031,#7032),
 .UNSPECIFIED.,.F.,.F.,(4,4),(-0.00315881045434934,-0.00016246653564754),
 .UNSPECIFIED.);
#237=B_SPLINE_CURVE_WITH_KNOTS('',3,(#7033,#7034,#7035,#7036,#7037,#7038,
#7039),.UNSPECIFIED.,.F.,.F.,(4,3,4),(0.00694921945695674,0.0377498599279285,
0.0750195447155097),.UNSPECIFIED.);
#238=B_SPLINE_CURVE_WITH_KNOTS('',3,(#7043,#7044,#7045,#7046,#7047,#7048),
 .UNSPECIFIED.,.F.,.F.,(4,2,4),(0.00383402999131328,0.0374290053397196,
0.0743727695778137),.UNSPECIFIED.);
#239=B_SPLINE_CURVE_WITH_KNOTS('',3,(#7050,#7051,#7052,#7053,#7054,#7055),
 .UNSPECIFIED.,.F.,.F.,(4,2,4),(-0.0903870968171011,-0.047350855415277,
0.),.UNSPECIFIED.);
#240=B_SPLINE_CURVE_WITH_KNOTS('',3,(#7057,#7058,#7059,#7060),
 .UNSPECIFIED.,.F.,.F.,(4,4),(-0.00474771570087275,0.),.UNSPECIFIED.);
#241=B_SPLINE_CURVE_WITH_KNOTS('',3,(#7063,#7064,#7065,#7066),
 .UNSPECIFIED.,.F.,.F.,(4,4),(-0.0584940062840721,-0.0537463077380817),
 .UNSPECIFIED.);
#242=B_SPLINE_CURVE_WITH_KNOTS('',3,(#7084,#7085,#7086,#7087),
 .UNSPECIFIED.,.F.,.F.,(4,4),(-0.083722244203017,-0.0455921267047459),
 .UNSPECIFIED.);
#243=B_SPLINE_CURVE_WITH_KNOTS('',3,(#7089,#7090,#7091,#7092,#7093,#7094),
 .UNSPECIFIED.,.F.,.F.,(4,2,4),(-0.0863187581664529,-0.0472482800497261,
0.),.UNSPECIFIED.);
#244=B_SPLINE_CURVE_WITH_KNOTS('',3,(#7096,#7097,#7098,#7099),
 .UNSPECIFIED.,.F.,.F.,(4,4),(-0.00315881045435012,-0.00016246653564805),
 .UNSPECIFIED.);
#245=B_SPLINE_CURVE_WITH_KNOTS('',3,(#7100,#7101,#7102,#7103),
 .UNSPECIFIED.,.F.,.F.,(4,4),(-0.000162466535647995,0.0365901162887297),
 .UNSPECIFIED.);
#246=B_SPLINE_CURVE_WITH_KNOTS('',3,(#7121,#7122,#7123,#7124,#7125,#7126),
 .UNSPECIFIED.,.F.,.F.,(4,2,4),(-0.0863187581241174,-0.0472446469782875,
0.),.UNSPECIFIED.);
#247=B_SPLINE_CURVE_WITH_KNOTS('',3,(#7128,#7129,#7130,#7131),
 .UNSPECIFIED.,.F.,.F.,(4,4),(-0.00315881045435207,-0.000162466535648866),
 .UNSPECIFIED.);
#248=B_SPLINE_CURVE_WITH_KNOTS('',3,(#7132,#7133,#7134,#7135),
 .UNSPECIFIED.,.F.,.F.,(4,4),(-0.000162466535649004,0.0365901162887292),
 .UNSPECIFIED.);
#249=B_SPLINE_CURVE_WITH_KNOTS('',3,(#7153,#7154,#7155,#7156),
 .UNSPECIFIED.,.F.,.F.,(4,4),(-0.0365901162887334,0.000162466535648338),
 .UNSPECIFIED.);
#250=B_SPLINE_CURVE_WITH_KNOTS('',3,(#7158,#7159,#7160,#7161),
 .UNSPECIFIED.,.F.,.F.,(4,4),(-0.00315881045434951,-0.000162466535648251),
 .UNSPECIFIED.);
#251=B_SPLINE_CURVE_WITH_KNOTS('',3,(#7162,#7163,#7164,#7165,#7166,#7167,
#7168),.UNSPECIFIED.,.F.,.F.,(4,3,4),(0.00694921934139514,0.0377613289787177,
0.0750195436883174),.UNSPECIFIED.);
#252=B_SPLINE_CURVE_WITH_KNOTS('',3,(#7172,#7173,#7174,#7175,#7176,#7177),
 .UNSPECIFIED.,.F.,.F.,(4,2,4),(0.00383402999131411,0.0374290053396239,
0.0743727695774902),.UNSPECIFIED.);
#253=B_SPLINE_CURVE_WITH_KNOTS('',3,(#7179,#7180,#7181,#7182,#7183,#7184),
 .UNSPECIFIED.,.F.,.F.,(4,2,4),(-0.0903870968178012,-0.0473508554155387,
0.),.UNSPECIFIED.);
#254=B_SPLINE_CURVE_WITH_KNOTS('',3,(#7186,#7187,#7188,#7189),
 .UNSPECIFIED.,.F.,.F.,(4,4),(-0.00474769907480785,0.),.UNSPECIFIED.);
#255=B_SPLINE_CURVE_WITH_KNOTS('',3,(#7192,#7193,#7194,#7195),
 .UNSPECIFIED.,.F.,.F.,(4,4),(-0.0730938519727039,-0.0683461404584217),
 .UNSPECIFIED.);
#256=B_SPLINE_CURVE_WITH_KNOTS('',3,(#7213,#7214,#7215,#7216),
 .UNSPECIFIED.,.F.,.F.,(4,4),(-0.0837222442045883,-0.0455921267052669),
 .UNSPECIFIED.);
#257=B_SPLINE_CURVE_WITH_KNOTS('',3,(#7218,#7219,#7220,#7221),
 .UNSPECIFIED.,.F.,.F.,(4,4),(-0.0365901162887352,0.000162466535645535),
 .UNSPECIFIED.);
#258=B_SPLINE_CURVE_WITH_KNOTS('',3,(#7223,#7224,#7225,#7226),
 .UNSPECIFIED.,.F.,.F.,(4,4),(-0.00315881045434696,-0.000162466535645559),
 .UNSPECIFIED.);
#259=B_SPLINE_CURVE_WITH_KNOTS('',3,(#7227,#7228,#7229,#7230,#7231,#7232,
#7233),.UNSPECIFIED.,.F.,.F.,(4,3,4),(0.00694921934139459,0.0377613289787659,
0.0750195436877203),.UNSPECIFIED.);
#260=B_SPLINE_CURVE_WITH_KNOTS('',3,(#7237,#7238,#7239,#7240,#7241,#7242),
 .UNSPECIFIED.,.F.,.F.,(4,2,4),(0.00383403002070132,0.0374178000518657,
0.0743727704939702),.UNSPECIFIED.);
#261=B_SPLINE_CURVE_WITH_KNOTS('',3,(#7244,#7245,#7246,#7247,#7248,#7249),
 .UNSPECIFIED.,.F.,.F.,(4,2,4),(-0.0903870967843681,-0.0473472578029895,
0.),.UNSPECIFIED.);
#262=B_SPLINE_CURVE_WITH_KNOTS('',3,(#7251,#7252,#7253,#7254),
 .UNSPECIFIED.,.F.,.F.,(4,4),(-0.00474771570087225,0.),.UNSPECIFIED.);
#263=B_SPLINE_CURVE_WITH_KNOTS('',3,(#7257,#7258,#7259,#7260),
 .UNSPECIFIED.,.F.,.F.,(4,4),(-0.0584940062837967,-0.0537463077378848),
 .UNSPECIFIED.);
#264=B_SPLINE_CURVE_WITH_KNOTS('',3,(#7278,#7279,#7280,#7281),
 .UNSPECIFIED.,.F.,.F.,(4,4),(-0.0837222441968045,-0.0455921266998727),
 .UNSPECIFIED.);
#265=B_SPLINE_CURVE_WITH_KNOTS('',3,(#7283,#7284,#7285,#7286,#7287,#7288),
 .UNSPECIFIED.,.F.,.F.,(4,2,4),(-0.0863187581237772,-0.0472446469779981,
0.),.UNSPECIFIED.);
#266=B_SPLINE_CURVE_WITH_KNOTS('',3,(#7290,#7291,#7292,#7293),
 .UNSPECIFIED.,.F.,.F.,(4,4),(-0.00315881045434796,-0.000162466535646447),
 .UNSPECIFIED.);
#267=B_SPLINE_CURVE_WITH_KNOTS('',3,(#7294,#7295,#7296,#7297),
 .UNSPECIFIED.,.F.,.F.,(4,4),(-0.000162466535646385,0.036590116288733),
 .UNSPECIFIED.);
#268=B_SPLINE_CURVE_WITH_KNOTS('',3,(#7315,#7316,#7317,#7318,#7319,#7320),
 .UNSPECIFIED.,.F.,.F.,(4,2,4),(-0.086318758166247,-0.0472482800494911,
0.),.UNSPECIFIED.);
#269=B_SPLINE_CURVE_WITH_KNOTS('',3,(#7322,#7323,#7324,#7325),
 .UNSPECIFIED.,.F.,.F.,(4,4),(-0.00315881045434963,-0.000162466524984786),
 .UNSPECIFIED.);
#270=B_SPLINE_CURVE_WITH_KNOTS('',3,(#7326,#7327,#7328,#7329),
 .UNSPECIFIED.,.F.,.F.,(4,4),(-0.000162466535646281,0.036590116288733),
 .UNSPECIFIED.);
#271=B_SPLINE_CURVE_WITH_KNOTS('',3,(#7347,#7348,#7349,#7350),
 .UNSPECIFIED.,.F.,.F.,(4,4),(-0.0365901162887329,0.000162466535647429),
 .UNSPECIFIED.);
#272=B_SPLINE_CURVE_WITH_KNOTS('',3,(#7352,#7353,#7354,#7355),
 .UNSPECIFIED.,.F.,.F.,(4,4),(-0.00315881045434852,-0.000162466535647485),
 .UNSPECIFIED.);
#273=B_SPLINE_CURVE_WITH_KNOTS('',3,(#7356,#7357,#7358,#7359,#7360,#7361,
#7362),.UNSPECIFIED.,.F.,.F.,(4,3,4),(0.00694921945695729,0.0377498599281855,
0.0750195447160513),.UNSPECIFIED.);
#274=B_SPLINE_CURVE_WITH_KNOTS('',3,(#7366,#7367,#7368,#7369,#7370,#7371),
 .UNSPECIFIED.,.F.,.F.,(4,2,4),(0.00383402998664165,0.0374307869471483,
0.0743727694312577),.UNSPECIFIED.);
#275=B_SPLINE_CURVE_WITH_KNOTS('',3,(#7373,#7374,#7375,#7376,#7377,#7378),
 .UNSPECIFIED.,.F.,.F.,(4,2,4),(-0.0903870968063205,-0.0473496767322111,
0.),.UNSPECIFIED.);
#276=B_SPLINE_CURVE_WITH_KNOTS('',3,(#7380,#7381,#7382,#7383),
 .UNSPECIFIED.,.F.,.F.,(4,4),(-0.00474769907478671,0.),.UNSPECIFIED.);
#277=B_SPLINE_CURVE_WITH_KNOTS('',3,(#7386,#7387,#7388,#7389),
 .UNSPECIFIED.,.F.,.F.,(4,4),(-0.0730938519727078,-0.0683461404584274),
 .UNSPECIFIED.);
#278=B_SPLINE_CURVE_WITH_KNOTS('',3,(#7407,#7408,#7409,#7410),
 .UNSPECIFIED.,.F.,.F.,(4,4),(-0.0837222441995847,-0.0455921267028551),
 .UNSPECIFIED.);
#279=B_SPLINE_CURVE_WITH_KNOTS('',3,(#7412,#7413,#7414,#7415),
 .UNSPECIFIED.,.F.,.F.,(4,4),(-0.036590116288735,0.000162466535648269),
 .UNSPECIFIED.);
#280=B_SPLINE_CURVE_WITH_KNOTS('',3,(#7417,#7418,#7419,#7420),
 .UNSPECIFIED.,.F.,.F.,(4,4),(-0.00315881045434901,-0.000162466535648297),
 .UNSPECIFIED.);
#281=B_SPLINE_CURVE_WITH_KNOTS('',3,(#7421,#7422,#7423,#7424,#7425,#7426,
#7427),.UNSPECIFIED.,.F.,.F.,(4,3,4),(0.00694921932301968,0.0377631525321688,
0.0750195435235746),.UNSPECIFIED.);
#282=B_SPLINE_CURVE_WITH_KNOTS('',3,(#7431,#7432,#7433,#7434,#7435,#7436),
 .UNSPECIFIED.,.F.,.F.,(4,2,4),(0.00383403009045691,0.037391205658708,0.0743727726475509),
 .UNSPECIFIED.);
#283=B_SPLINE_CURVE_WITH_KNOTS('',3,(#7438,#7439,#7440,#7441,#7442,#7443),
 .UNSPECIFIED.,.F.,.F.,(4,2,4),(-0.0903870967241594,-0.0473405312245958,
0.),.UNSPECIFIED.);
#284=B_SPLINE_CURVE_WITH_KNOTS('',3,(#7445,#7446,#7447,#7448),
 .UNSPECIFIED.,.F.,.F.,(4,4),(-0.00474770241783891,0.),.UNSPECIFIED.);
#285=B_SPLINE_CURVE_WITH_KNOTS('',3,(#7451,#7452,#7453,#7454),
 .UNSPECIFIED.,.F.,.F.,(4,4),(-0.0584940062843508,-0.0537463077382988),
 .UNSPECIFIED.);
#286=B_SPLINE_CURVE_WITH_KNOTS('',3,(#7472,#7473,#7474,#7475),
 .UNSPECIFIED.,.F.,.F.,(4,4),(-0.0837222442060221,-0.0455921267048806),
 .UNSPECIFIED.);
#287=B_SPLINE_CURVE_WITH_KNOTS('',3,(#7477,#7478,#7479,#7480,#7481,#7482),
 .UNSPECIFIED.,.F.,.F.,(4,2,4),(-0.0863187580441338,-0.0472378541190706,
0.),.UNSPECIFIED.);
#288=B_SPLINE_CURVE_WITH_KNOTS('',3,(#7484,#7485,#7486,#7487),
 .UNSPECIFIED.,.F.,.F.,(4,4),(-0.00315881045435013,-0.00016246653564659),
 .UNSPECIFIED.);
#289=B_SPLINE_CURVE_WITH_KNOTS('',3,(#7488,#7489,#7490,#7491),
 .UNSPECIFIED.,.F.,.F.,(4,4),(-0.000162466535646607,0.0365901162887323),
 .UNSPECIFIED.);
#290=B_SPLINE_CURVE_WITH_KNOTS('',3,(#7509,#7510,#7511,#7512,#7513,#7514),
 .UNSPECIFIED.,.F.,.F.,(4,2,4),(-0.0863187581529946,-0.0472470897484186,
0.),.UNSPECIFIED.);
#291=B_SPLINE_CURVE_WITH_KNOTS('',3,(#7516,#7517,#7518,#7519),
 .UNSPECIFIED.,.F.,.F.,(4,4),(-0.00315881045434896,-0.000162466535647381),
 .UNSPECIFIED.);
#292=B_SPLINE_CURVE_WITH_KNOTS('',3,(#7520,#7521,#7522,#7523),
 .UNSPECIFIED.,.F.,.F.,(4,4),(-0.000162466535647554,0.0365901162887305),
 .UNSPECIFIED.);
#293=B_SPLINE_CURVE_WITH_KNOTS('',3,(#7541,#7542,#7543,#7544),
 .UNSPECIFIED.,.F.,.F.,(4,4),(-0.0365901162887335,0.000162466535647568),
 .UNSPECIFIED.);
#294=B_SPLINE_CURVE_WITH_KNOTS('',3,(#7546,#7547,#7548,#7549),
 .UNSPECIFIED.,.F.,.F.,(4,4),(-0.00315881045434993,-0.000162466535647551),
 .UNSPECIFIED.);
#295=B_SPLINE_CURVE_WITH_KNOTS('',3,(#7550,#7551,#7552,#7553,#7554,#7555,
#7556),.UNSPECIFIED.,.F.,.F.,(4,3,4),(0.00694921973124878,0.0377226399082861,
0.0750195471335642),.UNSPECIFIED.);
#296=B_SPLINE_CURVE_WITH_KNOTS('',3,(#7560,#7561,#7562,#7563,#7564,#7565),
 .UNSPECIFIED.,.F.,.F.,(4,2,4),(0.00383403000268891,0.0374246676470206,
0.0743727699325044),.UNSPECIFIED.);
#297=B_SPLINE_CURVE_WITH_KNOTS('',3,(#7567,#7568,#7569,#7570,#7571,#7572),
 .UNSPECIFIED.,.F.,.F.,(4,2,4),(-0.0903870967661678,-0.0473452194863434,
0.),.UNSPECIFIED.);
#298=B_SPLINE_CURVE_WITH_KNOTS('',3,(#7574,#7575,#7576,#7577),
 .UNSPECIFIED.,.F.,.F.,(4,4),(-0.0047476990748194,0.),.UNSPECIFIED.);
#299=B_SPLINE_CURVE_WITH_KNOTS('',3,(#7580,#7581,#7582,#7583),
 .UNSPECIFIED.,.F.,.F.,(4,4),(-0.0730938519727274,-0.0683461404584429),
 .UNSPECIFIED.);
#300=B_SPLINE_CURVE_WITH_KNOTS('',3,(#7601,#7602,#7603,#7604),
 .UNSPECIFIED.,.F.,.F.,(4,4),(-0.0837222441977011,-0.045592126700771),
 .UNSPECIFIED.);
#301=B_SPLINE_CURVE_WITH_KNOTS('',3,(#7606,#7607,#7608,#7609),
 .UNSPECIFIED.,.F.,.F.,(4,4),(-0.0365901162887341,0.000162466535647911),
 .UNSPECIFIED.);
#302=B_SPLINE_CURVE_WITH_KNOTS('',3,(#7611,#7612,#7613,#7614),
 .UNSPECIFIED.,.F.,.F.,(4,4),(-0.00315881045434863,-0.000162466535647849),
 .UNSPECIFIED.);
#303=B_SPLINE_CURVE_WITH_KNOTS('',3,(#7615,#7616,#7617,#7618,#7619,#7620,
#7621),.UNSPECIFIED.,.F.,.F.,(4,3,4),(0.00694921938612878,0.037756889168767,
0.0750195440847033),.UNSPECIFIED.);
#304=B_SPLINE_CURVE_WITH_KNOTS('',3,(#7625,#7626,#7627,#7628,#7629,#7630),
 .UNSPECIFIED.,.F.,.F.,(4,2,4),(0.00383403017643882,0.0373584293088663,
0.0743727752712413),.UNSPECIFIED.);
#305=B_SPLINE_CURVE_WITH_KNOTS('',3,(#7632,#7633,#7634,#7635,#7636,#7637),
 .UNSPECIFIED.,.F.,.F.,(4,2,4),(-0.090387096507078,-0.0473164835605997,
0.),.UNSPECIFIED.);
#306=B_SPLINE_CURVE_WITH_KNOTS('',3,(#7639,#7640,#7641,#7642),
 .UNSPECIFIED.,.F.,.F.,(4,4),(-0.00474770204706328,0.),.UNSPECIFIED.);
#307=B_SPLINE_CURVE_WITH_KNOTS('',3,(#7645,#7646,#7647,#7648),
 .UNSPECIFIED.,.F.,.F.,(4,4),(-0.0584940062843826,-0.0537463077383723),
 .UNSPECIFIED.);
#308=B_SPLINE_CURVE_WITH_KNOTS('',3,(#7666,#7667,#7668,#7669),
 .UNSPECIFIED.,.F.,.F.,(4,4),(-0.0837222442102831,-0.0455921267076112),
 .UNSPECIFIED.);
#309=B_SPLINE_CURVE_WITH_KNOTS('',3,(#7671,#7672,#7673,#7674,#7675,#7676),
 .UNSPECIFIED.,.F.,.F.,(4,2,4),(-0.08631875775749,-0.0472135697046381,0.),
 .UNSPECIFIED.);
#310=B_SPLINE_CURVE_WITH_KNOTS('',3,(#7678,#7679,#7680,#7681),
 .UNSPECIFIED.,.F.,.F.,(4,4),(-0.00315881045434966,-0.000162466535646864),
 .UNSPECIFIED.);
#311=B_SPLINE_CURVE_WITH_KNOTS('',3,(#7682,#7683,#7684,#7685),
 .UNSPECIFIED.,.F.,.F.,(4,4),(-0.000162466535646777,0.0365901162887313),
 .UNSPECIFIED.);
#312=B_SPLINE_CURVE_WITH_KNOTS('',3,(#7703,#7704,#7705,#7706,#7707,#7708),
 .UNSPECIFIED.,.F.,.F.,(4,2,4),(-0.0863187580993045,-0.047242588574007,
0.),.UNSPECIFIED.);
#313=B_SPLINE_CURVE_WITH_KNOTS('',3,(#7710,#7711,#7712,#7713),
 .UNSPECIFIED.,.F.,.F.,(4,4),(-0.00315881045435057,-0.000162466535649188),
 .UNSPECIFIED.);
#314=B_SPLINE_CURVE_WITH_KNOTS('',3,(#7714,#7715,#7716,#7717),
 .UNSPECIFIED.,.F.,.F.,(4,4),(-0.00016246653564916,0.0365901162887297),
 .UNSPECIFIED.);
#315=B_SPLINE_CURVE_WITH_KNOTS('',3,(#7721,#7722,#7723,#7724),
 .UNSPECIFIED.,.F.,.F.,(4,4),(0.011146858221327,0.0155226172098462),
 .UNSPECIFIED.);
#316=B_SPLINE_CURVE_WITH_KNOTS('',3,(#7727,#7728,#7729,#7730),
 .UNSPECIFIED.,.F.,.F.,(4,4),(0.0584942018520645,0.0628699639993646),
 .UNSPECIFIED.);
#317=B_SPLINE_CURVE_WITH_KNOTS('',3,(#7732,#7733,#7734,#7735),
 .UNSPECIFIED.,.F.,.F.,(4,4),(0.0129445906376491,0.0173203538421162),
 .UNSPECIFIED.);
#318=B_SPLINE_CURVE_WITH_KNOTS('',3,(#7738,#7739,#7740,#7741),
 .UNSPECIFIED.,.F.,.F.,(4,4),(0.0584942244101741,0.0628699917513337),
 .UNSPECIFIED.);
#319=B_SPLINE_CURVE_WITH_KNOTS('',3,(#7743,#7744,#7745,#7746),
 .UNSPECIFIED.,.F.,.F.,(4,4),(0.0158389467401238,0.0202147157259209),
 .UNSPECIFIED.);
#320=B_SPLINE_CURVE_WITH_KNOTS('',3,(#7749,#7750,#7751,#7752),
 .UNSPECIFIED.,.F.,.F.,(4,4),(0.0584942498679847,0.0628700221447097),
 .UNSPECIFIED.);
#321=B_SPLINE_CURVE_WITH_KNOTS('',3,(#7754,#7755,#7756,#7757),
 .UNSPECIFIED.,.F.,.F.,(4,4),(0.0172333062602948,0.0216090775876645),
 .UNSPECIFIED.);
#322=B_SPLINE_CURVE_WITH_KNOTS('',3,(#7760,#7761,#7762,#7763),
 .UNSPECIFIED.,.F.,.F.,(4,4),(0.0584942533279517,0.0628700261947759),
 .UNSPECIFIED.);
#323=B_SPLINE_CURVE_WITH_KNOTS('',3,(#7765,#7766,#7767,#7768),
 .UNSPECIFIED.,.F.,.F.,(4,4),(0.0170732854777566,0.0214490565510761),
 .UNSPECIFIED.);
#324=B_SPLINE_CURVE_WITH_KNOTS('',3,(#7771,#7772,#7773,#7774),
 .UNSPECIFIED.,.F.,.F.,(4,4),(0.0584942459057107,0.0628700174825618),
 .UNSPECIFIED.);
#325=B_SPLINE_CURVE_WITH_KNOTS('',3,(#7776,#7777,#7778,#7779),
 .UNSPECIFIED.,.F.,.F.,(4,4),(0.0148444676114993,0.0192202347511629),
 .UNSPECIFIED.);
#326=B_SPLINE_CURVE_WITH_KNOTS('',3,(#7782,#7783,#7784,#7785),
 .UNSPECIFIED.,.F.,.F.,(4,4),(0.0584942154285376,0.062869980788858),
 .UNSPECIFIED.);
#327=B_SPLINE_CURVE_WITH_KNOTS('',3,(#7787,#7788,#7789,#7790),
 .UNSPECIFIED.,.F.,.F.,(4,4),(0.0123203696060203,0.0166961314008924),
 .UNSPECIFIED.);
#328=B_SPLINE_CURVE_WITH_KNOTS('',3,(#7793,#7794,#7795,#7796),
 .UNSPECIFIED.,.F.,.F.,(4,4),(0.0584941962254214,0.062869956968252),
 .UNSPECIFIED.);
#329=B_SPLINE_CURVE_WITH_KNOTS('',3,(#7798,#7799,#7800,#7801),
 .UNSPECIFIED.,.F.,.F.,(4,4),(0.0111468582213226,0.0155226172098334),
 .UNSPECIFIED.);
#330=B_SPLINE_CURVE_WITH_KNOTS('',3,(#7804,#7805,#7806,#7807),
 .UNSPECIFIED.,.F.,.F.,(4,4),(0.0584942018519844,0.0628699639992756),
 .UNSPECIFIED.);
#331=B_SPLINE_CURVE_WITH_KNOTS('',3,(#7809,#7810,#7811,#7812),
 .UNSPECIFIED.,.F.,.F.,(4,4),(0.0129445906376572,0.0173203538421334),
 .UNSPECIFIED.);
#332=B_SPLINE_CURVE_WITH_KNOTS('',3,(#7815,#7816,#7817,#7818),
 .UNSPECIFIED.,.F.,.F.,(4,4),(0.0584942244101321,0.0628699917512442),
 .UNSPECIFIED.);
#333=B_SPLINE_CURVE_WITH_KNOTS('',3,(#7820,#7821,#7822,#7823),
 .UNSPECIFIED.,.F.,.F.,(4,4),(0.0158389467401289,0.0202147157259255),
 .UNSPECIFIED.);
#334=B_SPLINE_CURVE_WITH_KNOTS('',3,(#7826,#7827,#7828,#7829),
 .UNSPECIFIED.,.F.,.F.,(4,4),(0.0584942498678155,0.0628700221445119),
 .UNSPECIFIED.);
#335=B_SPLINE_CURVE_WITH_KNOTS('',3,(#7831,#7832,#7833,#7834),
 .UNSPECIFIED.,.F.,.F.,(4,4),(0.0172333062602868,0.0216090775876436),
 .UNSPECIFIED.);
#336=B_SPLINE_CURVE_WITH_KNOTS('',3,(#7837,#7838,#7839,#7840),
 .UNSPECIFIED.,.F.,.F.,(4,4),(0.0584942533274772,0.062870026194279),
 .UNSPECIFIED.);
#337=B_SPLINE_CURVE_WITH_KNOTS('',3,(#7842,#7843,#7844,#7845),
 .UNSPECIFIED.,.F.,.F.,(4,4),(0.0170732854777566,0.0214490565510774),
 .UNSPECIFIED.);
#338=B_SPLINE_CURVE_WITH_KNOTS('',3,(#7848,#7849,#7850,#7851),
 .UNSPECIFIED.,.F.,.F.,(4,4),(0.0584942459063204,0.0628700174832112),
 .UNSPECIFIED.);
#339=B_SPLINE_CURVE_WITH_KNOTS('',3,(#7853,#7854,#7855,#7856),
 .UNSPECIFIED.,.F.,.F.,(4,4),(0.014844467611498,0.0192202347511618),
 .UNSPECIFIED.);
#340=B_SPLINE_CURVE_WITH_KNOTS('',3,(#7859,#7860,#7861,#7862),
 .UNSPECIFIED.,.F.,.F.,(4,4),(0.0584942154286683,0.0628699807889815),
 .UNSPECIFIED.);
#341=B_SPLINE_CURVE_WITH_KNOTS('',3,(#7864,#7865,#7866,#7867),
 .UNSPECIFIED.,.F.,.F.,(4,4),(0.0123203696060177,0.0166961314008815),
 .UNSPECIFIED.);
#342=B_SPLINE_CURVE_WITH_KNOTS('',3,(#7870,#7871,#7872,#7873),
 .UNSPECIFIED.,.F.,.F.,(4,4),(0.0584941962254354,0.0628699569682637),
 .UNSPECIFIED.);
#343=B_SPLINE_CURVE_WITH_KNOTS('',3,(#7875,#7876,#7877,#7878,#7879,#7880,
#7881),.UNSPECIFIED.,.F.,.F.,(4,3,4),(0.00694922006933927,0.0376890932415547,
0.0750195500775401),.UNSPECIFIED.);
#344=B_SPLINE_CURVE_WITH_KNOTS('',3,(#7883,#7884,#7885,#7886),
 .UNSPECIFIED.,.F.,.F.,(4,4),(0.0111468582213271,0.0155226172098461),
 .UNSPECIFIED.);
#345=B_SPLINE_CURVE_WITH_KNOTS('',3,(#7889,#7890,#7891,#7892),
 .UNSPECIFIED.,.F.,.F.,(4,4),(0.0584942018522105,0.0628699639995246),
 .UNSPECIFIED.);
#346=B_SPLINE_CURVE_WITH_KNOTS('',3,(#7894,#7895,#7896,#7897,#7898,#7899,
#7900),.UNSPECIFIED.,.F.,.F.,(4,3,4),(0.0069492195963994,0.0377360217270442,
0.0750195459483806),.UNSPECIFIED.);
#347=B_SPLINE_CURVE_WITH_KNOTS('',3,(#7902,#7903,#7904,#7905),
 .UNSPECIFIED.,.F.,.F.,(4,4),(0.0129445906376497,0.0173203538421161),
 .UNSPECIFIED.);
#348=B_SPLINE_CURVE_WITH_KNOTS('',3,(#7908,#7909,#7910,#7911),
 .UNSPECIFIED.,.F.,.F.,(4,4),(0.0584942244107772,0.0628699917519467),
 .UNSPECIFIED.);
#349=B_SPLINE_CURVE_WITH_KNOTS('',3,(#7913,#7914,#7915,#7916),
 .UNSPECIFIED.,.F.,.F.,(4,4),(0.0158389467401228,0.0202147157259146),
 .UNSPECIFIED.);
#350=B_SPLINE_CURVE_WITH_KNOTS('',3,(#7919,#7920,#7921,#7922),
 .UNSPECIFIED.,.F.,.F.,(4,4),(0.0584942498677203,0.0628700221444508),
 .UNSPECIFIED.);
#351=B_SPLINE_CURVE_WITH_KNOTS('',3,(#7924,#7925,#7926,#7927),
 .UNSPECIFIED.,.F.,.F.,(4,4),(0.0172333062602985,0.021609077587668),
 .UNSPECIFIED.);
#352=B_SPLINE_CURVE_WITH_KNOTS('',3,(#7930,#7931,#7932,#7933),
 .UNSPECIFIED.,.F.,.F.,(4,4),(0.058494253327776,0.0628700261946227),
 .UNSPECIFIED.);
#353=B_SPLINE_CURVE_WITH_KNOTS('',3,(#7935,#7936,#7937,#7938),
 .UNSPECIFIED.,.F.,.F.,(4,4),(0.0170732854777572,0.0214490565510784),
 .UNSPECIFIED.);
#354=B_SPLINE_CURVE_WITH_KNOTS('',3,(#7941,#7942,#7943,#7944),
 .UNSPECIFIED.,.F.,.F.,(4,4),(0.0584942459062071,0.0628700174830453),
 .UNSPECIFIED.);
#355=B_SPLINE_CURVE_WITH_KNOTS('',3,(#7946,#7947,#7948,#7949),
 .UNSPECIFIED.,.F.,.F.,(4,4),(0.0148444676114975,0.0192202347511596),
 .UNSPECIFIED.);
#356=B_SPLINE_CURVE_WITH_KNOTS('',3,(#7952,#7953,#7954,#7955),
 .UNSPECIFIED.,.F.,.F.,(4,4),(0.0584942154285912,0.0628699807889222),
 .UNSPECIFIED.);
#357=B_SPLINE_CURVE_WITH_KNOTS('',3,(#7957,#7958,#7959,#7960),
 .UNSPECIFIED.,.F.,.F.,(4,4),(0.012320369606025,0.016696131400905),
 .UNSPECIFIED.);
#358=B_SPLINE_CURVE_WITH_KNOTS('',3,(#7963,#7964,#7965,#7966),
 .UNSPECIFIED.,.F.,.F.,(4,4),(0.0584941962258622,0.0628699569687582),
 .UNSPECIFIED.);
#359=B_SPLINE_CURVE_WITH_KNOTS('',3,(#7968,#7969,#7970,#7971),
 .UNSPECIFIED.,.F.,.F.,(4,4),(0.0111468582213271,0.0155226172098461),
 .UNSPECIFIED.);
#360=B_SPLINE_CURVE_WITH_KNOTS('',3,(#7974,#7975,#7976,#7977),
 .UNSPECIFIED.,.F.,.F.,(4,4),(0.0584942018522077,0.0628699639995214),
 .UNSPECIFIED.);
#361=B_SPLINE_CURVE_WITH_KNOTS('',3,(#7979,#7980,#7981,#7982),
 .UNSPECIFIED.,.F.,.F.,(4,4),(0.0129445906376576,0.0173203538421345),
 .UNSPECIFIED.);
#362=B_SPLINE_CURVE_WITH_KNOTS('',3,(#7985,#7986,#7987,#7988),
 .UNSPECIFIED.,.F.,.F.,(4,4),(0.0584942244108286,0.0628699917520099),
 .UNSPECIFIED.);
#363=B_SPLINE_CURVE_WITH_KNOTS('',3,(#7990,#7991,#7992,#7993),
 .UNSPECIFIED.,.F.,.F.,(4,4),(0.015838946740125,0.0202147157259224),
 .UNSPECIFIED.);
#364=B_SPLINE_CURVE_WITH_KNOTS('',3,(#7996,#7997,#7998,#7999),
 .UNSPECIFIED.,.F.,.F.,(4,4),(0.0584942498679735,0.0628700221446945),
 .UNSPECIFIED.);
#365=B_SPLINE_CURVE_WITH_KNOTS('',3,(#8001,#8002,#8003,#8004),
 .UNSPECIFIED.,.F.,.F.,(4,4),(0.0172333062603032,0.0216090775876783),
 .UNSPECIFIED.);
#366=B_SPLINE_CURVE_WITH_KNOTS('',3,(#8007,#8008,#8009,#8010),
 .UNSPECIFIED.,.F.,.F.,(4,4),(0.0584942533277937,0.0628700261946502),
 .UNSPECIFIED.);
#367=B_SPLINE_CURVE_WITH_KNOTS('',3,(#8012,#8013,#8014,#8015),
 .UNSPECIFIED.,.F.,.F.,(4,4),(0.017073285477757,0.0214490565510774),
 .UNSPECIFIED.);
#368=B_SPLINE_CURVE_WITH_KNOTS('',3,(#8018,#8019,#8020,#8021),
 .UNSPECIFIED.,.F.,.F.,(4,4),(0.0584942459060613,0.0628700174828991),
 .UNSPECIFIED.);
#369=B_SPLINE_CURVE_WITH_KNOTS('',3,(#8023,#8024,#8025,#8026),
 .UNSPECIFIED.,.F.,.F.,(4,4),(0.0148444676114945,0.0192202347511542),
 .UNSPECIFIED.);
#370=B_SPLINE_CURVE_WITH_KNOTS('',3,(#8029,#8030,#8031,#8032),
 .UNSPECIFIED.,.F.,.F.,(4,4),(0.0584942154284338,0.0628699807887447),
 .UNSPECIFIED.);
#371=B_SPLINE_CURVE_WITH_KNOTS('',3,(#8034,#8035,#8036,#8037),
 .UNSPECIFIED.,.F.,.F.,(4,4),(0.0123203696060205,0.016696131400892),
 .UNSPECIFIED.);
#372=B_SPLINE_CURVE_WITH_KNOTS('',3,(#8040,#8041,#8042,#8043),
 .UNSPECIFIED.,.F.,.F.,(4,4),(0.0584941962258611,0.0628699569687567),
 .UNSPECIFIED.);
#373=B_SPLINE_CURVE_WITH_KNOTS('',3,(#8061,#8062,#8063,#8064),
 .UNSPECIFIED.,.F.,.F.,(4,4),(-0.0365901162887343,0.000162466535646093),
 .UNSPECIFIED.);
#374=B_SPLINE_CURVE_WITH_KNOTS('',3,(#8065,#8066,#8067,#8068),
 .UNSPECIFIED.,.F.,.F.,(4,4),(-0.00315881045434759,-0.000162466535646055),
 .UNSPECIFIED.);
#375=B_SPLINE_CURVE_WITH_KNOTS('',3,(#8071,#8072,#8073,#8074,#8075,#8076),
 .UNSPECIFIED.,.F.,.F.,(4,2,4),(0.00383403005616071,0.0374042799739879,
0.0743727715905436),.UNSPECIFIED.);
#376=B_SPLINE_CURVE_WITH_KNOTS('',3,(#8078,#8079,#8080,#8081),
 .UNSPECIFIED.,.F.,.F.,(4,4),(-0.00474769907479889,0.),.UNSPECIFIED.);
#377=B_SPLINE_CURVE_WITH_KNOTS('',3,(#8084,#8085,#8086,#8087),
 .UNSPECIFIED.,.F.,.F.,(4,4),(-0.0730922410369258,-0.068344540758069),
 .UNSPECIFIED.);
#378=B_SPLINE_CURVE_WITH_KNOTS('',3,(#8105,#8106,#8107,#8108),
 .UNSPECIFIED.,.F.,.F.,(4,4),(-0.0365901162887323,0.000162466535647859),
 .UNSPECIFIED.);
#379=B_SPLINE_CURVE_WITH_KNOTS('',3,(#8109,#8110,#8111,#8112),
 .UNSPECIFIED.,.F.,.F.,(4,4),(-0.00315881045434957,-0.000162466535647776),
 .UNSPECIFIED.);
#380=B_SPLINE_CURVE_WITH_KNOTS('',3,(#8129,#8130,#8131,#8132),
 .UNSPECIFIED.,.F.,.F.,(4,4),(-0.774447776244196,-0.0202205685703446),
 .UNSPECIFIED.);
#381=B_SPLINE_CURVE_WITH_KNOTS('',3,(#8133,#8134,#8135,#8136),
 .UNSPECIFIED.,.F.,.F.,(4,4),(0.0202205685703445,0.774447776244196),
 .UNSPECIFIED.);
#382=B_SPLINE_CURVE_WITH_KNOTS('',3,(#8138,#8139,#8140,#8141),
 .UNSPECIFIED.,.F.,.F.,(4,4),(-0.936059642696567,-0.181832435022716),
 .UNSPECIFIED.);
#383=B_SPLINE_CURVE_WITH_KNOTS('',3,(#8158,#8159,#8160,#8161),
 .UNSPECIFIED.,.F.,.F.,(4,4),(0.181832435022716,0.936059642696567),
 .UNSPECIFIED.);
#384=B_SPLINE_CURVE_WITH_KNOTS('',3,(#8163,#8164,#8165,#8166),
 .UNSPECIFIED.,.F.,.F.,(4,4),(0.0202205685703445,0.774447776244196),
 .UNSPECIFIED.);
#385=B_SPLINE_CURVE_WITH_KNOTS('',3,(#8183,#8184,#8185,#8186),
 .UNSPECIFIED.,.F.,.F.,(4,4),(-0.774447776244196,-0.0202205685703444),
 .UNSPECIFIED.);
#386=B_SPLINE_CURVE_WITH_KNOTS('',3,(#8188,#8189,#8190,#8191),
 .UNSPECIFIED.,.F.,.F.,(4,4),(-0.936059642696568,-0.181832435022716),
 .UNSPECIFIED.);
#387=B_SPLINE_CURVE_WITH_KNOTS('',3,(#8208,#8209,#8210,#8211),
 .UNSPECIFIED.,.F.,.F.,(4,4),(0.181832435022716,0.936059642696567),
 .UNSPECIFIED.);
#388=B_SPLINE_CURVE_WITH_KNOTS('',3,(#8213,#8214,#8215,#8216),
 .UNSPECIFIED.,.F.,.F.,(4,4),(0.0202205685703445,0.774447776244196),
 .UNSPECIFIED.);
#389=B_SPLINE_CURVE_WITH_KNOTS('',3,(#8233,#8234,#8235,#8236),
 .UNSPECIFIED.,.F.,.F.,(4,4),(-0.774447776244196,-0.0202205685703445),
 .UNSPECIFIED.);
#390=B_SPLINE_CURVE_WITH_KNOTS('',3,(#8238,#8239,#8240,#8241),
 .UNSPECIFIED.,.F.,.F.,(4,4),(-0.936059642696568,-0.181832435022716),
 .UNSPECIFIED.);
#391=B_SPLINE_CURVE_WITH_KNOTS('',3,(#8258,#8259,#8260,#8261),
 .UNSPECIFIED.,.F.,.F.,(4,4),(0.181832435022716,0.936059642696567),
 .UNSPECIFIED.);
#392=B_SPLINE_CURVE_WITH_KNOTS('',3,(#8263,#8264,#8265,#8266),
 .UNSPECIFIED.,.F.,.F.,(4,4),(0.0202205685703446,0.774447776244196),
 .UNSPECIFIED.);
#393=B_SPLINE_CURVE_WITH_KNOTS('',3,(#8283,#8284,#8285,#8286),
 .UNSPECIFIED.,.F.,.F.,(4,4),(-0.774447776244196,-0.0202205685703446),
 .UNSPECIFIED.);
#394=B_SPLINE_CURVE_WITH_KNOTS('',3,(#8288,#8289,#8290,#8291),
 .UNSPECIFIED.,.F.,.F.,(4,4),(-0.936059642696568,-0.181832435022716),
 .UNSPECIFIED.);
#395=B_SPLINE_CURVE_WITH_KNOTS('',3,(#8308,#8309,#8310,#8311),
 .UNSPECIFIED.,.F.,.F.,(4,4),(0.181832435022716,0.936059642696568),
 .UNSPECIFIED.);
#396=B_SPLINE_CURVE_WITH_KNOTS('',3,(#8313,#8314,#8315,#8316),
 .UNSPECIFIED.,.F.,.F.,(4,4),(0.0202205685703445,0.774447776244196),
 .UNSPECIFIED.);
#397=B_SPLINE_CURVE_WITH_KNOTS('',3,(#8333,#8334,#8335,#8336),
 .UNSPECIFIED.,.F.,.F.,(4,4),(-0.774447776244196,-0.0202205685703445),
 .UNSPECIFIED.);
#398=B_SPLINE_CURVE_WITH_KNOTS('',3,(#8338,#8339,#8340,#8341),
 .UNSPECIFIED.,.F.,.F.,(4,4),(-0.936059642696568,-0.181832435022716),
 .UNSPECIFIED.);
#399=B_SPLINE_CURVE_WITH_KNOTS('',3,(#8358,#8359,#8360,#8361),
 .UNSPECIFIED.,.F.,.F.,(4,4),(0.181832435022716,0.936059642696567),
 .UNSPECIFIED.);
#400=B_SPLINE_CURVE_WITH_KNOTS('',3,(#8363,#8364,#8365,#8366),
 .UNSPECIFIED.,.F.,.F.,(4,4),(0.0202205685703444,0.774447776244196),
 .UNSPECIFIED.);
#401=B_SPLINE_CURVE_WITH_KNOTS('',3,(#8383,#8384,#8385,#8386),
 .UNSPECIFIED.,.F.,.F.,(4,4),(-0.774447776244196,-0.0202205685703445),
 .UNSPECIFIED.);
#402=B_SPLINE_CURVE_WITH_KNOTS('',3,(#8388,#8389,#8390,#8391),
 .UNSPECIFIED.,.F.,.F.,(4,4),(-0.936059642696568,-0.181832435022716),
 .UNSPECIFIED.);
#403=B_SPLINE_CURVE_WITH_KNOTS('',3,(#8408,#8409,#8410,#8411),
 .UNSPECIFIED.,.F.,.F.,(4,4),(0.181832435022716,0.936059642696567),
 .UNSPECIFIED.);
#404=B_SPLINE_CURVE_WITH_KNOTS('',3,(#8413,#8414,#8415,#8416),
 .UNSPECIFIED.,.F.,.F.,(4,4),(0.0202205685703445,0.774447776244196),
 .UNSPECIFIED.);
#405=B_SPLINE_CURVE_WITH_KNOTS('',3,(#8433,#8434,#8435,#8436),
 .UNSPECIFIED.,.F.,.F.,(4,4),(-0.774447776244196,-0.0202205685703444),
 .UNSPECIFIED.);
#406=B_SPLINE_CURVE_WITH_KNOTS('',3,(#8438,#8439,#8440,#8441),
 .UNSPECIFIED.,.F.,.F.,(4,4),(-0.936059642696568,-0.181832435022716),
 .UNSPECIFIED.);
#407=B_SPLINE_CURVE_WITH_KNOTS('',3,(#8458,#8459,#8460,#8461),
 .UNSPECIFIED.,.F.,.F.,(4,4),(0.181832435022716,0.936059642696567),
 .UNSPECIFIED.);
#408=B_SPLINE_CURVE_WITH_KNOTS('',3,(#8463,#8464,#8465,#8466),
 .UNSPECIFIED.,.F.,.F.,(4,4),(0.0202205685703445,0.774447776244196),
 .UNSPECIFIED.);
#409=B_SPLINE_CURVE_WITH_KNOTS('',3,(#8483,#8484,#8485,#8486),
 .UNSPECIFIED.,.F.,.F.,(4,4),(-0.774447776244196,-0.0202205685703445),
 .UNSPECIFIED.);
#410=B_SPLINE_CURVE_WITH_KNOTS('',3,(#8488,#8489,#8490,#8491),
 .UNSPECIFIED.,.F.,.F.,(4,4),(-0.936059642696568,-0.181832435022716),
 .UNSPECIFIED.);
#411=B_SPLINE_CURVE_WITH_KNOTS('',3,(#8508,#8509,#8510,#8511),
 .UNSPECIFIED.,.F.,.F.,(4,4),(0.181832435022716,0.936059642696567),
 .UNSPECIFIED.);
#412=B_SPLINE_CURVE_WITH_KNOTS('',3,(#8513,#8514,#8515,#8516),
 .UNSPECIFIED.,.F.,.F.,(4,4),(0.0202205685703446,0.774447776244196),
 .UNSPECIFIED.);
#413=B_SPLINE_CURVE_WITH_KNOTS('',3,(#8533,#8534,#8535,#8536),
 .UNSPECIFIED.,.F.,.F.,(4,4),(-0.774447776244196,-0.0202205685703444),
 .UNSPECIFIED.);
#414=B_SPLINE_CURVE_WITH_KNOTS('',3,(#8538,#8539,#8540,#8541),
 .UNSPECIFIED.,.F.,.F.,(4,4),(-0.936059642696568,-0.181832435022716),
 .UNSPECIFIED.);
#415=B_SPLINE_CURVE_WITH_KNOTS('',3,(#8558,#8559,#8560,#8561),
 .UNSPECIFIED.,.F.,.F.,(4,4),(0.181832435022716,0.936059642696567),
 .UNSPECIFIED.);
#416=B_SPLINE_CURVE_WITH_KNOTS('',3,(#8563,#8564,#8565,#8566),
 .UNSPECIFIED.,.F.,.F.,(4,4),(0.0202205685703444,0.774447776244196),
 .UNSPECIFIED.);
#417=B_SPLINE_CURVE_WITH_KNOTS('',3,(#8583,#8584,#8585,#8586),
 .UNSPECIFIED.,.F.,.F.,(4,4),(-0.774447776244196,-0.0202205685703444),
 .UNSPECIFIED.);
#418=B_SPLINE_CURVE_WITH_KNOTS('',3,(#8588,#8589,#8590,#8591),
 .UNSPECIFIED.,.F.,.F.,(4,4),(-0.936059642696568,-0.181832435022716),
 .UNSPECIFIED.);
#419=B_SPLINE_CURVE_WITH_KNOTS('',3,(#8608,#8609,#8610,#8611),
 .UNSPECIFIED.,.F.,.F.,(4,4),(0.181832435022716,0.936059642696568),
 .UNSPECIFIED.);
#420=B_SPLINE_CURVE_WITH_KNOTS('',3,(#8613,#8614,#8615,#8616),
 .UNSPECIFIED.,.F.,.F.,(4,4),(0.0202205685703444,0.774447776244196),
 .UNSPECIFIED.);
#421=B_SPLINE_CURVE_WITH_KNOTS('',3,(#8633,#8634,#8635,#8636),
 .UNSPECIFIED.,.F.,.F.,(4,4),(-0.774447776244196,-0.0202205685703444),
 .UNSPECIFIED.);
#422=B_SPLINE_CURVE_WITH_KNOTS('',3,(#8638,#8639,#8640,#8641),
 .UNSPECIFIED.,.F.,.F.,(4,4),(-0.936059642696568,-0.181832435022716),
 .UNSPECIFIED.);
#423=B_SPLINE_CURVE_WITH_KNOTS('',3,(#8658,#8659,#8660,#8661),
 .UNSPECIFIED.,.F.,.F.,(4,4),(0.181832435022716,0.936059642696568),
 .UNSPECIFIED.);
#424=B_SPLINE_CURVE_WITH_KNOTS('',3,(#8663,#8664,#8665,#8666),
 .UNSPECIFIED.,.F.,.F.,(4,4),(0.0202205685703445,0.774447776244196),
 .UNSPECIFIED.);
#425=B_SPLINE_CURVE_WITH_KNOTS('',3,(#8683,#8684,#8685,#8686),
 .UNSPECIFIED.,.F.,.F.,(4,4),(-0.774447776244196,-0.0202205685703445),
 .UNSPECIFIED.);
#426=B_SPLINE_CURVE_WITH_KNOTS('',3,(#8688,#8689,#8690,#8691),
 .UNSPECIFIED.,.F.,.F.,(4,4),(-0.936059642696568,-0.181832435022716),
 .UNSPECIFIED.);
#427=B_SPLINE_CURVE_WITH_KNOTS('',3,(#8708,#8709,#8710,#8711),
 .UNSPECIFIED.,.F.,.F.,(4,4),(0.181832435022716,0.936059642696567),
 .UNSPECIFIED.);
#428=B_SPLINE_CURVE_WITH_KNOTS('',3,(#8713,#8714,#8715,#8716),
 .UNSPECIFIED.,.F.,.F.,(4,4),(0.0202205685703443,0.774447776244196),
 .UNSPECIFIED.);
#429=B_SPLINE_CURVE_WITH_KNOTS('',3,(#8733,#8734,#8735,#8736),
 .UNSPECIFIED.,.F.,.F.,(4,4),(-0.774447776244196,-0.0202205685703444),
 .UNSPECIFIED.);
#430=B_SPLINE_CURVE_WITH_KNOTS('',3,(#8738,#8739,#8740,#8741),
 .UNSPECIFIED.,.F.,.F.,(4,4),(-0.936059642696567,-0.181832435022716),
 .UNSPECIFIED.);
#431=B_SPLINE_CURVE_WITH_KNOTS('',3,(#8758,#8759,#8760,#8761),
 .UNSPECIFIED.,.F.,.F.,(4,4),(0.181832435022716,0.936059642696567),
 .UNSPECIFIED.);
#432=B_SPLINE_CURVE_WITH_KNOTS('',3,(#8763,#8764,#8765,#8766),
 .UNSPECIFIED.,.F.,.F.,(4,4),(0.0202205685703444,0.774447776244196),
 .UNSPECIFIED.);
#433=B_SPLINE_CURVE_WITH_KNOTS('',3,(#8783,#8784,#8785,#8786),
 .UNSPECIFIED.,.F.,.F.,(4,4),(-0.774447776244196,-0.0202205685703445),
 .UNSPECIFIED.);
#434=B_SPLINE_CURVE_WITH_KNOTS('',3,(#8788,#8789,#8790,#8791),
 .UNSPECIFIED.,.F.,.F.,(4,4),(-0.936059642696568,-0.181832435022716),
 .UNSPECIFIED.);
#435=B_SPLINE_CURVE_WITH_KNOTS('',3,(#8808,#8809,#8810,#8811),
 .UNSPECIFIED.,.F.,.F.,(4,4),(0.181832435022716,0.936059642696567),
 .UNSPECIFIED.);
#436=B_SPLINE_CURVE_WITH_KNOTS('',3,(#8813,#8814,#8815,#8816),
 .UNSPECIFIED.,.F.,.F.,(4,4),(0.0202205685703445,0.774447776244196),
 .UNSPECIFIED.);
#437=B_SPLINE_CURVE_WITH_KNOTS('',3,(#8818,#8819,#8820,#8821),
 .UNSPECIFIED.,.F.,.F.,(4,4),(0.181832435022716,0.936059642696567),
 .UNSPECIFIED.);
#438=B_SPLINE_CURVE_WITH_KNOTS('',3,(#8838,#8839,#8840,#8841),
 .UNSPECIFIED.,.F.,.F.,(4,4),(-0.936059642696568,-0.181832435022716),
 .UNSPECIFIED.);
#439=B_SPLINE_CURVE_WITH_KNOTS('',3,(#8843,#8844,#8845,#8846),
 .UNSPECIFIED.,.F.,.F.,(4,4),(0.0202205685703446,0.774447776244196),
 .UNSPECIFIED.);
#440=B_SPLINE_CURVE_WITH_KNOTS('',3,(#8847,#8848,#8849,#8850),
 .UNSPECIFIED.,.F.,.F.,(4,4),(0.181832435022716,0.936059642696568),
 .UNSPECIFIED.);
#441=B_SPLINE_CURVE_WITH_KNOTS('',3,(#8867,#8868,#8869,#8870),
 .UNSPECIFIED.,.F.,.F.,(4,4),(-0.774447776244196,-0.0202205685703445),
 .UNSPECIFIED.);
#442=B_SPLINE_CURVE_WITH_KNOTS('',3,(#8887,#8888,#8889,#8890),
 .UNSPECIFIED.,.F.,.F.,(4,4),(-0.936059642696568,-0.181832435022716),
 .UNSPECIFIED.);
#443=B_SPLINE_CURVE_WITH_KNOTS('',3,(#8892,#8893,#8894,#8895),
 .UNSPECIFIED.,.F.,.F.,(4,4),(0.0202205685703444,0.774447776244196),
 .UNSPECIFIED.);
#444=B_SPLINE_CURVE_WITH_KNOTS('',3,(#8896,#8897,#8898,#8899),
 .UNSPECIFIED.,.F.,.F.,(4,4),(0.181832435022716,0.936059642696567),
 .UNSPECIFIED.);
#445=B_SPLINE_CURVE_WITH_KNOTS('',3,(#8916,#8917,#8918,#8919),
 .UNSPECIFIED.,.F.,.F.,(4,4),(-0.774447776244196,-0.0202205685703445),
 .UNSPECIFIED.);
#446=B_SPLINE_CURVE_WITH_KNOTS('',3,(#8936,#8937,#8938,#8939),
 .UNSPECIFIED.,.F.,.F.,(4,4),(-0.936059642696568,-0.181832435022716),
 .UNSPECIFIED.);
#447=B_SPLINE_CURVE_WITH_KNOTS('',3,(#8941,#8942,#8943,#8944),
 .UNSPECIFIED.,.F.,.F.,(4,4),(0.0202205685703444,0.774447776244196),
 .UNSPECIFIED.);
#448=B_SPLINE_CURVE_WITH_KNOTS('',3,(#8945,#8946,#8947,#8948),
 .UNSPECIFIED.,.F.,.F.,(4,4),(0.181832435022716,0.936059642696568),
 .UNSPECIFIED.);
#449=B_SPLINE_CURVE_WITH_KNOTS('',3,(#8965,#8966,#8967,#8968),
 .UNSPECIFIED.,.F.,.F.,(4,4),(-0.774447776244196,-0.0202205685703445),
 .UNSPECIFIED.);
#450=B_SPLINE_CURVE_WITH_KNOTS('',3,(#8985,#8986,#8987,#8988),
 .UNSPECIFIED.,.F.,.F.,(4,4),(-0.936059642696568,-0.181832435022716),
 .UNSPECIFIED.);
#451=B_SPLINE_CURVE_WITH_KNOTS('',3,(#8990,#8991,#8992,#8993),
 .UNSPECIFIED.,.F.,.F.,(4,4),(0.0202205685703446,0.774447776244196),
 .UNSPECIFIED.);
#452=B_SPLINE_CURVE_WITH_KNOTS('',3,(#8994,#8995,#8996,#8997),
 .UNSPECIFIED.,.F.,.F.,(4,4),(0.181832435022716,0.936059642696567),
 .UNSPECIFIED.);
#453=B_SPLINE_CURVE_WITH_KNOTS('',3,(#9014,#9015,#9016,#9017),
 .UNSPECIFIED.,.F.,.F.,(4,4),(-0.774447776244196,-0.0202205685703445),
 .UNSPECIFIED.);
#454=B_SPLINE_CURVE_WITH_KNOTS('',3,(#9034,#9035,#9036,#9037),
 .UNSPECIFIED.,.F.,.F.,(4,4),(-0.936059642696568,-0.181832435022716),
 .UNSPECIFIED.);
#455=B_SPLINE_CURVE_WITH_KNOTS('',3,(#9039,#9040,#9041,#9042),
 .UNSPECIFIED.,.F.,.F.,(4,4),(0.0202205685703445,0.774447776244196),
 .UNSPECIFIED.);
#456=B_SPLINE_CURVE_WITH_KNOTS('',3,(#9043,#9044,#9045,#9046),
 .UNSPECIFIED.,.F.,.F.,(4,4),(0.181832435022716,0.936059642696568),
 .UNSPECIFIED.);
#457=B_SPLINE_CURVE_WITH_KNOTS('',3,(#9063,#9064,#9065,#9066),
 .UNSPECIFIED.,.F.,.F.,(4,4),(-0.774447776244196,-0.0202205685703444),
 .UNSPECIFIED.);
#458=B_SPLINE_CURVE_WITH_KNOTS('',3,(#9083,#9084,#9085,#9086),
 .UNSPECIFIED.,.F.,.F.,(4,4),(-0.936059642696568,-0.181832435022716),
 .UNSPECIFIED.);
#459=B_SPLINE_CURVE_WITH_KNOTS('',3,(#9088,#9089,#9090,#9091),
 .UNSPECIFIED.,.F.,.F.,(4,4),(0.0202205685703446,0.774447776244196),
 .UNSPECIFIED.);
#460=B_SPLINE_CURVE_WITH_KNOTS('',3,(#9092,#9093,#9094,#9095),
 .UNSPECIFIED.,.F.,.F.,(4,4),(0.181832435022716,0.936059642696567),
 .UNSPECIFIED.);
#461=B_SPLINE_CURVE_WITH_KNOTS('',3,(#9112,#9113,#9114,#9115),
 .UNSPECIFIED.,.F.,.F.,(4,4),(-0.774447776244196,-0.0202205685703445),
 .UNSPECIFIED.);
#462=B_SPLINE_CURVE_WITH_KNOTS('',3,(#9132,#9133,#9134,#9135),
 .UNSPECIFIED.,.F.,.F.,(4,4),(-0.936059642696568,-0.181832435022716),
 .UNSPECIFIED.);
#463=B_SPLINE_CURVE_WITH_KNOTS('',3,(#9137,#9138,#9139,#9140),
 .UNSPECIFIED.,.F.,.F.,(4,4),(0.0202205685703445,0.774447776244196),
 .UNSPECIFIED.);
#464=B_SPLINE_CURVE_WITH_KNOTS('',3,(#9141,#9142,#9143,#9144),
 .UNSPECIFIED.,.F.,.F.,(4,4),(0.181832435022716,0.936059642696567),
 .UNSPECIFIED.);
#465=B_SPLINE_CURVE_WITH_KNOTS('',3,(#9161,#9162,#9163,#9164),
 .UNSPECIFIED.,.F.,.F.,(4,4),(-0.774447776244196,-0.0202205685703445),
 .UNSPECIFIED.);
#466=B_SPLINE_CURVE_WITH_KNOTS('',3,(#9181,#9182,#9183,#9184),
 .UNSPECIFIED.,.F.,.F.,(4,4),(-0.936059642696568,-0.181832435022716),
 .UNSPECIFIED.);
#467=B_SPLINE_CURVE_WITH_KNOTS('',3,(#9186,#9187,#9188,#9189),
 .UNSPECIFIED.,.F.,.F.,(4,4),(0.0202205685703445,0.774447776244196),
 .UNSPECIFIED.);
#468=B_SPLINE_CURVE_WITH_KNOTS('',3,(#9190,#9191,#9192,#9193),
 .UNSPECIFIED.,.F.,.F.,(4,4),(0.181832435022716,0.936059642696567),
 .UNSPECIFIED.);
#469=B_SPLINE_CURVE_WITH_KNOTS('',3,(#9210,#9211,#9212,#9213),
 .UNSPECIFIED.,.F.,.F.,(4,4),(-0.774447776244196,-0.0202205685703445),
 .UNSPECIFIED.);
#470=B_SPLINE_CURVE_WITH_KNOTS('',3,(#9230,#9231,#9232,#9233),
 .UNSPECIFIED.,.F.,.F.,(4,4),(-0.936059642696568,-0.181832435022716),
 .UNSPECIFIED.);
#471=B_SPLINE_CURVE_WITH_KNOTS('',3,(#9235,#9236,#9237,#9238),
 .UNSPECIFIED.,.F.,.F.,(4,4),(0.0202205685703444,0.774447776244196),
 .UNSPECIFIED.);
#472=B_SPLINE_CURVE_WITH_KNOTS('',3,(#9239,#9240,#9241,#9242),
 .UNSPECIFIED.,.F.,.F.,(4,4),(0.181832435022716,0.936059642696567),
 .UNSPECIFIED.);
#473=B_SPLINE_CURVE_WITH_KNOTS('',3,(#9259,#9260,#9261,#9262),
 .UNSPECIFIED.,.F.,.F.,(4,4),(-0.774447776244196,-0.0202205685703445),
 .UNSPECIFIED.);
#474=B_SPLINE_CURVE_WITH_KNOTS('',3,(#9279,#9280,#9281,#9282),
 .UNSPECIFIED.,.F.,.F.,(4,4),(-0.936059642696568,-0.181832435022716),
 .UNSPECIFIED.);
#475=B_SPLINE_CURVE_WITH_KNOTS('',3,(#9284,#9285,#9286,#9287),
 .UNSPECIFIED.,.F.,.F.,(4,4),(0.0202205685703445,0.774447776244196),
 .UNSPECIFIED.);
#476=B_SPLINE_CURVE_WITH_KNOTS('',3,(#9288,#9289,#9290,#9291),
 .UNSPECIFIED.,.F.,.F.,(4,4),(0.181832435022716,0.936059642696567),
 .UNSPECIFIED.);
#477=B_SPLINE_CURVE_WITH_KNOTS('',3,(#9308,#9309,#9310,#9311),
 .UNSPECIFIED.,.F.,.F.,(4,4),(-0.774447776244196,-0.0202205685703445),
 .UNSPECIFIED.);
#478=B_SPLINE_CURVE_WITH_KNOTS('',3,(#9328,#9329,#9330,#9331),
 .UNSPECIFIED.,.F.,.F.,(4,4),(-0.936059642696568,-0.181832435022716),
 .UNSPECIFIED.);
#479=B_SPLINE_CURVE_WITH_KNOTS('',3,(#9333,#9334,#9335,#9336),
 .UNSPECIFIED.,.F.,.F.,(4,4),(0.0202205685703445,0.774447776244196),
 .UNSPECIFIED.);
#480=B_SPLINE_CURVE_WITH_KNOTS('',3,(#9337,#9338,#9339,#9340),
 .UNSPECIFIED.,.F.,.F.,(4,4),(0.181832435022716,0.936059642696567),
 .UNSPECIFIED.);
#481=B_SPLINE_CURVE_WITH_KNOTS('',3,(#9357,#9358,#9359,#9360),
 .UNSPECIFIED.,.F.,.F.,(4,4),(-0.774447776244196,-0.0202205685703445),
 .UNSPECIFIED.);
#482=B_SPLINE_CURVE_WITH_KNOTS('',3,(#9377,#9378,#9379,#9380),
 .UNSPECIFIED.,.F.,.F.,(4,4),(-0.936059642696568,-0.181832435022716),
 .UNSPECIFIED.);
#483=B_SPLINE_CURVE_WITH_KNOTS('',3,(#9382,#9383,#9384,#9385),
 .UNSPECIFIED.,.F.,.F.,(4,4),(0.0202205685703446,0.774447776244196),
 .UNSPECIFIED.);
#484=B_SPLINE_CURVE_WITH_KNOTS('',3,(#9386,#9387,#9388,#9389),
 .UNSPECIFIED.,.F.,.F.,(4,4),(0.181832435022716,0.936059642696567),
 .UNSPECIFIED.);
#485=B_SPLINE_CURVE_WITH_KNOTS('',3,(#9406,#9407,#9408,#9409),
 .UNSPECIFIED.,.F.,.F.,(4,4),(-0.774447776244196,-0.0202205685703445),
 .UNSPECIFIED.);
#486=B_SPLINE_CURVE_WITH_KNOTS('',3,(#9426,#9427,#9428,#9429),
 .UNSPECIFIED.,.F.,.F.,(4,4),(-0.936059642696568,-0.181832435022716),
 .UNSPECIFIED.);
#487=B_SPLINE_CURVE_WITH_KNOTS('',3,(#9431,#9432,#9433,#9434),
 .UNSPECIFIED.,.F.,.F.,(4,4),(0.0202205685703445,0.774447776244196),
 .UNSPECIFIED.);
#488=B_SPLINE_CURVE_WITH_KNOTS('',3,(#9435,#9436,#9437,#9438),
 .UNSPECIFIED.,.F.,.F.,(4,4),(0.181832435022716,0.936059642696567),
 .UNSPECIFIED.);
#489=B_SPLINE_CURVE_WITH_KNOTS('',3,(#9455,#9456,#9457,#9458),
 .UNSPECIFIED.,.F.,.F.,(4,4),(-0.774447776244196,-0.0202205685703445),
 .UNSPECIFIED.);
#490=B_SPLINE_CURVE_WITH_KNOTS('',3,(#9475,#9476,#9477,#9478),
 .UNSPECIFIED.,.F.,.F.,(4,4),(-0.936059642696568,-0.181832435022716),
 .UNSPECIFIED.);
#491=B_SPLINE_CURVE_WITH_KNOTS('',3,(#9495,#9496,#9497,#9498),
 .UNSPECIFIED.,.F.,.F.,(4,4),(-0.774447776244196,-0.0202205685703444),
 .UNSPECIFIED.);
#492=B_SPLINE_SURFACE_WITH_KNOTS('',3,3,((#5082,#5083,#5084,#5085),(#5086,
#5087,#5088,#5089),(#5090,#5091,#5092,#5093),(#5094,#5095,#5096,#5097)),
 .UNSPECIFIED.,.F.,.F.,.F.,(4,4),(4,4),(0.0507874457102178,1.),(-0.0468164609491796,
0.0365901162887321),.UNSPECIFIED.);
#493=B_SPLINE_SURFACE_WITH_KNOTS('',3,3,((#5154,#5155,#5156,#5157),(#5158,
#5159,#5160,#5161),(#5162,#5163,#5164,#5165),(#5166,#5167,#5168,#5169)),
 .UNSPECIFIED.,.F.,.F.,.F.,(4,4),(4,4),(0.0507874457102185,1.),(-0.0468164609491782,
0.0365901162887325),.UNSPECIFIED.);
#494=B_SPLINE_SURFACE_WITH_KNOTS('',3,3,((#5191,#5192,#5193,#5194),(#5195,
#5196,#5197,#5198),(#5199,#5200,#5201,#5202),(#5203,#5204,#5205,#5206)),
 .UNSPECIFIED.,.F.,.F.,.F.,(4,4),(4,4),(0.,0.949213155240026),(-0.0469750446904589,
0.0365901162887325),.UNSPECIFIED.);
#495=B_SPLINE_SURFACE_WITH_KNOTS('',3,3,((#5251,#5252,#5253,#5254),(#5255,
#5256,#5257,#5258),(#5259,#5260,#5261,#5262),(#5263,#5264,#5265,#5266)),
 .UNSPECIFIED.,.F.,.F.,.F.,(4,4),(4,4),(0.,0.949213155240013),(-0.0469750446904582,
0.0365901162887345),.UNSPECIFIED.);
#496=B_SPLINE_SURFACE_WITH_KNOTS('',3,3,((#5321,#5322,#5323,#5324),(#5325,
#5326,#5327,#5328),(#5329,#5330,#5331,#5332),(#5333,#5334,#5335,#5336)),
 .UNSPECIFIED.,.F.,.F.,.F.,(4,4),(4,4),(0.0507874457102144,1.),(-0.0468164609491795,
0.0365901162887305),.UNSPECIFIED.);
#497=B_SPLINE_SURFACE_WITH_KNOTS('',3,3,((#5358,#5359,#5360,#5361),(#5362,
#5363,#5364,#5365),(#5366,#5367,#5368,#5369),(#5370,#5371,#5372,#5373)),
 .UNSPECIFIED.,.F.,.F.,.F.,(4,4),(4,4),(0.0507874457102259,1.),(-0.0468164609491779,
0.0365901162887322),.UNSPECIFIED.);
#498=B_SPLINE_SURFACE_WITH_KNOTS('',3,3,((#5390,#5391,#5392,#5393),(#5394,
#5395,#5396,#5397),(#5398,#5399,#5400,#5401),(#5402,#5403,#5404,#5405)),
 .UNSPECIFIED.,.F.,.F.,.F.,(4,4),(4,4),(0.,0.949213155240026),(-0.0469750446904563,
0.0365901162887354),.UNSPECIFIED.);
#499=B_SPLINE_SURFACE_WITH_KNOTS('',3,3,((#5450,#5451,#5452,#5453),(#5454,
#5455,#5456,#5457),(#5458,#5459,#5460,#5461),(#5462,#5463,#5464,#5465)),
 .UNSPECIFIED.,.F.,.F.,.F.,(4,4),(4,4),(0.,0.949213155240016),(-0.0469750446904579,
0.0365901162887346),.UNSPECIFIED.);
#500=B_SPLINE_SURFACE_WITH_KNOTS('',3,3,((#5515,#5516,#5517,#5518),(#5519,
#5520,#5521,#5522),(#5523,#5524,#5525,#5526),(#5527,#5528,#5529,#5530)),
 .UNSPECIFIED.,.F.,.F.,.F.,(4,4),(4,4),(0.0507874457102053,1.),(-0.0468164609491778,
0.0365901162887305),.UNSPECIFIED.);
#501=B_SPLINE_SURFACE_WITH_KNOTS('',3,3,((#5552,#5553,#5554,#5555),(#5556,
#5557,#5558,#5559),(#5560,#5561,#5562,#5563),(#5564,#5565,#5566,#5567)),
 .UNSPECIFIED.,.F.,.F.,.F.,(4,4),(4,4),(0.0507874457102327,1.),(-0.0468164609491795,
0.0365901162887337),.UNSPECIFIED.);
#502=B_SPLINE_SURFACE_WITH_KNOTS('',3,3,((#5584,#5585,#5586,#5587),(#5588,
#5589,#5590,#5591),(#5592,#5593,#5594,#5595),(#5596,#5597,#5598,#5599)),
 .UNSPECIFIED.,.F.,.F.,.F.,(4,4),(4,4),(0.,0.949213155240041),(-0.0469750446904586,
0.0365901162887329),.UNSPECIFIED.);
#503=B_SPLINE_SURFACE_WITH_KNOTS('',3,3,((#5644,#5645,#5646,#5647),(#5648,
#5649,#5650,#5651),(#5652,#5653,#5654,#5655),(#5656,#5657,#5658,#5659)),
 .UNSPECIFIED.,.F.,.F.,.F.,(4,4),(4,4),(0.,0.949213155240019),(-0.0469750446904572,
0.0365901162887332),.UNSPECIFIED.);
#504=B_SPLINE_SURFACE_WITH_KNOTS('',3,3,((#5709,#5710,#5711,#5712),(#5713,
#5714,#5715,#5716),(#5717,#5718,#5719,#5720),(#5721,#5722,#5723,#5724)),
 .UNSPECIFIED.,.F.,.F.,.F.,(4,4),(4,4),(0.0507874457102276,1.),(-0.0468164609491791,
0.0365901162887297),.UNSPECIFIED.);
#505=B_SPLINE_SURFACE_WITH_KNOTS('',3,3,((#5746,#5747,#5748,#5749),(#5750,
#5751,#5752,#5753),(#5754,#5755,#5756,#5757),(#5758,#5759,#5760,#5761)),
 .UNSPECIFIED.,.F.,.F.,.F.,(4,4),(4,4),(0.0507874457102239,1.),(-0.0468164609491787,
0.0365901162887303),.UNSPECIFIED.);
#506=B_SPLINE_SURFACE_WITH_KNOTS('',3,3,((#5778,#5779,#5780,#5781),(#5782,
#5783,#5784,#5785),(#5786,#5787,#5788,#5789),(#5790,#5791,#5792,#5793)),
 .UNSPECIFIED.,.F.,.F.,.F.,(4,4),(4,4),(0.,0.949213155240014),(-0.0469750446904576,
0.0365901162887308),.UNSPECIFIED.);
#507=B_SPLINE_SURFACE_WITH_KNOTS('',3,3,((#5838,#5839,#5840,#5841),(#5842,
#5843,#5844,#5845),(#5846,#5847,#5848,#5849),(#5850,#5851,#5852,#5853)),
 .UNSPECIFIED.,.F.,.F.,.F.,(4,4),(4,4),(0.,0.949213155240029),(-0.0469750446904561,
0.0365901162887337),.UNSPECIFIED.);
#508=B_SPLINE_SURFACE_WITH_KNOTS('',3,3,((#5903,#5904,#5905,#5906),(#5907,
#5908,#5909,#5910),(#5911,#5912,#5913,#5914),(#5915,#5916,#5917,#5918)),
 .UNSPECIFIED.,.F.,.F.,.F.,(4,4),(4,4),(0.0507874457102246,1.),(-0.0468164609491782,
0.0365901162887314),.UNSPECIFIED.);
#509=B_SPLINE_SURFACE_WITH_KNOTS('',3,3,((#5940,#5941,#5942,#5943),(#5944,
#5945,#5946,#5947),(#5948,#5949,#5950,#5951),(#5952,#5953,#5954,#5955)),
 .UNSPECIFIED.,.F.,.F.,.F.,(4,4),(4,4),(0.0507874457102088,1.),(-0.0468164609491759,
0.0365901162887321),.UNSPECIFIED.);
#510=B_SPLINE_SURFACE_WITH_KNOTS('',3,3,((#5972,#5973,#5974,#5975),(#5976,
#5977,#5978,#5979),(#5980,#5981,#5982,#5983),(#5984,#5985,#5986,#5987)),
 .UNSPECIFIED.,.F.,.F.,.F.,(4,4),(4,4),(0.,0.94921315524003),(-0.0469750446904567,
0.0365901162887337),.UNSPECIFIED.);
#511=B_SPLINE_SURFACE_WITH_KNOTS('',3,3,((#6032,#6033,#6034,#6035),(#6036,
#6037,#6038,#6039),(#6040,#6041,#6042,#6043),(#6044,#6045,#6046,#6047)),
 .UNSPECIFIED.,.F.,.F.,.F.,(4,4),(4,4),(0.,0.949213155240027),(-0.0469750446904574,
0.0365901162887327),.UNSPECIFIED.);
#512=B_SPLINE_SURFACE_WITH_KNOTS('',3,3,((#6097,#6098,#6099,#6100),(#6101,
#6102,#6103,#6104),(#6105,#6106,#6107,#6108),(#6109,#6110,#6111,#6112)),
 .UNSPECIFIED.,.F.,.F.,.F.,(4,4),(4,4),(0.0507874457102135,1.),(-0.0468164609491792,
0.0365901162887312),.UNSPECIFIED.);
#513=B_SPLINE_SURFACE_WITH_KNOTS('',3,3,((#6134,#6135,#6136,#6137),(#6138,
#6139,#6140,#6141),(#6142,#6143,#6144,#6145),(#6146,#6147,#6148,#6149)),
 .UNSPECIFIED.,.F.,.F.,.F.,(4,4),(4,4),(0.0507874457102087,1.),(-0.0468164609491792,
0.0365901162887303),.UNSPECIFIED.);
#514=B_SPLINE_SURFACE_WITH_KNOTS('',3,3,((#6166,#6167,#6168,#6169),(#6170,
#6171,#6172,#6173),(#6174,#6175,#6176,#6177),(#6178,#6179,#6180,#6181)),
 .UNSPECIFIED.,.F.,.F.,.F.,(4,4),(4,4),(0.,0.949213155240021),(-0.0469750446904586,
0.036590116288733),.UNSPECIFIED.);
#515=B_SPLINE_SURFACE_WITH_KNOTS('',3,3,((#6226,#6227,#6228,#6229),(#6230,
#6231,#6232,#6233),(#6234,#6235,#6236,#6237),(#6238,#6239,#6240,#6241)),
 .UNSPECIFIED.,.F.,.F.,.F.,(4,4),(4,4),(0.,0.949213155239997),(-0.0469750446904579,
0.0365901162887311),.UNSPECIFIED.);
#516=B_SPLINE_SURFACE_WITH_KNOTS('',3,3,((#6291,#6292,#6293,#6294),(#6295,
#6296,#6297,#6298),(#6299,#6300,#6301,#6302),(#6303,#6304,#6305,#6306)),
 .UNSPECIFIED.,.F.,.F.,.F.,(4,4),(4,4),(0.0507874457102381,1.),(-0.0468164609491784,
0.0365901162887305),.UNSPECIFIED.);
#517=B_SPLINE_SURFACE_WITH_KNOTS('',3,3,((#6328,#6329,#6330,#6331),(#6332,
#6333,#6334,#6335),(#6336,#6337,#6338,#6339),(#6340,#6341,#6342,#6343)),
 .UNSPECIFIED.,.F.,.F.,.F.,(4,4),(4,4),(0.0507874457102485,1.),(-0.0468164609491765,
0.0365901162887301),.UNSPECIFIED.);
#518=B_SPLINE_SURFACE_WITH_KNOTS('',3,3,((#6360,#6361,#6362,#6363),(#6364,
#6365,#6366,#6367),(#6368,#6369,#6370,#6371),(#6372,#6373,#6374,#6375)),
 .UNSPECIFIED.,.F.,.F.,.F.,(4,4),(4,4),(0.,0.949213155240006),(-0.0469750446904569,
0.0365901162887356),.UNSPECIFIED.);
#519=B_SPLINE_SURFACE_WITH_KNOTS('',3,3,((#6420,#6421,#6422,#6423),(#6424,
#6425,#6426,#6427),(#6428,#6429,#6430,#6431),(#6432,#6433,#6434,#6435)),
 .UNSPECIFIED.,.F.,.F.,.F.,(4,4),(4,4),(0.,0.949213155240048),(-0.0469750446904566,
0.0365901162887335),.UNSPECIFIED.);
#520=B_SPLINE_SURFACE_WITH_KNOTS('',3,3,((#6485,#6486,#6487,#6488),(#6489,
#6490,#6491,#6492),(#6493,#6494,#6495,#6496),(#6497,#6498,#6499,#6500)),
 .UNSPECIFIED.,.F.,.F.,.F.,(4,4),(4,4),(0.0507874457102129,1.),(-0.0468164609491816,
0.0365901162887343),.UNSPECIFIED.);
#521=B_SPLINE_SURFACE_WITH_KNOTS('',3,3,((#6522,#6523,#6524,#6525),(#6526,
#6527,#6528,#6529),(#6530,#6531,#6532,#6533),(#6534,#6535,#6536,#6537)),
 .UNSPECIFIED.,.F.,.F.,.F.,(4,4),(4,4),(0.0507874457102074,1.),(-0.0468164609491783,
0.0365901162887314),.UNSPECIFIED.);
#522=B_SPLINE_SURFACE_WITH_KNOTS('',3,3,((#6554,#6555,#6556,#6557),(#6558,
#6559,#6560,#6561),(#6562,#6563,#6564,#6565),(#6566,#6567,#6568,#6569)),
 .UNSPECIFIED.,.F.,.F.,.F.,(4,4),(4,4),(0.,0.949213155240046),(-0.046975044690461,
0.0365901162887354),.UNSPECIFIED.);
#523=B_SPLINE_SURFACE_WITH_KNOTS('',3,3,((#6614,#6615,#6616,#6617),(#6618,
#6619,#6620,#6621),(#6622,#6623,#6624,#6625),(#6626,#6627,#6628,#6629)),
 .UNSPECIFIED.,.F.,.F.,.F.,(4,4),(4,4),(0.,0.949213155240014),(-0.0469750446904592,
0.0365901162887326),.UNSPECIFIED.);
#524=B_SPLINE_SURFACE_WITH_KNOTS('',3,3,((#6679,#6680,#6681,#6682),(#6683,
#6684,#6685,#6686),(#6687,#6688,#6689,#6690),(#6691,#6692,#6693,#6694)),
 .UNSPECIFIED.,.F.,.F.,.F.,(4,4),(4,4),(0.0507874457102382,1.),(-0.0468164609491804,
0.0365901162887317),.UNSPECIFIED.);
#525=B_SPLINE_SURFACE_WITH_KNOTS('',3,3,((#6716,#6717,#6718,#6719),(#6720,
#6721,#6722,#6723),(#6724,#6725,#6726,#6727),(#6728,#6729,#6730,#6731)),
 .UNSPECIFIED.,.F.,.F.,.F.,(4,4),(4,4),(0.0507874457102253,1.),(-0.0468164609491791,
0.0365901162887312),.UNSPECIFIED.);
#526=B_SPLINE_SURFACE_WITH_KNOTS('',3,3,((#6748,#6749,#6750,#6751),(#6752,
#6753,#6754,#6755),(#6756,#6757,#6758,#6759),(#6760,#6761,#6762,#6763)),
 .UNSPECIFIED.,.F.,.F.,.F.,(4,4),(4,4),(0.,0.94921315524002),(-0.0469750446904604,
0.0365901162887357),.UNSPECIFIED.);
#527=B_SPLINE_SURFACE_WITH_KNOTS('',3,3,((#6808,#6809,#6810,#6811),(#6812,
#6813,#6814,#6815),(#6816,#6817,#6818,#6819),(#6820,#6821,#6822,#6823)),
 .UNSPECIFIED.,.F.,.F.,.F.,(4,4),(4,4),(0.,0.949213155240024),(-0.0469750446904605,
0.0365901162887349),.UNSPECIFIED.);
#528=B_SPLINE_SURFACE_WITH_KNOTS('',3,3,((#6873,#6874,#6875,#6876),(#6877,
#6878,#6879,#6880),(#6881,#6882,#6883,#6884),(#6885,#6886,#6887,#6888)),
 .UNSPECIFIED.,.F.,.F.,.F.,(4,4),(4,4),(0.0507874457102112,1.),(-0.0468164609491798,
0.0365901162887317),.UNSPECIFIED.);
#529=B_SPLINE_SURFACE_WITH_KNOTS('',3,3,((#6910,#6911,#6912,#6913),(#6914,
#6915,#6916,#6917),(#6918,#6919,#6920,#6921),(#6922,#6923,#6924,#6925)),
 .UNSPECIFIED.,.F.,.F.,.F.,(4,4),(4,4),(0.0507874457102099,1.),(-0.0468164609491795,
0.0365901162887325),.UNSPECIFIED.);
#530=B_SPLINE_SURFACE_WITH_KNOTS('',3,3,((#6942,#6943,#6944,#6945),(#6946,
#6947,#6948,#6949),(#6950,#6951,#6952,#6953),(#6954,#6955,#6956,#6957)),
 .UNSPECIFIED.,.F.,.F.,.F.,(4,4),(4,4),(0.,0.949213155240034),(-0.0469750446904586,
0.0365901162887345),.UNSPECIFIED.);
#531=B_SPLINE_SURFACE_WITH_KNOTS('',3,3,((#7002,#7003,#7004,#7005),(#7006,
#7007,#7008,#7009),(#7010,#7011,#7012,#7013),(#7014,#7015,#7016,#7017)),
 .UNSPECIFIED.,.F.,.F.,.F.,(4,4),(4,4),(0.,0.949213155240018),(-0.0469750446904585,
0.0365901162887326),.UNSPECIFIED.);
#532=B_SPLINE_SURFACE_WITH_KNOTS('',3,3,((#7067,#7068,#7069,#7070),(#7071,
#7072,#7073,#7074),(#7075,#7076,#7077,#7078),(#7079,#7080,#7081,#7082)),
 .UNSPECIFIED.,.F.,.F.,.F.,(4,4),(4,4),(0.0507874457102256,1.),(-0.0468164609491795,
0.0365901162887297),.UNSPECIFIED.);
#533=B_SPLINE_SURFACE_WITH_KNOTS('',3,3,((#7104,#7105,#7106,#7107),(#7108,
#7109,#7110,#7111),(#7112,#7113,#7114,#7115),(#7116,#7117,#7118,#7119)),
 .UNSPECIFIED.,.F.,.F.,.F.,(4,4),(4,4),(0.050787445710222,1.),(-0.0468164609491801,
0.0365901162887292),.UNSPECIFIED.);
#534=B_SPLINE_SURFACE_WITH_KNOTS('',3,3,((#7136,#7137,#7138,#7139),(#7140,
#7141,#7142,#7143),(#7144,#7145,#7146,#7147),(#7148,#7149,#7150,#7151)),
 .UNSPECIFIED.,.F.,.F.,.F.,(4,4),(4,4),(0.,0.949213155240022),(-0.046975044690457,
0.0365901162887334),.UNSPECIFIED.);
#535=B_SPLINE_SURFACE_WITH_KNOTS('',3,3,((#7196,#7197,#7198,#7199),(#7200,
#7201,#7202,#7203),(#7204,#7205,#7206,#7207),(#7208,#7209,#7210,#7211)),
 .UNSPECIFIED.,.F.,.F.,.F.,(4,4),(4,4),(0.,0.949213155240021),(-0.0469750446904559,
0.0365901162887352),.UNSPECIFIED.);
#536=B_SPLINE_SURFACE_WITH_KNOTS('',3,3,((#7261,#7262,#7263,#7264),(#7265,
#7266,#7267,#7268),(#7269,#7270,#7271,#7272),(#7273,#7274,#7275,#7276)),
 .UNSPECIFIED.,.F.,.F.,.F.,(4,4),(4,4),(0.0507874457102226,1.),(-0.0468164609491788,
0.036590116288733),.UNSPECIFIED.);
#537=B_SPLINE_SURFACE_WITH_KNOTS('',3,3,((#7298,#7299,#7300,#7301),(#7302,
#7303,#7304,#7305),(#7306,#7307,#7308,#7309),(#7310,#7311,#7312,#7313)),
 .UNSPECIFIED.,.F.,.F.,.F.,(4,4),(4,4),(0.0507874457102199,1.),(-0.0468164609491774,
0.036590116288733),.UNSPECIFIED.);
#538=B_SPLINE_SURFACE_WITH_KNOTS('',3,3,((#7330,#7331,#7332,#7333),(#7334,
#7335,#7336,#7337),(#7338,#7339,#7340,#7341),(#7342,#7343,#7344,#7345)),
 .UNSPECIFIED.,.F.,.F.,.F.,(4,4),(4,4),(0.,0.949213155240038),(-0.046975044690459,
0.0365901162887329),.UNSPECIFIED.);
#539=B_SPLINE_SURFACE_WITH_KNOTS('',3,3,((#7390,#7391,#7392,#7393),(#7394,
#7395,#7396,#7397),(#7398,#7399,#7400,#7401),(#7402,#7403,#7404,#7405)),
 .UNSPECIFIED.,.F.,.F.,.F.,(4,4),(4,4),(0.,0.949213155240007),(-0.0469750446904604,
0.036590116288735),.UNSPECIFIED.);
#540=B_SPLINE_SURFACE_WITH_KNOTS('',3,3,((#7455,#7456,#7457,#7458),(#7459,
#7460,#7461,#7462),(#7463,#7464,#7465,#7466),(#7467,#7468,#7469,#7470)),
 .UNSPECIFIED.,.F.,.F.,.F.,(4,4),(4,4),(0.050787445710232,1.),(-0.0468164609491782,
0.0365901162887323),.UNSPECIFIED.);
#541=B_SPLINE_SURFACE_WITH_KNOTS('',3,3,((#7492,#7493,#7494,#7495),(#7496,
#7497,#7498,#7499),(#7500,#7501,#7502,#7503),(#7504,#7505,#7506,#7507)),
 .UNSPECIFIED.,.F.,.F.,.F.,(4,4),(4,4),(0.0507874457102368,1.),(-0.0468164609491798,
0.0365901162887305),.UNSPECIFIED.);
#542=B_SPLINE_SURFACE_WITH_KNOTS('',3,3,((#7524,#7525,#7526,#7527),(#7528,
#7529,#7530,#7531),(#7532,#7533,#7534,#7535),(#7536,#7537,#7538,#7539)),
 .UNSPECIFIED.,.F.,.F.,.F.,(4,4),(4,4),(0.,0.949213155240026),(-0.0469750446904599,
0.0365901162887335),.UNSPECIFIED.);
#543=B_SPLINE_SURFACE_WITH_KNOTS('',3,3,((#7584,#7585,#7586,#7587),(#7588,
#7589,#7590,#7591),(#7592,#7593,#7594,#7595),(#7596,#7597,#7598,#7599)),
 .UNSPECIFIED.,.F.,.F.,.F.,(4,4),(4,4),(0.,0.949213155240039),(-0.0469750446904576,
0.0365901162887341),.UNSPECIFIED.);
#544=B_SPLINE_SURFACE_WITH_KNOTS('',3,3,((#7649,#7650,#7651,#7652),(#7653,
#7654,#7655,#7656),(#7657,#7658,#7659,#7660),(#7661,#7662,#7663,#7664)),
 .UNSPECIFIED.,.F.,.F.,.F.,(4,4),(4,4),(0.0507874457102166,1.),(-0.0468164609491794,
0.0365901162887313),.UNSPECIFIED.);
#545=B_SPLINE_SURFACE_WITH_KNOTS('',3,3,((#7686,#7687,#7688,#7689),(#7690,
#7691,#7692,#7693),(#7694,#7695,#7696,#7697),(#7698,#7699,#7700,#7701)),
 .UNSPECIFIED.,.F.,.F.,.F.,(4,4),(4,4),(0.0507874457102162,1.),(-0.0468164609491809,
0.0365901162887297),.UNSPECIFIED.);
#546=B_SPLINE_SURFACE_WITH_KNOTS('',3,3,((#8044,#8045,#8046,#8047),(#8048,
#8049,#8050,#8051),(#8052,#8053,#8054,#8055),(#8056,#8057,#8058,#8059)),
 .UNSPECIFIED.,.F.,.F.,.F.,(4,4),(4,4),(0.,0.949213155240006),(-0.0469750446904572,
0.0365901162887343),.UNSPECIFIED.);
#547=B_SPLINE_SURFACE_WITH_KNOTS('',3,3,((#8088,#8089,#8090,#8091),(#8092,
#8093,#8094,#8095),(#8096,#8097,#8098,#8099),(#8100,#8101,#8102,#8103)),
 .UNSPECIFIED.,.F.,.F.,.F.,(4,4),(4,4),(0.,0.949213155240024),(-0.0469750446904582,
0.0365901162887323),.UNSPECIFIED.);
#548=B_SPLINE_SURFACE_WITH_KNOTS('',3,3,((#8113,#8114,#8115,#8116),(#8117,
#8118,#8119,#8120),(#8121,#8122,#8123,#8124),(#8125,#8126,#8127,#8128)),
 .UNSPECIFIED.,.F.,.F.,.F.,(4,4),(4,4),(0.0189092993037196,0.774447776244196),
(-0.00299675887546643,0.04),.UNSPECIFIED.);
#549=B_SPLINE_SURFACE_WITH_KNOTS('',3,3,((#8142,#8143,#8144,#8145),(#8146,
#8147,#8148,#8149),(#8150,#8151,#8152,#8153),(#8154,#8155,#8156,#8157)),
 .UNSPECIFIED.,.F.,.F.,.F.,(4,4),(4,4),(0.181832435022716,0.937370911963193),
(-0.00299675887546597,0.04),.UNSPECIFIED.);
#550=B_SPLINE_SURFACE_WITH_KNOTS('',3,3,((#8167,#8168,#8169,#8170),(#8171,
#8172,#8173,#8174),(#8175,#8176,#8177,#8178),(#8179,#8180,#8181,#8182)),
 .UNSPECIFIED.,.F.,.F.,.F.,(4,4),(4,4),(0.0189092993037194,0.774447776244196),
(-0.00299675887546774,0.04),.UNSPECIFIED.);
#551=B_SPLINE_SURFACE_WITH_KNOTS('',3,3,((#8192,#8193,#8194,#8195),(#8196,
#8197,#8198,#8199),(#8200,#8201,#8202,#8203),(#8204,#8205,#8206,#8207)),
 .UNSPECIFIED.,.F.,.F.,.F.,(4,4),(4,4),(0.181832435022716,0.937370911963192),
(-0.00299675887546693,0.04),.UNSPECIFIED.);
#552=B_SPLINE_SURFACE_WITH_KNOTS('',3,3,((#8217,#8218,#8219,#8220),(#8221,
#8222,#8223,#8224),(#8225,#8226,#8227,#8228),(#8229,#8230,#8231,#8232)),
 .UNSPECIFIED.,.F.,.F.,.F.,(4,4),(4,4),(0.0189092993037194,0.774447776244196),
(-0.00299675887546782,0.04),.UNSPECIFIED.);
#553=B_SPLINE_SURFACE_WITH_KNOTS('',3,3,((#8242,#8243,#8244,#8245),(#8246,
#8247,#8248,#8249),(#8250,#8251,#8252,#8253),(#8254,#8255,#8256,#8257)),
 .UNSPECIFIED.,.F.,.F.,.F.,(4,4),(4,4),(0.181832435022716,0.937370911963192),
(-0.00299675887546474,0.04),.UNSPECIFIED.);
#554=B_SPLINE_SURFACE_WITH_KNOTS('',3,3,((#8267,#8268,#8269,#8270),(#8271,
#8272,#8273,#8274),(#8275,#8276,#8277,#8278),(#8279,#8280,#8281,#8282)),
 .UNSPECIFIED.,.F.,.F.,.F.,(4,4),(4,4),(0.0189092993037197,0.774447776244196),
(-0.00299675887546611,0.04),.UNSPECIFIED.);
#555=B_SPLINE_SURFACE_WITH_KNOTS('',3,3,((#8292,#8293,#8294,#8295),(#8296,
#8297,#8298,#8299),(#8300,#8301,#8302,#8303),(#8304,#8305,#8306,#8307)),
 .UNSPECIFIED.,.F.,.F.,.F.,(4,4),(4,4),(0.181832435022716,0.937370911963192),
(-0.00299675887546645,0.04),.UNSPECIFIED.);
#556=B_SPLINE_SURFACE_WITH_KNOTS('',3,3,((#8317,#8318,#8319,#8320),(#8321,
#8322,#8323,#8324),(#8325,#8326,#8327,#8328),(#8329,#8330,#8331,#8332)),
 .UNSPECIFIED.,.F.,.F.,.F.,(4,4),(4,4),(0.0189092993037195,0.774447776244196),
(-0.00299675887546466,0.04),.UNSPECIFIED.);
#557=B_SPLINE_SURFACE_WITH_KNOTS('',3,3,((#8342,#8343,#8344,#8345),(#8346,
#8347,#8348,#8349),(#8350,#8351,#8352,#8353),(#8354,#8355,#8356,#8357)),
 .UNSPECIFIED.,.F.,.F.,.F.,(4,4),(4,4),(0.181832435022716,0.937370911963192),
(-0.00299675887546626,0.04),.UNSPECIFIED.);
#558=B_SPLINE_SURFACE_WITH_KNOTS('',3,3,((#8367,#8368,#8369,#8370),(#8371,
#8372,#8373,#8374),(#8375,#8376,#8377,#8378),(#8379,#8380,#8381,#8382)),
 .UNSPECIFIED.,.F.,.F.,.F.,(4,4),(4,4),(0.0189092993037193,0.774447776244196),
(-0.00299675887546644,0.04),.UNSPECIFIED.);
#559=B_SPLINE_SURFACE_WITH_KNOTS('',3,3,((#8392,#8393,#8394,#8395),(#8396,
#8397,#8398,#8399),(#8400,#8401,#8402,#8403),(#8404,#8405,#8406,#8407)),
 .UNSPECIFIED.,.F.,.F.,.F.,(4,4),(4,4),(0.181832435022716,0.937370911963192),
(-0.00299675887546568,0.04),.UNSPECIFIED.);
#560=B_SPLINE_SURFACE_WITH_KNOTS('',3,3,((#8417,#8418,#8419,#8420),(#8421,
#8422,#8423,#8424),(#8425,#8426,#8427,#8428),(#8429,#8430,#8431,#8432)),
 .UNSPECIFIED.,.F.,.F.,.F.,(4,4),(4,4),(0.0189092993037192,0.774447776244196),
(-0.00299675887546445,0.04),.UNSPECIFIED.);
#561=B_SPLINE_SURFACE_WITH_KNOTS('',3,3,((#8442,#8443,#8444,#8445),(#8446,
#8447,#8448,#8449),(#8450,#8451,#8452,#8453),(#8454,#8455,#8456,#8457)),
 .UNSPECIFIED.,.F.,.F.,.F.,(4,4),(4,4),(0.181832435022716,0.937370911963192),
(-0.00299675887546586,0.04),.UNSPECIFIED.);
#562=B_SPLINE_SURFACE_WITH_KNOTS('',3,3,((#8467,#8468,#8469,#8470),(#8471,
#8472,#8473,#8474),(#8475,#8476,#8477,#8478),(#8479,#8480,#8481,#8482)),
 .UNSPECIFIED.,.F.,.F.,.F.,(4,4),(4,4),(0.0189092993037197,0.774447776244196),
(-0.0029967588754669,0.04),.UNSPECIFIED.);
#563=B_SPLINE_SURFACE_WITH_KNOTS('',3,3,((#8492,#8493,#8494,#8495),(#8496,
#8497,#8498,#8499),(#8500,#8501,#8502,#8503),(#8504,#8505,#8506,#8507)),
 .UNSPECIFIED.,.F.,.F.,.F.,(4,4),(4,4),(0.181832435022716,0.937370911963192),
(-0.00299675887546611,0.04),.UNSPECIFIED.);
#564=B_SPLINE_SURFACE_WITH_KNOTS('',3,3,((#8517,#8518,#8519,#8520),(#8521,
#8522,#8523,#8524),(#8525,#8526,#8527,#8528),(#8529,#8530,#8531,#8532)),
 .UNSPECIFIED.,.F.,.F.,.F.,(4,4),(4,4),(0.0189092993037194,0.774447776244196),
(-0.00299675887546683,0.04),.UNSPECIFIED.);
#565=B_SPLINE_SURFACE_WITH_KNOTS('',3,3,((#8542,#8543,#8544,#8545),(#8546,
#8547,#8548,#8549),(#8550,#8551,#8552,#8553),(#8554,#8555,#8556,#8557)),
 .UNSPECIFIED.,.F.,.F.,.F.,(4,4),(4,4),(0.181832435022716,0.937370911963192),
(-0.00299675887546781,0.04),.UNSPECIFIED.);
#566=B_SPLINE_SURFACE_WITH_KNOTS('',3,3,((#8567,#8568,#8569,#8570),(#8571,
#8572,#8573,#8574),(#8575,#8576,#8577,#8578),(#8579,#8580,#8581,#8582)),
 .UNSPECIFIED.,.F.,.F.,.F.,(4,4),(4,4),(0.0189092993037195,0.774447776244196),
(-0.00299675887546968,0.04),.UNSPECIFIED.);
#567=B_SPLINE_SURFACE_WITH_KNOTS('',3,3,((#8592,#8593,#8594,#8595),(#8596,
#8597,#8598,#8599),(#8600,#8601,#8602,#8603),(#8604,#8605,#8606,#8607)),
 .UNSPECIFIED.,.F.,.F.,.F.,(4,4),(4,4),(0.181832435022716,0.937370911963192),
(-0.00299675887546643,0.04),.UNSPECIFIED.);
#568=B_SPLINE_SURFACE_WITH_KNOTS('',3,3,((#8617,#8618,#8619,#8620),(#8621,
#8622,#8623,#8624),(#8625,#8626,#8627,#8628),(#8629,#8630,#8631,#8632)),
 .UNSPECIFIED.,.F.,.F.,.F.,(4,4),(4,4),(0.0189092993037192,0.774447776244196),
(-0.00299675887546834,0.04),.UNSPECIFIED.);
#569=B_SPLINE_SURFACE_WITH_KNOTS('',3,3,((#8642,#8643,#8644,#8645),(#8646,
#8647,#8648,#8649),(#8650,#8651,#8652,#8653),(#8654,#8655,#8656,#8657)),
 .UNSPECIFIED.,.F.,.F.,.F.,(4,4),(4,4),(0.181832435022716,0.937370911963192),
(-0.00299675887546705,0.04),.UNSPECIFIED.);
#570=B_SPLINE_SURFACE_WITH_KNOTS('',3,3,((#8667,#8668,#8669,#8670),(#8671,
#8672,#8673,#8674),(#8675,#8676,#8677,#8678),(#8679,#8680,#8681,#8682)),
 .UNSPECIFIED.,.F.,.F.,.F.,(4,4),(4,4),(0.0189092993037194,0.774447776244196),
(-0.00299675887546714,0.04),.UNSPECIFIED.);
#571=B_SPLINE_SURFACE_WITH_KNOTS('',3,3,((#8692,#8693,#8694,#8695),(#8696,
#8697,#8698,#8699),(#8700,#8701,#8702,#8703),(#8704,#8705,#8706,#8707)),
 .UNSPECIFIED.,.F.,.F.,.F.,(4,4),(4,4),(0.181832435022716,0.937370911963192),
(-0.00299675887546651,0.04),.UNSPECIFIED.);
#572=B_SPLINE_SURFACE_WITH_KNOTS('',3,3,((#8717,#8718,#8719,#8720),(#8721,
#8722,#8723,#8724),(#8725,#8726,#8727,#8728),(#8729,#8730,#8731,#8732)),
 .UNSPECIFIED.,.F.,.F.,.F.,(4,4),(4,4),(0.0189092993037191,0.774447776244196),
(-0.00299675887546732,0.04),.UNSPECIFIED.);
#573=B_SPLINE_SURFACE_WITH_KNOTS('',3,3,((#8742,#8743,#8744,#8745),(#8746,
#8747,#8748,#8749),(#8750,#8751,#8752,#8753),(#8754,#8755,#8756,#8757)),
 .UNSPECIFIED.,.F.,.F.,.F.,(4,4),(4,4),(0.181832435022716,0.937370911963192),
(-0.0029967588754669,0.04),.UNSPECIFIED.);
#574=B_SPLINE_SURFACE_WITH_KNOTS('',3,3,((#8767,#8768,#8769,#8770),(#8771,
#8772,#8773,#8774),(#8775,#8776,#8777,#8778),(#8779,#8780,#8781,#8782)),
 .UNSPECIFIED.,.F.,.F.,.F.,(4,4),(4,4),(0.0189092993037195,0.774447776244196),
(-0.00299675887546645,0.04),.UNSPECIFIED.);
#575=B_SPLINE_SURFACE_WITH_KNOTS('',3,3,((#8792,#8793,#8794,#8795),(#8796,
#8797,#8798,#8799),(#8800,#8801,#8802,#8803),(#8804,#8805,#8806,#8807)),
 .UNSPECIFIED.,.F.,.F.,.F.,(4,4),(4,4),(0.181832435022716,0.937370911963192),
(-0.00299675887546631,0.04),.UNSPECIFIED.);
#576=B_SPLINE_SURFACE_WITH_KNOTS('',3,3,((#8822,#8823,#8824,#8825),(#8826,
#8827,#8828,#8829),(#8830,#8831,#8832,#8833),(#8834,#8835,#8836,#8837)),
 .UNSPECIFIED.,.F.,.F.,.F.,(4,4),(4,4),(0.181832435022716,0.937370911963192),
(-0.00299675887546634,0.04),.UNSPECIFIED.);
#577=B_SPLINE_SURFACE_WITH_KNOTS('',3,3,((#8851,#8852,#8853,#8854),(#8855,
#8856,#8857,#8858),(#8859,#8860,#8861,#8862),(#8863,#8864,#8865,#8866)),
 .UNSPECIFIED.,.F.,.F.,.F.,(4,4),(4,4),(0.0189092993037197,0.774447776244196),
(-0.00299675887546657,0.04),.UNSPECIFIED.);
#578=B_SPLINE_SURFACE_WITH_KNOTS('',3,3,((#8871,#8872,#8873,#8874),(#8875,
#8876,#8877,#8878),(#8879,#8880,#8881,#8882),(#8883,#8884,#8885,#8886)),
 .UNSPECIFIED.,.F.,.F.,.F.,(4,4),(4,4),(0.181832435022716,0.937370911963192),
(-0.00299675887546569,0.04),.UNSPECIFIED.);
#579=B_SPLINE_SURFACE_WITH_KNOTS('',3,3,((#8900,#8901,#8902,#8903),(#8904,
#8905,#8906,#8907),(#8908,#8909,#8910,#8911),(#8912,#8913,#8914,#8915)),
 .UNSPECIFIED.,.F.,.F.,.F.,(4,4),(4,4),(0.0189092993037193,0.774447776244196),
(-0.00299675887546662,0.04),.UNSPECIFIED.);
#580=B_SPLINE_SURFACE_WITH_KNOTS('',3,3,((#8920,#8921,#8922,#8923),(#8924,
#8925,#8926,#8927),(#8928,#8929,#8930,#8931),(#8932,#8933,#8934,#8935)),
 .UNSPECIFIED.,.F.,.F.,.F.,(4,4),(4,4),(0.181832435022716,0.937370911963192),
(-0.00299675887546538,0.04),.UNSPECIFIED.);
#581=B_SPLINE_SURFACE_WITH_KNOTS('',3,3,((#8949,#8950,#8951,#8952),(#8953,
#8954,#8955,#8956),(#8957,#8958,#8959,#8960),(#8961,#8962,#8963,#8964)),
 .UNSPECIFIED.,.F.,.F.,.F.,(4,4),(4,4),(0.0189092993037194,0.774447776244196),
(-0.0029967588754644,0.04),.UNSPECIFIED.);
#582=B_SPLINE_SURFACE_WITH_KNOTS('',3,3,((#8969,#8970,#8971,#8972),(#8973,
#8974,#8975,#8976),(#8977,#8978,#8979,#8980),(#8981,#8982,#8983,#8984)),
 .UNSPECIFIED.,.F.,.F.,.F.,(4,4),(4,4),(0.181832435022716,0.937370911963192),
(-0.0029967588754659,0.04),.UNSPECIFIED.);
#583=B_SPLINE_SURFACE_WITH_KNOTS('',3,3,((#8998,#8999,#9000,#9001),(#9002,
#9003,#9004,#9005),(#9006,#9007,#9008,#9009),(#9010,#9011,#9012,#9013)),
 .UNSPECIFIED.,.F.,.F.,.F.,(4,4),(4,4),(0.0189092993037196,0.774447776244196),
(-0.00299675887546512,0.04),.UNSPECIFIED.);
#584=B_SPLINE_SURFACE_WITH_KNOTS('',3,3,((#9018,#9019,#9020,#9021),(#9022,
#9023,#9024,#9025),(#9026,#9027,#9028,#9029),(#9030,#9031,#9032,#9033)),
 .UNSPECIFIED.,.F.,.F.,.F.,(4,4),(4,4),(0.181832435022716,0.937370911963192),
(-0.00299675887546744,0.04),.UNSPECIFIED.);
#585=B_SPLINE_SURFACE_WITH_KNOTS('',3,3,((#9047,#9048,#9049,#9050),(#9051,
#9052,#9053,#9054),(#9055,#9056,#9057,#9058),(#9059,#9060,#9061,#9062)),
 .UNSPECIFIED.,.F.,.F.,.F.,(4,4),(4,4),(0.0189092993037197,0.774447776244196),
(-0.00299675887546539,0.04),.UNSPECIFIED.);
#586=B_SPLINE_SURFACE_WITH_KNOTS('',3,3,((#9067,#9068,#9069,#9070),(#9071,
#9072,#9073,#9074),(#9075,#9076,#9077,#9078),(#9079,#9080,#9081,#9082)),
 .UNSPECIFIED.,.F.,.F.,.F.,(4,4),(4,4),(0.181832435022716,0.937370911963192),
(-0.00299675887546706,0.04),.UNSPECIFIED.);
#587=B_SPLINE_SURFACE_WITH_KNOTS('',3,3,((#9096,#9097,#9098,#9099),(#9100,
#9101,#9102,#9103),(#9104,#9105,#9106,#9107),(#9108,#9109,#9110,#9111)),
 .UNSPECIFIED.,.F.,.F.,.F.,(4,4),(4,4),(0.0189092993037194,0.774447776244196),
(-0.00299675887546758,0.04),.UNSPECIFIED.);
#588=B_SPLINE_SURFACE_WITH_KNOTS('',3,3,((#9116,#9117,#9118,#9119),(#9120,
#9121,#9122,#9123),(#9124,#9125,#9126,#9127),(#9128,#9129,#9130,#9131)),
 .UNSPECIFIED.,.F.,.F.,.F.,(4,4),(4,4),(0.181832435022716,0.937370911963192),
(-0.00299675887546616,0.04),.UNSPECIFIED.);
#589=B_SPLINE_SURFACE_WITH_KNOTS('',3,3,((#9145,#9146,#9147,#9148),(#9149,
#9150,#9151,#9152),(#9153,#9154,#9155,#9156),(#9157,#9158,#9159,#9160)),
 .UNSPECIFIED.,.F.,.F.,.F.,(4,4),(4,4),(0.0189092993037198,0.774447776244196),
(-0.00299675887546554,0.04),.UNSPECIFIED.);
#590=B_SPLINE_SURFACE_WITH_KNOTS('',3,3,((#9165,#9166,#9167,#9168),(#9169,
#9170,#9171,#9172),(#9173,#9174,#9175,#9176),(#9177,#9178,#9179,#9180)),
 .UNSPECIFIED.,.F.,.F.,.F.,(4,4),(4,4),(0.181832435022716,0.937370911963192),
(-0.00299675887546857,0.04),.UNSPECIFIED.);
#591=B_SPLINE_SURFACE_WITH_KNOTS('',3,3,((#9194,#9195,#9196,#9197),(#9198,
#9199,#9200,#9201),(#9202,#9203,#9204,#9205),(#9206,#9207,#9208,#9209)),
 .UNSPECIFIED.,.F.,.F.,.F.,(4,4),(4,4),(0.0189092993037196,0.774447776244196),
(-0.00299675887546686,0.04),.UNSPECIFIED.);
#592=B_SPLINE_SURFACE_WITH_KNOTS('',3,3,((#9214,#9215,#9216,#9217),(#9218,
#9219,#9220,#9221),(#9222,#9223,#9224,#9225),(#9226,#9227,#9228,#9229)),
 .UNSPECIFIED.,.F.,.F.,.F.,(4,4),(4,4),(0.181832435022716,0.937370911963192),
(-0.00299675887546818,0.04),.UNSPECIFIED.);
#593=B_SPLINE_SURFACE_WITH_KNOTS('',3,3,((#9243,#9244,#9245,#9246),(#9247,
#9248,#9249,#9250),(#9251,#9252,#9253,#9254),(#9255,#9256,#9257,#9258)),
 .UNSPECIFIED.,.F.,.F.,.F.,(4,4),(4,4),(0.0189092993037196,0.774447776244196),
(-0.00299675887546597,0.04),.UNSPECIFIED.);
#594=B_SPLINE_SURFACE_WITH_KNOTS('',3,3,((#9263,#9264,#9265,#9266),(#9267,
#9268,#9269,#9270),(#9271,#9272,#9273,#9274),(#9275,#9276,#9277,#9278)),
 .UNSPECIFIED.,.F.,.F.,.F.,(4,4),(4,4),(0.181832435022716,0.937370911963192),
(-0.00299675887546629,0.04),.UNSPECIFIED.);
#595=B_SPLINE_SURFACE_WITH_KNOTS('',3,3,((#9292,#9293,#9294,#9295),(#9296,
#9297,#9298,#9299),(#9300,#9301,#9302,#9303),(#9304,#9305,#9306,#9307)),
 .UNSPECIFIED.,.F.,.F.,.F.,(4,4),(4,4),(0.0189092993037194,0.774447776244196),
(-0.00299675887546595,0.04),.UNSPECIFIED.);
#596=B_SPLINE_SURFACE_WITH_KNOTS('',3,3,((#9312,#9313,#9314,#9315),(#9316,
#9317,#9318,#9319),(#9320,#9321,#9322,#9323),(#9324,#9325,#9326,#9327)),
 .UNSPECIFIED.,.F.,.F.,.F.,(4,4),(4,4),(0.181832435022716,0.937370911963192),
(-0.00299675887546711,0.04),.UNSPECIFIED.);
#597=B_SPLINE_SURFACE_WITH_KNOTS('',3,3,((#9341,#9342,#9343,#9344),(#9345,
#9346,#9347,#9348),(#9349,#9350,#9351,#9352),(#9353,#9354,#9355,#9356)),
 .UNSPECIFIED.,.F.,.F.,.F.,(4,4),(4,4),(0.0189092993037193,0.774447776244196),
(-0.00299675887546692,0.04),.UNSPECIFIED.);
#598=B_SPLINE_SURFACE_WITH_KNOTS('',3,3,((#9361,#9362,#9363,#9364),(#9365,
#9366,#9367,#9368),(#9369,#9370,#9371,#9372),(#9373,#9374,#9375,#9376)),
 .UNSPECIFIED.,.F.,.F.,.F.,(4,4),(4,4),(0.181832435022716,0.937370911963192),
(-0.00299675887546753,0.04),.UNSPECIFIED.);
#599=B_SPLINE_SURFACE_WITH_KNOTS('',3,3,((#9390,#9391,#9392,#9393),(#9394,
#9395,#9396,#9397),(#9398,#9399,#9400,#9401),(#9402,#9403,#9404,#9405)),
 .UNSPECIFIED.,.F.,.F.,.F.,(4,4),(4,4),(0.0189092993037195,0.774447776244196),
(-0.00299675887546834,0.04),.UNSPECIFIED.);
#600=B_SPLINE_SURFACE_WITH_KNOTS('',3,3,((#9410,#9411,#9412,#9413),(#9414,
#9415,#9416,#9417),(#9418,#9419,#9420,#9421),(#9422,#9423,#9424,#9425)),
 .UNSPECIFIED.,.F.,.F.,.F.,(4,4),(4,4),(0.181832435022716,0.937370911963192),
(-0.0029967588754685,0.04),.UNSPECIFIED.);
#601=B_SPLINE_SURFACE_WITH_KNOTS('',3,3,((#9439,#9440,#9441,#9442),(#9443,
#9444,#9445,#9446),(#9447,#9448,#9449,#9450),(#9451,#9452,#9453,#9454)),
 .UNSPECIFIED.,.F.,.F.,.F.,(4,4),(4,4),(0.0189092993037194,0.774447776244196),
(-0.00299675887546764,0.04),.UNSPECIFIED.);
#602=B_SPLINE_SURFACE_WITH_KNOTS('',3,3,((#9459,#9460,#9461,#9462),(#9463,
#9464,#9465,#9466),(#9467,#9468,#9469,#9470),(#9471,#9472,#9473,#9474)),
 .UNSPECIFIED.,.F.,.F.,.F.,(4,4),(4,4),(0.181832435022716,0.937370911963192),
(-0.00299675887546599,0.04),.UNSPECIFIED.);
#603=B_SPLINE_SURFACE_WITH_KNOTS('',3,3,((#9479,#9480,#9481,#9482),(#9483,
#9484,#9485,#9486),(#9487,#9488,#9489,#9490),(#9491,#9492,#9493,#9494)),
 .UNSPECIFIED.,.F.,.F.,.F.,(4,4),(4,4),(0.0189092993037198,0.774447776244196),
(-0.00299675887546669,0.04),.UNSPECIFIED.);
#604=FACE_BOUND('',#889,.T.);
#605=FACE_BOUND('',#894,.T.);
#606=FACE_BOUND('',#898,.T.);
#607=FACE_BOUND('',#1100,.T.);
#608=PLANE('',#4088);
#609=PLANE('',#4095);
#610=PLANE('',#4096);
#611=PLANE('',#4102);
#612=PLANE('',#4300);
#613=PLANE('',#4302);
#614=PLANE('',#4305);
#615=CYLINDRICAL_SURFACE('',#4086,5.5);
#616=CYLINDRICAL_SURFACE('',#4093,3.);
#617=CYLINDRICAL_SURFACE('',#4100,5.);
#618=CYLINDRICAL_SURFACE('',#4244,9.00000000000001);
#619=CYLINDRICAL_SURFACE('',#4245,9.4);
#620=CYLINDRICAL_SURFACE('',#4246,9.);
#621=CYLINDRICAL_SURFACE('',#4247,9.4);
#622=CYLINDRICAL_SURFACE('',#4248,9.);
#623=CYLINDRICAL_SURFACE('',#4249,9.40000000000001);
#624=CYLINDRICAL_SURFACE('',#4250,9.);
#625=CYLINDRICAL_SURFACE('',#4251,9.40000000000001);
#626=CYLINDRICAL_SURFACE('',#4252,9.);
#627=CYLINDRICAL_SURFACE('',#4253,9.4);
#628=CYLINDRICAL_SURFACE('',#4254,9.);
#629=CYLINDRICAL_SURFACE('',#4255,9.40000000000001);
#630=CYLINDRICAL_SURFACE('',#4256,9.);
#631=CYLINDRICAL_SURFACE('',#4257,9.4);
#632=CYLINDRICAL_SURFACE('',#4258,9.);
#633=CYLINDRICAL_SURFACE('',#4259,9.4);
#634=CYLINDRICAL_SURFACE('',#4260,9.);
#635=CYLINDRICAL_SURFACE('',#4261,9.4);
#636=CYLINDRICAL_SURFACE('',#4262,9.);
#637=CYLINDRICAL_SURFACE('',#4263,9.4);
#638=CYLINDRICAL_SURFACE('',#4264,9.);
#639=CYLINDRICAL_SURFACE('',#4265,9.40000000000001);
#640=CYLINDRICAL_SURFACE('',#4266,9.);
#641=CYLINDRICAL_SURFACE('',#4267,9.4);
#642=CYLINDRICAL_SURFACE('',#4268,9.);
#643=CYLINDRICAL_SURFACE('',#4269,9.40000000000001);
#644=CYLINDRICAL_SURFACE('',#4270,9.);
#645=CYLINDRICAL_SURFACE('',#4271,9.4);
#646=CYLINDRICAL_SURFACE('',#4272,9.40000000000001);
#647=CYLINDRICAL_SURFACE('',#4273,9.40000000000001);
#648=CYLINDRICAL_SURFACE('',#4274,9.4);
#649=CYLINDRICAL_SURFACE('',#4275,9.4);
#650=CYLINDRICAL_SURFACE('',#4276,9.4);
#651=CYLINDRICAL_SURFACE('',#4277,9.4);
#652=CYLINDRICAL_SURFACE('',#4278,9.4);
#653=CYLINDRICAL_SURFACE('',#4279,9.40000000000001);
#654=CYLINDRICAL_SURFACE('',#4280,9.4);
#655=CYLINDRICAL_SURFACE('',#4281,9.4);
#656=CYLINDRICAL_SURFACE('',#4282,9.4);
#657=CYLINDRICAL_SURFACE('',#4283,9.4);
#658=CYLINDRICAL_SURFACE('',#4284,9.4);
#659=CYLINDRICAL_SURFACE('',#4285,9.4);
#660=CYLINDRICAL_SURFACE('',#4286,9.);
#661=CYLINDRICAL_SURFACE('',#4287,9.);
#662=CYLINDRICAL_SURFACE('',#4288,9.);
#663=CYLINDRICAL_SURFACE('',#4289,9.);
#664=CYLINDRICAL_SURFACE('',#4290,9.);
#665=CYLINDRICAL_SURFACE('',#4291,9.);
#666=CYLINDRICAL_SURFACE('',#4292,9.);
#667=CYLINDRICAL_SURFACE('',#4293,9.);
#668=CYLINDRICAL_SURFACE('',#4294,9.);
#669=CYLINDRICAL_SURFACE('',#4295,9.);
#670=CYLINDRICAL_SURFACE('',#4296,9.);
#671=CYLINDRICAL_SURFACE('',#4297,9.);
#672=CYLINDRICAL_SURFACE('',#4298,9.);
#673=CYLINDRICAL_SURFACE('',#4299,9.);
#674=CYLINDRICAL_SURFACE('',#4303,2.92999999999969);
#675=FACE_OUTER_BOUND('',#886,.T.);
#676=FACE_OUTER_BOUND('',#887,.T.);
#677=FACE_OUTER_BOUND('',#888,.T.);
#678=FACE_OUTER_BOUND('',#890,.T.);
#679=FACE_OUTER_BOUND('',#891,.T.);
#680=FACE_OUTER_BOUND('',#892,.T.);
#681=FACE_OUTER_BOUND('',#893,.T.);
#682=FACE_OUTER_BOUND('',#895,.T.);
#683=FACE_OUTER_BOUND('',#896,.T.);
#684=FACE_OUTER_BOUND('',#897,.T.);
#685=FACE_OUTER_BOUND('',#899,.T.);
#686=FACE_OUTER_BOUND('',#900,.T.);
#687=FACE_OUTER_BOUND('',#901,.T.);
#688=FACE_OUTER_BOUND('',#902,.T.);
#689=FACE_OUTER_BOUND('',#903,.T.);
#690=FACE_OUTER_BOUND('',#904,.T.);
#691=FACE_OUTER_BOUND('',#905,.T.);
#692=FACE_OUTER_BOUND('',#906,.T.);
#693=FACE_OUTER_BOUND('',#907,.T.);
#694=FACE_OUTER_BOUND('',#908,.T.);
#695=FACE_OUTER_BOUND('',#909,.T.);
#696=FACE_OUTER_BOUND('',#910,.T.);
#697=FACE_OUTER_BOUND('',#911,.T.);
#698=FACE_OUTER_BOUND('',#912,.T.);
#699=FACE_OUTER_BOUND('',#913,.T.);
#700=FACE_OUTER_BOUND('',#914,.T.);
#701=FACE_OUTER_BOUND('',#915,.T.);
#702=FACE_OUTER_BOUND('',#916,.T.);
#703=FACE_OUTER_BOUND('',#917,.T.);
#704=FACE_OUTER_BOUND('',#918,.T.);
#705=FACE_OUTER_BOUND('',#919,.T.);
#706=FACE_OUTER_BOUND('',#920,.T.);
#707=FACE_OUTER_BOUND('',#921,.T.);
#708=FACE_OUTER_BOUND('',#922,.T.);
#709=FACE_OUTER_BOUND('',#923,.T.);
#710=FACE_OUTER_BOUND('',#924,.T.);
#711=FACE_OUTER_BOUND('',#925,.T.);
#712=FACE_OUTER_BOUND('',#926,.T.);
#713=FACE_OUTER_BOUND('',#927,.T.);
#714=FACE_OUTER_BOUND('',#928,.T.);
#715=FACE_OUTER_BOUND('',#929,.T.);
#716=FACE_OUTER_BOUND('',#930,.T.);
#717=FACE_OUTER_BOUND('',#931,.T.);
#718=FACE_OUTER_BOUND('',#932,.T.);
#719=FACE_OUTER_BOUND('',#933,.T.);
#720=FACE_OUTER_BOUND('',#934,.T.);
#721=FACE_OUTER_BOUND('',#935,.T.);
#722=FACE_OUTER_BOUND('',#936,.T.);
#723=FACE_OUTER_BOUND('',#937,.T.);
#724=FACE_OUTER_BOUND('',#938,.T.);
#725=FACE_OUTER_BOUND('',#939,.T.);
#726=FACE_OUTER_BOUND('',#940,.T.);
#727=FACE_OUTER_BOUND('',#941,.T.);
#728=FACE_OUTER_BOUND('',#942,.T.);
#729=FACE_OUTER_BOUND('',#943,.T.);
#730=FACE_OUTER_BOUND('',#944,.T.);
#731=FACE_OUTER_BOUND('',#945,.T.);
#732=FACE_OUTER_BOUND('',#946,.T.);
#733=FACE_OUTER_BOUND('',#947,.T.);
#734=FACE_OUTER_BOUND('',#948,.T.);
#735=FACE_OUTER_BOUND('',#949,.T.);
#736=FACE_OUTER_BOUND('',#950,.T.);
#737=FACE_OUTER_BOUND('',#951,.T.);
#738=FACE_OUTER_BOUND('',#952,.T.);
#739=FACE_OUTER_BOUND('',#953,.T.);
#740=FACE_OUTER_BOUND('',#954,.T.);
#741=FACE_OUTER_BOUND('',#955,.T.);
#742=FACE_OUTER_BOUND('',#956,.T.);
#743=FACE_OUTER_BOUND('',#957,.T.);
#744=FACE_OUTER_BOUND('',#958,.T.);
#745=FACE_OUTER_BOUND('',#959,.T.);
#746=FACE_OUTER_BOUND('',#960,.T.);
#747=FACE_OUTER_BOUND('',#961,.T.);
#748=FACE_OUTER_BOUND('',#962,.T.);
#749=FACE_OUTER_BOUND('',#963,.T.);
#750=FACE_OUTER_BOUND('',#964,.T.);
#751=FACE_OUTER_BOUND('',#965,.T.);
#752=FACE_OUTER_BOUND('',#966,.T.);
#753=FACE_OUTER_BOUND('',#967,.T.);
#754=FACE_OUTER_BOUND('',#968,.T.);
#755=FACE_OUTER_BOUND('',#969,.T.);
#756=FACE_OUTER_BOUND('',#970,.T.);
#757=FACE_OUTER_BOUND('',#971,.T.);
#758=FACE_OUTER_BOUND('',#972,.T.);
#759=FACE_OUTER_BOUND('',#973,.T.);
#760=FACE_OUTER_BOUND('',#974,.T.);
#761=FACE_OUTER_BOUND('',#975,.T.);
#762=FACE_OUTER_BOUND('',#976,.T.);
#763=FACE_OUTER_BOUND('',#977,.T.);
#764=FACE_OUTER_BOUND('',#978,.T.);
#765=FACE_OUTER_BOUND('',#979,.T.);
#766=FACE_OUTER_BOUND('',#980,.T.);
#767=FACE_OUTER_BOUND('',#981,.T.);
#768=FACE_OUTER_BOUND('',#982,.T.);
#769=FACE_OUTER_BOUND('',#983,.T.);
#770=FACE_OUTER_BOUND('',#984,.T.);
#771=FACE_OUTER_BOUND('',#985,.T.);
#772=FACE_OUTER_BOUND('',#986,.T.);
#773=FACE_OUTER_BOUND('',#987,.T.);
#774=FACE_OUTER_BOUND('',#988,.T.);
#775=FACE_OUTER_BOUND('',#989,.T.);
#776=FACE_OUTER_BOUND('',#990,.T.);
#777=FACE_OUTER_BOUND('',#991,.T.);
#778=FACE_OUTER_BOUND('',#992,.T.);
#779=FACE_OUTER_BOUND('',#993,.T.);
#780=FACE_OUTER_BOUND('',#994,.T.);
#781=FACE_OUTER_BOUND('',#995,.T.);
#782=FACE_OUTER_BOUND('',#996,.T.);
#783=FACE_OUTER_BOUND('',#997,.T.);
#784=FACE_OUTER_BOUND('',#998,.T.);
#785=FACE_OUTER_BOUND('',#999,.T.);
#786=FACE_OUTER_BOUND('',#1000,.T.);
#787=FACE_OUTER_BOUND('',#1001,.T.);
#788=FACE_OUTER_BOUND('',#1002,.T.);
#789=FACE_OUTER_BOUND('',#1003,.T.);
#790=FACE_OUTER_BOUND('',#1004,.T.);
#791=FACE_OUTER_BOUND('',#1005,.T.);
#792=FACE_OUTER_BOUND('',#1006,.T.);
#793=FACE_OUTER_BOUND('',#1007,.T.);
#794=FACE_OUTER_BOUND('',#1008,.T.);
#795=FACE_OUTER_BOUND('',#1009,.T.);
#796=FACE_OUTER_BOUND('',#1010,.T.);
#797=FACE_OUTER_BOUND('',#1011,.T.);
#798=FACE_OUTER_BOUND('',#1012,.T.);
#799=FACE_OUTER_BOUND('',#1013,.T.);
#800=FACE_OUTER_BOUND('',#1014,.T.);
#801=FACE_OUTER_BOUND('',#1015,.T.);
#802=FACE_OUTER_BOUND('',#1016,.T.);
#803=FACE_OUTER_BOUND('',#1017,.T.);
#804=FACE_OUTER_BOUND('',#1018,.T.);
#805=FACE_OUTER_BOUND('',#1019,.T.);
#806=FACE_OUTER_BOUND('',#1020,.T.);
#807=FACE_OUTER_BOUND('',#1021,.T.);
#808=FACE_OUTER_BOUND('',#1022,.T.);
#809=FACE_OUTER_BOUND('',#1023,.T.);
#810=FACE_OUTER_BOUND('',#1024,.T.);
#811=FACE_OUTER_BOUND('',#1025,.T.);
#812=FACE_OUTER_BOUND('',#1026,.T.);
#813=FACE_OUTER_BOUND('',#1027,.T.);
#814=FACE_OUTER_BOUND('',#1028,.T.);
#815=FACE_OUTER_BOUND('',#1029,.T.);
#816=FACE_OUTER_BOUND('',#1030,.T.);
#817=FACE_OUTER_BOUND('',#1031,.T.);
#818=FACE_OUTER_BOUND('',#1032,.T.);
#819=FACE_OUTER_BOUND('',#1033,.T.);
#820=FACE_OUTER_BOUND('',#1034,.T.);
#821=FACE_OUTER_BOUND('',#1035,.T.);
#822=FACE_OUTER_BOUND('',#1036,.T.);
#823=FACE_OUTER_BOUND('',#1037,.T.);
#824=FACE_OUTER_BOUND('',#1038,.T.);
#825=FACE_OUTER_BOUND('',#1039,.T.);
#826=FACE_OUTER_BOUND('',#1040,.T.);
#827=FACE_OUTER_BOUND('',#1041,.T.);
#828=FACE_OUTER_BOUND('',#1042,.T.);
#829=FACE_OUTER_BOUND('',#1043,.T.);
#830=FACE_OUTER_BOUND('',#1044,.T.);
#831=FACE_OUTER_BOUND('',#1045,.T.);
#832=FACE_OUTER_BOUND('',#1046,.T.);
#833=FACE_OUTER_BOUND('',#1047,.T.);
#834=FACE_OUTER_BOUND('',#1048,.T.);
#835=FACE_OUTER_BOUND('',#1049,.T.);
#836=FACE_OUTER_BOUND('',#1050,.T.);
#837=FACE_OUTER_BOUND('',#1051,.T.);
#838=FACE_OUTER_BOUND('',#1052,.T.);
#839=FACE_OUTER_BOUND('',#1053,.T.);
#840=FACE_OUTER_BOUND('',#1054,.T.);
#841=FACE_OUTER_BOUND('',#1055,.T.);
#842=FACE_OUTER_BOUND('',#1056,.T.);
#843=FACE_OUTER_BOUND('',#1057,.T.);
#844=FACE_OUTER_BOUND('',#1058,.T.);
#845=FACE_OUTER_BOUND('',#1059,.T.);
#846=FACE_OUTER_BOUND('',#1060,.T.);
#847=FACE_OUTER_BOUND('',#1061,.T.);
#848=FACE_OUTER_BOUND('',#1062,.T.);
#849=FACE_OUTER_BOUND('',#1063,.T.);
#850=FACE_OUTER_BOUND('',#1064,.T.);
#851=FACE_OUTER_BOUND('',#1065,.T.);
#852=FACE_OUTER_BOUND('',#1066,.T.);
#853=FACE_OUTER_BOUND('',#1067,.T.);
#854=FACE_OUTER_BOUND('',#1068,.T.);
#855=FACE_OUTER_BOUND('',#1069,.T.);
#856=FACE_OUTER_BOUND('',#1070,.T.);
#857=FACE_OUTER_BOUND('',#1071,.T.);
#858=FACE_OUTER_BOUND('',#1072,.T.);
#859=FACE_OUTER_BOUND('',#1073,.T.);
#860=FACE_OUTER_BOUND('',#1074,.T.);
#861=FACE_OUTER_BOUND('',#1075,.T.);
#862=FACE_OUTER_BOUND('',#1076,.T.);
#863=FACE_OUTER_BOUND('',#1077,.T.);
#864=FACE_OUTER_BOUND('',#1078,.T.);
#865=FACE_OUTER_BOUND('',#1079,.T.);
#866=FACE_OUTER_BOUND('',#1080,.T.);
#867=FACE_OUTER_BOUND('',#1081,.T.);
#868=FACE_OUTER_BOUND('',#1082,.T.);
#869=FACE_OUTER_BOUND('',#1083,.T.);
#870=FACE_OUTER_BOUND('',#1084,.T.);
#871=FACE_OUTER_BOUND('',#1085,.T.);
#872=FACE_OUTER_BOUND('',#1086,.T.);
#873=FACE_OUTER_BOUND('',#1087,.T.);
#874=FACE_OUTER_BOUND('',#1088,.T.);
#875=FACE_OUTER_BOUND('',#1089,.T.);
#876=FACE_OUTER_BOUND('',#1090,.T.);
#877=FACE_OUTER_BOUND('',#1091,.T.);
#878=FACE_OUTER_BOUND('',#1092,.T.);
#879=FACE_OUTER_BOUND('',#1093,.T.);
#880=FACE_OUTER_BOUND('',#1094,.T.);
#881=FACE_OUTER_BOUND('',#1095,.T.);
#882=FACE_OUTER_BOUND('',#1096,.T.);
#883=FACE_OUTER_BOUND('',#1097,.T.);
#884=FACE_OUTER_BOUND('',#1098,.T.);
#885=FACE_OUTER_BOUND('',#1099,.T.);
#886=EDGE_LOOP('',(#2490,#2491,#2492,#2493));
#887=EDGE_LOOP('',(#2494,#2495,#2496,#2497));
#888=EDGE_LOOP('',(#2498));
#889=EDGE_LOOP('',(#2499));
#890=EDGE_LOOP('',(#2500,#2501,#2502,#2503));
#891=EDGE_LOOP('',(#2504,#2505,#2506,#2507));
#892=EDGE_LOOP('',(#2508));
#893=EDGE_LOOP('',(#2509));
#894=EDGE_LOOP('',(#2510));
#895=EDGE_LOOP('',(#2511,#2512,#2513,#2514));
#896=EDGE_LOOP('',(#2515,#2516,#2517,#2518));
#897=EDGE_LOOP('',(#2519,#2520,#2521,#2522,#2523,#2524,#2525,#2526,#2527,
#2528,#2529,#2530,#2531,#2532,#2533,#2534,#2535,#2536,#2537,#2538,#2539,
#2540,#2541,#2542,#2543,#2544,#2545,#2546,#2547,#2548,#2549,#2550,#2551,
#2552,#2553,#2554,#2555,#2556,#2557,#2558,#2559,#2560,#2561,#2562,#2563,
#2564,#2565,#2566,#2567,#2568,#2569,#2570,#2571,#2572,#2573,#2574,#2575,
#2576,#2577,#2578,#2579,#2580,#2581,#2582,#2583,#2584,#2585,#2586,#2587,
#2588,#2589,#2590,#2591,#2592,#2593,#2594,#2595,#2596,#2597,#2598,#2599,
#2600,#2601,#2602,#2603,#2604,#2605,#2606,#2607,#2608,#2609,#2610,#2611,
#2612,#2613,#2614,#2615,#2616,#2617,#2618,#2619,#2620,#2621,#2622,#2623,
#2624,#2625,#2626,#2627,#2628,#2629,#2630));
#898=EDGE_LOOP('',(#2631));
#899=EDGE_LOOP('',(#2632,#2633,#2634,#2635,#2636));
#900=EDGE_LOOP('',(#2637,#2638,#2639,#2640,#2641));
#901=EDGE_LOOP('',(#2642,#2643,#2644,#2645,#2646));
#902=EDGE_LOOP('',(#2647,#2648,#2649,#2650,#2651));
#903=EDGE_LOOP('',(#2652,#2653,#2654,#2655,#2656));
#904=EDGE_LOOP('',(#2657,#2658,#2659,#2660,#2661,#2662));
#905=EDGE_LOOP('',(#2663,#2664,#2665,#2666,#2667));
#906=EDGE_LOOP('',(#2668,#2669,#2670,#2671,#2672));
#907=EDGE_LOOP('',(#2673,#2674,#2675,#2676,#2677));
#908=EDGE_LOOP('',(#2678,#2679,#2680,#2681,#2682));
#909=EDGE_LOOP('',(#2683,#2684,#2685,#2686,#2687));
#910=EDGE_LOOP('',(#2688,#2689,#2690,#2691,#2692));
#911=EDGE_LOOP('',(#2693,#2694,#2695,#2696,#2697));
#912=EDGE_LOOP('',(#2698,#2699,#2700,#2701,#2702));
#913=EDGE_LOOP('',(#2703,#2704,#2705,#2706,#2707));
#914=EDGE_LOOP('',(#2708,#2709,#2710,#2711,#2712));
#915=EDGE_LOOP('',(#2713,#2714,#2715,#2716,#2717));
#916=EDGE_LOOP('',(#2718,#2719,#2720,#2721,#2722));
#917=EDGE_LOOP('',(#2723,#2724,#2725,#2726,#2727));
#918=EDGE_LOOP('',(#2728,#2729,#2730,#2731,#2732));
#919=EDGE_LOOP('',(#2733,#2734,#2735,#2736,#2737));
#920=EDGE_LOOP('',(#2738,#2739,#2740,#2741,#2742));
#921=EDGE_LOOP('',(#2743,#2744,#2745,#2746,#2747));
#922=EDGE_LOOP('',(#2748,#2749,#2750,#2751,#2752));
#923=EDGE_LOOP('',(#2753,#2754,#2755,#2756,#2757));
#924=EDGE_LOOP('',(#2758,#2759,#2760,#2761,#2762));
#925=EDGE_LOOP('',(#2763,#2764,#2765,#2766,#2767));
#926=EDGE_LOOP('',(#2768,#2769,#2770,#2771,#2772));
#927=EDGE_LOOP('',(#2773,#2774,#2775,#2776,#2777));
#928=EDGE_LOOP('',(#2778,#2779,#2780,#2781,#2782));
#929=EDGE_LOOP('',(#2783,#2784,#2785,#2786,#2787));
#930=EDGE_LOOP('',(#2788,#2789,#2790,#2791,#2792));
#931=EDGE_LOOP('',(#2793,#2794,#2795,#2796,#2797));
#932=EDGE_LOOP('',(#2798,#2799,#2800,#2801,#2802));
#933=EDGE_LOOP('',(#2803,#2804,#2805,#2806,#2807));
#934=EDGE_LOOP('',(#2808,#2809,#2810,#2811,#2812));
#935=EDGE_LOOP('',(#2813,#2814,#2815,#2816,#2817));
#936=EDGE_LOOP('',(#2818,#2819,#2820,#2821,#2822));
#937=EDGE_LOOP('',(#2823,#2824,#2825,#2826,#2827));
#938=EDGE_LOOP('',(#2828,#2829,#2830,#2831,#2832));
#939=EDGE_LOOP('',(#2833,#2834,#2835,#2836,#2837));
#940=EDGE_LOOP('',(#2838,#2839,#2840,#2841,#2842));
#941=EDGE_LOOP('',(#2843,#2844,#2845,#2846,#2847));
#942=EDGE_LOOP('',(#2848,#2849,#2850,#2851,#2852));
#943=EDGE_LOOP('',(#2853,#2854,#2855,#2856,#2857));
#944=EDGE_LOOP('',(#2858,#2859,#2860,#2861,#2862));
#945=EDGE_LOOP('',(#2863,#2864,#2865,#2866,#2867));
#946=EDGE_LOOP('',(#2868,#2869,#2870,#2871,#2872));
#947=EDGE_LOOP('',(#2873,#2874,#2875,#2876,#2877));
#948=EDGE_LOOP('',(#2878,#2879,#2880,#2881,#2882));
#949=EDGE_LOOP('',(#2883,#2884,#2885,#2886,#2887));
#950=EDGE_LOOP('',(#2888,#2889,#2890,#2891,#2892));
#951=EDGE_LOOP('',(#2893,#2894,#2895,#2896,#2897));
#952=EDGE_LOOP('',(#2898,#2899,#2900,#2901,#2902));
#953=EDGE_LOOP('',(#2903,#2904,#2905,#2906,#2907));
#954=EDGE_LOOP('',(#2908,#2909,#2910,#2911,#2912));
#955=EDGE_LOOP('',(#2913,#2914,#2915,#2916,#2917));
#956=EDGE_LOOP('',(#2918,#2919,#2920,#2921,#2922));
#957=EDGE_LOOP('',(#2923,#2924,#2925,#2926,#2927));
#958=EDGE_LOOP('',(#2928,#2929,#2930,#2931,#2932));
#959=EDGE_LOOP('',(#2933,#2934,#2935,#2936,#2937));
#960=EDGE_LOOP('',(#2938,#2939,#2940,#2941,#2942));
#961=EDGE_LOOP('',(#2943,#2944,#2945,#2946,#2947));
#962=EDGE_LOOP('',(#2948,#2949,#2950,#2951,#2952));
#963=EDGE_LOOP('',(#2953,#2954,#2955,#2956,#2957));
#964=EDGE_LOOP('',(#2958,#2959,#2960,#2961,#2962));
#965=EDGE_LOOP('',(#2963,#2964,#2965,#2966,#2967));
#966=EDGE_LOOP('',(#2968,#2969,#2970,#2971,#2972));
#967=EDGE_LOOP('',(#2973,#2974,#2975,#2976,#2977));
#968=EDGE_LOOP('',(#2978,#2979,#2980,#2981,#2982));
#969=EDGE_LOOP('',(#2983,#2984,#2985,#2986,#2987));
#970=EDGE_LOOP('',(#2988,#2989,#2990,#2991,#2992));
#971=EDGE_LOOP('',(#2993,#2994,#2995,#2996,#2997));
#972=EDGE_LOOP('',(#2998,#2999,#3000,#3001,#3002));
#973=EDGE_LOOP('',(#3003,#3004,#3005,#3006,#3007));
#974=EDGE_LOOP('',(#3008,#3009,#3010,#3011,#3012));
#975=EDGE_LOOP('',(#3013,#3014,#3015,#3016,#3017));
#976=EDGE_LOOP('',(#3018,#3019,#3020,#3021,#3022));
#977=EDGE_LOOP('',(#3023,#3024,#3025,#3026,#3027));
#978=EDGE_LOOP('',(#3028,#3029,#3030,#3031,#3032));
#979=EDGE_LOOP('',(#3033,#3034,#3035,#3036,#3037));
#980=EDGE_LOOP('',(#3038,#3039,#3040,#3041,#3042,#3043,#3044,#3045,#3046,
#3047,#3048,#3049,#3050,#3051,#3052,#3053,#3054,#3055,#3056,#3057,#3058,
#3059,#3060,#3061,#3062,#3063,#3064,#3065,#3066,#3067,#3068,#3069,#3070,
#3071,#3072,#3073,#3074,#3075,#3076,#3077,#3078,#3079,#3080,#3081,#3082,
#3083,#3084,#3085,#3086,#3087,#3088,#3089,#3090,#3091,#3092,#3093,#3094,
#3095,#3096,#3097,#3098,#3099,#3100,#3101,#3102,#3103,#3104,#3105,#3106,
#3107,#3108,#3109,#3110,#3111,#3112,#3113,#3114,#3115,#3116,#3117,#3118,
#3119,#3120,#3121,#3122,#3123,#3124,#3125,#3126,#3127,#3128,#3129,#3130,
#3131,#3132,#3133,#3134,#3135,#3136,#3137,#3138,#3139,#3140,#3141,#3142,
#3143,#3144,#3145,#3146,#3147,#3148,#3149,#3150,#3151,#3152,#3153,#3154,
#3155,#3156,#3157,#3158,#3159,#3160,#3161,#3162,#3163,#3164,#3165,#3166,
#3167,#3168,#3169,#3170,#3171,#3172,#3173,#3174,#3175,#3176,#3177,#3178,
#3179,#3180,#3181));
#981=EDGE_LOOP('',(#3182,#3183,#3184,#3185,#3186));
#982=EDGE_LOOP('',(#3187,#3188,#3189,#3190,#3191));
#983=EDGE_LOOP('',(#3192,#3193,#3194,#3195,#3196));
#984=EDGE_LOOP('',(#3197,#3198,#3199,#3200,#3201,#3202,#3203));
#985=EDGE_LOOP('',(#3204,#3205,#3206,#3207));
#986=EDGE_LOOP('',(#3208,#3209,#3210,#3211,#3212,#3213,#3214));
#987=EDGE_LOOP('',(#3215,#3216,#3217,#3218));
#988=EDGE_LOOP('',(#3219,#3220,#3221,#3222,#3223,#3224,#3225));
#989=EDGE_LOOP('',(#3226,#3227,#3228,#3229));
#990=EDGE_LOOP('',(#3230,#3231,#3232,#3233,#3234,#3235,#3236));
#991=EDGE_LOOP('',(#3237,#3238,#3239,#3240));
#992=EDGE_LOOP('',(#3241,#3242,#3243,#3244,#3245,#3246,#3247));
#993=EDGE_LOOP('',(#3248,#3249,#3250,#3251));
#994=EDGE_LOOP('',(#3252,#3253,#3254,#3255,#3256,#3257,#3258));
#995=EDGE_LOOP('',(#3259,#3260,#3261,#3262));
#996=EDGE_LOOP('',(#3263,#3264,#3265,#3266,#3267,#3268,#3269));
#997=EDGE_LOOP('',(#3270,#3271,#3272,#3273));
#998=EDGE_LOOP('',(#3274,#3275,#3276,#3277,#3278,#3279,#3280));
#999=EDGE_LOOP('',(#3281,#3282,#3283,#3284));
#1000=EDGE_LOOP('',(#3285,#3286,#3287,#3288,#3289,#3290,#3291));
#1001=EDGE_LOOP('',(#3292,#3293,#3294,#3295));
#1002=EDGE_LOOP('',(#3296,#3297,#3298,#3299,#3300,#3301,#3302));
#1003=EDGE_LOOP('',(#3303,#3304,#3305,#3306));
#1004=EDGE_LOOP('',(#3307,#3308,#3309,#3310,#3311,#3312,#3313));
#1005=EDGE_LOOP('',(#3314,#3315,#3316,#3317));
#1006=EDGE_LOOP('',(#3318,#3319,#3320,#3321,#3322,#3323,#3324));
#1007=EDGE_LOOP('',(#3325,#3326,#3327,#3328));
#1008=EDGE_LOOP('',(#3329,#3330,#3331,#3332,#3333,#3334,#3335));
#1009=EDGE_LOOP('',(#3336,#3337,#3338,#3339));
#1010=EDGE_LOOP('',(#3340,#3341,#3342,#3343,#3344,#3345,#3346));
#1011=EDGE_LOOP('',(#3347,#3348,#3349,#3350));
#1012=EDGE_LOOP('',(#3351,#3352,#3353,#3354,#3355,#3356,#3357));
#1013=EDGE_LOOP('',(#3358,#3359,#3360,#3361));
#1014=EDGE_LOOP('',(#3362,#3363,#3364,#3365,#3366,#3367,#3368));
#1015=EDGE_LOOP('',(#3369,#3370,#3371,#3372));
#1016=EDGE_LOOP('',(#3373,#3374,#3375,#3376,#3377,#3378,#3379));
#1017=EDGE_LOOP('',(#3380,#3381,#3382,#3383));
#1018=EDGE_LOOP('',(#3384,#3385,#3386,#3387,#3388,#3389,#3390));
#1019=EDGE_LOOP('',(#3391,#3392,#3393,#3394));
#1020=EDGE_LOOP('',(#3395,#3396,#3397,#3398,#3399,#3400,#3401));
#1021=EDGE_LOOP('',(#3402,#3403,#3404,#3405));
#1022=EDGE_LOOP('',(#3406,#3407,#3408,#3409,#3410,#3411,#3412));
#1023=EDGE_LOOP('',(#3413,#3414,#3415,#3416));
#1024=EDGE_LOOP('',(#3417,#3418,#3419,#3420,#3421,#3422,#3423));
#1025=EDGE_LOOP('',(#3424,#3425,#3426,#3427));
#1026=EDGE_LOOP('',(#3428,#3429,#3430,#3431,#3432,#3433,#3434));
#1027=EDGE_LOOP('',(#3435,#3436,#3437,#3438));
#1028=EDGE_LOOP('',(#3439,#3440,#3441,#3442,#3443,#3444,#3445));
#1029=EDGE_LOOP('',(#3446,#3447,#3448,#3449));
#1030=EDGE_LOOP('',(#3450,#3451,#3452,#3453,#3454,#3455,#3456));
#1031=EDGE_LOOP('',(#3457,#3458,#3459,#3460));
#1032=EDGE_LOOP('',(#3461,#3462,#3463,#3464,#3465,#3466,#3467));
#1033=EDGE_LOOP('',(#3468,#3469,#3470,#3471));
#1034=EDGE_LOOP('',(#3472,#3473,#3474,#3475,#3476,#3477,#3478));
#1035=EDGE_LOOP('',(#3479,#3480,#3481,#3482));
#1036=EDGE_LOOP('',(#3483,#3484,#3485,#3486,#3487,#3488,#3489));
#1037=EDGE_LOOP('',(#3490,#3491,#3492,#3493));
#1038=EDGE_LOOP('',(#3494,#3495,#3496,#3497,#3498,#3499,#3500));
#1039=EDGE_LOOP('',(#3501,#3502,#3503,#3504));
#1040=EDGE_LOOP('',(#3505,#3506,#3507,#3508));
#1041=EDGE_LOOP('',(#3509,#3510,#3511,#3512,#3513,#3514,#3515));
#1042=EDGE_LOOP('',(#3516,#3517,#3518,#3519));
#1043=EDGE_LOOP('',(#3520,#3521,#3522,#3523,#3524,#3525,#3526));
#1044=EDGE_LOOP('',(#3527,#3528,#3529,#3530,#3531,#3532,#3533));
#1045=EDGE_LOOP('',(#3534,#3535,#3536,#3537));
#1046=EDGE_LOOP('',(#3538,#3539,#3540,#3541,#3542,#3543,#3544));
#1047=EDGE_LOOP('',(#3545,#3546,#3547,#3548,#3549,#3550,#3551));
#1048=EDGE_LOOP('',(#3552,#3553,#3554,#3555));
#1049=EDGE_LOOP('',(#3556,#3557,#3558,#3559,#3560,#3561,#3562));
#1050=EDGE_LOOP('',(#3563,#3564,#3565,#3566,#3567,#3568,#3569));
#1051=EDGE_LOOP('',(#3570,#3571,#3572,#3573));
#1052=EDGE_LOOP('',(#3574,#3575,#3576,#3577,#3578,#3579,#3580));
#1053=EDGE_LOOP('',(#3581,#3582,#3583,#3584,#3585,#3586,#3587));
#1054=EDGE_LOOP('',(#3588,#3589,#3590,#3591));
#1055=EDGE_LOOP('',(#3592,#3593,#3594,#3595,#3596,#3597,#3598));
#1056=EDGE_LOOP('',(#3599,#3600,#3601,#3602,#3603,#3604,#3605));
#1057=EDGE_LOOP('',(#3606,#3607,#3608,#3609));
#1058=EDGE_LOOP('',(#3610,#3611,#3612,#3613,#3614,#3615,#3616));
#1059=EDGE_LOOP('',(#3617,#3618,#3619,#3620,#3621,#3622,#3623));
#1060=EDGE_LOOP('',(#3624,#3625,#3626,#3627));
#1061=EDGE_LOOP('',(#3628,#3629,#3630,#3631,#3632,#3633,#3634));
#1062=EDGE_LOOP('',(#3635,#3636,#3637,#3638,#3639,#3640,#3641));
#1063=EDGE_LOOP('',(#3642,#3643,#3644,#3645));
#1064=EDGE_LOOP('',(#3646,#3647,#3648,#3649,#3650,#3651,#3652));
#1065=EDGE_LOOP('',(#3653,#3654,#3655,#3656,#3657,#3658,#3659));
#1066=EDGE_LOOP('',(#3660,#3661,#3662,#3663));
#1067=EDGE_LOOP('',(#3664,#3665,#3666,#3667,#3668,#3669,#3670));
#1068=EDGE_LOOP('',(#3671,#3672,#3673,#3674,#3675,#3676,#3677));
#1069=EDGE_LOOP('',(#3678,#3679,#3680,#3681));
#1070=EDGE_LOOP('',(#3682,#3683,#3684,#3685,#3686,#3687,#3688));
#1071=EDGE_LOOP('',(#3689,#3690,#3691,#3692,#3693,#3694,#3695));
#1072=EDGE_LOOP('',(#3696,#3697,#3698,#3699));
#1073=EDGE_LOOP('',(#3700,#3701,#3702,#3703,#3704,#3705,#3706));
#1074=EDGE_LOOP('',(#3707,#3708,#3709,#3710,#3711,#3712,#3713));
#1075=EDGE_LOOP('',(#3714,#3715,#3716,#3717));
#1076=EDGE_LOOP('',(#3718,#3719,#3720,#3721,#3722,#3723,#3724));
#1077=EDGE_LOOP('',(#3725,#3726,#3727,#3728,#3729,#3730,#3731));
#1078=EDGE_LOOP('',(#3732,#3733,#3734,#3735));
#1079=EDGE_LOOP('',(#3736,#3737,#3738,#3739,#3740,#3741,#3742));
#1080=EDGE_LOOP('',(#3743,#3744,#3745,#3746,#3747,#3748,#3749));
#1081=EDGE_LOOP('',(#3750,#3751,#3752,#3753,#3754,#3755,#3756));
#1082=EDGE_LOOP('',(#3757,#3758,#3759,#3760));
#1083=EDGE_LOOP('',(#3761,#3762,#3763,#3764));
#1084=EDGE_LOOP('',(#3765,#3766,#3767,#3768));
#1085=EDGE_LOOP('',(#3769,#3770,#3771,#3772));
#1086=EDGE_LOOP('',(#3773,#3774,#3775,#3776));
#1087=EDGE_LOOP('',(#3777,#3778,#3779,#3780));
#1088=EDGE_LOOP('',(#3781,#3782,#3783,#3784));
#1089=EDGE_LOOP('',(#3785,#3786,#3787,#3788));
#1090=EDGE_LOOP('',(#3789,#3790,#3791,#3792));
#1091=EDGE_LOOP('',(#3793,#3794,#3795,#3796));
#1092=EDGE_LOOP('',(#3797,#3798,#3799,#3800));
#1093=EDGE_LOOP('',(#3801,#3802,#3803,#3804));
#1094=EDGE_LOOP('',(#3805,#3806,#3807,#3808));
#1095=EDGE_LOOP('',(#3809,#3810,#3811,#3812));
#1096=EDGE_LOOP('',(#3813,#3814));
#1097=EDGE_LOOP('',(#3815,#3816,#3817,#3818));
#1098=EDGE_LOOP('',(#3819,#3820,#3821,#3822));
#1099=EDGE_LOOP('',(#3823));
#1100=EDGE_LOOP('',(#3824,#3825));
#1101=LINE('',#4826,#1168);
#1102=LINE('',#4830,#1169);
#1103=LINE('',#4839,#1170);
#1104=LINE('',#4843,#1171);
#1105=LINE('',#4851,#1172);
#1106=LINE('',#4855,#1173);
#1107=LINE('',#4862,#1174);
#1108=LINE('',#4866,#1175);
#1109=LINE('',#4870,#1176);
#1110=LINE('',#4874,#1177);
#1111=LINE('',#4878,#1178);
#1112=LINE('',#4882,#1179);
#1113=LINE('',#4886,#1180);
#1114=LINE('',#4890,#1181);
#1115=LINE('',#4894,#1182);
#1116=LINE('',#4898,#1183);
#1117=LINE('',#4902,#1184);
#1118=LINE('',#4906,#1185);
#1119=LINE('',#4910,#1186);
#1120=LINE('',#4914,#1187);
#1121=LINE('',#4918,#1188);
#1122=LINE('',#4922,#1189);
#1123=LINE('',#4926,#1190);
#1124=LINE('',#4930,#1191);
#1125=LINE('',#4934,#1192);
#1126=LINE('',#4938,#1193);
#1127=LINE('',#4942,#1194);
#1128=LINE('',#4946,#1195);
#1129=LINE('',#4950,#1196);
#1130=LINE('',#4954,#1197);
#1131=LINE('',#4958,#1198);
#1132=LINE('',#4962,#1199);
#1133=LINE('',#4966,#1200);
#1134=LINE('',#4970,#1201);
#1135=LINE('',#4974,#1202);
#1136=LINE('',#4978,#1203);
#1137=LINE('',#4982,#1204);
#1138=LINE('',#4986,#1205);
#1139=LINE('',#4990,#1206);
#1140=LINE('',#4994,#1207);
#1141=LINE('',#4998,#1208);
#1142=LINE('',#5002,#1209);
#1143=LINE('',#5006,#1210);
#1144=LINE('',#5010,#1211);
#1145=LINE('',#5014,#1212);
#1146=LINE('',#5018,#1213);
#1147=LINE('',#5022,#1214);
#1148=LINE('',#5026,#1215);
#1149=LINE('',#5030,#1216);
#1150=LINE('',#5034,#1217);
#1151=LINE('',#5038,#1218);
#1152=LINE('',#5042,#1219);
#1153=LINE('',#5046,#1220);
#1154=LINE('',#5050,#1221);
#1155=LINE('',#5054,#1222);
#1156=LINE('',#5058,#1223);
#1157=LINE('',#5062,#1224);
#1158=LINE('',#5066,#1225);
#1159=LINE('',#5070,#1226);
#1160=LINE('',#5074,#1227);
#1161=LINE('',#5078,#1228);
#1162=LINE('',#5081,#1229);
#1163=LINE('',#7719,#1230);
#1164=LINE('',#9516,#1231);
#1165=LINE('',#9520,#1232);
#1166=LINE('',#9522,#1233);
#1167=LINE('',#9523,#1234);
#1168=VECTOR('',#4312,5.75);
#1169=VECTOR('',#4317,5.5);
#1170=VECTOR('',#4328,2.75);
#1171=VECTOR('',#4333,3.);
#1172=VECTOR('',#4344,5.75);
#1173=VECTOR('',#4349,5.);
#1174=VECTOR('',#4356,10.);
#1175=VECTOR('',#4359,10.);
#1176=VECTOR('',#4362,10.);
#1177=VECTOR('',#4365,10.);
#1178=VECTOR('',#4368,10.);
#1179=VECTOR('',#4371,10.);
#1180=VECTOR('',#4374,10.);
#1181=VECTOR('',#4377,10.);
#1182=VECTOR('',#4380,10.);
#1183=VECTOR('',#4383,10.);
#1184=VECTOR('',#4386,10.);
#1185=VECTOR('',#4389,10.);
#1186=VECTOR('',#4392,10.);
#1187=VECTOR('',#4395,10.);
#1188=VECTOR('',#4398,10.);
#1189=VECTOR('',#4401,10.);
#1190=VECTOR('',#4404,10.);
#1191=VECTOR('',#4407,10.);
#1192=VECTOR('',#4410,10.);
#1193=VECTOR('',#4413,10.);
#1194=VECTOR('',#4416,10.);
#1195=VECTOR('',#4419,10.);
#1196=VECTOR('',#4422,10.);
#1197=VECTOR('',#4425,10.);
#1198=VECTOR('',#4428,10.);
#1199=VECTOR('',#4431,10.);
#1200=VECTOR('',#4434,10.);
#1201=VECTOR('',#4437,10.);
#1202=VECTOR('',#4440,10.);
#1203=VECTOR('',#4443,10.);
#1204=VECTOR('',#4446,10.);
#1205=VECTOR('',#4449,10.);
#1206=VECTOR('',#4452,10.);
#1207=VECTOR('',#4455,10.);
#1208=VECTOR('',#4458,10.);
#1209=VECTOR('',#4461,10.);
#1210=VECTOR('',#4464,10.);
#1211=VECTOR('',#4467,10.);
#1212=VECTOR('',#4470,10.);
#1213=VECTOR('',#4473,10.);
#1214=VECTOR('',#4476,10.);
#1215=VECTOR('',#4479,10.);
#1216=VECTOR('',#4482,10.);
#1217=VECTOR('',#4485,10.);
#1218=VECTOR('',#4488,10.);
#1219=VECTOR('',#4491,10.);
#1220=VECTOR('',#4494,10.);
#1221=VECTOR('',#4497,10.);
#1222=VECTOR('',#4500,10.);
#1223=VECTOR('',#4503,10.);
#1224=VECTOR('',#4506,10.);
#1225=VECTOR('',#4509,10.);
#1226=VECTOR('',#4512,10.);
#1227=VECTOR('',#4515,10.);
#1228=VECTOR('',#4518,10.);
#1229=VECTOR('',#4521,10.);
#1230=VECTOR('',#4632,8.75);
#1231=VECTOR('',#4807,10.);
#1232=VECTOR('',#4812,10.);
#1233=VECTOR('',#4813,10.);
#1234=VECTOR('',#4814,10.);
#1235=CIRCLE('',#4084,6.);
#1236=CIRCLE('',#4085,5.5);
#1237=CIRCLE('',#4087,5.5);
#1238=CIRCLE('',#4089,8.5);
#1239=CIRCLE('',#4091,2.5);
#1240=CIRCLE('',#4092,3.);
#1241=CIRCLE('',#4094,3.);
#1242=CIRCLE('',#4098,6.5);
#1243=CIRCLE('',#4099,5.);
#1244=CIRCLE('',#4101,5.);
#1245=CIRCLE('',#4103,9.);
#1246=CIRCLE('',#4104,9.4);
#1247=CIRCLE('',#4105,9.);
#1248=CIRCLE('',#4106,9.4);
#1249=CIRCLE('',#4107,9.);
#1250=CIRCLE('',#4108,9.40000000000001);
#1251=CIRCLE('',#4109,9.);
#1252=CIRCLE('',#4110,9.4);
#1253=CIRCLE('',#4111,9.);
#1254=CIRCLE('',#4112,9.4);
#1255=CIRCLE('',#4113,9.);
#1256=CIRCLE('',#4114,9.4);
#1257=CIRCLE('',#4115,9.);
#1258=CIRCLE('',#4116,9.4);
#1259=CIRCLE('',#4117,9.);
#1260=CIRCLE('',#4118,9.4);
#1261=CIRCLE('',#4119,9.);
#1262=CIRCLE('',#4120,9.4);
#1263=CIRCLE('',#4121,9.);
#1264=CIRCLE('',#4122,9.40000000000001);
#1265=CIRCLE('',#4123,9.);
#1266=CIRCLE('',#4124,9.4);
#1267=CIRCLE('',#4125,9.);
#1268=CIRCLE('',#4126,9.4);
#1269=CIRCLE('',#4127,9.);
#1270=CIRCLE('',#4128,9.4);
#1271=CIRCLE('',#4129,9.);
#1272=CIRCLE('',#4130,9.4);
#1273=CIRCLE('',#4131,9.);
#1274=CIRCLE('',#4132,9.4);
#1275=CIRCLE('',#4133,9.);
#1276=CIRCLE('',#4134,9.4);
#1277=CIRCLE('',#4135,9.);
#1278=CIRCLE('',#4136,9.4);
#1279=CIRCLE('',#4137,9.);
#1280=CIRCLE('',#4138,9.4);
#1281=CIRCLE('',#4139,9.);
#1282=CIRCLE('',#4140,9.4);
#1283=CIRCLE('',#4141,9.);
#1284=CIRCLE('',#4142,9.40000000000001);
#1285=CIRCLE('',#4143,9.);
#1286=CIRCLE('',#4144,9.4);
#1287=CIRCLE('',#4145,9.);
#1288=CIRCLE('',#4146,9.4);
#1289=CIRCLE('',#4147,9.);
#1290=CIRCLE('',#4148,9.4);
#1291=CIRCLE('',#4149,9.);
#1292=CIRCLE('',#4150,9.4);
#1293=CIRCLE('',#4151,9.);
#1294=CIRCLE('',#4152,9.4);
#1295=CIRCLE('',#4153,9.);
#1296=CIRCLE('',#4154,9.4);
#1297=CIRCLE('',#4155,9.);
#1298=CIRCLE('',#4156,9.4);
#1299=CIRCLE('',#4157,9.);
#1300=CIRCLE('',#4158,9.4);
#1301=CIRCLE('',#4160,9.4);
#1302=CIRCLE('',#4162,9.4);
#1303=CIRCLE('',#4164,9.4);
#1304=CIRCLE('',#4166,9.4);
#1305=CIRCLE('',#4168,9.4);
#1306=CIRCLE('',#4170,9.4);
#1307=CIRCLE('',#4172,9.4);
#1308=CIRCLE('',#4174,9.40000000000001);
#1309=CIRCLE('',#4176,9.4);
#1310=CIRCLE('',#4178,9.4);
#1311=CIRCLE('',#4180,9.4);
#1312=CIRCLE('',#4182,9.4);
#1313=CIRCLE('',#4184,9.4);
#1314=CIRCLE('',#4186,9.4);
#1315=CIRCLE('',#4188,9.40000000000001);
#1316=CIRCLE('',#4190,9.4);
#1317=CIRCLE('',#4192,9.4);
#1318=CIRCLE('',#4194,9.4);
#1319=CIRCLE('',#4196,9.4);
#1320=CIRCLE('',#4198,9.4);
#1321=CIRCLE('',#4200,9.4);
#1322=CIRCLE('',#4202,9.40000000000001);
#1323=CIRCLE('',#4204,9.40000000000001);
#1324=CIRCLE('',#4206,9.4);
#1325=CIRCLE('',#4208,9.4);
#1326=CIRCLE('',#4210,9.4);
#1327=CIRCLE('',#4212,9.4);
#1328=CIRCLE('',#4214,9.);
#1329=CIRCLE('',#4215,9.);
#1330=CIRCLE('',#4216,9.);
#1331=CIRCLE('',#4217,9.);
#1332=CIRCLE('',#4218,9.);
#1333=CIRCLE('',#4219,9.);
#1334=CIRCLE('',#4220,9.);
#1335=CIRCLE('',#4221,9.);
#1336=CIRCLE('',#4222,9.);
#1337=CIRCLE('',#4223,9.);
#1338=CIRCLE('',#4224,9.);
#1339=CIRCLE('',#4225,9.);
#1340=CIRCLE('',#4226,9.);
#1341=CIRCLE('',#4227,9.);
#1342=CIRCLE('',#4228,9.);
#1343=CIRCLE('',#4229,9.);
#1344=CIRCLE('',#4230,9.);
#1345=CIRCLE('',#4231,9.);
#1346=CIRCLE('',#4232,9.);
#1347=CIRCLE('',#4233,9.);
#1348=CIRCLE('',#4234,9.);
#1349=CIRCLE('',#4235,9.);
#1350=CIRCLE('',#4236,9.);
#1351=CIRCLE('',#4237,9.);
#1352=CIRCLE('',#4238,9.);
#1353=CIRCLE('',#4239,9.);
#1354=CIRCLE('',#4240,9.);
#1355=CIRCLE('',#4241,9.);
#1356=CIRCLE('',#4243,9.4);
#1357=CIRCLE('',#4301,2.92999999999969);
#1358=CIRCLE('',#4304,2.92999999999969);
#1359=VERTEX_POINT('',#4823);
#1360=VERTEX_POINT('',#4825);
#1361=VERTEX_POINT('',#4829);
#1362=VERTEX_POINT('',#4833);
#1363=VERTEX_POINT('',#4836);
#1364=VERTEX_POINT('',#4838);
#1365=VERTEX_POINT('',#4842);
#1366=VERTEX_POINT('',#4848);
#1367=VERTEX_POINT('',#4850);
#1368=VERTEX_POINT('',#4854);
#1369=VERTEX_POINT('',#4858);
#1370=VERTEX_POINT('',#4859);
#1371=VERTEX_POINT('',#4861);
#1372=VERTEX_POINT('',#4863);
#1373=VERTEX_POINT('',#4865);
#1374=VERTEX_POINT('',#4867);
#1375=VERTEX_POINT('',#4869);
#1376=VERTEX_POINT('',#4871);
#1377=VERTEX_POINT('',#4873);
#1378=VERTEX_POINT('',#4875);
#1379=VERTEX_POINT('',#4877);
#1380=VERTEX_POINT('',#4879);
#1381=VERTEX_POINT('',#4881);
#1382=VERTEX_POINT('',#4883);
#1383=VERTEX_POINT('',#4885);
#1384=VERTEX_POINT('',#4887);
#1385=VERTEX_POINT('',#4889);
#1386=VERTEX_POINT('',#4891);
#1387=VERTEX_POINT('',#4893);
#1388=VERTEX_POINT('',#4895);
#1389=VERTEX_POINT('',#4897);
#1390=VERTEX_POINT('',#4899);
#1391=VERTEX_POINT('',#4901);
#1392=VERTEX_POINT('',#4903);
#1393=VERTEX_POINT('',#4905);
#1394=VERTEX_POINT('',#4907);
#1395=VERTEX_POINT('',#4909);
#1396=VERTEX_POINT('',#4911);
#1397=VERTEX_POINT('',#4913);
#1398=VERTEX_POINT('',#4915);
#1399=VERTEX_POINT('',#4917);
#1400=VERTEX_POINT('',#4919);
#1401=VERTEX_POINT('',#4921);
#1402=VERTEX_POINT('',#4923);
#1403=VERTEX_POINT('',#4925);
#1404=VERTEX_POINT('',#4927);
#1405=VERTEX_POINT('',#4929);
#1406=VERTEX_POINT('',#4931);
#1407=VERTEX_POINT('',#4933);
#1408=VERTEX_POINT('',#4935);
#1409=VERTEX_POINT('',#4937);
#1410=VERTEX_POINT('',#4939);
#1411=VERTEX_POINT('',#4941);
#1412=VERTEX_POINT('',#4943);
#1413=VERTEX_POINT('',#4945);
#1414=VERTEX_POINT('',#4947);
#1415=VERTEX_POINT('',#4949);
#1416=VERTEX_POINT('',#4951);
#1417=VERTEX_POINT('',#4953);
#1418=VERTEX_POINT('',#4955);
#1419=VERTEX_POINT('',#4957);
#1420=VERTEX_POINT('',#4959);
#1421=VERTEX_POINT('',#4961);
#1422=VERTEX_POINT('',#4963);
#1423=VERTEX_POINT('',#4965);
#1424=VERTEX_POINT('',#4967);
#1425=VERTEX_POINT('',#4969);
#1426=VERTEX_POINT('',#4971);
#1427=VERTEX_POINT('',#4973);
#1428=VERTEX_POINT('',#4975);
#1429=VERTEX_POINT('',#4977);
#1430=VERTEX_POINT('',#4979);
#1431=VERTEX_POINT('',#4981);
#1432=VERTEX_POINT('',#4983);
#1433=VERTEX_POINT('',#4985);
#1434=VERTEX_POINT('',#4987);
#1435=VERTEX_POINT('',#4989);
#1436=VERTEX_POINT('',#4991);
#1437=VERTEX_POINT('',#4993);
#1438=VERTEX_POINT('',#4995);
#1439=VERTEX_POINT('',#4997);
#1440=VERTEX_POINT('',#4999);
#1441=VERTEX_POINT('',#5001);
#1442=VERTEX_POINT('',#5003);
#1443=VERTEX_POINT('',#5005);
#1444=VERTEX_POINT('',#5007);
#1445=VERTEX_POINT('',#5009);
#1446=VERTEX_POINT('',#5011);
#1447=VERTEX_POINT('',#5013);
#1448=VERTEX_POINT('',#5015);
#1449=VERTEX_POINT('',#5017);
#1450=VERTEX_POINT('',#5019);
#1451=VERTEX_POINT('',#5021);
#1452=VERTEX_POINT('',#5023);
#1453=VERTEX_POINT('',#5025);
#1454=VERTEX_POINT('',#5027);
#1455=VERTEX_POINT('',#5029);
#1456=VERTEX_POINT('',#5031);
#1457=VERTEX_POINT('',#5033);
#1458=VERTEX_POINT('',#5035);
#1459=VERTEX_POINT('',#5037);
#1460=VERTEX_POINT('',#5039);
#1461=VERTEX_POINT('',#5041);
#1462=VERTEX_POINT('',#5043);
#1463=VERTEX_POINT('',#5045);
#1464=VERTEX_POINT('',#5047);
#1465=VERTEX_POINT('',#5049);
#1466=VERTEX_POINT('',#5051);
#1467=VERTEX_POINT('',#5053);
#1468=VERTEX_POINT('',#5055);
#1469=VERTEX_POINT('',#5057);
#1470=VERTEX_POINT('',#5059);
#1471=VERTEX_POINT('',#5061);
#1472=VERTEX_POINT('',#5063);
#1473=VERTEX_POINT('',#5065);
#1474=VERTEX_POINT('',#5067);
#1475=VERTEX_POINT('',#5069);
#1476=VERTEX_POINT('',#5071);
#1477=VERTEX_POINT('',#5073);
#1478=VERTEX_POINT('',#5075);
#1479=VERTEX_POINT('',#5077);
#1480=VERTEX_POINT('',#5079);
#1481=VERTEX_POINT('',#5098);
#1482=VERTEX_POINT('',#5099);
#1483=VERTEX_POINT('',#5104);
#1484=VERTEX_POINT('',#5111);
#1485=VERTEX_POINT('',#5116);
#1486=VERTEX_POINT('',#5128);
#1487=VERTEX_POINT('',#5129);
#1488=VERTEX_POINT('',#5136);
#1489=VERTEX_POINT('',#5143);
#1490=VERTEX_POINT('',#5148);
#1491=VERTEX_POINT('',#5170);
#1492=VERTEX_POINT('',#5175);
#1493=VERTEX_POINT('',#5182);
#1494=VERTEX_POINT('',#5207);
#1495=VERTEX_POINT('',#5212);
#1496=VERTEX_POINT('',#5225);
#1497=VERTEX_POINT('',#5226);
#1498=VERTEX_POINT('',#5233);
#1499=VERTEX_POINT('',#5240);
#1500=VERTEX_POINT('',#5245);
#1501=VERTEX_POINT('',#5267);
#1502=VERTEX_POINT('',#5272);
#1503=VERTEX_POINT('',#5277);
#1504=VERTEX_POINT('',#5282);
#1505=VERTEX_POINT('',#5295);
#1506=VERTEX_POINT('',#5296);
#1507=VERTEX_POINT('',#5303);
#1508=VERTEX_POINT('',#5310);
#1509=VERTEX_POINT('',#5315);
#1510=VERTEX_POINT('',#5337);
#1511=VERTEX_POINT('',#5342);
#1512=VERTEX_POINT('',#5349);
#1513=VERTEX_POINT('',#5374);
#1514=VERTEX_POINT('',#5381);
#1515=VERTEX_POINT('',#5406);
#1516=VERTEX_POINT('',#5411);
#1517=VERTEX_POINT('',#5424);
#1518=VERTEX_POINT('',#5425);
#1519=VERTEX_POINT('',#5432);
#1520=VERTEX_POINT('',#5439);
#1521=VERTEX_POINT('',#5444);
#1522=VERTEX_POINT('',#5466);
#1523=VERTEX_POINT('',#5471);
#1524=VERTEX_POINT('',#5476);
#1525=VERTEX_POINT('',#5489);
#1526=VERTEX_POINT('',#5490);
#1527=VERTEX_POINT('',#5497);
#1528=VERTEX_POINT('',#5504);
#1529=VERTEX_POINT('',#5509);
#1530=VERTEX_POINT('',#5531);
#1531=VERTEX_POINT('',#5536);
#1532=VERTEX_POINT('',#5543);
#1533=VERTEX_POINT('',#5568);
#1534=VERTEX_POINT('',#5575);
#1535=VERTEX_POINT('',#5600);
#1536=VERTEX_POINT('',#5605);
#1537=VERTEX_POINT('',#5618);
#1538=VERTEX_POINT('',#5619);
#1539=VERTEX_POINT('',#5626);
#1540=VERTEX_POINT('',#5633);
#1541=VERTEX_POINT('',#5638);
#1542=VERTEX_POINT('',#5660);
#1543=VERTEX_POINT('',#5665);
#1544=VERTEX_POINT('',#5670);
#1545=VERTEX_POINT('',#5683);
#1546=VERTEX_POINT('',#5684);
#1547=VERTEX_POINT('',#5691);
#1548=VERTEX_POINT('',#5698);
#1549=VERTEX_POINT('',#5703);
#1550=VERTEX_POINT('',#5725);
#1551=VERTEX_POINT('',#5730);
#1552=VERTEX_POINT('',#5737);
#1553=VERTEX_POINT('',#5762);
#1554=VERTEX_POINT('',#5769);
#1555=VERTEX_POINT('',#5794);
#1556=VERTEX_POINT('',#5799);
#1557=VERTEX_POINT('',#5812);
#1558=VERTEX_POINT('',#5813);
#1559=VERTEX_POINT('',#5820);
#1560=VERTEX_POINT('',#5827);
#1561=VERTEX_POINT('',#5832);
#1562=VERTEX_POINT('',#5854);
#1563=VERTEX_POINT('',#5859);
#1564=VERTEX_POINT('',#5864);
#1565=VERTEX_POINT('',#5877);
#1566=VERTEX_POINT('',#5878);
#1567=VERTEX_POINT('',#5885);
#1568=VERTEX_POINT('',#5892);
#1569=VERTEX_POINT('',#5897);
#1570=VERTEX_POINT('',#5919);
#1571=VERTEX_POINT('',#5924);
#1572=VERTEX_POINT('',#5931);
#1573=VERTEX_POINT('',#5956);
#1574=VERTEX_POINT('',#5963);
#1575=VERTEX_POINT('',#5988);
#1576=VERTEX_POINT('',#5993);
#1577=VERTEX_POINT('',#6006);
#1578=VERTEX_POINT('',#6007);
#1579=VERTEX_POINT('',#6014);
#1580=VERTEX_POINT('',#6021);
#1581=VERTEX_POINT('',#6026);
#1582=VERTEX_POINT('',#6048);
#1583=VERTEX_POINT('',#6053);
#1584=VERTEX_POINT('',#6058);
#1585=VERTEX_POINT('',#6071);
#1586=VERTEX_POINT('',#6072);
#1587=VERTEX_POINT('',#6079);
#1588=VERTEX_POINT('',#6086);
#1589=VERTEX_POINT('',#6091);
#1590=VERTEX_POINT('',#6113);
#1591=VERTEX_POINT('',#6118);
#1592=VERTEX_POINT('',#6125);
#1593=VERTEX_POINT('',#6150);
#1594=VERTEX_POINT('',#6157);
#1595=VERTEX_POINT('',#6182);
#1596=VERTEX_POINT('',#6187);
#1597=VERTEX_POINT('',#6200);
#1598=VERTEX_POINT('',#6201);
#1599=VERTEX_POINT('',#6208);
#1600=VERTEX_POINT('',#6215);
#1601=VERTEX_POINT('',#6220);
#1602=VERTEX_POINT('',#6242);
#1603=VERTEX_POINT('',#6247);
#1604=VERTEX_POINT('',#6252);
#1605=VERTEX_POINT('',#6265);
#1606=VERTEX_POINT('',#6266);
#1607=VERTEX_POINT('',#6273);
#1608=VERTEX_POINT('',#6280);
#1609=VERTEX_POINT('',#6285);
#1610=VERTEX_POINT('',#6307);
#1611=VERTEX_POINT('',#6312);
#1612=VERTEX_POINT('',#6319);
#1613=VERTEX_POINT('',#6344);
#1614=VERTEX_POINT('',#6351);
#1615=VERTEX_POINT('',#6376);
#1616=VERTEX_POINT('',#6381);
#1617=VERTEX_POINT('',#6394);
#1618=VERTEX_POINT('',#6395);
#1619=VERTEX_POINT('',#6402);
#1620=VERTEX_POINT('',#6409);
#1621=VERTEX_POINT('',#6414);
#1622=VERTEX_POINT('',#6436);
#1623=VERTEX_POINT('',#6441);
#1624=VERTEX_POINT('',#6446);
#1625=VERTEX_POINT('',#6459);
#1626=VERTEX_POINT('',#6460);
#1627=VERTEX_POINT('',#6467);
#1628=VERTEX_POINT('',#6474);
#1629=VERTEX_POINT('',#6479);
#1630=VERTEX_POINT('',#6501);
#1631=VERTEX_POINT('',#6506);
#1632=VERTEX_POINT('',#6513);
#1633=VERTEX_POINT('',#6538);
#1634=VERTEX_POINT('',#6545);
#1635=VERTEX_POINT('',#6570);
#1636=VERTEX_POINT('',#6575);
#1637=VERTEX_POINT('',#6588);
#1638=VERTEX_POINT('',#6589);
#1639=VERTEX_POINT('',#6596);
#1640=VERTEX_POINT('',#6603);
#1641=VERTEX_POINT('',#6608);
#1642=VERTEX_POINT('',#6630);
#1643=VERTEX_POINT('',#6635);
#1644=VERTEX_POINT('',#6640);
#1645=VERTEX_POINT('',#6653);
#1646=VERTEX_POINT('',#6654);
#1647=VERTEX_POINT('',#6661);
#1648=VERTEX_POINT('',#6668);
#1649=VERTEX_POINT('',#6673);
#1650=VERTEX_POINT('',#6695);
#1651=VERTEX_POINT('',#6700);
#1652=VERTEX_POINT('',#6707);
#1653=VERTEX_POINT('',#6732);
#1654=VERTEX_POINT('',#6739);
#1655=VERTEX_POINT('',#6764);
#1656=VERTEX_POINT('',#6769);
#1657=VERTEX_POINT('',#6782);
#1658=VERTEX_POINT('',#6783);
#1659=VERTEX_POINT('',#6790);
#1660=VERTEX_POINT('',#6797);
#1661=VERTEX_POINT('',#6802);
#1662=VERTEX_POINT('',#6824);
#1663=VERTEX_POINT('',#6829);
#1664=VERTEX_POINT('',#6834);
#1665=VERTEX_POINT('',#6847);
#1666=VERTEX_POINT('',#6848);
#1667=VERTEX_POINT('',#6855);
#1668=VERTEX_POINT('',#6862);
#1669=VERTEX_POINT('',#6867);
#1670=VERTEX_POINT('',#6889);
#1671=VERTEX_POINT('',#6894);
#1672=VERTEX_POINT('',#6901);
#1673=VERTEX_POINT('',#6926);
#1674=VERTEX_POINT('',#6933);
#1675=VERTEX_POINT('',#6958);
#1676=VERTEX_POINT('',#6963);
#1677=VERTEX_POINT('',#6976);
#1678=VERTEX_POINT('',#6977);
#1679=VERTEX_POINT('',#6984);
#1680=VERTEX_POINT('',#6991);
#1681=VERTEX_POINT('',#6996);
#1682=VERTEX_POINT('',#7018);
#1683=VERTEX_POINT('',#7023);
#1684=VERTEX_POINT('',#7028);
#1685=VERTEX_POINT('',#7041);
#1686=VERTEX_POINT('',#7042);
#1687=VERTEX_POINT('',#7049);
#1688=VERTEX_POINT('',#7056);
#1689=VERTEX_POINT('',#7061);
#1690=VERTEX_POINT('',#7083);
#1691=VERTEX_POINT('',#7088);
#1692=VERTEX_POINT('',#7095);
#1693=VERTEX_POINT('',#7120);
#1694=VERTEX_POINT('',#7127);
#1695=VERTEX_POINT('',#7152);
#1696=VERTEX_POINT('',#7157);
#1697=VERTEX_POINT('',#7170);
#1698=VERTEX_POINT('',#7171);
#1699=VERTEX_POINT('',#7178);
#1700=VERTEX_POINT('',#7185);
#1701=VERTEX_POINT('',#7190);
#1702=VERTEX_POINT('',#7212);
#1703=VERTEX_POINT('',#7217);
#1704=VERTEX_POINT('',#7222);
#1705=VERTEX_POINT('',#7235);
#1706=VERTEX_POINT('',#7236);
#1707=VERTEX_POINT('',#7243);
#1708=VERTEX_POINT('',#7250);
#1709=VERTEX_POINT('',#7255);
#1710=VERTEX_POINT('',#7277);
#1711=VERTEX_POINT('',#7282);
#1712=VERTEX_POINT('',#7289);
#1713=VERTEX_POINT('',#7314);
#1714=VERTEX_POINT('',#7321);
#1715=VERTEX_POINT('',#7346);
#1716=VERTEX_POINT('',#7351);
#1717=VERTEX_POINT('',#7364);
#1718=VERTEX_POINT('',#7365);
#1719=VERTEX_POINT('',#7372);
#1720=VERTEX_POINT('',#7379);
#1721=VERTEX_POINT('',#7384);
#1722=VERTEX_POINT('',#7406);
#1723=VERTEX_POINT('',#7411);
#1724=VERTEX_POINT('',#7416);
#1725=VERTEX_POINT('',#7429);
#1726=VERTEX_POINT('',#7430);
#1727=VERTEX_POINT('',#7437);
#1728=VERTEX_POINT('',#7444);
#1729=VERTEX_POINT('',#7449);
#1730=VERTEX_POINT('',#7471);
#1731=VERTEX_POINT('',#7476);
#1732=VERTEX_POINT('',#7483);
#1733=VERTEX_POINT('',#7508);
#1734=VERTEX_POINT('',#7515);
#1735=VERTEX_POINT('',#7540);
#1736=VERTEX_POINT('',#7545);
#1737=VERTEX_POINT('',#7558);
#1738=VERTEX_POINT('',#7559);
#1739=VERTEX_POINT('',#7566);
#1740=VERTEX_POINT('',#7573);
#1741=VERTEX_POINT('',#7578);
#1742=VERTEX_POINT('',#7600);
#1743=VERTEX_POINT('',#7605);
#1744=VERTEX_POINT('',#7610);
#1745=VERTEX_POINT('',#7623);
#1746=VERTEX_POINT('',#7624);
#1747=VERTEX_POINT('',#7631);
#1748=VERTEX_POINT('',#7638);
#1749=VERTEX_POINT('',#7643);
#1750=VERTEX_POINT('',#7665);
#1751=VERTEX_POINT('',#7670);
#1752=VERTEX_POINT('',#7677);
#1753=VERTEX_POINT('',#7702);
#1754=VERTEX_POINT('',#7709);
#1755=VERTEX_POINT('',#7720);
#1756=VERTEX_POINT('',#7725);
#1757=VERTEX_POINT('',#7731);
#1758=VERTEX_POINT('',#7736);
#1759=VERTEX_POINT('',#7742);
#1760=VERTEX_POINT('',#7747);
#1761=VERTEX_POINT('',#7753);
#1762=VERTEX_POINT('',#7758);
#1763=VERTEX_POINT('',#7764);
#1764=VERTEX_POINT('',#7769);
#1765=VERTEX_POINT('',#7775);
#1766=VERTEX_POINT('',#7780);
#1767=VERTEX_POINT('',#7786);
#1768=VERTEX_POINT('',#7791);
#1769=VERTEX_POINT('',#7797);
#1770=VERTEX_POINT('',#7802);
#1771=VERTEX_POINT('',#7808);
#1772=VERTEX_POINT('',#7813);
#1773=VERTEX_POINT('',#7819);
#1774=VERTEX_POINT('',#7824);
#1775=VERTEX_POINT('',#7830);
#1776=VERTEX_POINT('',#7835);
#1777=VERTEX_POINT('',#7841);
#1778=VERTEX_POINT('',#7846);
#1779=VERTEX_POINT('',#7852);
#1780=VERTEX_POINT('',#7857);
#1781=VERTEX_POINT('',#7863);
#1782=VERTEX_POINT('',#7868);
#1783=VERTEX_POINT('',#7874);
#1784=VERTEX_POINT('',#7882);
#1785=VERTEX_POINT('',#7887);
#1786=VERTEX_POINT('',#7893);
#1787=VERTEX_POINT('',#7901);
#1788=VERTEX_POINT('',#7906);
#1789=VERTEX_POINT('',#7912);
#1790=VERTEX_POINT('',#7917);
#1791=VERTEX_POINT('',#7923);
#1792=VERTEX_POINT('',#7928);
#1793=VERTEX_POINT('',#7934);
#1794=VERTEX_POINT('',#7939);
#1795=VERTEX_POINT('',#7945);
#1796=VERTEX_POINT('',#7950);
#1797=VERTEX_POINT('',#7956);
#1798=VERTEX_POINT('',#7961);
#1799=VERTEX_POINT('',#7967);
#1800=VERTEX_POINT('',#7972);
#1801=VERTEX_POINT('',#7978);
#1802=VERTEX_POINT('',#7983);
#1803=VERTEX_POINT('',#7989);
#1804=VERTEX_POINT('',#7994);
#1805=VERTEX_POINT('',#8000);
#1806=VERTEX_POINT('',#8005);
#1807=VERTEX_POINT('',#8011);
#1808=VERTEX_POINT('',#8016);
#1809=VERTEX_POINT('',#8022);
#1810=VERTEX_POINT('',#8027);
#1811=VERTEX_POINT('',#8033);
#1812=VERTEX_POINT('',#8038);
#1813=VERTEX_POINT('',#8060);
#1814=VERTEX_POINT('',#8070);
#1815=VERTEX_POINT('',#8077);
#1816=VERTEX_POINT('',#8082);
#1817=VERTEX_POINT('',#8104);
#1818=VERTEX_POINT('',#9514);
#1819=VERTEX_POINT('',#9515);
#1820=VERTEX_POINT('',#9519);
#1821=VERTEX_POINT('',#9521);
#1822=EDGE_CURVE('',#1359,#1359,#1235,.T.);
#1823=EDGE_CURVE('',#1359,#1360,#1101,.T.);
#1824=EDGE_CURVE('',#1360,#1360,#1236,.T.);
#1825=EDGE_CURVE('',#1360,#1361,#1102,.T.);
#1826=EDGE_CURVE('',#1361,#1361,#1237,.T.);
#1827=EDGE_CURVE('',#1362,#1362,#1238,.T.);
#1828=EDGE_CURVE('',#1363,#1363,#1239,.T.);
#1829=EDGE_CURVE('',#1363,#1364,#1103,.T.);
#1830=EDGE_CURVE('',#1364,#1364,#1240,.T.);
#1831=EDGE_CURVE('',#1364,#1365,#1104,.T.);
#1832=EDGE_CURVE('',#1365,#1365,#1241,.T.);
#1833=EDGE_CURVE('',#1366,#1366,#1242,.T.);
#1834=EDGE_CURVE('',#1366,#1367,#1105,.T.);
#1835=EDGE_CURVE('',#1367,#1367,#1243,.T.);
#1836=EDGE_CURVE('',#1367,#1368,#1106,.T.);
#1837=EDGE_CURVE('',#1368,#1368,#1244,.T.);
#1838=EDGE_CURVE('',#1369,#1370,#1245,.T.);
#1839=EDGE_CURVE('',#1370,#1371,#1107,.T.);
#1840=EDGE_CURVE('',#1371,#1372,#1246,.T.);
#1841=EDGE_CURVE('',#1373,#1372,#1108,.T.);
#1842=EDGE_CURVE('',#1373,#1374,#1247,.T.);
#1843=EDGE_CURVE('',#1374,#1375,#1109,.T.);
#1844=EDGE_CURVE('',#1375,#1376,#1248,.T.);
#1845=EDGE_CURVE('',#1377,#1376,#1110,.T.);
#1846=EDGE_CURVE('',#1377,#1378,#1249,.T.);
#1847=EDGE_CURVE('',#1378,#1379,#1111,.T.);
#1848=EDGE_CURVE('',#1379,#1380,#1250,.T.);
#1849=EDGE_CURVE('',#1381,#1380,#1112,.T.);
#1850=EDGE_CURVE('',#1381,#1382,#1251,.T.);
#1851=EDGE_CURVE('',#1382,#1383,#1113,.T.);
#1852=EDGE_CURVE('',#1383,#1384,#1252,.T.);
#1853=EDGE_CURVE('',#1385,#1384,#1114,.T.);
#1854=EDGE_CURVE('',#1385,#1386,#1253,.T.);
#1855=EDGE_CURVE('',#1386,#1387,#1115,.T.);
#1856=EDGE_CURVE('',#1387,#1388,#1254,.T.);
#1857=EDGE_CURVE('',#1389,#1388,#1116,.T.);
#1858=EDGE_CURVE('',#1389,#1390,#1255,.T.);
#1859=EDGE_CURVE('',#1390,#1391,#1117,.T.);
#1860=EDGE_CURVE('',#1391,#1392,#1256,.T.);
#1861=EDGE_CURVE('',#1393,#1392,#1118,.T.);
#1862=EDGE_CURVE('',#1393,#1394,#1257,.T.);
#1863=EDGE_CURVE('',#1394,#1395,#1119,.T.);
#1864=EDGE_CURVE('',#1395,#1396,#1258,.T.);
#1865=EDGE_CURVE('',#1397,#1396,#1120,.T.);
#1866=EDGE_CURVE('',#1397,#1398,#1259,.T.);
#1867=EDGE_CURVE('',#1398,#1399,#1121,.T.);
#1868=EDGE_CURVE('',#1399,#1400,#1260,.T.);
#1869=EDGE_CURVE('',#1401,#1400,#1122,.T.);
#1870=EDGE_CURVE('',#1401,#1402,#1261,.T.);
#1871=EDGE_CURVE('',#1402,#1403,#1123,.T.);
#1872=EDGE_CURVE('',#1403,#1404,#1262,.T.);
#1873=EDGE_CURVE('',#1405,#1404,#1124,.T.);
#1874=EDGE_CURVE('',#1405,#1406,#1263,.T.);
#1875=EDGE_CURVE('',#1406,#1407,#1125,.T.);
#1876=EDGE_CURVE('',#1407,#1408,#1264,.T.);
#1877=EDGE_CURVE('',#1409,#1408,#1126,.T.);
#1878=EDGE_CURVE('',#1409,#1410,#1265,.T.);
#1879=EDGE_CURVE('',#1410,#1411,#1127,.T.);
#1880=EDGE_CURVE('',#1411,#1412,#1266,.T.);
#1881=EDGE_CURVE('',#1413,#1412,#1128,.T.);
#1882=EDGE_CURVE('',#1413,#1414,#1267,.T.);
#1883=EDGE_CURVE('',#1414,#1415,#1129,.T.);
#1884=EDGE_CURVE('',#1415,#1416,#1268,.T.);
#1885=EDGE_CURVE('',#1417,#1416,#1130,.T.);
#1886=EDGE_CURVE('',#1417,#1418,#1269,.T.);
#1887=EDGE_CURVE('',#1418,#1419,#1131,.T.);
#1888=EDGE_CURVE('',#1419,#1420,#1270,.T.);
#1889=EDGE_CURVE('',#1421,#1420,#1132,.T.);
#1890=EDGE_CURVE('',#1421,#1422,#1271,.T.);
#1891=EDGE_CURVE('',#1422,#1423,#1133,.T.);
#1892=EDGE_CURVE('',#1423,#1424,#1272,.T.);
#1893=EDGE_CURVE('',#1425,#1424,#1134,.T.);
#1894=EDGE_CURVE('',#1425,#1426,#1273,.T.);
#1895=EDGE_CURVE('',#1426,#1427,#1135,.T.);
#1896=EDGE_CURVE('',#1427,#1428,#1274,.T.);
#1897=EDGE_CURVE('',#1429,#1428,#1136,.T.);
#1898=EDGE_CURVE('',#1429,#1430,#1275,.T.);
#1899=EDGE_CURVE('',#1430,#1431,#1137,.T.);
#1900=EDGE_CURVE('',#1431,#1432,#1276,.T.);
#1901=EDGE_CURVE('',#1433,#1432,#1138,.T.);
#1902=EDGE_CURVE('',#1433,#1434,#1277,.T.);
#1903=EDGE_CURVE('',#1434,#1435,#1139,.T.);
#1904=EDGE_CURVE('',#1435,#1436,#1278,.T.);
#1905=EDGE_CURVE('',#1437,#1436,#1140,.T.);
#1906=EDGE_CURVE('',#1437,#1438,#1279,.T.);
#1907=EDGE_CURVE('',#1438,#1439,#1141,.T.);
#1908=EDGE_CURVE('',#1439,#1440,#1280,.T.);
#1909=EDGE_CURVE('',#1441,#1440,#1142,.T.);
#1910=EDGE_CURVE('',#1441,#1442,#1281,.T.);
#1911=EDGE_CURVE('',#1442,#1443,#1143,.T.);
#1912=EDGE_CURVE('',#1443,#1444,#1282,.T.);
#1913=EDGE_CURVE('',#1445,#1444,#1144,.T.);
#1914=EDGE_CURVE('',#1445,#1446,#1283,.T.);
#1915=EDGE_CURVE('',#1446,#1447,#1145,.T.);
#1916=EDGE_CURVE('',#1447,#1448,#1284,.T.);
#1917=EDGE_CURVE('',#1449,#1448,#1146,.T.);
#1918=EDGE_CURVE('',#1449,#1450,#1285,.T.);
#1919=EDGE_CURVE('',#1450,#1451,#1147,.T.);
#1920=EDGE_CURVE('',#1451,#1452,#1286,.T.);
#1921=EDGE_CURVE('',#1453,#1452,#1148,.T.);
#1922=EDGE_CURVE('',#1453,#1454,#1287,.T.);
#1923=EDGE_CURVE('',#1454,#1455,#1149,.T.);
#1924=EDGE_CURVE('',#1455,#1456,#1288,.T.);
#1925=EDGE_CURVE('',#1457,#1456,#1150,.T.);
#1926=EDGE_CURVE('',#1457,#1458,#1289,.T.);
#1927=EDGE_CURVE('',#1458,#1459,#1151,.T.);
#1928=EDGE_CURVE('',#1459,#1460,#1290,.T.);
#1929=EDGE_CURVE('',#1461,#1460,#1152,.T.);
#1930=EDGE_CURVE('',#1461,#1462,#1291,.T.);
#1931=EDGE_CURVE('',#1462,#1463,#1153,.T.);
#1932=EDGE_CURVE('',#1463,#1464,#1292,.T.);
#1933=EDGE_CURVE('',#1465,#1464,#1154,.T.);
#1934=EDGE_CURVE('',#1465,#1466,#1293,.T.);
#1935=EDGE_CURVE('',#1466,#1467,#1155,.T.);
#1936=EDGE_CURVE('',#1467,#1468,#1294,.T.);
#1937=EDGE_CURVE('',#1469,#1468,#1156,.T.);
#1938=EDGE_CURVE('',#1469,#1470,#1295,.T.);
#1939=EDGE_CURVE('',#1470,#1471,#1157,.T.);
#1940=EDGE_CURVE('',#1471,#1472,#1296,.T.);
#1941=EDGE_CURVE('',#1473,#1472,#1158,.T.);
#1942=EDGE_CURVE('',#1473,#1474,#1297,.T.);
#1943=EDGE_CURVE('',#1474,#1475,#1159,.T.);
#1944=EDGE_CURVE('',#1475,#1476,#1298,.T.);
#1945=EDGE_CURVE('',#1477,#1476,#1160,.T.);
#1946=EDGE_CURVE('',#1477,#1478,#1299,.T.);
#1947=EDGE_CURVE('',#1478,#1479,#1161,.T.);
#1948=EDGE_CURVE('',#1479,#1480,#1300,.T.);
#1949=EDGE_CURVE('',#1369,#1480,#1162,.T.);
#1950=EDGE_CURVE('',#1481,#1482,#15,.T.);
#1951=EDGE_CURVE('',#1481,#1483,#16,.T.);
#1952=EDGE_CURVE('',#1483,#1484,#17,.T.);
#1953=EDGE_CURVE('',#1484,#1485,#18,.T.);
#1954=EDGE_CURVE('',#1482,#1485,#19,.T.);
#1955=EDGE_CURVE('',#1486,#1487,#20,.T.);
#1956=EDGE_CURVE('',#1486,#1488,#21,.T.);
#1957=EDGE_CURVE('',#1488,#1489,#22,.T.);
#1958=EDGE_CURVE('',#1489,#1490,#1301,.T.);
#1959=EDGE_CURVE('',#1490,#1487,#23,.T.);
#1960=EDGE_CURVE('',#1491,#1486,#24,.T.);
#1961=EDGE_CURVE('',#1491,#1492,#25,.T.);
#1962=EDGE_CURVE('',#1492,#1493,#26,.T.);
#1963=EDGE_CURVE('',#1493,#1488,#27,.T.);
#1964=EDGE_CURVE('',#1487,#1494,#28,.T.);
#1965=EDGE_CURVE('',#1495,#1494,#29,.T.);
#1966=EDGE_CURVE('',#1491,#1495,#30,.T.);
#1967=EDGE_CURVE('',#1496,#1497,#31,.T.);
#1968=EDGE_CURVE('',#1496,#1498,#32,.T.);
#1969=EDGE_CURVE('',#1498,#1499,#33,.T.);
#1970=EDGE_CURVE('',#1499,#1500,#1302,.T.);
#1971=EDGE_CURVE('',#1500,#1497,#34,.T.);
#1972=EDGE_CURVE('',#1501,#1496,#35,.T.);
#1973=EDGE_CURVE('',#1497,#1502,#36,.T.);
#1974=EDGE_CURVE('',#1503,#1502,#37,.T.);
#1975=EDGE_CURVE('',#1504,#1503,#38,.T.);
#1976=EDGE_CURVE('',#1501,#1504,#39,.T.);
#1977=EDGE_CURVE('',#1505,#1506,#40,.T.);
#1978=EDGE_CURVE('',#1505,#1507,#41,.T.);
#1979=EDGE_CURVE('',#1507,#1508,#42,.T.);
#1980=EDGE_CURVE('',#1508,#1509,#1303,.T.);
#1981=EDGE_CURVE('',#1509,#1506,#43,.T.);
#1982=EDGE_CURVE('',#1510,#1505,#44,.T.);
#1983=EDGE_CURVE('',#1510,#1511,#45,.T.);
#1984=EDGE_CURVE('',#1511,#1512,#46,.T.);
#1985=EDGE_CURVE('',#1512,#1507,#47,.T.);
#1986=EDGE_CURVE('',#1501,#1513,#48,.T.);
#1987=EDGE_CURVE('',#1513,#1514,#49,.T.);
#1988=EDGE_CURVE('',#1514,#1498,#50,.T.);
#1989=EDGE_CURVE('',#1506,#1515,#51,.T.);
#1990=EDGE_CURVE('',#1516,#1515,#52,.T.);
#1991=EDGE_CURVE('',#1510,#1516,#53,.T.);
#1992=EDGE_CURVE('',#1517,#1518,#54,.T.);
#1993=EDGE_CURVE('',#1517,#1519,#55,.T.);
#1994=EDGE_CURVE('',#1519,#1520,#56,.T.);
#1995=EDGE_CURVE('',#1520,#1521,#1304,.T.);
#1996=EDGE_CURVE('',#1521,#1518,#57,.T.);
#1997=EDGE_CURVE('',#1522,#1517,#58,.T.);
#1998=EDGE_CURVE('',#1518,#1523,#59,.T.);
#1999=EDGE_CURVE('',#1524,#1523,#60,.T.);
#2000=EDGE_CURVE('',#1522,#1524,#61,.T.);
#2001=EDGE_CURVE('',#1525,#1526,#62,.T.);
#2002=EDGE_CURVE('',#1525,#1527,#63,.T.);
#2003=EDGE_CURVE('',#1527,#1528,#64,.T.);
#2004=EDGE_CURVE('',#1528,#1529,#1305,.T.);
#2005=EDGE_CURVE('',#1529,#1526,#65,.T.);
#2006=EDGE_CURVE('',#1530,#1525,#66,.T.);
#2007=EDGE_CURVE('',#1530,#1531,#67,.T.);
#2008=EDGE_CURVE('',#1531,#1532,#68,.T.);
#2009=EDGE_CURVE('',#1532,#1527,#69,.T.);
#2010=EDGE_CURVE('',#1522,#1533,#70,.T.);
#2011=EDGE_CURVE('',#1533,#1534,#71,.T.);
#2012=EDGE_CURVE('',#1534,#1519,#72,.T.);
#2013=EDGE_CURVE('',#1526,#1535,#73,.T.);
#2014=EDGE_CURVE('',#1536,#1535,#74,.T.);
#2015=EDGE_CURVE('',#1530,#1536,#75,.T.);
#2016=EDGE_CURVE('',#1537,#1538,#76,.T.);
#2017=EDGE_CURVE('',#1537,#1539,#77,.T.);
#2018=EDGE_CURVE('',#1539,#1540,#78,.T.);
#2019=EDGE_CURVE('',#1540,#1541,#1306,.T.);
#2020=EDGE_CURVE('',#1541,#1538,#79,.T.);
#2021=EDGE_CURVE('',#1542,#1537,#80,.T.);
#2022=EDGE_CURVE('',#1538,#1543,#81,.T.);
#2023=EDGE_CURVE('',#1544,#1543,#82,.T.);
#2024=EDGE_CURVE('',#1542,#1544,#83,.T.);
#2025=EDGE_CURVE('',#1545,#1546,#84,.T.);
#2026=EDGE_CURVE('',#1545,#1547,#85,.T.);
#2027=EDGE_CURVE('',#1547,#1548,#86,.T.);
#2028=EDGE_CURVE('',#1548,#1549,#1307,.T.);
#2029=EDGE_CURVE('',#1549,#1546,#87,.T.);
#2030=EDGE_CURVE('',#1550,#1545,#88,.T.);
#2031=EDGE_CURVE('',#1550,#1551,#89,.T.);
#2032=EDGE_CURVE('',#1551,#1552,#90,.T.);
#2033=EDGE_CURVE('',#1552,#1547,#91,.T.);
#2034=EDGE_CURVE('',#1542,#1553,#92,.T.);
#2035=EDGE_CURVE('',#1553,#1554,#93,.T.);
#2036=EDGE_CURVE('',#1554,#1539,#94,.T.);
#2037=EDGE_CURVE('',#1546,#1555,#95,.T.);
#2038=EDGE_CURVE('',#1556,#1555,#96,.T.);
#2039=EDGE_CURVE('',#1550,#1556,#97,.T.);
#2040=EDGE_CURVE('',#1557,#1558,#98,.T.);
#2041=EDGE_CURVE('',#1557,#1559,#99,.T.);
#2042=EDGE_CURVE('',#1559,#1560,#100,.T.);
#2043=EDGE_CURVE('',#1560,#1561,#1308,.T.);
#2044=EDGE_CURVE('',#1561,#1558,#101,.T.);
#2045=EDGE_CURVE('',#1562,#1557,#102,.T.);
#2046=EDGE_CURVE('',#1558,#1563,#103,.T.);
#2047=EDGE_CURVE('',#1564,#1563,#104,.T.);
#2048=EDGE_CURVE('',#1562,#1564,#105,.T.);
#2049=EDGE_CURVE('',#1565,#1566,#106,.T.);
#2050=EDGE_CURVE('',#1565,#1567,#107,.T.);
#2051=EDGE_CURVE('',#1567,#1568,#108,.T.);
#2052=EDGE_CURVE('',#1568,#1569,#1309,.T.);
#2053=EDGE_CURVE('',#1569,#1566,#109,.T.);
#2054=EDGE_CURVE('',#1570,#1565,#110,.T.);
#2055=EDGE_CURVE('',#1570,#1571,#111,.T.);
#2056=EDGE_CURVE('',#1571,#1572,#112,.T.);
#2057=EDGE_CURVE('',#1572,#1567,#113,.T.);
#2058=EDGE_CURVE('',#1562,#1573,#114,.T.);
#2059=EDGE_CURVE('',#1573,#1574,#115,.T.);
#2060=EDGE_CURVE('',#1574,#1559,#116,.T.);
#2061=EDGE_CURVE('',#1566,#1575,#117,.T.);
#2062=EDGE_CURVE('',#1576,#1575,#118,.T.);
#2063=EDGE_CURVE('',#1570,#1576,#119,.T.);
#2064=EDGE_CURVE('',#1577,#1578,#120,.T.);
#2065=EDGE_CURVE('',#1577,#1579,#121,.T.);
#2066=EDGE_CURVE('',#1579,#1580,#122,.T.);
#2067=EDGE_CURVE('',#1580,#1581,#1310,.T.);
#2068=EDGE_CURVE('',#1581,#1578,#123,.T.);
#2069=EDGE_CURVE('',#1582,#1577,#124,.T.);
#2070=EDGE_CURVE('',#1578,#1583,#125,.T.);
#2071=EDGE_CURVE('',#1584,#1583,#126,.T.);
#2072=EDGE_CURVE('',#1582,#1584,#127,.T.);
#2073=EDGE_CURVE('',#1585,#1586,#128,.T.);
#2074=EDGE_CURVE('',#1585,#1587,#129,.T.);
#2075=EDGE_CURVE('',#1587,#1588,#130,.T.);
#2076=EDGE_CURVE('',#1588,#1589,#1311,.T.);
#2077=EDGE_CURVE('',#1589,#1586,#131,.T.);
#2078=EDGE_CURVE('',#1590,#1585,#132,.T.);
#2079=EDGE_CURVE('',#1590,#1591,#133,.T.);
#2080=EDGE_CURVE('',#1591,#1592,#134,.T.);
#2081=EDGE_CURVE('',#1592,#1587,#135,.T.);
#2082=EDGE_CURVE('',#1582,#1593,#136,.T.);
#2083=EDGE_CURVE('',#1593,#1594,#137,.T.);
#2084=EDGE_CURVE('',#1594,#1579,#138,.T.);
#2085=EDGE_CURVE('',#1586,#1595,#139,.T.);
#2086=EDGE_CURVE('',#1596,#1595,#140,.T.);
#2087=EDGE_CURVE('',#1590,#1596,#141,.T.);
#2088=EDGE_CURVE('',#1597,#1598,#142,.T.);
#2089=EDGE_CURVE('',#1597,#1599,#143,.T.);
#2090=EDGE_CURVE('',#1599,#1600,#144,.T.);
#2091=EDGE_CURVE('',#1600,#1601,#1312,.T.);
#2092=EDGE_CURVE('',#1601,#1598,#145,.T.);
#2093=EDGE_CURVE('',#1602,#1597,#146,.T.);
#2094=EDGE_CURVE('',#1598,#1603,#147,.T.);
#2095=EDGE_CURVE('',#1604,#1603,#148,.T.);
#2096=EDGE_CURVE('',#1602,#1604,#149,.T.);
#2097=EDGE_CURVE('',#1605,#1606,#150,.T.);
#2098=EDGE_CURVE('',#1605,#1607,#151,.T.);
#2099=EDGE_CURVE('',#1607,#1608,#152,.T.);
#2100=EDGE_CURVE('',#1608,#1609,#1313,.T.);
#2101=EDGE_CURVE('',#1609,#1606,#153,.T.);
#2102=EDGE_CURVE('',#1610,#1605,#154,.T.);
#2103=EDGE_CURVE('',#1610,#1611,#155,.T.);
#2104=EDGE_CURVE('',#1611,#1612,#156,.T.);
#2105=EDGE_CURVE('',#1612,#1607,#157,.T.);
#2106=EDGE_CURVE('',#1602,#1613,#158,.T.);
#2107=EDGE_CURVE('',#1613,#1614,#159,.T.);
#2108=EDGE_CURVE('',#1614,#1599,#160,.T.);
#2109=EDGE_CURVE('',#1606,#1615,#161,.T.);
#2110=EDGE_CURVE('',#1616,#1615,#162,.T.);
#2111=EDGE_CURVE('',#1610,#1616,#163,.T.);
#2112=EDGE_CURVE('',#1617,#1618,#164,.T.);
#2113=EDGE_CURVE('',#1617,#1619,#165,.T.);
#2114=EDGE_CURVE('',#1619,#1620,#166,.T.);
#2115=EDGE_CURVE('',#1620,#1621,#1314,.T.);
#2116=EDGE_CURVE('',#1621,#1618,#167,.T.);
#2117=EDGE_CURVE('',#1622,#1617,#168,.T.);
#2118=EDGE_CURVE('',#1618,#1623,#169,.T.);
#2119=EDGE_CURVE('',#1624,#1623,#170,.T.);
#2120=EDGE_CURVE('',#1622,#1624,#171,.T.);
#2121=EDGE_CURVE('',#1625,#1626,#172,.T.);
#2122=EDGE_CURVE('',#1625,#1627,#173,.T.);
#2123=EDGE_CURVE('',#1627,#1628,#174,.T.);
#2124=EDGE_CURVE('',#1628,#1629,#1315,.T.);
#2125=EDGE_CURVE('',#1629,#1626,#175,.T.);
#2126=EDGE_CURVE('',#1630,#1625,#176,.T.);
#2127=EDGE_CURVE('',#1630,#1631,#177,.T.);
#2128=EDGE_CURVE('',#1631,#1632,#178,.T.);
#2129=EDGE_CURVE('',#1632,#1627,#179,.T.);
#2130=EDGE_CURVE('',#1622,#1633,#180,.T.);
#2131=EDGE_CURVE('',#1633,#1634,#181,.T.);
#2132=EDGE_CURVE('',#1634,#1619,#182,.T.);
#2133=EDGE_CURVE('',#1626,#1635,#183,.T.);
#2134=EDGE_CURVE('',#1636,#1635,#184,.T.);
#2135=EDGE_CURVE('',#1630,#1636,#185,.T.);
#2136=EDGE_CURVE('',#1637,#1638,#186,.T.);
#2137=EDGE_CURVE('',#1637,#1639,#187,.T.);
#2138=EDGE_CURVE('',#1639,#1640,#188,.T.);
#2139=EDGE_CURVE('',#1640,#1641,#1316,.T.);
#2140=EDGE_CURVE('',#1641,#1638,#189,.T.);
#2141=EDGE_CURVE('',#1642,#1637,#190,.T.);
#2142=EDGE_CURVE('',#1638,#1643,#191,.T.);
#2143=EDGE_CURVE('',#1644,#1643,#192,.T.);
#2144=EDGE_CURVE('',#1642,#1644,#193,.T.);
#2145=EDGE_CURVE('',#1645,#1646,#194,.T.);
#2146=EDGE_CURVE('',#1645,#1647,#195,.T.);
#2147=EDGE_CURVE('',#1647,#1648,#196,.T.);
#2148=EDGE_CURVE('',#1648,#1649,#1317,.T.);
#2149=EDGE_CURVE('',#1649,#1646,#197,.T.);
#2150=EDGE_CURVE('',#1650,#1645,#198,.T.);
#2151=EDGE_CURVE('',#1650,#1651,#199,.T.);
#2152=EDGE_CURVE('',#1651,#1652,#200,.T.);
#2153=EDGE_CURVE('',#1652,#1647,#201,.T.);
#2154=EDGE_CURVE('',#1642,#1653,#202,.T.);
#2155=EDGE_CURVE('',#1653,#1654,#203,.T.);
#2156=EDGE_CURVE('',#1654,#1639,#204,.T.);
#2157=EDGE_CURVE('',#1646,#1655,#205,.T.);
#2158=EDGE_CURVE('',#1656,#1655,#206,.T.);
#2159=EDGE_CURVE('',#1650,#1656,#207,.T.);
#2160=EDGE_CURVE('',#1657,#1658,#208,.T.);
#2161=EDGE_CURVE('',#1657,#1659,#209,.T.);
#2162=EDGE_CURVE('',#1659,#1660,#210,.T.);
#2163=EDGE_CURVE('',#1660,#1661,#1318,.T.);
#2164=EDGE_CURVE('',#1661,#1658,#211,.T.);
#2165=EDGE_CURVE('',#1662,#1657,#212,.T.);
#2166=EDGE_CURVE('',#1658,#1663,#213,.T.);
#2167=EDGE_CURVE('',#1664,#1663,#214,.T.);
#2168=EDGE_CURVE('',#1662,#1664,#215,.T.);
#2169=EDGE_CURVE('',#1665,#1666,#216,.T.);
#2170=EDGE_CURVE('',#1665,#1667,#217,.T.);
#2171=EDGE_CURVE('',#1667,#1668,#218,.T.);
#2172=EDGE_CURVE('',#1668,#1669,#1319,.T.);
#2173=EDGE_CURVE('',#1669,#1666,#219,.T.);
#2174=EDGE_CURVE('',#1670,#1665,#220,.T.);
#2175=EDGE_CURVE('',#1670,#1671,#221,.T.);
#2176=EDGE_CURVE('',#1671,#1672,#222,.T.);
#2177=EDGE_CURVE('',#1672,#1667,#223,.T.);
#2178=EDGE_CURVE('',#1662,#1673,#224,.T.);
#2179=EDGE_CURVE('',#1673,#1674,#225,.T.);
#2180=EDGE_CURVE('',#1674,#1659,#226,.T.);
#2181=EDGE_CURVE('',#1666,#1675,#227,.T.);
#2182=EDGE_CURVE('',#1676,#1675,#228,.T.);
#2183=EDGE_CURVE('',#1670,#1676,#229,.T.);
#2184=EDGE_CURVE('',#1677,#1678,#230,.T.);
#2185=EDGE_CURVE('',#1677,#1679,#231,.T.);
#2186=EDGE_CURVE('',#1679,#1680,#232,.T.);
#2187=EDGE_CURVE('',#1680,#1681,#1320,.T.);
#2188=EDGE_CURVE('',#1681,#1678,#233,.T.);
#2189=EDGE_CURVE('',#1682,#1677,#234,.T.);
#2190=EDGE_CURVE('',#1678,#1683,#235,.T.);
#2191=EDGE_CURVE('',#1684,#1683,#236,.T.);
#2192=EDGE_CURVE('',#1682,#1684,#237,.T.);
#2193=EDGE_CURVE('',#1685,#1686,#238,.T.);
#2194=EDGE_CURVE('',#1685,#1687,#239,.T.);
#2195=EDGE_CURVE('',#1687,#1688,#240,.T.);
#2196=EDGE_CURVE('',#1688,#1689,#1321,.T.);
#2197=EDGE_CURVE('',#1689,#1686,#241,.T.);
#2198=EDGE_CURVE('',#1690,#1685,#242,.T.);
#2199=EDGE_CURVE('',#1690,#1691,#243,.T.);
#2200=EDGE_CURVE('',#1691,#1692,#244,.T.);
#2201=EDGE_CURVE('',#1692,#1687,#245,.T.);
#2202=EDGE_CURVE('',#1682,#1693,#246,.T.);
#2203=EDGE_CURVE('',#1693,#1694,#247,.T.);
#2204=EDGE_CURVE('',#1694,#1679,#248,.T.);
#2205=EDGE_CURVE('',#1686,#1695,#249,.T.);
#2206=EDGE_CURVE('',#1696,#1695,#250,.T.);
#2207=EDGE_CURVE('',#1690,#1696,#251,.T.);
#2208=EDGE_CURVE('',#1697,#1698,#252,.T.);
#2209=EDGE_CURVE('',#1697,#1699,#253,.T.);
#2210=EDGE_CURVE('',#1699,#1700,#254,.T.);
#2211=EDGE_CURVE('',#1700,#1701,#1322,.T.);
#2212=EDGE_CURVE('',#1701,#1698,#255,.T.);
#2213=EDGE_CURVE('',#1702,#1697,#256,.T.);
#2214=EDGE_CURVE('',#1698,#1703,#257,.T.);
#2215=EDGE_CURVE('',#1704,#1703,#258,.T.);
#2216=EDGE_CURVE('',#1702,#1704,#259,.T.);
#2217=EDGE_CURVE('',#1705,#1706,#260,.T.);
#2218=EDGE_CURVE('',#1705,#1707,#261,.T.);
#2219=EDGE_CURVE('',#1707,#1708,#262,.T.);
#2220=EDGE_CURVE('',#1708,#1709,#1323,.T.);
#2221=EDGE_CURVE('',#1709,#1706,#263,.T.);
#2222=EDGE_CURVE('',#1710,#1705,#264,.T.);
#2223=EDGE_CURVE('',#1710,#1711,#265,.T.);
#2224=EDGE_CURVE('',#1711,#1712,#266,.T.);
#2225=EDGE_CURVE('',#1712,#1707,#267,.T.);
#2226=EDGE_CURVE('',#1702,#1713,#268,.T.);
#2227=EDGE_CURVE('',#1713,#1714,#269,.T.);
#2228=EDGE_CURVE('',#1714,#1699,#270,.T.);
#2229=EDGE_CURVE('',#1706,#1715,#271,.T.);
#2230=EDGE_CURVE('',#1716,#1715,#272,.T.);
#2231=EDGE_CURVE('',#1710,#1716,#273,.T.);
#2232=EDGE_CURVE('',#1717,#1718,#274,.T.);
#2233=EDGE_CURVE('',#1717,#1719,#275,.T.);
#2234=EDGE_CURVE('',#1719,#1720,#276,.T.);
#2235=EDGE_CURVE('',#1720,#1721,#1324,.T.);
#2236=EDGE_CURVE('',#1721,#1718,#277,.T.);
#2237=EDGE_CURVE('',#1722,#1717,#278,.T.);
#2238=EDGE_CURVE('',#1718,#1723,#279,.T.);
#2239=EDGE_CURVE('',#1724,#1723,#280,.T.);
#2240=EDGE_CURVE('',#1722,#1724,#281,.T.);
#2241=EDGE_CURVE('',#1725,#1726,#282,.T.);
#2242=EDGE_CURVE('',#1725,#1727,#283,.T.);
#2243=EDGE_CURVE('',#1727,#1728,#284,.T.);
#2244=EDGE_CURVE('',#1728,#1729,#1325,.T.);
#2245=EDGE_CURVE('',#1729,#1726,#285,.T.);
#2246=EDGE_CURVE('',#1730,#1725,#286,.T.);
#2247=EDGE_CURVE('',#1730,#1731,#287,.T.);
#2248=EDGE_CURVE('',#1731,#1732,#288,.T.);
#2249=EDGE_CURVE('',#1732,#1727,#289,.T.);
#2250=EDGE_CURVE('',#1722,#1733,#290,.T.);
#2251=EDGE_CURVE('',#1733,#1734,#291,.T.);
#2252=EDGE_CURVE('',#1734,#1719,#292,.T.);
#2253=EDGE_CURVE('',#1726,#1735,#293,.T.);
#2254=EDGE_CURVE('',#1736,#1735,#294,.T.);
#2255=EDGE_CURVE('',#1730,#1736,#295,.T.);
#2256=EDGE_CURVE('',#1737,#1738,#296,.T.);
#2257=EDGE_CURVE('',#1737,#1739,#297,.T.);
#2258=EDGE_CURVE('',#1739,#1740,#298,.T.);
#2259=EDGE_CURVE('',#1740,#1741,#1326,.T.);
#2260=EDGE_CURVE('',#1741,#1738,#299,.T.);
#2261=EDGE_CURVE('',#1742,#1737,#300,.T.);
#2262=EDGE_CURVE('',#1738,#1743,#301,.T.);
#2263=EDGE_CURVE('',#1744,#1743,#302,.T.);
#2264=EDGE_CURVE('',#1742,#1744,#303,.T.);
#2265=EDGE_CURVE('',#1745,#1746,#304,.T.);
#2266=EDGE_CURVE('',#1745,#1747,#305,.T.);
#2267=EDGE_CURVE('',#1747,#1748,#306,.T.);
#2268=EDGE_CURVE('',#1748,#1749,#1327,.T.);
#2269=EDGE_CURVE('',#1749,#1746,#307,.T.);
#2270=EDGE_CURVE('',#1750,#1745,#308,.T.);
#2271=EDGE_CURVE('',#1750,#1751,#309,.T.);
#2272=EDGE_CURVE('',#1751,#1752,#310,.T.);
#2273=EDGE_CURVE('',#1752,#1747,#311,.T.);
#2274=EDGE_CURVE('',#1742,#1753,#312,.T.);
#2275=EDGE_CURVE('',#1753,#1754,#313,.T.);
#2276=EDGE_CURVE('',#1754,#1739,#314,.T.);
#2277=EDGE_CURVE('',#1362,#1504,#1163,.T.);
#2278=EDGE_CURVE('',#1503,#1755,#315,.T.);
#2279=EDGE_CURVE('',#1755,#1756,#1328,.T.);
#2280=EDGE_CURVE('',#1756,#1492,#316,.T.);
#2281=EDGE_CURVE('',#1495,#1757,#317,.T.);
#2282=EDGE_CURVE('',#1757,#1758,#1329,.T.);
#2283=EDGE_CURVE('',#1758,#1511,#318,.T.);
#2284=EDGE_CURVE('',#1516,#1759,#319,.T.);
#2285=EDGE_CURVE('',#1759,#1760,#1330,.T.);
#2286=EDGE_CURVE('',#1760,#1531,#320,.T.);
#2287=EDGE_CURVE('',#1536,#1761,#321,.T.);
#2288=EDGE_CURVE('',#1761,#1762,#1331,.T.);
#2289=EDGE_CURVE('',#1762,#1551,#322,.T.);
#2290=EDGE_CURVE('',#1556,#1763,#323,.T.);
#2291=EDGE_CURVE('',#1763,#1764,#1332,.T.);
#2292=EDGE_CURVE('',#1764,#1571,#324,.T.);
#2293=EDGE_CURVE('',#1576,#1765,#325,.T.);
#2294=EDGE_CURVE('',#1765,#1766,#1333,.T.);
#2295=EDGE_CURVE('',#1766,#1591,#326,.T.);
#2296=EDGE_CURVE('',#1596,#1767,#327,.T.);
#2297=EDGE_CURVE('',#1767,#1768,#1334,.T.);
#2298=EDGE_CURVE('',#1768,#1611,#328,.T.);
#2299=EDGE_CURVE('',#1616,#1769,#329,.T.);
#2300=EDGE_CURVE('',#1769,#1770,#1335,.T.);
#2301=EDGE_CURVE('',#1770,#1631,#330,.T.);
#2302=EDGE_CURVE('',#1636,#1771,#331,.T.);
#2303=EDGE_CURVE('',#1771,#1772,#1336,.T.);
#2304=EDGE_CURVE('',#1772,#1651,#332,.T.);
#2305=EDGE_CURVE('',#1656,#1773,#333,.T.);
#2306=EDGE_CURVE('',#1773,#1774,#1337,.T.);
#2307=EDGE_CURVE('',#1774,#1671,#334,.T.);
#2308=EDGE_CURVE('',#1676,#1775,#335,.T.);
#2309=EDGE_CURVE('',#1775,#1776,#1338,.T.);
#2310=EDGE_CURVE('',#1776,#1691,#336,.T.);
#2311=EDGE_CURVE('',#1696,#1777,#337,.T.);
#2312=EDGE_CURVE('',#1777,#1778,#1339,.T.);
#2313=EDGE_CURVE('',#1778,#1711,#338,.T.);
#2314=EDGE_CURVE('',#1716,#1779,#339,.T.);
#2315=EDGE_CURVE('',#1779,#1780,#1340,.T.);
#2316=EDGE_CURVE('',#1780,#1731,#340,.T.);
#2317=EDGE_CURVE('',#1736,#1781,#341,.T.);
#2318=EDGE_CURVE('',#1781,#1782,#1341,.T.);
#2319=EDGE_CURVE('',#1782,#1751,#342,.T.);
#2320=EDGE_CURVE('',#1750,#1783,#343,.T.);
#2321=EDGE_CURVE('',#1783,#1784,#344,.T.);
#2322=EDGE_CURVE('',#1784,#1785,#1342,.T.);
#2323=EDGE_CURVE('',#1785,#1483,#345,.T.);
#2324=EDGE_CURVE('',#1481,#1786,#346,.T.);
#2325=EDGE_CURVE('',#1786,#1787,#347,.T.);
#2326=EDGE_CURVE('',#1787,#1788,#1343,.T.);
#2327=EDGE_CURVE('',#1788,#1753,#348,.T.);
#2328=EDGE_CURVE('',#1744,#1789,#349,.T.);
#2329=EDGE_CURVE('',#1789,#1790,#1344,.T.);
#2330=EDGE_CURVE('',#1790,#1733,#350,.T.);
#2331=EDGE_CURVE('',#1724,#1791,#351,.T.);
#2332=EDGE_CURVE('',#1791,#1792,#1345,.T.);
#2333=EDGE_CURVE('',#1792,#1713,#352,.T.);
#2334=EDGE_CURVE('',#1704,#1793,#353,.T.);
#2335=EDGE_CURVE('',#1793,#1794,#1346,.T.);
#2336=EDGE_CURVE('',#1794,#1693,#354,.T.);
#2337=EDGE_CURVE('',#1684,#1795,#355,.T.);
#2338=EDGE_CURVE('',#1795,#1796,#1347,.T.);
#2339=EDGE_CURVE('',#1796,#1673,#356,.T.);
#2340=EDGE_CURVE('',#1664,#1797,#357,.T.);
#2341=EDGE_CURVE('',#1797,#1798,#1348,.T.);
#2342=EDGE_CURVE('',#1798,#1653,#358,.T.);
#2343=EDGE_CURVE('',#1644,#1799,#359,.T.);
#2344=EDGE_CURVE('',#1799,#1800,#1349,.T.);
#2345=EDGE_CURVE('',#1800,#1633,#360,.T.);
#2346=EDGE_CURVE('',#1624,#1801,#361,.T.);
#2347=EDGE_CURVE('',#1801,#1802,#1350,.T.);
#2348=EDGE_CURVE('',#1802,#1613,#362,.T.);
#2349=EDGE_CURVE('',#1604,#1803,#363,.T.);
#2350=EDGE_CURVE('',#1803,#1804,#1351,.T.);
#2351=EDGE_CURVE('',#1804,#1593,#364,.T.);
#2352=EDGE_CURVE('',#1584,#1805,#365,.T.);
#2353=EDGE_CURVE('',#1805,#1806,#1352,.T.);
#2354=EDGE_CURVE('',#1806,#1573,#366,.T.);
#2355=EDGE_CURVE('',#1564,#1807,#367,.T.);
#2356=EDGE_CURVE('',#1807,#1808,#1353,.T.);
#2357=EDGE_CURVE('',#1808,#1553,#368,.T.);
#2358=EDGE_CURVE('',#1544,#1809,#369,.T.);
#2359=EDGE_CURVE('',#1809,#1810,#1354,.T.);
#2360=EDGE_CURVE('',#1810,#1533,#370,.T.);
#2361=EDGE_CURVE('',#1524,#1811,#371,.T.);
#2362=EDGE_CURVE('',#1811,#1812,#1355,.T.);
#2363=EDGE_CURVE('',#1812,#1513,#372,.T.);
#2364=EDGE_CURVE('',#1746,#1813,#373,.T.);
#2365=EDGE_CURVE('',#1783,#1813,#374,.T.);
#2366=EDGE_CURVE('',#1482,#1814,#375,.T.);
#2367=EDGE_CURVE('',#1485,#1815,#376,.T.);
#2368=EDGE_CURVE('',#1815,#1816,#1356,.T.);
#2369=EDGE_CURVE('',#1816,#1814,#377,.T.);
#2370=EDGE_CURVE('',#1814,#1817,#378,.T.);
#2371=EDGE_CURVE('',#1786,#1817,#379,.T.);
#2372=EDGE_CURVE('',#1477,#1756,#380,.T.);
#2373=EDGE_CURVE('',#1489,#1476,#381,.T.);
#2374=EDGE_CURVE('',#1755,#1478,#382,.T.);
#2375=EDGE_CURVE('',#1479,#1500,#383,.T.);
#2376=EDGE_CURVE('',#1499,#1480,#384,.T.);
#2377=EDGE_CURVE('',#1369,#1812,#385,.T.);
#2378=EDGE_CURVE('',#1811,#1370,#386,.T.);
#2379=EDGE_CURVE('',#1371,#1521,#387,.T.);
#2380=EDGE_CURVE('',#1520,#1372,#388,.T.);
#2381=EDGE_CURVE('',#1373,#1810,#389,.T.);
#2382=EDGE_CURVE('',#1809,#1374,#390,.T.);
#2383=EDGE_CURVE('',#1375,#1541,#391,.T.);
#2384=EDGE_CURVE('',#1540,#1376,#392,.T.);
#2385=EDGE_CURVE('',#1377,#1808,#393,.T.);
#2386=EDGE_CURVE('',#1807,#1378,#394,.T.);
#2387=EDGE_CURVE('',#1379,#1561,#395,.T.);
#2388=EDGE_CURVE('',#1560,#1380,#396,.T.);
#2389=EDGE_CURVE('',#1381,#1806,#397,.T.);
#2390=EDGE_CURVE('',#1805,#1382,#398,.T.);
#2391=EDGE_CURVE('',#1383,#1581,#399,.T.);
#2392=EDGE_CURVE('',#1580,#1384,#400,.T.);
#2393=EDGE_CURVE('',#1385,#1804,#401,.T.);
#2394=EDGE_CURVE('',#1803,#1386,#402,.T.);
#2395=EDGE_CURVE('',#1387,#1601,#403,.T.);
#2396=EDGE_CURVE('',#1600,#1388,#404,.T.);
#2397=EDGE_CURVE('',#1389,#1802,#405,.T.);
#2398=EDGE_CURVE('',#1801,#1390,#406,.T.);
#2399=EDGE_CURVE('',#1391,#1621,#407,.T.);
#2400=EDGE_CURVE('',#1620,#1392,#408,.T.);
#2401=EDGE_CURVE('',#1393,#1800,#409,.T.);
#2402=EDGE_CURVE('',#1799,#1394,#410,.T.);
#2403=EDGE_CURVE('',#1395,#1641,#411,.T.);
#2404=EDGE_CURVE('',#1640,#1396,#412,.T.);
#2405=EDGE_CURVE('',#1397,#1798,#413,.T.);
#2406=EDGE_CURVE('',#1797,#1398,#414,.T.);
#2407=EDGE_CURVE('',#1399,#1661,#415,.T.);
#2408=EDGE_CURVE('',#1660,#1400,#416,.T.);
#2409=EDGE_CURVE('',#1401,#1796,#417,.T.);
#2410=EDGE_CURVE('',#1795,#1402,#418,.T.);
#2411=EDGE_CURVE('',#1403,#1681,#419,.T.);
#2412=EDGE_CURVE('',#1680,#1404,#420,.T.);
#2413=EDGE_CURVE('',#1405,#1794,#421,.T.);
#2414=EDGE_CURVE('',#1793,#1406,#422,.T.);
#2415=EDGE_CURVE('',#1407,#1701,#423,.T.);
#2416=EDGE_CURVE('',#1700,#1408,#424,.T.);
#2417=EDGE_CURVE('',#1409,#1792,#425,.T.);
#2418=EDGE_CURVE('',#1791,#1410,#426,.T.);
#2419=EDGE_CURVE('',#1411,#1721,#427,.T.);
#2420=EDGE_CURVE('',#1720,#1412,#428,.T.);
#2421=EDGE_CURVE('',#1413,#1790,#429,.T.);
#2422=EDGE_CURVE('',#1789,#1414,#430,.T.);
#2423=EDGE_CURVE('',#1415,#1741,#431,.T.);
#2424=EDGE_CURVE('',#1740,#1416,#432,.T.);
#2425=EDGE_CURVE('',#1417,#1788,#433,.T.);
#2426=EDGE_CURVE('',#1787,#1418,#434,.T.);
#2427=EDGE_CURVE('',#1419,#1816,#435,.T.);
#2428=EDGE_CURVE('',#1815,#1420,#436,.T.);
#2429=EDGE_CURVE('',#1475,#1490,#437,.T.);
#2430=EDGE_CURVE('',#1757,#1474,#438,.T.);
#2431=EDGE_CURVE('',#1508,#1472,#439,.T.);
#2432=EDGE_CURVE('',#1471,#1509,#440,.T.);
#2433=EDGE_CURVE('',#1473,#1758,#441,.T.);
#2434=EDGE_CURVE('',#1759,#1470,#442,.T.);
#2435=EDGE_CURVE('',#1528,#1468,#443,.T.);
#2436=EDGE_CURVE('',#1467,#1529,#444,.T.);
#2437=EDGE_CURVE('',#1469,#1760,#445,.T.);
#2438=EDGE_CURVE('',#1761,#1466,#446,.T.);
#2439=EDGE_CURVE('',#1548,#1464,#447,.T.);
#2440=EDGE_CURVE('',#1463,#1549,#448,.T.);
#2441=EDGE_CURVE('',#1465,#1762,#449,.T.);
#2442=EDGE_CURVE('',#1763,#1462,#450,.T.);
#2443=EDGE_CURVE('',#1568,#1460,#451,.T.);
#2444=EDGE_CURVE('',#1459,#1569,#452,.T.);
#2445=EDGE_CURVE('',#1461,#1764,#453,.T.);
#2446=EDGE_CURVE('',#1765,#1458,#454,.T.);
#2447=EDGE_CURVE('',#1588,#1456,#455,.T.);
#2448=EDGE_CURVE('',#1455,#1589,#456,.T.);
#2449=EDGE_CURVE('',#1457,#1766,#457,.T.);
#2450=EDGE_CURVE('',#1767,#1454,#458,.T.);
#2451=EDGE_CURVE('',#1608,#1452,#459,.T.);
#2452=EDGE_CURVE('',#1451,#1609,#460,.T.);
#2453=EDGE_CURVE('',#1453,#1768,#461,.T.);
#2454=EDGE_CURVE('',#1769,#1450,#462,.T.);
#2455=EDGE_CURVE('',#1628,#1448,#463,.T.);
#2456=EDGE_CURVE('',#1447,#1629,#464,.T.);
#2457=EDGE_CURVE('',#1449,#1770,#465,.T.);
#2458=EDGE_CURVE('',#1771,#1446,#466,.T.);
#2459=EDGE_CURVE('',#1648,#1444,#467,.T.);
#2460=EDGE_CURVE('',#1443,#1649,#468,.T.);
#2461=EDGE_CURVE('',#1445,#1772,#469,.T.);
#2462=EDGE_CURVE('',#1773,#1442,#470,.T.);
#2463=EDGE_CURVE('',#1668,#1440,#471,.T.);
#2464=EDGE_CURVE('',#1439,#1669,#472,.T.);
#2465=EDGE_CURVE('',#1441,#1774,#473,.T.);
#2466=EDGE_CURVE('',#1775,#1438,#474,.T.);
#2467=EDGE_CURVE('',#1688,#1436,#475,.T.);
#2468=EDGE_CURVE('',#1435,#1689,#476,.T.);
#2469=EDGE_CURVE('',#1437,#1776,#477,.T.);
#2470=EDGE_CURVE('',#1777,#1434,#478,.T.);
#2471=EDGE_CURVE('',#1708,#1432,#479,.T.);
#2472=EDGE_CURVE('',#1431,#1709,#480,.T.);
#2473=EDGE_CURVE('',#1433,#1778,#481,.T.);
#2474=EDGE_CURVE('',#1779,#1430,#482,.T.);
#2475=EDGE_CURVE('',#1728,#1428,#483,.T.);
#2476=EDGE_CURVE('',#1427,#1729,#484,.T.);
#2477=EDGE_CURVE('',#1429,#1780,#485,.T.);
#2478=EDGE_CURVE('',#1781,#1426,#486,.T.);
#2479=EDGE_CURVE('',#1748,#1424,#487,.T.);
#2480=EDGE_CURVE('',#1423,#1749,#488,.T.);
#2481=EDGE_CURVE('',#1425,#1782,#489,.T.);
#2482=EDGE_CURVE('',#1784,#1422,#490,.T.);
#2483=EDGE_CURVE('',#1421,#1785,#491,.T.);
#2484=EDGE_CURVE('',#1818,#1819,#1164,.T.);
#2485=EDGE_CURVE('',#1819,#1818,#1357,.T.);
#2486=EDGE_CURVE('',#1820,#1818,#1165,.T.);
#2487=EDGE_CURVE('',#1821,#1820,#1166,.T.);
#2488=EDGE_CURVE('',#1819,#1821,#1167,.F.);
#2489=EDGE_CURVE('',#1820,#1821,#1358,.T.);
#2490=ORIENTED_EDGE('',*,*,#1822,.T.);
#2491=ORIENTED_EDGE('',*,*,#1823,.T.);
#2492=ORIENTED_EDGE('',*,*,#1824,.T.);
#2493=ORIENTED_EDGE('',*,*,#1823,.F.);
#2494=ORIENTED_EDGE('',*,*,#1824,.F.);
#2495=ORIENTED_EDGE('',*,*,#1825,.T.);
#2496=ORIENTED_EDGE('',*,*,#1826,.T.);
#2497=ORIENTED_EDGE('',*,*,#1825,.F.);
#2498=ORIENTED_EDGE('',*,*,#1827,.F.);
#2499=ORIENTED_EDGE('',*,*,#1822,.F.);
#2500=ORIENTED_EDGE('',*,*,#1828,.T.);
#2501=ORIENTED_EDGE('',*,*,#1829,.T.);
#2502=ORIENTED_EDGE('',*,*,#1830,.T.);
#2503=ORIENTED_EDGE('',*,*,#1829,.F.);
#2504=ORIENTED_EDGE('',*,*,#1830,.F.);
#2505=ORIENTED_EDGE('',*,*,#1831,.T.);
#2506=ORIENTED_EDGE('',*,*,#1832,.T.);
#2507=ORIENTED_EDGE('',*,*,#1831,.F.);
#2508=ORIENTED_EDGE('',*,*,#1828,.F.);
#2509=ORIENTED_EDGE('',*,*,#1826,.F.);
#2510=ORIENTED_EDGE('',*,*,#1832,.F.);
#2511=ORIENTED_EDGE('',*,*,#1833,.T.);
#2512=ORIENTED_EDGE('',*,*,#1834,.T.);
#2513=ORIENTED_EDGE('',*,*,#1835,.T.);
#2514=ORIENTED_EDGE('',*,*,#1834,.F.);
#2515=ORIENTED_EDGE('',*,*,#1835,.F.);
#2516=ORIENTED_EDGE('',*,*,#1836,.T.);
#2517=ORIENTED_EDGE('',*,*,#1837,.F.);
#2518=ORIENTED_EDGE('',*,*,#1836,.F.);
#2519=ORIENTED_EDGE('',*,*,#1838,.T.);
#2520=ORIENTED_EDGE('',*,*,#1839,.T.);
#2521=ORIENTED_EDGE('',*,*,#1840,.T.);
#2522=ORIENTED_EDGE('',*,*,#1841,.F.);
#2523=ORIENTED_EDGE('',*,*,#1842,.T.);
#2524=ORIENTED_EDGE('',*,*,#1843,.T.);
#2525=ORIENTED_EDGE('',*,*,#1844,.T.);
#2526=ORIENTED_EDGE('',*,*,#1845,.F.);
#2527=ORIENTED_EDGE('',*,*,#1846,.T.);
#2528=ORIENTED_EDGE('',*,*,#1847,.T.);
#2529=ORIENTED_EDGE('',*,*,#1848,.T.);
#2530=ORIENTED_EDGE('',*,*,#1849,.F.);
#2531=ORIENTED_EDGE('',*,*,#1850,.T.);
#2532=ORIENTED_EDGE('',*,*,#1851,.T.);
#2533=ORIENTED_EDGE('',*,*,#1852,.T.);
#2534=ORIENTED_EDGE('',*,*,#1853,.F.);
#2535=ORIENTED_EDGE('',*,*,#1854,.T.);
#2536=ORIENTED_EDGE('',*,*,#1855,.T.);
#2537=ORIENTED_EDGE('',*,*,#1856,.T.);
#2538=ORIENTED_EDGE('',*,*,#1857,.F.);
#2539=ORIENTED_EDGE('',*,*,#1858,.T.);
#2540=ORIENTED_EDGE('',*,*,#1859,.T.);
#2541=ORIENTED_EDGE('',*,*,#1860,.T.);
#2542=ORIENTED_EDGE('',*,*,#1861,.F.);
#2543=ORIENTED_EDGE('',*,*,#1862,.T.);
#2544=ORIENTED_EDGE('',*,*,#1863,.T.);
#2545=ORIENTED_EDGE('',*,*,#1864,.T.);
#2546=ORIENTED_EDGE('',*,*,#1865,.F.);
#2547=ORIENTED_EDGE('',*,*,#1866,.T.);
#2548=ORIENTED_EDGE('',*,*,#1867,.T.);
#2549=ORIENTED_EDGE('',*,*,#1868,.T.);
#2550=ORIENTED_EDGE('',*,*,#1869,.F.);
#2551=ORIENTED_EDGE('',*,*,#1870,.T.);
#2552=ORIENTED_EDGE('',*,*,#1871,.T.);
#2553=ORIENTED_EDGE('',*,*,#1872,.T.);
#2554=ORIENTED_EDGE('',*,*,#1873,.F.);
#2555=ORIENTED_EDGE('',*,*,#1874,.T.);
#2556=ORIENTED_EDGE('',*,*,#1875,.T.);
#2557=ORIENTED_EDGE('',*,*,#1876,.T.);
#2558=ORIENTED_EDGE('',*,*,#1877,.F.);
#2559=ORIENTED_EDGE('',*,*,#1878,.T.);
#2560=ORIENTED_EDGE('',*,*,#1879,.T.);
#2561=ORIENTED_EDGE('',*,*,#1880,.T.);
#2562=ORIENTED_EDGE('',*,*,#1881,.F.);
#2563=ORIENTED_EDGE('',*,*,#1882,.T.);
#2564=ORIENTED_EDGE('',*,*,#1883,.T.);
#2565=ORIENTED_EDGE('',*,*,#1884,.T.);
#2566=ORIENTED_EDGE('',*,*,#1885,.F.);
#2567=ORIENTED_EDGE('',*,*,#1886,.T.);
#2568=ORIENTED_EDGE('',*,*,#1887,.T.);
#2569=ORIENTED_EDGE('',*,*,#1888,.T.);
#2570=ORIENTED_EDGE('',*,*,#1889,.F.);
#2571=ORIENTED_EDGE('',*,*,#1890,.T.);
#2572=ORIENTED_EDGE('',*,*,#1891,.T.);
#2573=ORIENTED_EDGE('',*,*,#1892,.T.);
#2574=ORIENTED_EDGE('',*,*,#1893,.F.);
#2575=ORIENTED_EDGE('',*,*,#1894,.T.);
#2576=ORIENTED_EDGE('',*,*,#1895,.T.);
#2577=ORIENTED_EDGE('',*,*,#1896,.T.);
#2578=ORIENTED_EDGE('',*,*,#1897,.F.);
#2579=ORIENTED_EDGE('',*,*,#1898,.T.);
#2580=ORIENTED_EDGE('',*,*,#1899,.T.);
#2581=ORIENTED_EDGE('',*,*,#1900,.T.);
#2582=ORIENTED_EDGE('',*,*,#1901,.F.);
#2583=ORIENTED_EDGE('',*,*,#1902,.T.);
#2584=ORIENTED_EDGE('',*,*,#1903,.T.);
#2585=ORIENTED_EDGE('',*,*,#1904,.T.);
#2586=ORIENTED_EDGE('',*,*,#1905,.F.);
#2587=ORIENTED_EDGE('',*,*,#1906,.T.);
#2588=ORIENTED_EDGE('',*,*,#1907,.T.);
#2589=ORIENTED_EDGE('',*,*,#1908,.T.);
#2590=ORIENTED_EDGE('',*,*,#1909,.F.);
#2591=ORIENTED_EDGE('',*,*,#1910,.T.);
#2592=ORIENTED_EDGE('',*,*,#1911,.T.);
#2593=ORIENTED_EDGE('',*,*,#1912,.T.);
#2594=ORIENTED_EDGE('',*,*,#1913,.F.);
#2595=ORIENTED_EDGE('',*,*,#1914,.T.);
#2596=ORIENTED_EDGE('',*,*,#1915,.T.);
#2597=ORIENTED_EDGE('',*,*,#1916,.T.);
#2598=ORIENTED_EDGE('',*,*,#1917,.F.);
#2599=ORIENTED_EDGE('',*,*,#1918,.T.);
#2600=ORIENTED_EDGE('',*,*,#1919,.T.);
#2601=ORIENTED_EDGE('',*,*,#1920,.T.);
#2602=ORIENTED_EDGE('',*,*,#1921,.F.);
#2603=ORIENTED_EDGE('',*,*,#1922,.T.);
#2604=ORIENTED_EDGE('',*,*,#1923,.T.);
#2605=ORIENTED_EDGE('',*,*,#1924,.T.);
#2606=ORIENTED_EDGE('',*,*,#1925,.F.);
#2607=ORIENTED_EDGE('',*,*,#1926,.T.);
#2608=ORIENTED_EDGE('',*,*,#1927,.T.);
#2609=ORIENTED_EDGE('',*,*,#1928,.T.);
#2610=ORIENTED_EDGE('',*,*,#1929,.F.);
#2611=ORIENTED_EDGE('',*,*,#1930,.T.);
#2612=ORIENTED_EDGE('',*,*,#1931,.T.);
#2613=ORIENTED_EDGE('',*,*,#1932,.T.);
#2614=ORIENTED_EDGE('',*,*,#1933,.F.);
#2615=ORIENTED_EDGE('',*,*,#1934,.T.);
#2616=ORIENTED_EDGE('',*,*,#1935,.T.);
#2617=ORIENTED_EDGE('',*,*,#1936,.T.);
#2618=ORIENTED_EDGE('',*,*,#1937,.F.);
#2619=ORIENTED_EDGE('',*,*,#1938,.T.);
#2620=ORIENTED_EDGE('',*,*,#1939,.T.);
#2621=ORIENTED_EDGE('',*,*,#1940,.T.);
#2622=ORIENTED_EDGE('',*,*,#1941,.F.);
#2623=ORIENTED_EDGE('',*,*,#1942,.T.);
#2624=ORIENTED_EDGE('',*,*,#1943,.T.);
#2625=ORIENTED_EDGE('',*,*,#1944,.T.);
#2626=ORIENTED_EDGE('',*,*,#1945,.F.);
#2627=ORIENTED_EDGE('',*,*,#1946,.T.);
#2628=ORIENTED_EDGE('',*,*,#1947,.T.);
#2629=ORIENTED_EDGE('',*,*,#1948,.T.);
#2630=ORIENTED_EDGE('',*,*,#1949,.F.);
#2631=ORIENTED_EDGE('',*,*,#1833,.F.);
#2632=ORIENTED_EDGE('',*,*,#1950,.F.);
#2633=ORIENTED_EDGE('',*,*,#1951,.T.);
#2634=ORIENTED_EDGE('',*,*,#1952,.T.);
#2635=ORIENTED_EDGE('',*,*,#1953,.T.);
#2636=ORIENTED_EDGE('',*,*,#1954,.F.);
#2637=ORIENTED_EDGE('',*,*,#1955,.F.);
#2638=ORIENTED_EDGE('',*,*,#1956,.T.);
#2639=ORIENTED_EDGE('',*,*,#1957,.T.);
#2640=ORIENTED_EDGE('',*,*,#1958,.T.);
#2641=ORIENTED_EDGE('',*,*,#1959,.T.);
#2642=ORIENTED_EDGE('',*,*,#1960,.F.);
#2643=ORIENTED_EDGE('',*,*,#1961,.T.);
#2644=ORIENTED_EDGE('',*,*,#1962,.T.);
#2645=ORIENTED_EDGE('',*,*,#1963,.T.);
#2646=ORIENTED_EDGE('',*,*,#1956,.F.);
#2647=ORIENTED_EDGE('',*,*,#1960,.T.);
#2648=ORIENTED_EDGE('',*,*,#1955,.T.);
#2649=ORIENTED_EDGE('',*,*,#1964,.T.);
#2650=ORIENTED_EDGE('',*,*,#1965,.F.);
#2651=ORIENTED_EDGE('',*,*,#1966,.F.);
#2652=ORIENTED_EDGE('',*,*,#1967,.F.);
#2653=ORIENTED_EDGE('',*,*,#1968,.T.);
#2654=ORIENTED_EDGE('',*,*,#1969,.T.);
#2655=ORIENTED_EDGE('',*,*,#1970,.T.);
#2656=ORIENTED_EDGE('',*,*,#1971,.T.);
#2657=ORIENTED_EDGE('',*,*,#1972,.T.);
#2658=ORIENTED_EDGE('',*,*,#1967,.T.);
#2659=ORIENTED_EDGE('',*,*,#1973,.T.);
#2660=ORIENTED_EDGE('',*,*,#1974,.F.);
#2661=ORIENTED_EDGE('',*,*,#1975,.F.);
#2662=ORIENTED_EDGE('',*,*,#1976,.F.);
#2663=ORIENTED_EDGE('',*,*,#1977,.F.);
#2664=ORIENTED_EDGE('',*,*,#1978,.T.);
#2665=ORIENTED_EDGE('',*,*,#1979,.T.);
#2666=ORIENTED_EDGE('',*,*,#1980,.T.);
#2667=ORIENTED_EDGE('',*,*,#1981,.T.);
#2668=ORIENTED_EDGE('',*,*,#1982,.F.);
#2669=ORIENTED_EDGE('',*,*,#1983,.T.);
#2670=ORIENTED_EDGE('',*,*,#1984,.T.);
#2671=ORIENTED_EDGE('',*,*,#1985,.T.);
#2672=ORIENTED_EDGE('',*,*,#1978,.F.);
#2673=ORIENTED_EDGE('',*,*,#1972,.F.);
#2674=ORIENTED_EDGE('',*,*,#1986,.T.);
#2675=ORIENTED_EDGE('',*,*,#1987,.T.);
#2676=ORIENTED_EDGE('',*,*,#1988,.T.);
#2677=ORIENTED_EDGE('',*,*,#1968,.F.);
#2678=ORIENTED_EDGE('',*,*,#1982,.T.);
#2679=ORIENTED_EDGE('',*,*,#1977,.T.);
#2680=ORIENTED_EDGE('',*,*,#1989,.T.);
#2681=ORIENTED_EDGE('',*,*,#1990,.F.);
#2682=ORIENTED_EDGE('',*,*,#1991,.F.);
#2683=ORIENTED_EDGE('',*,*,#1992,.F.);
#2684=ORIENTED_EDGE('',*,*,#1993,.T.);
#2685=ORIENTED_EDGE('',*,*,#1994,.T.);
#2686=ORIENTED_EDGE('',*,*,#1995,.T.);
#2687=ORIENTED_EDGE('',*,*,#1996,.T.);
#2688=ORIENTED_EDGE('',*,*,#1997,.T.);
#2689=ORIENTED_EDGE('',*,*,#1992,.T.);
#2690=ORIENTED_EDGE('',*,*,#1998,.T.);
#2691=ORIENTED_EDGE('',*,*,#1999,.F.);
#2692=ORIENTED_EDGE('',*,*,#2000,.F.);
#2693=ORIENTED_EDGE('',*,*,#2001,.F.);
#2694=ORIENTED_EDGE('',*,*,#2002,.T.);
#2695=ORIENTED_EDGE('',*,*,#2003,.T.);
#2696=ORIENTED_EDGE('',*,*,#2004,.T.);
#2697=ORIENTED_EDGE('',*,*,#2005,.T.);
#2698=ORIENTED_EDGE('',*,*,#2006,.F.);
#2699=ORIENTED_EDGE('',*,*,#2007,.T.);
#2700=ORIENTED_EDGE('',*,*,#2008,.T.);
#2701=ORIENTED_EDGE('',*,*,#2009,.T.);
#2702=ORIENTED_EDGE('',*,*,#2002,.F.);
#2703=ORIENTED_EDGE('',*,*,#1997,.F.);
#2704=ORIENTED_EDGE('',*,*,#2010,.T.);
#2705=ORIENTED_EDGE('',*,*,#2011,.T.);
#2706=ORIENTED_EDGE('',*,*,#2012,.T.);
#2707=ORIENTED_EDGE('',*,*,#1993,.F.);
#2708=ORIENTED_EDGE('',*,*,#2006,.T.);
#2709=ORIENTED_EDGE('',*,*,#2001,.T.);
#2710=ORIENTED_EDGE('',*,*,#2013,.T.);
#2711=ORIENTED_EDGE('',*,*,#2014,.F.);
#2712=ORIENTED_EDGE('',*,*,#2015,.F.);
#2713=ORIENTED_EDGE('',*,*,#2016,.F.);
#2714=ORIENTED_EDGE('',*,*,#2017,.T.);
#2715=ORIENTED_EDGE('',*,*,#2018,.T.);
#2716=ORIENTED_EDGE('',*,*,#2019,.T.);
#2717=ORIENTED_EDGE('',*,*,#2020,.T.);
#2718=ORIENTED_EDGE('',*,*,#2021,.T.);
#2719=ORIENTED_EDGE('',*,*,#2016,.T.);
#2720=ORIENTED_EDGE('',*,*,#2022,.T.);
#2721=ORIENTED_EDGE('',*,*,#2023,.F.);
#2722=ORIENTED_EDGE('',*,*,#2024,.F.);
#2723=ORIENTED_EDGE('',*,*,#2025,.F.);
#2724=ORIENTED_EDGE('',*,*,#2026,.T.);
#2725=ORIENTED_EDGE('',*,*,#2027,.T.);
#2726=ORIENTED_EDGE('',*,*,#2028,.T.);
#2727=ORIENTED_EDGE('',*,*,#2029,.T.);
#2728=ORIENTED_EDGE('',*,*,#2030,.F.);
#2729=ORIENTED_EDGE('',*,*,#2031,.T.);
#2730=ORIENTED_EDGE('',*,*,#2032,.T.);
#2731=ORIENTED_EDGE('',*,*,#2033,.T.);
#2732=ORIENTED_EDGE('',*,*,#2026,.F.);
#2733=ORIENTED_EDGE('',*,*,#2021,.F.);
#2734=ORIENTED_EDGE('',*,*,#2034,.T.);
#2735=ORIENTED_EDGE('',*,*,#2035,.T.);
#2736=ORIENTED_EDGE('',*,*,#2036,.T.);
#2737=ORIENTED_EDGE('',*,*,#2017,.F.);
#2738=ORIENTED_EDGE('',*,*,#2030,.T.);
#2739=ORIENTED_EDGE('',*,*,#2025,.T.);
#2740=ORIENTED_EDGE('',*,*,#2037,.T.);
#2741=ORIENTED_EDGE('',*,*,#2038,.F.);
#2742=ORIENTED_EDGE('',*,*,#2039,.F.);
#2743=ORIENTED_EDGE('',*,*,#2040,.F.);
#2744=ORIENTED_EDGE('',*,*,#2041,.T.);
#2745=ORIENTED_EDGE('',*,*,#2042,.T.);
#2746=ORIENTED_EDGE('',*,*,#2043,.T.);
#2747=ORIENTED_EDGE('',*,*,#2044,.T.);
#2748=ORIENTED_EDGE('',*,*,#2045,.T.);
#2749=ORIENTED_EDGE('',*,*,#2040,.T.);
#2750=ORIENTED_EDGE('',*,*,#2046,.T.);
#2751=ORIENTED_EDGE('',*,*,#2047,.F.);
#2752=ORIENTED_EDGE('',*,*,#2048,.F.);
#2753=ORIENTED_EDGE('',*,*,#2049,.F.);
#2754=ORIENTED_EDGE('',*,*,#2050,.T.);
#2755=ORIENTED_EDGE('',*,*,#2051,.T.);
#2756=ORIENTED_EDGE('',*,*,#2052,.T.);
#2757=ORIENTED_EDGE('',*,*,#2053,.T.);
#2758=ORIENTED_EDGE('',*,*,#2054,.F.);
#2759=ORIENTED_EDGE('',*,*,#2055,.T.);
#2760=ORIENTED_EDGE('',*,*,#2056,.T.);
#2761=ORIENTED_EDGE('',*,*,#2057,.T.);
#2762=ORIENTED_EDGE('',*,*,#2050,.F.);
#2763=ORIENTED_EDGE('',*,*,#2045,.F.);
#2764=ORIENTED_EDGE('',*,*,#2058,.T.);
#2765=ORIENTED_EDGE('',*,*,#2059,.T.);
#2766=ORIENTED_EDGE('',*,*,#2060,.T.);
#2767=ORIENTED_EDGE('',*,*,#2041,.F.);
#2768=ORIENTED_EDGE('',*,*,#2054,.T.);
#2769=ORIENTED_EDGE('',*,*,#2049,.T.);
#2770=ORIENTED_EDGE('',*,*,#2061,.T.);
#2771=ORIENTED_EDGE('',*,*,#2062,.F.);
#2772=ORIENTED_EDGE('',*,*,#2063,.F.);
#2773=ORIENTED_EDGE('',*,*,#2064,.F.);
#2774=ORIENTED_EDGE('',*,*,#2065,.T.);
#2775=ORIENTED_EDGE('',*,*,#2066,.T.);
#2776=ORIENTED_EDGE('',*,*,#2067,.T.);
#2777=ORIENTED_EDGE('',*,*,#2068,.T.);
#2778=ORIENTED_EDGE('',*,*,#2069,.T.);
#2779=ORIENTED_EDGE('',*,*,#2064,.T.);
#2780=ORIENTED_EDGE('',*,*,#2070,.T.);
#2781=ORIENTED_EDGE('',*,*,#2071,.F.);
#2782=ORIENTED_EDGE('',*,*,#2072,.F.);
#2783=ORIENTED_EDGE('',*,*,#2073,.F.);
#2784=ORIENTED_EDGE('',*,*,#2074,.T.);
#2785=ORIENTED_EDGE('',*,*,#2075,.T.);
#2786=ORIENTED_EDGE('',*,*,#2076,.T.);
#2787=ORIENTED_EDGE('',*,*,#2077,.T.);
#2788=ORIENTED_EDGE('',*,*,#2078,.F.);
#2789=ORIENTED_EDGE('',*,*,#2079,.T.);
#2790=ORIENTED_EDGE('',*,*,#2080,.T.);
#2791=ORIENTED_EDGE('',*,*,#2081,.T.);
#2792=ORIENTED_EDGE('',*,*,#2074,.F.);
#2793=ORIENTED_EDGE('',*,*,#2069,.F.);
#2794=ORIENTED_EDGE('',*,*,#2082,.T.);
#2795=ORIENTED_EDGE('',*,*,#2083,.T.);
#2796=ORIENTED_EDGE('',*,*,#2084,.T.);
#2797=ORIENTED_EDGE('',*,*,#2065,.F.);
#2798=ORIENTED_EDGE('',*,*,#2078,.T.);
#2799=ORIENTED_EDGE('',*,*,#2073,.T.);
#2800=ORIENTED_EDGE('',*,*,#2085,.T.);
#2801=ORIENTED_EDGE('',*,*,#2086,.F.);
#2802=ORIENTED_EDGE('',*,*,#2087,.F.);
#2803=ORIENTED_EDGE('',*,*,#2088,.F.);
#2804=ORIENTED_EDGE('',*,*,#2089,.T.);
#2805=ORIENTED_EDGE('',*,*,#2090,.T.);
#2806=ORIENTED_EDGE('',*,*,#2091,.T.);
#2807=ORIENTED_EDGE('',*,*,#2092,.T.);
#2808=ORIENTED_EDGE('',*,*,#2093,.T.);
#2809=ORIENTED_EDGE('',*,*,#2088,.T.);
#2810=ORIENTED_EDGE('',*,*,#2094,.T.);
#2811=ORIENTED_EDGE('',*,*,#2095,.F.);
#2812=ORIENTED_EDGE('',*,*,#2096,.F.);
#2813=ORIENTED_EDGE('',*,*,#2097,.F.);
#2814=ORIENTED_EDGE('',*,*,#2098,.T.);
#2815=ORIENTED_EDGE('',*,*,#2099,.T.);
#2816=ORIENTED_EDGE('',*,*,#2100,.T.);
#2817=ORIENTED_EDGE('',*,*,#2101,.T.);
#2818=ORIENTED_EDGE('',*,*,#2102,.F.);
#2819=ORIENTED_EDGE('',*,*,#2103,.T.);
#2820=ORIENTED_EDGE('',*,*,#2104,.T.);
#2821=ORIENTED_EDGE('',*,*,#2105,.T.);
#2822=ORIENTED_EDGE('',*,*,#2098,.F.);
#2823=ORIENTED_EDGE('',*,*,#2093,.F.);
#2824=ORIENTED_EDGE('',*,*,#2106,.T.);
#2825=ORIENTED_EDGE('',*,*,#2107,.T.);
#2826=ORIENTED_EDGE('',*,*,#2108,.T.);
#2827=ORIENTED_EDGE('',*,*,#2089,.F.);
#2828=ORIENTED_EDGE('',*,*,#2102,.T.);
#2829=ORIENTED_EDGE('',*,*,#2097,.T.);
#2830=ORIENTED_EDGE('',*,*,#2109,.T.);
#2831=ORIENTED_EDGE('',*,*,#2110,.F.);
#2832=ORIENTED_EDGE('',*,*,#2111,.F.);
#2833=ORIENTED_EDGE('',*,*,#2112,.F.);
#2834=ORIENTED_EDGE('',*,*,#2113,.T.);
#2835=ORIENTED_EDGE('',*,*,#2114,.T.);
#2836=ORIENTED_EDGE('',*,*,#2115,.T.);
#2837=ORIENTED_EDGE('',*,*,#2116,.T.);
#2838=ORIENTED_EDGE('',*,*,#2117,.T.);
#2839=ORIENTED_EDGE('',*,*,#2112,.T.);
#2840=ORIENTED_EDGE('',*,*,#2118,.T.);
#2841=ORIENTED_EDGE('',*,*,#2119,.F.);
#2842=ORIENTED_EDGE('',*,*,#2120,.F.);
#2843=ORIENTED_EDGE('',*,*,#2121,.F.);
#2844=ORIENTED_EDGE('',*,*,#2122,.T.);
#2845=ORIENTED_EDGE('',*,*,#2123,.T.);
#2846=ORIENTED_EDGE('',*,*,#2124,.T.);
#2847=ORIENTED_EDGE('',*,*,#2125,.T.);
#2848=ORIENTED_EDGE('',*,*,#2126,.F.);
#2849=ORIENTED_EDGE('',*,*,#2127,.T.);
#2850=ORIENTED_EDGE('',*,*,#2128,.T.);
#2851=ORIENTED_EDGE('',*,*,#2129,.T.);
#2852=ORIENTED_EDGE('',*,*,#2122,.F.);
#2853=ORIENTED_EDGE('',*,*,#2117,.F.);
#2854=ORIENTED_EDGE('',*,*,#2130,.T.);
#2855=ORIENTED_EDGE('',*,*,#2131,.T.);
#2856=ORIENTED_EDGE('',*,*,#2132,.T.);
#2857=ORIENTED_EDGE('',*,*,#2113,.F.);
#2858=ORIENTED_EDGE('',*,*,#2126,.T.);
#2859=ORIENTED_EDGE('',*,*,#2121,.T.);
#2860=ORIENTED_EDGE('',*,*,#2133,.T.);
#2861=ORIENTED_EDGE('',*,*,#2134,.F.);
#2862=ORIENTED_EDGE('',*,*,#2135,.F.);
#2863=ORIENTED_EDGE('',*,*,#2136,.F.);
#2864=ORIENTED_EDGE('',*,*,#2137,.T.);
#2865=ORIENTED_EDGE('',*,*,#2138,.T.);
#2866=ORIENTED_EDGE('',*,*,#2139,.T.);
#2867=ORIENTED_EDGE('',*,*,#2140,.T.);
#2868=ORIENTED_EDGE('',*,*,#2141,.T.);
#2869=ORIENTED_EDGE('',*,*,#2136,.T.);
#2870=ORIENTED_EDGE('',*,*,#2142,.T.);
#2871=ORIENTED_EDGE('',*,*,#2143,.F.);
#2872=ORIENTED_EDGE('',*,*,#2144,.F.);
#2873=ORIENTED_EDGE('',*,*,#2145,.F.);
#2874=ORIENTED_EDGE('',*,*,#2146,.T.);
#2875=ORIENTED_EDGE('',*,*,#2147,.T.);
#2876=ORIENTED_EDGE('',*,*,#2148,.T.);
#2877=ORIENTED_EDGE('',*,*,#2149,.T.);
#2878=ORIENTED_EDGE('',*,*,#2150,.F.);
#2879=ORIENTED_EDGE('',*,*,#2151,.T.);
#2880=ORIENTED_EDGE('',*,*,#2152,.T.);
#2881=ORIENTED_EDGE('',*,*,#2153,.T.);
#2882=ORIENTED_EDGE('',*,*,#2146,.F.);
#2883=ORIENTED_EDGE('',*,*,#2141,.F.);
#2884=ORIENTED_EDGE('',*,*,#2154,.T.);
#2885=ORIENTED_EDGE('',*,*,#2155,.T.);
#2886=ORIENTED_EDGE('',*,*,#2156,.T.);
#2887=ORIENTED_EDGE('',*,*,#2137,.F.);
#2888=ORIENTED_EDGE('',*,*,#2150,.T.);
#2889=ORIENTED_EDGE('',*,*,#2145,.T.);
#2890=ORIENTED_EDGE('',*,*,#2157,.T.);
#2891=ORIENTED_EDGE('',*,*,#2158,.F.);
#2892=ORIENTED_EDGE('',*,*,#2159,.F.);
#2893=ORIENTED_EDGE('',*,*,#2160,.F.);
#2894=ORIENTED_EDGE('',*,*,#2161,.T.);
#2895=ORIENTED_EDGE('',*,*,#2162,.T.);
#2896=ORIENTED_EDGE('',*,*,#2163,.T.);
#2897=ORIENTED_EDGE('',*,*,#2164,.T.);
#2898=ORIENTED_EDGE('',*,*,#2165,.T.);
#2899=ORIENTED_EDGE('',*,*,#2160,.T.);
#2900=ORIENTED_EDGE('',*,*,#2166,.T.);
#2901=ORIENTED_EDGE('',*,*,#2167,.F.);
#2902=ORIENTED_EDGE('',*,*,#2168,.F.);
#2903=ORIENTED_EDGE('',*,*,#2169,.F.);
#2904=ORIENTED_EDGE('',*,*,#2170,.T.);
#2905=ORIENTED_EDGE('',*,*,#2171,.T.);
#2906=ORIENTED_EDGE('',*,*,#2172,.T.);
#2907=ORIENTED_EDGE('',*,*,#2173,.T.);
#2908=ORIENTED_EDGE('',*,*,#2174,.F.);
#2909=ORIENTED_EDGE('',*,*,#2175,.T.);
#2910=ORIENTED_EDGE('',*,*,#2176,.T.);
#2911=ORIENTED_EDGE('',*,*,#2177,.T.);
#2912=ORIENTED_EDGE('',*,*,#2170,.F.);
#2913=ORIENTED_EDGE('',*,*,#2165,.F.);
#2914=ORIENTED_EDGE('',*,*,#2178,.T.);
#2915=ORIENTED_EDGE('',*,*,#2179,.T.);
#2916=ORIENTED_EDGE('',*,*,#2180,.T.);
#2917=ORIENTED_EDGE('',*,*,#2161,.F.);
#2918=ORIENTED_EDGE('',*,*,#2174,.T.);
#2919=ORIENTED_EDGE('',*,*,#2169,.T.);
#2920=ORIENTED_EDGE('',*,*,#2181,.T.);
#2921=ORIENTED_EDGE('',*,*,#2182,.F.);
#2922=ORIENTED_EDGE('',*,*,#2183,.F.);
#2923=ORIENTED_EDGE('',*,*,#2184,.F.);
#2924=ORIENTED_EDGE('',*,*,#2185,.T.);
#2925=ORIENTED_EDGE('',*,*,#2186,.T.);
#2926=ORIENTED_EDGE('',*,*,#2187,.T.);
#2927=ORIENTED_EDGE('',*,*,#2188,.T.);
#2928=ORIENTED_EDGE('',*,*,#2189,.T.);
#2929=ORIENTED_EDGE('',*,*,#2184,.T.);
#2930=ORIENTED_EDGE('',*,*,#2190,.T.);
#2931=ORIENTED_EDGE('',*,*,#2191,.F.);
#2932=ORIENTED_EDGE('',*,*,#2192,.F.);
#2933=ORIENTED_EDGE('',*,*,#2193,.F.);
#2934=ORIENTED_EDGE('',*,*,#2194,.T.);
#2935=ORIENTED_EDGE('',*,*,#2195,.T.);
#2936=ORIENTED_EDGE('',*,*,#2196,.T.);
#2937=ORIENTED_EDGE('',*,*,#2197,.T.);
#2938=ORIENTED_EDGE('',*,*,#2198,.F.);
#2939=ORIENTED_EDGE('',*,*,#2199,.T.);
#2940=ORIENTED_EDGE('',*,*,#2200,.T.);
#2941=ORIENTED_EDGE('',*,*,#2201,.T.);
#2942=ORIENTED_EDGE('',*,*,#2194,.F.);
#2943=ORIENTED_EDGE('',*,*,#2189,.F.);
#2944=ORIENTED_EDGE('',*,*,#2202,.T.);
#2945=ORIENTED_EDGE('',*,*,#2203,.T.);
#2946=ORIENTED_EDGE('',*,*,#2204,.T.);
#2947=ORIENTED_EDGE('',*,*,#2185,.F.);
#2948=ORIENTED_EDGE('',*,*,#2198,.T.);
#2949=ORIENTED_EDGE('',*,*,#2193,.T.);
#2950=ORIENTED_EDGE('',*,*,#2205,.T.);
#2951=ORIENTED_EDGE('',*,*,#2206,.F.);
#2952=ORIENTED_EDGE('',*,*,#2207,.F.);
#2953=ORIENTED_EDGE('',*,*,#2208,.F.);
#2954=ORIENTED_EDGE('',*,*,#2209,.T.);
#2955=ORIENTED_EDGE('',*,*,#2210,.T.);
#2956=ORIENTED_EDGE('',*,*,#2211,.T.);
#2957=ORIENTED_EDGE('',*,*,#2212,.T.);
#2958=ORIENTED_EDGE('',*,*,#2213,.T.);
#2959=ORIENTED_EDGE('',*,*,#2208,.T.);
#2960=ORIENTED_EDGE('',*,*,#2214,.T.);
#2961=ORIENTED_EDGE('',*,*,#2215,.F.);
#2962=ORIENTED_EDGE('',*,*,#2216,.F.);
#2963=ORIENTED_EDGE('',*,*,#2217,.F.);
#2964=ORIENTED_EDGE('',*,*,#2218,.T.);
#2965=ORIENTED_EDGE('',*,*,#2219,.T.);
#2966=ORIENTED_EDGE('',*,*,#2220,.T.);
#2967=ORIENTED_EDGE('',*,*,#2221,.T.);
#2968=ORIENTED_EDGE('',*,*,#2222,.F.);
#2969=ORIENTED_EDGE('',*,*,#2223,.T.);
#2970=ORIENTED_EDGE('',*,*,#2224,.T.);
#2971=ORIENTED_EDGE('',*,*,#2225,.T.);
#2972=ORIENTED_EDGE('',*,*,#2218,.F.);
#2973=ORIENTED_EDGE('',*,*,#2213,.F.);
#2974=ORIENTED_EDGE('',*,*,#2226,.T.);
#2975=ORIENTED_EDGE('',*,*,#2227,.T.);
#2976=ORIENTED_EDGE('',*,*,#2228,.T.);
#2977=ORIENTED_EDGE('',*,*,#2209,.F.);
#2978=ORIENTED_EDGE('',*,*,#2222,.T.);
#2979=ORIENTED_EDGE('',*,*,#2217,.T.);
#2980=ORIENTED_EDGE('',*,*,#2229,.T.);
#2981=ORIENTED_EDGE('',*,*,#2230,.F.);
#2982=ORIENTED_EDGE('',*,*,#2231,.F.);
#2983=ORIENTED_EDGE('',*,*,#2232,.F.);
#2984=ORIENTED_EDGE('',*,*,#2233,.T.);
#2985=ORIENTED_EDGE('',*,*,#2234,.T.);
#2986=ORIENTED_EDGE('',*,*,#2235,.T.);
#2987=ORIENTED_EDGE('',*,*,#2236,.T.);
#2988=ORIENTED_EDGE('',*,*,#2237,.T.);
#2989=ORIENTED_EDGE('',*,*,#2232,.T.);
#2990=ORIENTED_EDGE('',*,*,#2238,.T.);
#2991=ORIENTED_EDGE('',*,*,#2239,.F.);
#2992=ORIENTED_EDGE('',*,*,#2240,.F.);
#2993=ORIENTED_EDGE('',*,*,#2241,.F.);
#2994=ORIENTED_EDGE('',*,*,#2242,.T.);
#2995=ORIENTED_EDGE('',*,*,#2243,.T.);
#2996=ORIENTED_EDGE('',*,*,#2244,.T.);
#2997=ORIENTED_EDGE('',*,*,#2245,.T.);
#2998=ORIENTED_EDGE('',*,*,#2246,.F.);
#2999=ORIENTED_EDGE('',*,*,#2247,.T.);
#3000=ORIENTED_EDGE('',*,*,#2248,.T.);
#3001=ORIENTED_EDGE('',*,*,#2249,.T.);
#3002=ORIENTED_EDGE('',*,*,#2242,.F.);
#3003=ORIENTED_EDGE('',*,*,#2237,.F.);
#3004=ORIENTED_EDGE('',*,*,#2250,.T.);
#3005=ORIENTED_EDGE('',*,*,#2251,.T.);
#3006=ORIENTED_EDGE('',*,*,#2252,.T.);
#3007=ORIENTED_EDGE('',*,*,#2233,.F.);
#3008=ORIENTED_EDGE('',*,*,#2246,.T.);
#3009=ORIENTED_EDGE('',*,*,#2241,.T.);
#3010=ORIENTED_EDGE('',*,*,#2253,.T.);
#3011=ORIENTED_EDGE('',*,*,#2254,.F.);
#3012=ORIENTED_EDGE('',*,*,#2255,.F.);
#3013=ORIENTED_EDGE('',*,*,#2256,.F.);
#3014=ORIENTED_EDGE('',*,*,#2257,.T.);
#3015=ORIENTED_EDGE('',*,*,#2258,.T.);
#3016=ORIENTED_EDGE('',*,*,#2259,.T.);
#3017=ORIENTED_EDGE('',*,*,#2260,.T.);
#3018=ORIENTED_EDGE('',*,*,#2261,.T.);
#3019=ORIENTED_EDGE('',*,*,#2256,.T.);
#3020=ORIENTED_EDGE('',*,*,#2262,.T.);
#3021=ORIENTED_EDGE('',*,*,#2263,.F.);
#3022=ORIENTED_EDGE('',*,*,#2264,.F.);
#3023=ORIENTED_EDGE('',*,*,#2265,.F.);
#3024=ORIENTED_EDGE('',*,*,#2266,.T.);
#3025=ORIENTED_EDGE('',*,*,#2267,.T.);
#3026=ORIENTED_EDGE('',*,*,#2268,.T.);
#3027=ORIENTED_EDGE('',*,*,#2269,.T.);
#3028=ORIENTED_EDGE('',*,*,#2270,.F.);
#3029=ORIENTED_EDGE('',*,*,#2271,.T.);
#3030=ORIENTED_EDGE('',*,*,#2272,.T.);
#3031=ORIENTED_EDGE('',*,*,#2273,.T.);
#3032=ORIENTED_EDGE('',*,*,#2266,.F.);
#3033=ORIENTED_EDGE('',*,*,#2261,.F.);
#3034=ORIENTED_EDGE('',*,*,#2274,.T.);
#3035=ORIENTED_EDGE('',*,*,#2275,.T.);
#3036=ORIENTED_EDGE('',*,*,#2276,.T.);
#3037=ORIENTED_EDGE('',*,*,#2257,.F.);
#3038=ORIENTED_EDGE('',*,*,#1827,.T.);
#3039=ORIENTED_EDGE('',*,*,#2277,.T.);
#3040=ORIENTED_EDGE('',*,*,#1975,.T.);
#3041=ORIENTED_EDGE('',*,*,#2278,.T.);
#3042=ORIENTED_EDGE('',*,*,#2279,.T.);
#3043=ORIENTED_EDGE('',*,*,#2280,.T.);
#3044=ORIENTED_EDGE('',*,*,#1961,.F.);
#3045=ORIENTED_EDGE('',*,*,#1966,.T.);
#3046=ORIENTED_EDGE('',*,*,#2281,.T.);
#3047=ORIENTED_EDGE('',*,*,#2282,.T.);
#3048=ORIENTED_EDGE('',*,*,#2283,.T.);
#3049=ORIENTED_EDGE('',*,*,#1983,.F.);
#3050=ORIENTED_EDGE('',*,*,#1991,.T.);
#3051=ORIENTED_EDGE('',*,*,#2284,.T.);
#3052=ORIENTED_EDGE('',*,*,#2285,.T.);
#3053=ORIENTED_EDGE('',*,*,#2286,.T.);
#3054=ORIENTED_EDGE('',*,*,#2007,.F.);
#3055=ORIENTED_EDGE('',*,*,#2015,.T.);
#3056=ORIENTED_EDGE('',*,*,#2287,.T.);
#3057=ORIENTED_EDGE('',*,*,#2288,.T.);
#3058=ORIENTED_EDGE('',*,*,#2289,.T.);
#3059=ORIENTED_EDGE('',*,*,#2031,.F.);
#3060=ORIENTED_EDGE('',*,*,#2039,.T.);
#3061=ORIENTED_EDGE('',*,*,#2290,.T.);
#3062=ORIENTED_EDGE('',*,*,#2291,.T.);
#3063=ORIENTED_EDGE('',*,*,#2292,.T.);
#3064=ORIENTED_EDGE('',*,*,#2055,.F.);
#3065=ORIENTED_EDGE('',*,*,#2063,.T.);
#3066=ORIENTED_EDGE('',*,*,#2293,.T.);
#3067=ORIENTED_EDGE('',*,*,#2294,.T.);
#3068=ORIENTED_EDGE('',*,*,#2295,.T.);
#3069=ORIENTED_EDGE('',*,*,#2079,.F.);
#3070=ORIENTED_EDGE('',*,*,#2087,.T.);
#3071=ORIENTED_EDGE('',*,*,#2296,.T.);
#3072=ORIENTED_EDGE('',*,*,#2297,.T.);
#3073=ORIENTED_EDGE('',*,*,#2298,.T.);
#3074=ORIENTED_EDGE('',*,*,#2103,.F.);
#3075=ORIENTED_EDGE('',*,*,#2111,.T.);
#3076=ORIENTED_EDGE('',*,*,#2299,.T.);
#3077=ORIENTED_EDGE('',*,*,#2300,.T.);
#3078=ORIENTED_EDGE('',*,*,#2301,.T.);
#3079=ORIENTED_EDGE('',*,*,#2127,.F.);
#3080=ORIENTED_EDGE('',*,*,#2135,.T.);
#3081=ORIENTED_EDGE('',*,*,#2302,.T.);
#3082=ORIENTED_EDGE('',*,*,#2303,.T.);
#3083=ORIENTED_EDGE('',*,*,#2304,.T.);
#3084=ORIENTED_EDGE('',*,*,#2151,.F.);
#3085=ORIENTED_EDGE('',*,*,#2159,.T.);
#3086=ORIENTED_EDGE('',*,*,#2305,.T.);
#3087=ORIENTED_EDGE('',*,*,#2306,.T.);
#3088=ORIENTED_EDGE('',*,*,#2307,.T.);
#3089=ORIENTED_EDGE('',*,*,#2175,.F.);
#3090=ORIENTED_EDGE('',*,*,#2183,.T.);
#3091=ORIENTED_EDGE('',*,*,#2308,.T.);
#3092=ORIENTED_EDGE('',*,*,#2309,.T.);
#3093=ORIENTED_EDGE('',*,*,#2310,.T.);
#3094=ORIENTED_EDGE('',*,*,#2199,.F.);
#3095=ORIENTED_EDGE('',*,*,#2207,.T.);
#3096=ORIENTED_EDGE('',*,*,#2311,.T.);
#3097=ORIENTED_EDGE('',*,*,#2312,.T.);
#3098=ORIENTED_EDGE('',*,*,#2313,.T.);
#3099=ORIENTED_EDGE('',*,*,#2223,.F.);
#3100=ORIENTED_EDGE('',*,*,#2231,.T.);
#3101=ORIENTED_EDGE('',*,*,#2314,.T.);
#3102=ORIENTED_EDGE('',*,*,#2315,.T.);
#3103=ORIENTED_EDGE('',*,*,#2316,.T.);
#3104=ORIENTED_EDGE('',*,*,#2247,.F.);
#3105=ORIENTED_EDGE('',*,*,#2255,.T.);
#3106=ORIENTED_EDGE('',*,*,#2317,.T.);
#3107=ORIENTED_EDGE('',*,*,#2318,.T.);
#3108=ORIENTED_EDGE('',*,*,#2319,.T.);
#3109=ORIENTED_EDGE('',*,*,#2271,.F.);
#3110=ORIENTED_EDGE('',*,*,#2320,.T.);
#3111=ORIENTED_EDGE('',*,*,#2321,.T.);
#3112=ORIENTED_EDGE('',*,*,#2322,.T.);
#3113=ORIENTED_EDGE('',*,*,#2323,.T.);
#3114=ORIENTED_EDGE('',*,*,#1951,.F.);
#3115=ORIENTED_EDGE('',*,*,#2324,.T.);
#3116=ORIENTED_EDGE('',*,*,#2325,.T.);
#3117=ORIENTED_EDGE('',*,*,#2326,.T.);
#3118=ORIENTED_EDGE('',*,*,#2327,.T.);
#3119=ORIENTED_EDGE('',*,*,#2274,.F.);
#3120=ORIENTED_EDGE('',*,*,#2264,.T.);
#3121=ORIENTED_EDGE('',*,*,#2328,.T.);
#3122=ORIENTED_EDGE('',*,*,#2329,.T.);
#3123=ORIENTED_EDGE('',*,*,#2330,.T.);
#3124=ORIENTED_EDGE('',*,*,#2250,.F.);
#3125=ORIENTED_EDGE('',*,*,#2240,.T.);
#3126=ORIENTED_EDGE('',*,*,#2331,.T.);
#3127=ORIENTED_EDGE('',*,*,#2332,.T.);
#3128=ORIENTED_EDGE('',*,*,#2333,.T.);
#3129=ORIENTED_EDGE('',*,*,#2226,.F.);
#3130=ORIENTED_EDGE('',*,*,#2216,.T.);
#3131=ORIENTED_EDGE('',*,*,#2334,.T.);
#3132=ORIENTED_EDGE('',*,*,#2335,.T.);
#3133=ORIENTED_EDGE('',*,*,#2336,.T.);
#3134=ORIENTED_EDGE('',*,*,#2202,.F.);
#3135=ORIENTED_EDGE('',*,*,#2192,.T.);
#3136=ORIENTED_EDGE('',*,*,#2337,.T.);
#3137=ORIENTED_EDGE('',*,*,#2338,.T.);
#3138=ORIENTED_EDGE('',*,*,#2339,.T.);
#3139=ORIENTED_EDGE('',*,*,#2178,.F.);
#3140=ORIENTED_EDGE('',*,*,#2168,.T.);
#3141=ORIENTED_EDGE('',*,*,#2340,.T.);
#3142=ORIENTED_EDGE('',*,*,#2341,.T.);
#3143=ORIENTED_EDGE('',*,*,#2342,.T.);
#3144=ORIENTED_EDGE('',*,*,#2154,.F.);
#3145=ORIENTED_EDGE('',*,*,#2144,.T.);
#3146=ORIENTED_EDGE('',*,*,#2343,.T.);
#3147=ORIENTED_EDGE('',*,*,#2344,.T.);
#3148=ORIENTED_EDGE('',*,*,#2345,.T.);
#3149=ORIENTED_EDGE('',*,*,#2130,.F.);
#3150=ORIENTED_EDGE('',*,*,#2120,.T.);
#3151=ORIENTED_EDGE('',*,*,#2346,.T.);
#3152=ORIENTED_EDGE('',*,*,#2347,.T.);
#3153=ORIENTED_EDGE('',*,*,#2348,.T.);
#3154=ORIENTED_EDGE('',*,*,#2106,.F.);
#3155=ORIENTED_EDGE('',*,*,#2096,.T.);
#3156=ORIENTED_EDGE('',*,*,#2349,.T.);
#3157=ORIENTED_EDGE('',*,*,#2350,.T.);
#3158=ORIENTED_EDGE('',*,*,#2351,.T.);
#3159=ORIENTED_EDGE('',*,*,#2082,.F.);
#3160=ORIENTED_EDGE('',*,*,#2072,.T.);
#3161=ORIENTED_EDGE('',*,*,#2352,.T.);
#3162=ORIENTED_EDGE('',*,*,#2353,.T.);
#3163=ORIENTED_EDGE('',*,*,#2354,.T.);
#3164=ORIENTED_EDGE('',*,*,#2058,.F.);
#3165=ORIENTED_EDGE('',*,*,#2048,.T.);
#3166=ORIENTED_EDGE('',*,*,#2355,.T.);
#3167=ORIENTED_EDGE('',*,*,#2356,.T.);
#3168=ORIENTED_EDGE('',*,*,#2357,.T.);
#3169=ORIENTED_EDGE('',*,*,#2034,.F.);
#3170=ORIENTED_EDGE('',*,*,#2024,.T.);
#3171=ORIENTED_EDGE('',*,*,#2358,.T.);
#3172=ORIENTED_EDGE('',*,*,#2359,.T.);
#3173=ORIENTED_EDGE('',*,*,#2360,.T.);
#3174=ORIENTED_EDGE('',*,*,#2010,.F.);
#3175=ORIENTED_EDGE('',*,*,#2000,.T.);
#3176=ORIENTED_EDGE('',*,*,#2361,.T.);
#3177=ORIENTED_EDGE('',*,*,#2362,.T.);
#3178=ORIENTED_EDGE('',*,*,#2363,.T.);
#3179=ORIENTED_EDGE('',*,*,#1986,.F.);
#3180=ORIENTED_EDGE('',*,*,#1976,.T.);
#3181=ORIENTED_EDGE('',*,*,#2277,.F.);
#3182=ORIENTED_EDGE('',*,*,#2270,.T.);
#3183=ORIENTED_EDGE('',*,*,#2265,.T.);
#3184=ORIENTED_EDGE('',*,*,#2364,.T.);
#3185=ORIENTED_EDGE('',*,*,#2365,.F.);
#3186=ORIENTED_EDGE('',*,*,#2320,.F.);
#3187=ORIENTED_EDGE('',*,*,#2366,.F.);
#3188=ORIENTED_EDGE('',*,*,#1954,.T.);
#3189=ORIENTED_EDGE('',*,*,#2367,.T.);
#3190=ORIENTED_EDGE('',*,*,#2368,.T.);
#3191=ORIENTED_EDGE('',*,*,#2369,.T.);
#3192=ORIENTED_EDGE('',*,*,#1950,.T.);
#3193=ORIENTED_EDGE('',*,*,#2366,.T.);
#3194=ORIENTED_EDGE('',*,*,#2370,.T.);
#3195=ORIENTED_EDGE('',*,*,#2371,.F.);
#3196=ORIENTED_EDGE('',*,*,#2324,.F.);
#3197=ORIENTED_EDGE('',*,*,#1957,.F.);
#3198=ORIENTED_EDGE('',*,*,#1963,.F.);
#3199=ORIENTED_EDGE('',*,*,#1962,.F.);
#3200=ORIENTED_EDGE('',*,*,#2280,.F.);
#3201=ORIENTED_EDGE('',*,*,#2372,.F.);
#3202=ORIENTED_EDGE('',*,*,#1945,.T.);
#3203=ORIENTED_EDGE('',*,*,#2373,.F.);
#3204=ORIENTED_EDGE('',*,*,#2279,.F.);
#3205=ORIENTED_EDGE('',*,*,#2374,.T.);
#3206=ORIENTED_EDGE('',*,*,#1946,.F.);
#3207=ORIENTED_EDGE('',*,*,#2372,.T.);
#3208=ORIENTED_EDGE('',*,*,#1973,.F.);
#3209=ORIENTED_EDGE('',*,*,#1971,.F.);
#3210=ORIENTED_EDGE('',*,*,#2375,.F.);
#3211=ORIENTED_EDGE('',*,*,#1947,.F.);
#3212=ORIENTED_EDGE('',*,*,#2374,.F.);
#3213=ORIENTED_EDGE('',*,*,#2278,.F.);
#3214=ORIENTED_EDGE('',*,*,#1974,.T.);
#3215=ORIENTED_EDGE('',*,*,#1970,.F.);
#3216=ORIENTED_EDGE('',*,*,#2376,.T.);
#3217=ORIENTED_EDGE('',*,*,#1948,.F.);
#3218=ORIENTED_EDGE('',*,*,#2375,.T.);
#3219=ORIENTED_EDGE('',*,*,#1969,.F.);
#3220=ORIENTED_EDGE('',*,*,#1988,.F.);
#3221=ORIENTED_EDGE('',*,*,#1987,.F.);
#3222=ORIENTED_EDGE('',*,*,#2363,.F.);
#3223=ORIENTED_EDGE('',*,*,#2377,.F.);
#3224=ORIENTED_EDGE('',*,*,#1949,.T.);
#3225=ORIENTED_EDGE('',*,*,#2376,.F.);
#3226=ORIENTED_EDGE('',*,*,#2362,.F.);
#3227=ORIENTED_EDGE('',*,*,#2378,.T.);
#3228=ORIENTED_EDGE('',*,*,#1838,.F.);
#3229=ORIENTED_EDGE('',*,*,#2377,.T.);
#3230=ORIENTED_EDGE('',*,*,#1998,.F.);
#3231=ORIENTED_EDGE('',*,*,#1996,.F.);
#3232=ORIENTED_EDGE('',*,*,#2379,.F.);
#3233=ORIENTED_EDGE('',*,*,#1839,.F.);
#3234=ORIENTED_EDGE('',*,*,#2378,.F.);
#3235=ORIENTED_EDGE('',*,*,#2361,.F.);
#3236=ORIENTED_EDGE('',*,*,#1999,.T.);
#3237=ORIENTED_EDGE('',*,*,#1995,.F.);
#3238=ORIENTED_EDGE('',*,*,#2380,.T.);
#3239=ORIENTED_EDGE('',*,*,#1840,.F.);
#3240=ORIENTED_EDGE('',*,*,#2379,.T.);
#3241=ORIENTED_EDGE('',*,*,#1994,.F.);
#3242=ORIENTED_EDGE('',*,*,#2012,.F.);
#3243=ORIENTED_EDGE('',*,*,#2011,.F.);
#3244=ORIENTED_EDGE('',*,*,#2360,.F.);
#3245=ORIENTED_EDGE('',*,*,#2381,.F.);
#3246=ORIENTED_EDGE('',*,*,#1841,.T.);
#3247=ORIENTED_EDGE('',*,*,#2380,.F.);
#3248=ORIENTED_EDGE('',*,*,#2359,.F.);
#3249=ORIENTED_EDGE('',*,*,#2382,.T.);
#3250=ORIENTED_EDGE('',*,*,#1842,.F.);
#3251=ORIENTED_EDGE('',*,*,#2381,.T.);
#3252=ORIENTED_EDGE('',*,*,#2022,.F.);
#3253=ORIENTED_EDGE('',*,*,#2020,.F.);
#3254=ORIENTED_EDGE('',*,*,#2383,.F.);
#3255=ORIENTED_EDGE('',*,*,#1843,.F.);
#3256=ORIENTED_EDGE('',*,*,#2382,.F.);
#3257=ORIENTED_EDGE('',*,*,#2358,.F.);
#3258=ORIENTED_EDGE('',*,*,#2023,.T.);
#3259=ORIENTED_EDGE('',*,*,#2019,.F.);
#3260=ORIENTED_EDGE('',*,*,#2384,.T.);
#3261=ORIENTED_EDGE('',*,*,#1844,.F.);
#3262=ORIENTED_EDGE('',*,*,#2383,.T.);
#3263=ORIENTED_EDGE('',*,*,#2018,.F.);
#3264=ORIENTED_EDGE('',*,*,#2036,.F.);
#3265=ORIENTED_EDGE('',*,*,#2035,.F.);
#3266=ORIENTED_EDGE('',*,*,#2357,.F.);
#3267=ORIENTED_EDGE('',*,*,#2385,.F.);
#3268=ORIENTED_EDGE('',*,*,#1845,.T.);
#3269=ORIENTED_EDGE('',*,*,#2384,.F.);
#3270=ORIENTED_EDGE('',*,*,#2356,.F.);
#3271=ORIENTED_EDGE('',*,*,#2386,.T.);
#3272=ORIENTED_EDGE('',*,*,#1846,.F.);
#3273=ORIENTED_EDGE('',*,*,#2385,.T.);
#3274=ORIENTED_EDGE('',*,*,#2046,.F.);
#3275=ORIENTED_EDGE('',*,*,#2044,.F.);
#3276=ORIENTED_EDGE('',*,*,#2387,.F.);
#3277=ORIENTED_EDGE('',*,*,#1847,.F.);
#3278=ORIENTED_EDGE('',*,*,#2386,.F.);
#3279=ORIENTED_EDGE('',*,*,#2355,.F.);
#3280=ORIENTED_EDGE('',*,*,#2047,.T.);
#3281=ORIENTED_EDGE('',*,*,#2043,.F.);
#3282=ORIENTED_EDGE('',*,*,#2388,.T.);
#3283=ORIENTED_EDGE('',*,*,#1848,.F.);
#3284=ORIENTED_EDGE('',*,*,#2387,.T.);
#3285=ORIENTED_EDGE('',*,*,#2042,.F.);
#3286=ORIENTED_EDGE('',*,*,#2060,.F.);
#3287=ORIENTED_EDGE('',*,*,#2059,.F.);
#3288=ORIENTED_EDGE('',*,*,#2354,.F.);
#3289=ORIENTED_EDGE('',*,*,#2389,.F.);
#3290=ORIENTED_EDGE('',*,*,#1849,.T.);
#3291=ORIENTED_EDGE('',*,*,#2388,.F.);
#3292=ORIENTED_EDGE('',*,*,#2353,.F.);
#3293=ORIENTED_EDGE('',*,*,#2390,.T.);
#3294=ORIENTED_EDGE('',*,*,#1850,.F.);
#3295=ORIENTED_EDGE('',*,*,#2389,.T.);
#3296=ORIENTED_EDGE('',*,*,#2070,.F.);
#3297=ORIENTED_EDGE('',*,*,#2068,.F.);
#3298=ORIENTED_EDGE('',*,*,#2391,.F.);
#3299=ORIENTED_EDGE('',*,*,#1851,.F.);
#3300=ORIENTED_EDGE('',*,*,#2390,.F.);
#3301=ORIENTED_EDGE('',*,*,#2352,.F.);
#3302=ORIENTED_EDGE('',*,*,#2071,.T.);
#3303=ORIENTED_EDGE('',*,*,#2067,.F.);
#3304=ORIENTED_EDGE('',*,*,#2392,.T.);
#3305=ORIENTED_EDGE('',*,*,#1852,.F.);
#3306=ORIENTED_EDGE('',*,*,#2391,.T.);
#3307=ORIENTED_EDGE('',*,*,#2066,.F.);
#3308=ORIENTED_EDGE('',*,*,#2084,.F.);
#3309=ORIENTED_EDGE('',*,*,#2083,.F.);
#3310=ORIENTED_EDGE('',*,*,#2351,.F.);
#3311=ORIENTED_EDGE('',*,*,#2393,.F.);
#3312=ORIENTED_EDGE('',*,*,#1853,.T.);
#3313=ORIENTED_EDGE('',*,*,#2392,.F.);
#3314=ORIENTED_EDGE('',*,*,#2350,.F.);
#3315=ORIENTED_EDGE('',*,*,#2394,.T.);
#3316=ORIENTED_EDGE('',*,*,#1854,.F.);
#3317=ORIENTED_EDGE('',*,*,#2393,.T.);
#3318=ORIENTED_EDGE('',*,*,#2094,.F.);
#3319=ORIENTED_EDGE('',*,*,#2092,.F.);
#3320=ORIENTED_EDGE('',*,*,#2395,.F.);
#3321=ORIENTED_EDGE('',*,*,#1855,.F.);
#3322=ORIENTED_EDGE('',*,*,#2394,.F.);
#3323=ORIENTED_EDGE('',*,*,#2349,.F.);
#3324=ORIENTED_EDGE('',*,*,#2095,.T.);
#3325=ORIENTED_EDGE('',*,*,#2091,.F.);
#3326=ORIENTED_EDGE('',*,*,#2396,.T.);
#3327=ORIENTED_EDGE('',*,*,#1856,.F.);
#3328=ORIENTED_EDGE('',*,*,#2395,.T.);
#3329=ORIENTED_EDGE('',*,*,#2090,.F.);
#3330=ORIENTED_EDGE('',*,*,#2108,.F.);
#3331=ORIENTED_EDGE('',*,*,#2107,.F.);
#3332=ORIENTED_EDGE('',*,*,#2348,.F.);
#3333=ORIENTED_EDGE('',*,*,#2397,.F.);
#3334=ORIENTED_EDGE('',*,*,#1857,.T.);
#3335=ORIENTED_EDGE('',*,*,#2396,.F.);
#3336=ORIENTED_EDGE('',*,*,#2347,.F.);
#3337=ORIENTED_EDGE('',*,*,#2398,.T.);
#3338=ORIENTED_EDGE('',*,*,#1858,.F.);
#3339=ORIENTED_EDGE('',*,*,#2397,.T.);
#3340=ORIENTED_EDGE('',*,*,#2118,.F.);
#3341=ORIENTED_EDGE('',*,*,#2116,.F.);
#3342=ORIENTED_EDGE('',*,*,#2399,.F.);
#3343=ORIENTED_EDGE('',*,*,#1859,.F.);
#3344=ORIENTED_EDGE('',*,*,#2398,.F.);
#3345=ORIENTED_EDGE('',*,*,#2346,.F.);
#3346=ORIENTED_EDGE('',*,*,#2119,.T.);
#3347=ORIENTED_EDGE('',*,*,#2115,.F.);
#3348=ORIENTED_EDGE('',*,*,#2400,.T.);
#3349=ORIENTED_EDGE('',*,*,#1860,.F.);
#3350=ORIENTED_EDGE('',*,*,#2399,.T.);
#3351=ORIENTED_EDGE('',*,*,#2114,.F.);
#3352=ORIENTED_EDGE('',*,*,#2132,.F.);
#3353=ORIENTED_EDGE('',*,*,#2131,.F.);
#3354=ORIENTED_EDGE('',*,*,#2345,.F.);
#3355=ORIENTED_EDGE('',*,*,#2401,.F.);
#3356=ORIENTED_EDGE('',*,*,#1861,.T.);
#3357=ORIENTED_EDGE('',*,*,#2400,.F.);
#3358=ORIENTED_EDGE('',*,*,#2344,.F.);
#3359=ORIENTED_EDGE('',*,*,#2402,.T.);
#3360=ORIENTED_EDGE('',*,*,#1862,.F.);
#3361=ORIENTED_EDGE('',*,*,#2401,.T.);
#3362=ORIENTED_EDGE('',*,*,#2142,.F.);
#3363=ORIENTED_EDGE('',*,*,#2140,.F.);
#3364=ORIENTED_EDGE('',*,*,#2403,.F.);
#3365=ORIENTED_EDGE('',*,*,#1863,.F.);
#3366=ORIENTED_EDGE('',*,*,#2402,.F.);
#3367=ORIENTED_EDGE('',*,*,#2343,.F.);
#3368=ORIENTED_EDGE('',*,*,#2143,.T.);
#3369=ORIENTED_EDGE('',*,*,#2139,.F.);
#3370=ORIENTED_EDGE('',*,*,#2404,.T.);
#3371=ORIENTED_EDGE('',*,*,#1864,.F.);
#3372=ORIENTED_EDGE('',*,*,#2403,.T.);
#3373=ORIENTED_EDGE('',*,*,#2138,.F.);
#3374=ORIENTED_EDGE('',*,*,#2156,.F.);
#3375=ORIENTED_EDGE('',*,*,#2155,.F.);
#3376=ORIENTED_EDGE('',*,*,#2342,.F.);
#3377=ORIENTED_EDGE('',*,*,#2405,.F.);
#3378=ORIENTED_EDGE('',*,*,#1865,.T.);
#3379=ORIENTED_EDGE('',*,*,#2404,.F.);
#3380=ORIENTED_EDGE('',*,*,#2341,.F.);
#3381=ORIENTED_EDGE('',*,*,#2406,.T.);
#3382=ORIENTED_EDGE('',*,*,#1866,.F.);
#3383=ORIENTED_EDGE('',*,*,#2405,.T.);
#3384=ORIENTED_EDGE('',*,*,#2166,.F.);
#3385=ORIENTED_EDGE('',*,*,#2164,.F.);
#3386=ORIENTED_EDGE('',*,*,#2407,.F.);
#3387=ORIENTED_EDGE('',*,*,#1867,.F.);
#3388=ORIENTED_EDGE('',*,*,#2406,.F.);
#3389=ORIENTED_EDGE('',*,*,#2340,.F.);
#3390=ORIENTED_EDGE('',*,*,#2167,.T.);
#3391=ORIENTED_EDGE('',*,*,#2163,.F.);
#3392=ORIENTED_EDGE('',*,*,#2408,.T.);
#3393=ORIENTED_EDGE('',*,*,#1868,.F.);
#3394=ORIENTED_EDGE('',*,*,#2407,.T.);
#3395=ORIENTED_EDGE('',*,*,#2162,.F.);
#3396=ORIENTED_EDGE('',*,*,#2180,.F.);
#3397=ORIENTED_EDGE('',*,*,#2179,.F.);
#3398=ORIENTED_EDGE('',*,*,#2339,.F.);
#3399=ORIENTED_EDGE('',*,*,#2409,.F.);
#3400=ORIENTED_EDGE('',*,*,#1869,.T.);
#3401=ORIENTED_EDGE('',*,*,#2408,.F.);
#3402=ORIENTED_EDGE('',*,*,#2338,.F.);
#3403=ORIENTED_EDGE('',*,*,#2410,.T.);
#3404=ORIENTED_EDGE('',*,*,#1870,.F.);
#3405=ORIENTED_EDGE('',*,*,#2409,.T.);
#3406=ORIENTED_EDGE('',*,*,#2190,.F.);
#3407=ORIENTED_EDGE('',*,*,#2188,.F.);
#3408=ORIENTED_EDGE('',*,*,#2411,.F.);
#3409=ORIENTED_EDGE('',*,*,#1871,.F.);
#3410=ORIENTED_EDGE('',*,*,#2410,.F.);
#3411=ORIENTED_EDGE('',*,*,#2337,.F.);
#3412=ORIENTED_EDGE('',*,*,#2191,.T.);
#3413=ORIENTED_EDGE('',*,*,#2187,.F.);
#3414=ORIENTED_EDGE('',*,*,#2412,.T.);
#3415=ORIENTED_EDGE('',*,*,#1872,.F.);
#3416=ORIENTED_EDGE('',*,*,#2411,.T.);
#3417=ORIENTED_EDGE('',*,*,#2186,.F.);
#3418=ORIENTED_EDGE('',*,*,#2204,.F.);
#3419=ORIENTED_EDGE('',*,*,#2203,.F.);
#3420=ORIENTED_EDGE('',*,*,#2336,.F.);
#3421=ORIENTED_EDGE('',*,*,#2413,.F.);
#3422=ORIENTED_EDGE('',*,*,#1873,.T.);
#3423=ORIENTED_EDGE('',*,*,#2412,.F.);
#3424=ORIENTED_EDGE('',*,*,#2335,.F.);
#3425=ORIENTED_EDGE('',*,*,#2414,.T.);
#3426=ORIENTED_EDGE('',*,*,#1874,.F.);
#3427=ORIENTED_EDGE('',*,*,#2413,.T.);
#3428=ORIENTED_EDGE('',*,*,#2214,.F.);
#3429=ORIENTED_EDGE('',*,*,#2212,.F.);
#3430=ORIENTED_EDGE('',*,*,#2415,.F.);
#3431=ORIENTED_EDGE('',*,*,#1875,.F.);
#3432=ORIENTED_EDGE('',*,*,#2414,.F.);
#3433=ORIENTED_EDGE('',*,*,#2334,.F.);
#3434=ORIENTED_EDGE('',*,*,#2215,.T.);
#3435=ORIENTED_EDGE('',*,*,#2211,.F.);
#3436=ORIENTED_EDGE('',*,*,#2416,.T.);
#3437=ORIENTED_EDGE('',*,*,#1876,.F.);
#3438=ORIENTED_EDGE('',*,*,#2415,.T.);
#3439=ORIENTED_EDGE('',*,*,#2210,.F.);
#3440=ORIENTED_EDGE('',*,*,#2228,.F.);
#3441=ORIENTED_EDGE('',*,*,#2227,.F.);
#3442=ORIENTED_EDGE('',*,*,#2333,.F.);
#3443=ORIENTED_EDGE('',*,*,#2417,.F.);
#3444=ORIENTED_EDGE('',*,*,#1877,.T.);
#3445=ORIENTED_EDGE('',*,*,#2416,.F.);
#3446=ORIENTED_EDGE('',*,*,#2332,.F.);
#3447=ORIENTED_EDGE('',*,*,#2418,.T.);
#3448=ORIENTED_EDGE('',*,*,#1878,.F.);
#3449=ORIENTED_EDGE('',*,*,#2417,.T.);
#3450=ORIENTED_EDGE('',*,*,#2238,.F.);
#3451=ORIENTED_EDGE('',*,*,#2236,.F.);
#3452=ORIENTED_EDGE('',*,*,#2419,.F.);
#3453=ORIENTED_EDGE('',*,*,#1879,.F.);
#3454=ORIENTED_EDGE('',*,*,#2418,.F.);
#3455=ORIENTED_EDGE('',*,*,#2331,.F.);
#3456=ORIENTED_EDGE('',*,*,#2239,.T.);
#3457=ORIENTED_EDGE('',*,*,#2235,.F.);
#3458=ORIENTED_EDGE('',*,*,#2420,.T.);
#3459=ORIENTED_EDGE('',*,*,#1880,.F.);
#3460=ORIENTED_EDGE('',*,*,#2419,.T.);
#3461=ORIENTED_EDGE('',*,*,#2234,.F.);
#3462=ORIENTED_EDGE('',*,*,#2252,.F.);
#3463=ORIENTED_EDGE('',*,*,#2251,.F.);
#3464=ORIENTED_EDGE('',*,*,#2330,.F.);
#3465=ORIENTED_EDGE('',*,*,#2421,.F.);
#3466=ORIENTED_EDGE('',*,*,#1881,.T.);
#3467=ORIENTED_EDGE('',*,*,#2420,.F.);
#3468=ORIENTED_EDGE('',*,*,#2329,.F.);
#3469=ORIENTED_EDGE('',*,*,#2422,.T.);
#3470=ORIENTED_EDGE('',*,*,#1882,.F.);
#3471=ORIENTED_EDGE('',*,*,#2421,.T.);
#3472=ORIENTED_EDGE('',*,*,#2262,.F.);
#3473=ORIENTED_EDGE('',*,*,#2260,.F.);
#3474=ORIENTED_EDGE('',*,*,#2423,.F.);
#3475=ORIENTED_EDGE('',*,*,#1883,.F.);
#3476=ORIENTED_EDGE('',*,*,#2422,.F.);
#3477=ORIENTED_EDGE('',*,*,#2328,.F.);
#3478=ORIENTED_EDGE('',*,*,#2263,.T.);
#3479=ORIENTED_EDGE('',*,*,#2259,.F.);
#3480=ORIENTED_EDGE('',*,*,#2424,.T.);
#3481=ORIENTED_EDGE('',*,*,#1884,.F.);
#3482=ORIENTED_EDGE('',*,*,#2423,.T.);
#3483=ORIENTED_EDGE('',*,*,#2258,.F.);
#3484=ORIENTED_EDGE('',*,*,#2276,.F.);
#3485=ORIENTED_EDGE('',*,*,#2275,.F.);
#3486=ORIENTED_EDGE('',*,*,#2327,.F.);
#3487=ORIENTED_EDGE('',*,*,#2425,.F.);
#3488=ORIENTED_EDGE('',*,*,#1885,.T.);
#3489=ORIENTED_EDGE('',*,*,#2424,.F.);
#3490=ORIENTED_EDGE('',*,*,#2326,.F.);
#3491=ORIENTED_EDGE('',*,*,#2426,.T.);
#3492=ORIENTED_EDGE('',*,*,#1886,.F.);
#3493=ORIENTED_EDGE('',*,*,#2425,.T.);
#3494=ORIENTED_EDGE('',*,*,#2370,.F.);
#3495=ORIENTED_EDGE('',*,*,#2369,.F.);
#3496=ORIENTED_EDGE('',*,*,#2427,.F.);
#3497=ORIENTED_EDGE('',*,*,#1887,.F.);
#3498=ORIENTED_EDGE('',*,*,#2426,.F.);
#3499=ORIENTED_EDGE('',*,*,#2325,.F.);
#3500=ORIENTED_EDGE('',*,*,#2371,.T.);
#3501=ORIENTED_EDGE('',*,*,#2368,.F.);
#3502=ORIENTED_EDGE('',*,*,#2428,.T.);
#3503=ORIENTED_EDGE('',*,*,#1888,.F.);
#3504=ORIENTED_EDGE('',*,*,#2427,.T.);
#3505=ORIENTED_EDGE('',*,*,#1958,.F.);
#3506=ORIENTED_EDGE('',*,*,#2373,.T.);
#3507=ORIENTED_EDGE('',*,*,#1944,.F.);
#3508=ORIENTED_EDGE('',*,*,#2429,.T.);
#3509=ORIENTED_EDGE('',*,*,#1959,.F.);
#3510=ORIENTED_EDGE('',*,*,#2429,.F.);
#3511=ORIENTED_EDGE('',*,*,#1943,.F.);
#3512=ORIENTED_EDGE('',*,*,#2430,.F.);
#3513=ORIENTED_EDGE('',*,*,#2281,.F.);
#3514=ORIENTED_EDGE('',*,*,#1965,.T.);
#3515=ORIENTED_EDGE('',*,*,#1964,.F.);
#3516=ORIENTED_EDGE('',*,*,#1980,.F.);
#3517=ORIENTED_EDGE('',*,*,#2431,.T.);
#3518=ORIENTED_EDGE('',*,*,#1940,.F.);
#3519=ORIENTED_EDGE('',*,*,#2432,.T.);
#3520=ORIENTED_EDGE('',*,*,#1985,.F.);
#3521=ORIENTED_EDGE('',*,*,#1984,.F.);
#3522=ORIENTED_EDGE('',*,*,#2283,.F.);
#3523=ORIENTED_EDGE('',*,*,#2433,.F.);
#3524=ORIENTED_EDGE('',*,*,#1941,.T.);
#3525=ORIENTED_EDGE('',*,*,#2431,.F.);
#3526=ORIENTED_EDGE('',*,*,#1979,.F.);
#3527=ORIENTED_EDGE('',*,*,#1981,.F.);
#3528=ORIENTED_EDGE('',*,*,#2432,.F.);
#3529=ORIENTED_EDGE('',*,*,#1939,.F.);
#3530=ORIENTED_EDGE('',*,*,#2434,.F.);
#3531=ORIENTED_EDGE('',*,*,#2284,.F.);
#3532=ORIENTED_EDGE('',*,*,#1990,.T.);
#3533=ORIENTED_EDGE('',*,*,#1989,.F.);
#3534=ORIENTED_EDGE('',*,*,#2004,.F.);
#3535=ORIENTED_EDGE('',*,*,#2435,.T.);
#3536=ORIENTED_EDGE('',*,*,#1936,.F.);
#3537=ORIENTED_EDGE('',*,*,#2436,.T.);
#3538=ORIENTED_EDGE('',*,*,#2009,.F.);
#3539=ORIENTED_EDGE('',*,*,#2008,.F.);
#3540=ORIENTED_EDGE('',*,*,#2286,.F.);
#3541=ORIENTED_EDGE('',*,*,#2437,.F.);
#3542=ORIENTED_EDGE('',*,*,#1937,.T.);
#3543=ORIENTED_EDGE('',*,*,#2435,.F.);
#3544=ORIENTED_EDGE('',*,*,#2003,.F.);
#3545=ORIENTED_EDGE('',*,*,#2005,.F.);
#3546=ORIENTED_EDGE('',*,*,#2436,.F.);
#3547=ORIENTED_EDGE('',*,*,#1935,.F.);
#3548=ORIENTED_EDGE('',*,*,#2438,.F.);
#3549=ORIENTED_EDGE('',*,*,#2287,.F.);
#3550=ORIENTED_EDGE('',*,*,#2014,.T.);
#3551=ORIENTED_EDGE('',*,*,#2013,.F.);
#3552=ORIENTED_EDGE('',*,*,#2028,.F.);
#3553=ORIENTED_EDGE('',*,*,#2439,.T.);
#3554=ORIENTED_EDGE('',*,*,#1932,.F.);
#3555=ORIENTED_EDGE('',*,*,#2440,.T.);
#3556=ORIENTED_EDGE('',*,*,#2033,.F.);
#3557=ORIENTED_EDGE('',*,*,#2032,.F.);
#3558=ORIENTED_EDGE('',*,*,#2289,.F.);
#3559=ORIENTED_EDGE('',*,*,#2441,.F.);
#3560=ORIENTED_EDGE('',*,*,#1933,.T.);
#3561=ORIENTED_EDGE('',*,*,#2439,.F.);
#3562=ORIENTED_EDGE('',*,*,#2027,.F.);
#3563=ORIENTED_EDGE('',*,*,#2029,.F.);
#3564=ORIENTED_EDGE('',*,*,#2440,.F.);
#3565=ORIENTED_EDGE('',*,*,#1931,.F.);
#3566=ORIENTED_EDGE('',*,*,#2442,.F.);
#3567=ORIENTED_EDGE('',*,*,#2290,.F.);
#3568=ORIENTED_EDGE('',*,*,#2038,.T.);
#3569=ORIENTED_EDGE('',*,*,#2037,.F.);
#3570=ORIENTED_EDGE('',*,*,#2052,.F.);
#3571=ORIENTED_EDGE('',*,*,#2443,.T.);
#3572=ORIENTED_EDGE('',*,*,#1928,.F.);
#3573=ORIENTED_EDGE('',*,*,#2444,.T.);
#3574=ORIENTED_EDGE('',*,*,#2057,.F.);
#3575=ORIENTED_EDGE('',*,*,#2056,.F.);
#3576=ORIENTED_EDGE('',*,*,#2292,.F.);
#3577=ORIENTED_EDGE('',*,*,#2445,.F.);
#3578=ORIENTED_EDGE('',*,*,#1929,.T.);
#3579=ORIENTED_EDGE('',*,*,#2443,.F.);
#3580=ORIENTED_EDGE('',*,*,#2051,.F.);
#3581=ORIENTED_EDGE('',*,*,#2053,.F.);
#3582=ORIENTED_EDGE('',*,*,#2444,.F.);
#3583=ORIENTED_EDGE('',*,*,#1927,.F.);
#3584=ORIENTED_EDGE('',*,*,#2446,.F.);
#3585=ORIENTED_EDGE('',*,*,#2293,.F.);
#3586=ORIENTED_EDGE('',*,*,#2062,.T.);
#3587=ORIENTED_EDGE('',*,*,#2061,.F.);
#3588=ORIENTED_EDGE('',*,*,#2076,.F.);
#3589=ORIENTED_EDGE('',*,*,#2447,.T.);
#3590=ORIENTED_EDGE('',*,*,#1924,.F.);
#3591=ORIENTED_EDGE('',*,*,#2448,.T.);
#3592=ORIENTED_EDGE('',*,*,#2081,.F.);
#3593=ORIENTED_EDGE('',*,*,#2080,.F.);
#3594=ORIENTED_EDGE('',*,*,#2295,.F.);
#3595=ORIENTED_EDGE('',*,*,#2449,.F.);
#3596=ORIENTED_EDGE('',*,*,#1925,.T.);
#3597=ORIENTED_EDGE('',*,*,#2447,.F.);
#3598=ORIENTED_EDGE('',*,*,#2075,.F.);
#3599=ORIENTED_EDGE('',*,*,#2077,.F.);
#3600=ORIENTED_EDGE('',*,*,#2448,.F.);
#3601=ORIENTED_EDGE('',*,*,#1923,.F.);
#3602=ORIENTED_EDGE('',*,*,#2450,.F.);
#3603=ORIENTED_EDGE('',*,*,#2296,.F.);
#3604=ORIENTED_EDGE('',*,*,#2086,.T.);
#3605=ORIENTED_EDGE('',*,*,#2085,.F.);
#3606=ORIENTED_EDGE('',*,*,#2100,.F.);
#3607=ORIENTED_EDGE('',*,*,#2451,.T.);
#3608=ORIENTED_EDGE('',*,*,#1920,.F.);
#3609=ORIENTED_EDGE('',*,*,#2452,.T.);
#3610=ORIENTED_EDGE('',*,*,#2105,.F.);
#3611=ORIENTED_EDGE('',*,*,#2104,.F.);
#3612=ORIENTED_EDGE('',*,*,#2298,.F.);
#3613=ORIENTED_EDGE('',*,*,#2453,.F.);
#3614=ORIENTED_EDGE('',*,*,#1921,.T.);
#3615=ORIENTED_EDGE('',*,*,#2451,.F.);
#3616=ORIENTED_EDGE('',*,*,#2099,.F.);
#3617=ORIENTED_EDGE('',*,*,#2101,.F.);
#3618=ORIENTED_EDGE('',*,*,#2452,.F.);
#3619=ORIENTED_EDGE('',*,*,#1919,.F.);
#3620=ORIENTED_EDGE('',*,*,#2454,.F.);
#3621=ORIENTED_EDGE('',*,*,#2299,.F.);
#3622=ORIENTED_EDGE('',*,*,#2110,.T.);
#3623=ORIENTED_EDGE('',*,*,#2109,.F.);
#3624=ORIENTED_EDGE('',*,*,#2124,.F.);
#3625=ORIENTED_EDGE('',*,*,#2455,.T.);
#3626=ORIENTED_EDGE('',*,*,#1916,.F.);
#3627=ORIENTED_EDGE('',*,*,#2456,.T.);
#3628=ORIENTED_EDGE('',*,*,#2129,.F.);
#3629=ORIENTED_EDGE('',*,*,#2128,.F.);
#3630=ORIENTED_EDGE('',*,*,#2301,.F.);
#3631=ORIENTED_EDGE('',*,*,#2457,.F.);
#3632=ORIENTED_EDGE('',*,*,#1917,.T.);
#3633=ORIENTED_EDGE('',*,*,#2455,.F.);
#3634=ORIENTED_EDGE('',*,*,#2123,.F.);
#3635=ORIENTED_EDGE('',*,*,#2125,.F.);
#3636=ORIENTED_EDGE('',*,*,#2456,.F.);
#3637=ORIENTED_EDGE('',*,*,#1915,.F.);
#3638=ORIENTED_EDGE('',*,*,#2458,.F.);
#3639=ORIENTED_EDGE('',*,*,#2302,.F.);
#3640=ORIENTED_EDGE('',*,*,#2134,.T.);
#3641=ORIENTED_EDGE('',*,*,#2133,.F.);
#3642=ORIENTED_EDGE('',*,*,#2148,.F.);
#3643=ORIENTED_EDGE('',*,*,#2459,.T.);
#3644=ORIENTED_EDGE('',*,*,#1912,.F.);
#3645=ORIENTED_EDGE('',*,*,#2460,.T.);
#3646=ORIENTED_EDGE('',*,*,#2153,.F.);
#3647=ORIENTED_EDGE('',*,*,#2152,.F.);
#3648=ORIENTED_EDGE('',*,*,#2304,.F.);
#3649=ORIENTED_EDGE('',*,*,#2461,.F.);
#3650=ORIENTED_EDGE('',*,*,#1913,.T.);
#3651=ORIENTED_EDGE('',*,*,#2459,.F.);
#3652=ORIENTED_EDGE('',*,*,#2147,.F.);
#3653=ORIENTED_EDGE('',*,*,#2149,.F.);
#3654=ORIENTED_EDGE('',*,*,#2460,.F.);
#3655=ORIENTED_EDGE('',*,*,#1911,.F.);
#3656=ORIENTED_EDGE('',*,*,#2462,.F.);
#3657=ORIENTED_EDGE('',*,*,#2305,.F.);
#3658=ORIENTED_EDGE('',*,*,#2158,.T.);
#3659=ORIENTED_EDGE('',*,*,#2157,.F.);
#3660=ORIENTED_EDGE('',*,*,#2172,.F.);
#3661=ORIENTED_EDGE('',*,*,#2463,.T.);
#3662=ORIENTED_EDGE('',*,*,#1908,.F.);
#3663=ORIENTED_EDGE('',*,*,#2464,.T.);
#3664=ORIENTED_EDGE('',*,*,#2177,.F.);
#3665=ORIENTED_EDGE('',*,*,#2176,.F.);
#3666=ORIENTED_EDGE('',*,*,#2307,.F.);
#3667=ORIENTED_EDGE('',*,*,#2465,.F.);
#3668=ORIENTED_EDGE('',*,*,#1909,.T.);
#3669=ORIENTED_EDGE('',*,*,#2463,.F.);
#3670=ORIENTED_EDGE('',*,*,#2171,.F.);
#3671=ORIENTED_EDGE('',*,*,#2173,.F.);
#3672=ORIENTED_EDGE('',*,*,#2464,.F.);
#3673=ORIENTED_EDGE('',*,*,#1907,.F.);
#3674=ORIENTED_EDGE('',*,*,#2466,.F.);
#3675=ORIENTED_EDGE('',*,*,#2308,.F.);
#3676=ORIENTED_EDGE('',*,*,#2182,.T.);
#3677=ORIENTED_EDGE('',*,*,#2181,.F.);
#3678=ORIENTED_EDGE('',*,*,#2196,.F.);
#3679=ORIENTED_EDGE('',*,*,#2467,.T.);
#3680=ORIENTED_EDGE('',*,*,#1904,.F.);
#3681=ORIENTED_EDGE('',*,*,#2468,.T.);
#3682=ORIENTED_EDGE('',*,*,#2201,.F.);
#3683=ORIENTED_EDGE('',*,*,#2200,.F.);
#3684=ORIENTED_EDGE('',*,*,#2310,.F.);
#3685=ORIENTED_EDGE('',*,*,#2469,.F.);
#3686=ORIENTED_EDGE('',*,*,#1905,.T.);
#3687=ORIENTED_EDGE('',*,*,#2467,.F.);
#3688=ORIENTED_EDGE('',*,*,#2195,.F.);
#3689=ORIENTED_EDGE('',*,*,#2197,.F.);
#3690=ORIENTED_EDGE('',*,*,#2468,.F.);
#3691=ORIENTED_EDGE('',*,*,#1903,.F.);
#3692=ORIENTED_EDGE('',*,*,#2470,.F.);
#3693=ORIENTED_EDGE('',*,*,#2311,.F.);
#3694=ORIENTED_EDGE('',*,*,#2206,.T.);
#3695=ORIENTED_EDGE('',*,*,#2205,.F.);
#3696=ORIENTED_EDGE('',*,*,#2220,.F.);
#3697=ORIENTED_EDGE('',*,*,#2471,.T.);
#3698=ORIENTED_EDGE('',*,*,#1900,.F.);
#3699=ORIENTED_EDGE('',*,*,#2472,.T.);
#3700=ORIENTED_EDGE('',*,*,#2225,.F.);
#3701=ORIENTED_EDGE('',*,*,#2224,.F.);
#3702=ORIENTED_EDGE('',*,*,#2313,.F.);
#3703=ORIENTED_EDGE('',*,*,#2473,.F.);
#3704=ORIENTED_EDGE('',*,*,#1901,.T.);
#3705=ORIENTED_EDGE('',*,*,#2471,.F.);
#3706=ORIENTED_EDGE('',*,*,#2219,.F.);
#3707=ORIENTED_EDGE('',*,*,#2221,.F.);
#3708=ORIENTED_EDGE('',*,*,#2472,.F.);
#3709=ORIENTED_EDGE('',*,*,#1899,.F.);
#3710=ORIENTED_EDGE('',*,*,#2474,.F.);
#3711=ORIENTED_EDGE('',*,*,#2314,.F.);
#3712=ORIENTED_EDGE('',*,*,#2230,.T.);
#3713=ORIENTED_EDGE('',*,*,#2229,.F.);
#3714=ORIENTED_EDGE('',*,*,#2244,.F.);
#3715=ORIENTED_EDGE('',*,*,#2475,.T.);
#3716=ORIENTED_EDGE('',*,*,#1896,.F.);
#3717=ORIENTED_EDGE('',*,*,#2476,.T.);
#3718=ORIENTED_EDGE('',*,*,#2249,.F.);
#3719=ORIENTED_EDGE('',*,*,#2248,.F.);
#3720=ORIENTED_EDGE('',*,*,#2316,.F.);
#3721=ORIENTED_EDGE('',*,*,#2477,.F.);
#3722=ORIENTED_EDGE('',*,*,#1897,.T.);
#3723=ORIENTED_EDGE('',*,*,#2475,.F.);
#3724=ORIENTED_EDGE('',*,*,#2243,.F.);
#3725=ORIENTED_EDGE('',*,*,#2245,.F.);
#3726=ORIENTED_EDGE('',*,*,#2476,.F.);
#3727=ORIENTED_EDGE('',*,*,#1895,.F.);
#3728=ORIENTED_EDGE('',*,*,#2478,.F.);
#3729=ORIENTED_EDGE('',*,*,#2317,.F.);
#3730=ORIENTED_EDGE('',*,*,#2254,.T.);
#3731=ORIENTED_EDGE('',*,*,#2253,.F.);
#3732=ORIENTED_EDGE('',*,*,#2268,.F.);
#3733=ORIENTED_EDGE('',*,*,#2479,.T.);
#3734=ORIENTED_EDGE('',*,*,#1892,.F.);
#3735=ORIENTED_EDGE('',*,*,#2480,.T.);
#3736=ORIENTED_EDGE('',*,*,#2273,.F.);
#3737=ORIENTED_EDGE('',*,*,#2272,.F.);
#3738=ORIENTED_EDGE('',*,*,#2319,.F.);
#3739=ORIENTED_EDGE('',*,*,#2481,.F.);
#3740=ORIENTED_EDGE('',*,*,#1893,.T.);
#3741=ORIENTED_EDGE('',*,*,#2479,.F.);
#3742=ORIENTED_EDGE('',*,*,#2267,.F.);
#3743=ORIENTED_EDGE('',*,*,#2269,.F.);
#3744=ORIENTED_EDGE('',*,*,#2480,.F.);
#3745=ORIENTED_EDGE('',*,*,#1891,.F.);
#3746=ORIENTED_EDGE('',*,*,#2482,.F.);
#3747=ORIENTED_EDGE('',*,*,#2321,.F.);
#3748=ORIENTED_EDGE('',*,*,#2365,.T.);
#3749=ORIENTED_EDGE('',*,*,#2364,.F.);
#3750=ORIENTED_EDGE('',*,*,#1953,.F.);
#3751=ORIENTED_EDGE('',*,*,#1952,.F.);
#3752=ORIENTED_EDGE('',*,*,#2323,.F.);
#3753=ORIENTED_EDGE('',*,*,#2483,.F.);
#3754=ORIENTED_EDGE('',*,*,#1889,.T.);
#3755=ORIENTED_EDGE('',*,*,#2428,.F.);
#3756=ORIENTED_EDGE('',*,*,#2367,.F.);
#3757=ORIENTED_EDGE('',*,*,#2322,.F.);
#3758=ORIENTED_EDGE('',*,*,#2482,.T.);
#3759=ORIENTED_EDGE('',*,*,#1890,.F.);
#3760=ORIENTED_EDGE('',*,*,#2483,.T.);
#3761=ORIENTED_EDGE('',*,*,#2318,.F.);
#3762=ORIENTED_EDGE('',*,*,#2478,.T.);
#3763=ORIENTED_EDGE('',*,*,#1894,.F.);
#3764=ORIENTED_EDGE('',*,*,#2481,.T.);
#3765=ORIENTED_EDGE('',*,*,#2315,.F.);
#3766=ORIENTED_EDGE('',*,*,#2474,.T.);
#3767=ORIENTED_EDGE('',*,*,#1898,.F.);
#3768=ORIENTED_EDGE('',*,*,#2477,.T.);
#3769=ORIENTED_EDGE('',*,*,#2312,.F.);
#3770=ORIENTED_EDGE('',*,*,#2470,.T.);
#3771=ORIENTED_EDGE('',*,*,#1902,.F.);
#3772=ORIENTED_EDGE('',*,*,#2473,.T.);
#3773=ORIENTED_EDGE('',*,*,#2309,.F.);
#3774=ORIENTED_EDGE('',*,*,#2466,.T.);
#3775=ORIENTED_EDGE('',*,*,#1906,.F.);
#3776=ORIENTED_EDGE('',*,*,#2469,.T.);
#3777=ORIENTED_EDGE('',*,*,#2306,.F.);
#3778=ORIENTED_EDGE('',*,*,#2462,.T.);
#3779=ORIENTED_EDGE('',*,*,#1910,.F.);
#3780=ORIENTED_EDGE('',*,*,#2465,.T.);
#3781=ORIENTED_EDGE('',*,*,#2303,.F.);
#3782=ORIENTED_EDGE('',*,*,#2458,.T.);
#3783=ORIENTED_EDGE('',*,*,#1914,.F.);
#3784=ORIENTED_EDGE('',*,*,#2461,.T.);
#3785=ORIENTED_EDGE('',*,*,#2300,.F.);
#3786=ORIENTED_EDGE('',*,*,#2454,.T.);
#3787=ORIENTED_EDGE('',*,*,#1918,.F.);
#3788=ORIENTED_EDGE('',*,*,#2457,.T.);
#3789=ORIENTED_EDGE('',*,*,#2297,.F.);
#3790=ORIENTED_EDGE('',*,*,#2450,.T.);
#3791=ORIENTED_EDGE('',*,*,#1922,.F.);
#3792=ORIENTED_EDGE('',*,*,#2453,.T.);
#3793=ORIENTED_EDGE('',*,*,#2294,.F.);
#3794=ORIENTED_EDGE('',*,*,#2446,.T.);
#3795=ORIENTED_EDGE('',*,*,#1926,.F.);
#3796=ORIENTED_EDGE('',*,*,#2449,.T.);
#3797=ORIENTED_EDGE('',*,*,#2291,.F.);
#3798=ORIENTED_EDGE('',*,*,#2442,.T.);
#3799=ORIENTED_EDGE('',*,*,#1930,.F.);
#3800=ORIENTED_EDGE('',*,*,#2445,.T.);
#3801=ORIENTED_EDGE('',*,*,#2288,.F.);
#3802=ORIENTED_EDGE('',*,*,#2438,.T.);
#3803=ORIENTED_EDGE('',*,*,#1934,.F.);
#3804=ORIENTED_EDGE('',*,*,#2441,.T.);
#3805=ORIENTED_EDGE('',*,*,#2285,.F.);
#3806=ORIENTED_EDGE('',*,*,#2434,.T.);
#3807=ORIENTED_EDGE('',*,*,#1938,.F.);
#3808=ORIENTED_EDGE('',*,*,#2437,.T.);
#3809=ORIENTED_EDGE('',*,*,#2282,.F.);
#3810=ORIENTED_EDGE('',*,*,#2430,.T.);
#3811=ORIENTED_EDGE('',*,*,#1942,.F.);
#3812=ORIENTED_EDGE('',*,*,#2433,.T.);
#3813=ORIENTED_EDGE('',*,*,#2484,.T.);
#3814=ORIENTED_EDGE('',*,*,#2485,.T.);
#3815=ORIENTED_EDGE('',*,*,#2486,.F.);
#3816=ORIENTED_EDGE('',*,*,#2487,.F.);
#3817=ORIENTED_EDGE('',*,*,#2488,.F.);
#3818=ORIENTED_EDGE('',*,*,#2484,.F.);
#3819=ORIENTED_EDGE('',*,*,#2488,.T.);
#3820=ORIENTED_EDGE('',*,*,#2489,.F.);
#3821=ORIENTED_EDGE('',*,*,#2486,.T.);
#3822=ORIENTED_EDGE('',*,*,#2485,.F.);
#3823=ORIENTED_EDGE('',*,*,#1837,.T.);
#3824=ORIENTED_EDGE('',*,*,#2489,.T.);
#3825=ORIENTED_EDGE('',*,*,#2487,.T.);
#3826=CONICAL_SURFACE('',#4083,5.75,0.785398163397448);
#3827=CONICAL_SURFACE('',#4090,2.75,0.785398163397448);
#3828=CONICAL_SURFACE('',#4097,5.75,0.785398163397449);
#3829=CONICAL_SURFACE('',#4159,9.15000000000001,0.785398163397445);
#3830=CONICAL_SURFACE('',#4161,9.15000000000001,0.785398163397448);
#3831=CONICAL_SURFACE('',#4163,9.15,0.785398163397451);
#3832=CONICAL_SURFACE('',#4165,9.15000000000001,0.785398163397445);
#3833=CONICAL_SURFACE('',#4167,9.15,0.785398163397448);
#3834=CONICAL_SURFACE('',#4169,9.15000000000001,0.785398163397449);
#3835=CONICAL_SURFACE('',#4171,9.15,0.78539816339745);
#3836=CONICAL_SURFACE('',#4173,9.15000000000001,0.785398163397449);
#3837=CONICAL_SURFACE('',#4175,9.15,0.78539816339745);
#3838=CONICAL_SURFACE('',#4177,9.15,0.78539816339745);
#3839=CONICAL_SURFACE('',#4179,9.15000000000001,0.785398163397445);
#3840=CONICAL_SURFACE('',#4181,9.15000000000001,0.785398163397449);
#3841=CONICAL_SURFACE('',#4183,9.15000000000001,0.785398163397448);
#3842=CONICAL_SURFACE('',#4185,9.15000000000001,0.785398163397445);
#3843=CONICAL_SURFACE('',#4187,9.15000000000001,0.785398163397446);
#3844=CONICAL_SURFACE('',#4189,9.15000000000001,0.785398163397448);
#3845=CONICAL_SURFACE('',#4191,9.15,0.785398163397451);
#3846=CONICAL_SURFACE('',#4193,9.15,0.785398163397445);
#3847=CONICAL_SURFACE('',#4195,9.15,0.785398163397448);
#3848=CONICAL_SURFACE('',#4197,9.15000000000001,0.78539816339745);
#3849=CONICAL_SURFACE('',#4199,9.15,0.78539816339745);
#3850=CONICAL_SURFACE('',#4201,9.15000000000001,0.785398163397449);
#3851=CONICAL_SURFACE('',#4203,9.15000000000001,0.785398163397451);
#3852=CONICAL_SURFACE('',#4205,9.15,0.78539816339745);
#3853=CONICAL_SURFACE('',#4207,9.15000000000001,0.785398163397445);
#3854=CONICAL_SURFACE('',#4209,9.15000000000001,0.785398163397449);
#3855=CONICAL_SURFACE('',#4211,9.15000000000001,0.785398163397448);
#3856=CONICAL_SURFACE('',#4213,8.75,0.785398163397453);
#3857=CONICAL_SURFACE('',#4242,9.15000000000001,0.785398163397445);
#3858=ADVANCED_FACE('',(#675),#3826,.F.);
#3859=ADVANCED_FACE('',(#676),#615,.F.);
#3860=ADVANCED_FACE('',(#677,#604),#608,.T.);
#3861=ADVANCED_FACE('',(#678),#3827,.T.);
#3862=ADVANCED_FACE('',(#679),#616,.T.);
#3863=ADVANCED_FACE('',(#680),#609,.T.);
#3864=ADVANCED_FACE('',(#681,#605),#610,.T.);
#3865=ADVANCED_FACE('',(#682),#3828,.F.);
#3866=ADVANCED_FACE('',(#683),#617,.F.);
#3867=ADVANCED_FACE('',(#684,#606),#611,.T.);
#3868=ADVANCED_FACE('',(#685),#492,.T.);
#3869=ADVANCED_FACE('',(#686),#3829,.T.);
#3870=ADVANCED_FACE('',(#687),#493,.T.);
#3871=ADVANCED_FACE('',(#688),#494,.T.);
#3872=ADVANCED_FACE('',(#689),#3830,.T.);
#3873=ADVANCED_FACE('',(#690),#495,.T.);
#3874=ADVANCED_FACE('',(#691),#3831,.T.);
#3875=ADVANCED_FACE('',(#692),#496,.T.);
#3876=ADVANCED_FACE('',(#693),#497,.T.);
#3877=ADVANCED_FACE('',(#694),#498,.T.);
#3878=ADVANCED_FACE('',(#695),#3832,.T.);
#3879=ADVANCED_FACE('',(#696),#499,.T.);
#3880=ADVANCED_FACE('',(#697),#3833,.T.);
#3881=ADVANCED_FACE('',(#698),#500,.T.);
#3882=ADVANCED_FACE('',(#699),#501,.T.);
#3883=ADVANCED_FACE('',(#700),#502,.T.);
#3884=ADVANCED_FACE('',(#701),#3834,.T.);
#3885=ADVANCED_FACE('',(#702),#503,.T.);
#3886=ADVANCED_FACE('',(#703),#3835,.T.);
#3887=ADVANCED_FACE('',(#704),#504,.T.);
#3888=ADVANCED_FACE('',(#705),#505,.T.);
#3889=ADVANCED_FACE('',(#706),#506,.T.);
#3890=ADVANCED_FACE('',(#707),#3836,.T.);
#3891=ADVANCED_FACE('',(#708),#507,.T.);
#3892=ADVANCED_FACE('',(#709),#3837,.T.);
#3893=ADVANCED_FACE('',(#710),#508,.T.);
#3894=ADVANCED_FACE('',(#711),#509,.T.);
#3895=ADVANCED_FACE('',(#712),#510,.T.);
#3896=ADVANCED_FACE('',(#713),#3838,.T.);
#3897=ADVANCED_FACE('',(#714),#511,.T.);
#3898=ADVANCED_FACE('',(#715),#3839,.T.);
#3899=ADVANCED_FACE('',(#716),#512,.T.);
#3900=ADVANCED_FACE('',(#717),#513,.T.);
#3901=ADVANCED_FACE('',(#718),#514,.T.);
#3902=ADVANCED_FACE('',(#719),#3840,.T.);
#3903=ADVANCED_FACE('',(#720),#515,.T.);
#3904=ADVANCED_FACE('',(#721),#3841,.T.);
#3905=ADVANCED_FACE('',(#722),#516,.T.);
#3906=ADVANCED_FACE('',(#723),#517,.T.);
#3907=ADVANCED_FACE('',(#724),#518,.T.);
#3908=ADVANCED_FACE('',(#725),#3842,.T.);
#3909=ADVANCED_FACE('',(#726),#519,.T.);
#3910=ADVANCED_FACE('',(#727),#3843,.T.);
#3911=ADVANCED_FACE('',(#728),#520,.T.);
#3912=ADVANCED_FACE('',(#729),#521,.T.);
#3913=ADVANCED_FACE('',(#730),#522,.T.);
#3914=ADVANCED_FACE('',(#731),#3844,.T.);
#3915=ADVANCED_FACE('',(#732),#523,.T.);
#3916=ADVANCED_FACE('',(#733),#3845,.T.);
#3917=ADVANCED_FACE('',(#734),#524,.T.);
#3918=ADVANCED_FACE('',(#735),#525,.T.);
#3919=ADVANCED_FACE('',(#736),#526,.T.);
#3920=ADVANCED_FACE('',(#737),#3846,.T.);
#3921=ADVANCED_FACE('',(#738),#527,.T.);
#3922=ADVANCED_FACE('',(#739),#3847,.T.);
#3923=ADVANCED_FACE('',(#740),#528,.T.);
#3924=ADVANCED_FACE('',(#741),#529,.T.);
#3925=ADVANCED_FACE('',(#742),#530,.T.);
#3926=ADVANCED_FACE('',(#743),#3848,.T.);
#3927=ADVANCED_FACE('',(#744),#531,.T.);
#3928=ADVANCED_FACE('',(#745),#3849,.T.);
#3929=ADVANCED_FACE('',(#746),#532,.T.);
#3930=ADVANCED_FACE('',(#747),#533,.T.);
#3931=ADVANCED_FACE('',(#748),#534,.T.);
#3932=ADVANCED_FACE('',(#749),#3850,.T.);
#3933=ADVANCED_FACE('',(#750),#535,.T.);
#3934=ADVANCED_FACE('',(#751),#3851,.T.);
#3935=ADVANCED_FACE('',(#752),#536,.T.);
#3936=ADVANCED_FACE('',(#753),#537,.T.);
#3937=ADVANCED_FACE('',(#754),#538,.T.);
#3938=ADVANCED_FACE('',(#755),#3852,.T.);
#3939=ADVANCED_FACE('',(#756),#539,.T.);
#3940=ADVANCED_FACE('',(#757),#3853,.T.);
#3941=ADVANCED_FACE('',(#758),#540,.T.);
#3942=ADVANCED_FACE('',(#759),#541,.T.);
#3943=ADVANCED_FACE('',(#760),#542,.T.);
#3944=ADVANCED_FACE('',(#761),#3854,.T.);
#3945=ADVANCED_FACE('',(#762),#543,.T.);
#3946=ADVANCED_FACE('',(#763),#3855,.T.);
#3947=ADVANCED_FACE('',(#764),#544,.T.);
#3948=ADVANCED_FACE('',(#765),#545,.T.);
#3949=ADVANCED_FACE('',(#766),#3856,.T.);
#3950=ADVANCED_FACE('',(#767),#546,.T.);
#3951=ADVANCED_FACE('',(#768),#3857,.T.);
#3952=ADVANCED_FACE('',(#769),#547,.T.);
#3953=ADVANCED_FACE('',(#770),#548,.T.);
#3954=ADVANCED_FACE('',(#771),#618,.T.);
#3955=ADVANCED_FACE('',(#772),#549,.T.);
#3956=ADVANCED_FACE('',(#773),#619,.T.);
#3957=ADVANCED_FACE('',(#774),#550,.T.);
#3958=ADVANCED_FACE('',(#775),#620,.T.);
#3959=ADVANCED_FACE('',(#776),#551,.T.);
#3960=ADVANCED_FACE('',(#777),#621,.T.);
#3961=ADVANCED_FACE('',(#778),#552,.T.);
#3962=ADVANCED_FACE('',(#779),#622,.T.);
#3963=ADVANCED_FACE('',(#780),#553,.T.);
#3964=ADVANCED_FACE('',(#781),#623,.T.);
#3965=ADVANCED_FACE('',(#782),#554,.T.);
#3966=ADVANCED_FACE('',(#783),#624,.T.);
#3967=ADVANCED_FACE('',(#784),#555,.T.);
#3968=ADVANCED_FACE('',(#785),#625,.T.);
#3969=ADVANCED_FACE('',(#786),#556,.T.);
#3970=ADVANCED_FACE('',(#787),#626,.T.);
#3971=ADVANCED_FACE('',(#788),#557,.T.);
#3972=ADVANCED_FACE('',(#789),#627,.T.);
#3973=ADVANCED_FACE('',(#790),#558,.T.);
#3974=ADVANCED_FACE('',(#791),#628,.T.);
#3975=ADVANCED_FACE('',(#792),#559,.T.);
#3976=ADVANCED_FACE('',(#793),#629,.T.);
#3977=ADVANCED_FACE('',(#794),#560,.T.);
#3978=ADVANCED_FACE('',(#795),#630,.T.);
#3979=ADVANCED_FACE('',(#796),#561,.T.);
#3980=ADVANCED_FACE('',(#797),#631,.T.);
#3981=ADVANCED_FACE('',(#798),#562,.T.);
#3982=ADVANCED_FACE('',(#799),#632,.T.);
#3983=ADVANCED_FACE('',(#800),#563,.T.);
#3984=ADVANCED_FACE('',(#801),#633,.T.);
#3985=ADVANCED_FACE('',(#802),#564,.T.);
#3986=ADVANCED_FACE('',(#803),#634,.T.);
#3987=ADVANCED_FACE('',(#804),#565,.T.);
#3988=ADVANCED_FACE('',(#805),#635,.T.);
#3989=ADVANCED_FACE('',(#806),#566,.T.);
#3990=ADVANCED_FACE('',(#807),#636,.T.);
#3991=ADVANCED_FACE('',(#808),#567,.T.);
#3992=ADVANCED_FACE('',(#809),#637,.T.);
#3993=ADVANCED_FACE('',(#810),#568,.T.);
#3994=ADVANCED_FACE('',(#811),#638,.T.);
#3995=ADVANCED_FACE('',(#812),#569,.T.);
#3996=ADVANCED_FACE('',(#813),#639,.T.);
#3997=ADVANCED_FACE('',(#814),#570,.T.);
#3998=ADVANCED_FACE('',(#815),#640,.T.);
#3999=ADVANCED_FACE('',(#816),#571,.T.);
#4000=ADVANCED_FACE('',(#817),#641,.T.);
#4001=ADVANCED_FACE('',(#818),#572,.T.);
#4002=ADVANCED_FACE('',(#819),#642,.T.);
#4003=ADVANCED_FACE('',(#820),#573,.T.);
#4004=ADVANCED_FACE('',(#821),#643,.T.);
#4005=ADVANCED_FACE('',(#822),#574,.T.);
#4006=ADVANCED_FACE('',(#823),#644,.T.);
#4007=ADVANCED_FACE('',(#824),#575,.T.);
#4008=ADVANCED_FACE('',(#825),#645,.T.);
#4009=ADVANCED_FACE('',(#826),#646,.T.);
#4010=ADVANCED_FACE('',(#827),#576,.T.);
#4011=ADVANCED_FACE('',(#828),#647,.T.);
#4012=ADVANCED_FACE('',(#829),#577,.T.);
#4013=ADVANCED_FACE('',(#830),#578,.T.);
#4014=ADVANCED_FACE('',(#831),#648,.T.);
#4015=ADVANCED_FACE('',(#832),#579,.T.);
#4016=ADVANCED_FACE('',(#833),#580,.T.);
#4017=ADVANCED_FACE('',(#834),#649,.T.);
#4018=ADVANCED_FACE('',(#835),#581,.T.);
#4019=ADVANCED_FACE('',(#836),#582,.T.);
#4020=ADVANCED_FACE('',(#837),#650,.T.);
#4021=ADVANCED_FACE('',(#838),#583,.T.);
#4022=ADVANCED_FACE('',(#839),#584,.T.);
#4023=ADVANCED_FACE('',(#840),#651,.T.);
#4024=ADVANCED_FACE('',(#841),#585,.T.);
#4025=ADVANCED_FACE('',(#842),#586,.T.);
#4026=ADVANCED_FACE('',(#843),#652,.T.);
#4027=ADVANCED_FACE('',(#844),#587,.T.);
#4028=ADVANCED_FACE('',(#845),#588,.T.);
#4029=ADVANCED_FACE('',(#846),#653,.T.);
#4030=ADVANCED_FACE('',(#847),#589,.T.);
#4031=ADVANCED_FACE('',(#848),#590,.T.);
#4032=ADVANCED_FACE('',(#849),#654,.T.);
#4033=ADVANCED_FACE('',(#850),#591,.T.);
#4034=ADVANCED_FACE('',(#851),#592,.T.);
#4035=ADVANCED_FACE('',(#852),#655,.T.);
#4036=ADVANCED_FACE('',(#853),#593,.T.);
#4037=ADVANCED_FACE('',(#854),#594,.T.);
#4038=ADVANCED_FACE('',(#855),#656,.T.);
#4039=ADVANCED_FACE('',(#856),#595,.T.);
#4040=ADVANCED_FACE('',(#857),#596,.T.);
#4041=ADVANCED_FACE('',(#858),#657,.T.);
#4042=ADVANCED_FACE('',(#859),#597,.T.);
#4043=ADVANCED_FACE('',(#860),#598,.T.);
#4044=ADVANCED_FACE('',(#861),#658,.T.);
#4045=ADVANCED_FACE('',(#862),#599,.T.);
#4046=ADVANCED_FACE('',(#863),#600,.T.);
#4047=ADVANCED_FACE('',(#864),#659,.T.);
#4048=ADVANCED_FACE('',(#865),#601,.T.);
#4049=ADVANCED_FACE('',(#866),#602,.T.);
#4050=ADVANCED_FACE('',(#867),#603,.T.);
#4051=ADVANCED_FACE('',(#868),#660,.T.);
#4052=ADVANCED_FACE('',(#869),#661,.T.);
#4053=ADVANCED_FACE('',(#870),#662,.T.);
#4054=ADVANCED_FACE('',(#871),#663,.T.);
#4055=ADVANCED_FACE('',(#872),#664,.T.);
#4056=ADVANCED_FACE('',(#873),#665,.T.);
#4057=ADVANCED_FACE('',(#874),#666,.T.);
#4058=ADVANCED_FACE('',(#875),#667,.T.);
#4059=ADVANCED_FACE('',(#876),#668,.T.);
#4060=ADVANCED_FACE('',(#877),#669,.T.);
#4061=ADVANCED_FACE('',(#878),#670,.T.);
#4062=ADVANCED_FACE('',(#879),#671,.T.);
#4063=ADVANCED_FACE('',(#880),#672,.T.);
#4064=ADVANCED_FACE('',(#881),#673,.T.);
#4065=ADVANCED_FACE('',(#882),#612,.F.);
#4066=ADVANCED_FACE('',(#883),#613,.T.);
#4067=ADVANCED_FACE('',(#884),#674,.F.);
#4068=ADVANCED_FACE('',(#885,#607),#614,.F.);
#4069=CLOSED_SHELL('',(#3858,#3859,#3860,#3861,#3862,#3863,#3864,#3865,
#3866,#3867,#3868,#3869,#3870,#3871,#3872,#3873,#3874,#3875,#3876,#3877,
#3878,#3879,#3880,#3881,#3882,#3883,#3884,#3885,#3886,#3887,#3888,#3889,
#3890,#3891,#3892,#3893,#3894,#3895,#3896,#3897,#3898,#3899,#3900,#3901,
#3902,#3903,#3904,#3905,#3906,#3907,#3908,#3909,#3910,#3911,#3912,#3913,
#3914,#3915,#3916,#3917,#3918,#3919,#3920,#3921,#3922,#3923,#3924,#3925,
#3926,#3927,#3928,#3929,#3930,#3931,#3932,#3933,#3934,#3935,#3936,#3937,
#3938,#3939,#3940,#3941,#3942,#3943,#3944,#3945,#3946,#3947,#3948,#3949,
#3950,#3951,#3952,#3953,#3954,#3955,#3956,#3957,#3958,#3959,#3960,#3961,
#3962,#3963,#3964,#3965,#3966,#3967,#3968,#3969,#3970,#3971,#3972,#3973,
#3974,#3975,#3976,#3977,#3978,#3979,#3980,#3981,#3982,#3983,#3984,#3985,
#3986,#3987,#3988,#3989,#3990,#3991,#3992,#3993,#3994,#3995,#3996,#3997,
#3998,#3999,#4000,#4001,#4002,#4003,#4004,#4005,#4006,#4007,#4008,#4009,
#4010,#4011,#4012,#4013,#4014,#4015,#4016,#4017,#4018,#4019,#4020,#4021,
#4022,#4023,#4024,#4025,#4026,#4027,#4028,#4029,#4030,#4031,#4032,#4033,
#4034,#4035,#4036,#4037,#4038,#4039,#4040,#4041,#4042,#4043,#4044,#4045,
#4046,#4047,#4048,#4049,#4050,#4051,#4052,#4053,#4054,#4055,#4056,#4057,
#4058,#4059,#4060,#4061,#4062,#4063,#4064,#4065,#4066,#4067,#4068));
#4070=DERIVED_UNIT_ELEMENT(#4072,1.);
#4071=DERIVED_UNIT_ELEMENT(#9532,-3.);
#4072=(
MASS_UNIT()
NAMED_UNIT(*)
SI_UNIT(.KILO.,.GRAM.)
);
#4073=DERIVED_UNIT((#4070,#4071));
#4074=MEASURE_REPRESENTATION_ITEM('density measure',
POSITIVE_RATIO_MEASURE(7850.),#4073);
#4075=PROPERTY_DEFINITION_REPRESENTATION(#4080,#4077);
#4076=PROPERTY_DEFINITION_REPRESENTATION(#4081,#4078);
#4077=REPRESENTATION('material name',(#4079),#9529);
#4078=REPRESENTATION('density',(#4074),#9529);
#4079=DESCRIPTIVE_REPRESENTATION_ITEM('Steel','Steel');
#4080=PROPERTY_DEFINITION('material property','material name',#9539);
#4081=PROPERTY_DEFINITION('material property','density of part',#9539);
#4082=AXIS2_PLACEMENT_3D('',#4821,#4306,#4307);
#4083=AXIS2_PLACEMENT_3D('',#4822,#4308,#4309);
#4084=AXIS2_PLACEMENT_3D('',#4824,#4310,#4311);
#4085=AXIS2_PLACEMENT_3D('',#4827,#4313,#4314);
#4086=AXIS2_PLACEMENT_3D('',#4828,#4315,#4316);
#4087=AXIS2_PLACEMENT_3D('',#4831,#4318,#4319);
#4088=AXIS2_PLACEMENT_3D('',#4832,#4320,#4321);
#4089=AXIS2_PLACEMENT_3D('',#4834,#4322,#4323);
#4090=AXIS2_PLACEMENT_3D('',#4835,#4324,#4325);
#4091=AXIS2_PLACEMENT_3D('',#4837,#4326,#4327);
#4092=AXIS2_PLACEMENT_3D('',#4840,#4329,#4330);
#4093=AXIS2_PLACEMENT_3D('',#4841,#4331,#4332);
#4094=AXIS2_PLACEMENT_3D('',#4844,#4334,#4335);
#4095=AXIS2_PLACEMENT_3D('',#4845,#4336,#4337);
#4096=AXIS2_PLACEMENT_3D('',#4846,#4338,#4339);
#4097=AXIS2_PLACEMENT_3D('',#4847,#4340,#4341);
#4098=AXIS2_PLACEMENT_3D('',#4849,#4342,#4343);
#4099=AXIS2_PLACEMENT_3D('',#4852,#4345,#4346);
#4100=AXIS2_PLACEMENT_3D('',#4853,#4347,#4348);
#4101=AXIS2_PLACEMENT_3D('',#4856,#4350,#4351);
#4102=AXIS2_PLACEMENT_3D('',#4857,#4352,#4353);
#4103=AXIS2_PLACEMENT_3D('',#4860,#4354,#4355);
#4104=AXIS2_PLACEMENT_3D('',#4864,#4357,#4358);
#4105=AXIS2_PLACEMENT_3D('',#4868,#4360,#4361);
#4106=AXIS2_PLACEMENT_3D('',#4872,#4363,#4364);
#4107=AXIS2_PLACEMENT_3D('',#4876,#4366,#4367);
#4108=AXIS2_PLACEMENT_3D('',#4880,#4369,#4370);
#4109=AXIS2_PLACEMENT_3D('',#4884,#4372,#4373);
#4110=AXIS2_PLACEMENT_3D('',#4888,#4375,#4376);
#4111=AXIS2_PLACEMENT_3D('',#4892,#4378,#4379);
#4112=AXIS2_PLACEMENT_3D('',#4896,#4381,#4382);
#4113=AXIS2_PLACEMENT_3D('',#4900,#4384,#4385);
#4114=AXIS2_PLACEMENT_3D('',#4904,#4387,#4388);
#4115=AXIS2_PLACEMENT_3D('',#4908,#4390,#4391);
#4116=AXIS2_PLACEMENT_3D('',#4912,#4393,#4394);
#4117=AXIS2_PLACEMENT_3D('',#4916,#4396,#4397);
#4118=AXIS2_PLACEMENT_3D('',#4920,#4399,#4400);
#4119=AXIS2_PLACEMENT_3D('',#4924,#4402,#4403);
#4120=AXIS2_PLACEMENT_3D('',#4928,#4405,#4406);
#4121=AXIS2_PLACEMENT_3D('',#4932,#4408,#4409);
#4122=AXIS2_PLACEMENT_3D('',#4936,#4411,#4412);
#4123=AXIS2_PLACEMENT_3D('',#4940,#4414,#4415);
#4124=AXIS2_PLACEMENT_3D('',#4944,#4417,#4418);
#4125=AXIS2_PLACEMENT_3D('',#4948,#4420,#4421);
#4126=AXIS2_PLACEMENT_3D('',#4952,#4423,#4424);
#4127=AXIS2_PLACEMENT_3D('',#4956,#4426,#4427);
#4128=AXIS2_PLACEMENT_3D('',#4960,#4429,#4430);
#4129=AXIS2_PLACEMENT_3D('',#4964,#4432,#4433);
#4130=AXIS2_PLACEMENT_3D('',#4968,#4435,#4436);
#4131=AXIS2_PLACEMENT_3D('',#4972,#4438,#4439);
#4132=AXIS2_PLACEMENT_3D('',#4976,#4441,#4442);
#4133=AXIS2_PLACEMENT_3D('',#4980,#4444,#4445);
#4134=AXIS2_PLACEMENT_3D('',#4984,#4447,#4448);
#4135=AXIS2_PLACEMENT_3D('',#4988,#4450,#4451);
#4136=AXIS2_PLACEMENT_3D('',#4992,#4453,#4454);
#4137=AXIS2_PLACEMENT_3D('',#4996,#4456,#4457);
#4138=AXIS2_PLACEMENT_3D('',#5000,#4459,#4460);
#4139=AXIS2_PLACEMENT_3D('',#5004,#4462,#4463);
#4140=AXIS2_PLACEMENT_3D('',#5008,#4465,#4466);
#4141=AXIS2_PLACEMENT_3D('',#5012,#4468,#4469);
#4142=AXIS2_PLACEMENT_3D('',#5016,#4471,#4472);
#4143=AXIS2_PLACEMENT_3D('',#5020,#4474,#4475);
#4144=AXIS2_PLACEMENT_3D('',#5024,#4477,#4478);
#4145=AXIS2_PLACEMENT_3D('',#5028,#4480,#4481);
#4146=AXIS2_PLACEMENT_3D('',#5032,#4483,#4484);
#4147=AXIS2_PLACEMENT_3D('',#5036,#4486,#4487);
#4148=AXIS2_PLACEMENT_3D('',#5040,#4489,#4490);
#4149=AXIS2_PLACEMENT_3D('',#5044,#4492,#4493);
#4150=AXIS2_PLACEMENT_3D('',#5048,#4495,#4496);
#4151=AXIS2_PLACEMENT_3D('',#5052,#4498,#4499);
#4152=AXIS2_PLACEMENT_3D('',#5056,#4501,#4502);
#4153=AXIS2_PLACEMENT_3D('',#5060,#4504,#4505);
#4154=AXIS2_PLACEMENT_3D('',#5064,#4507,#4508);
#4155=AXIS2_PLACEMENT_3D('',#5068,#4510,#4511);
#4156=AXIS2_PLACEMENT_3D('',#5072,#4513,#4514);
#4157=AXIS2_PLACEMENT_3D('',#5076,#4516,#4517);
#4158=AXIS2_PLACEMENT_3D('',#5080,#4519,#4520);
#4159=AXIS2_PLACEMENT_3D('',#5127,#4522,#4523);
#4160=AXIS2_PLACEMENT_3D('',#5149,#4524,#4525);
#4161=AXIS2_PLACEMENT_3D('',#5224,#4526,#4527);
#4162=AXIS2_PLACEMENT_3D('',#5246,#4528,#4529);
#4163=AXIS2_PLACEMENT_3D('',#5294,#4530,#4531);
#4164=AXIS2_PLACEMENT_3D('',#5316,#4532,#4533);
#4165=AXIS2_PLACEMENT_3D('',#5423,#4534,#4535);
#4166=AXIS2_PLACEMENT_3D('',#5445,#4536,#4537);
#4167=AXIS2_PLACEMENT_3D('',#5488,#4538,#4539);
#4168=AXIS2_PLACEMENT_3D('',#5510,#4540,#4541);
#4169=AXIS2_PLACEMENT_3D('',#5617,#4542,#4543);
#4170=AXIS2_PLACEMENT_3D('',#5639,#4544,#4545);
#4171=AXIS2_PLACEMENT_3D('',#5682,#4546,#4547);
#4172=AXIS2_PLACEMENT_3D('',#5704,#4548,#4549);
#4173=AXIS2_PLACEMENT_3D('',#5811,#4550,#4551);
#4174=AXIS2_PLACEMENT_3D('',#5833,#4552,#4553);
#4175=AXIS2_PLACEMENT_3D('',#5876,#4554,#4555);
#4176=AXIS2_PLACEMENT_3D('',#5898,#4556,#4557);
#4177=AXIS2_PLACEMENT_3D('',#6005,#4558,#4559);
#4178=AXIS2_PLACEMENT_3D('',#6027,#4560,#4561);
#4179=AXIS2_PLACEMENT_3D('',#6070,#4562,#4563);
#4180=AXIS2_PLACEMENT_3D('',#6092,#4564,#4565);
#4181=AXIS2_PLACEMENT_3D('',#6199,#4566,#4567);
#4182=AXIS2_PLACEMENT_3D('',#6221,#4568,#4569);
#4183=AXIS2_PLACEMENT_3D('',#6264,#4570,#4571);
#4184=AXIS2_PLACEMENT_3D('',#6286,#4572,#4573);
#4185=AXIS2_PLACEMENT_3D('',#6393,#4574,#4575);
#4186=AXIS2_PLACEMENT_3D('',#6415,#4576,#4577);
#4187=AXIS2_PLACEMENT_3D('',#6458,#4578,#4579);
#4188=AXIS2_PLACEMENT_3D('',#6480,#4580,#4581);
#4189=AXIS2_PLACEMENT_3D('',#6587,#4582,#4583);
#4190=AXIS2_PLACEMENT_3D('',#6609,#4584,#4585);
#4191=AXIS2_PLACEMENT_3D('',#6652,#4586,#4587);
#4192=AXIS2_PLACEMENT_3D('',#6674,#4588,#4589);
#4193=AXIS2_PLACEMENT_3D('',#6781,#4590,#4591);
#4194=AXIS2_PLACEMENT_3D('',#6803,#4592,#4593);
#4195=AXIS2_PLACEMENT_3D('',#6846,#4594,#4595);
#4196=AXIS2_PLACEMENT_3D('',#6868,#4596,#4597);
#4197=AXIS2_PLACEMENT_3D('',#6975,#4598,#4599);
#4198=AXIS2_PLACEMENT_3D('',#6997,#4600,#4601);
#4199=AXIS2_PLACEMENT_3D('',#7040,#4602,#4603);
#4200=AXIS2_PLACEMENT_3D('',#7062,#4604,#4605);
#4201=AXIS2_PLACEMENT_3D('',#7169,#4606,#4607);
#4202=AXIS2_PLACEMENT_3D('',#7191,#4608,#4609);
#4203=AXIS2_PLACEMENT_3D('',#7234,#4610,#4611);
#4204=AXIS2_PLACEMENT_3D('',#7256,#4612,#4613);
#4205=AXIS2_PLACEMENT_3D('',#7363,#4614,#4615);
#4206=AXIS2_PLACEMENT_3D('',#7385,#4616,#4617);
#4207=AXIS2_PLACEMENT_3D('',#7428,#4618,#4619);
#4208=AXIS2_PLACEMENT_3D('',#7450,#4620,#4621);
#4209=AXIS2_PLACEMENT_3D('',#7557,#4622,#4623);
#4210=AXIS2_PLACEMENT_3D('',#7579,#4624,#4625);
#4211=AXIS2_PLACEMENT_3D('',#7622,#4626,#4627);
#4212=AXIS2_PLACEMENT_3D('',#7644,#4628,#4629);
#4213=AXIS2_PLACEMENT_3D('',#7718,#4630,#4631);
#4214=AXIS2_PLACEMENT_3D('',#7726,#4633,#4634);
#4215=AXIS2_PLACEMENT_3D('',#7737,#4635,#4636);
#4216=AXIS2_PLACEMENT_3D('',#7748,#4637,#4638);
#4217=AXIS2_PLACEMENT_3D('',#7759,#4639,#4640);
#4218=AXIS2_PLACEMENT_3D('',#7770,#4641,#4642);
#4219=AXIS2_PLACEMENT_3D('',#7781,#4643,#4644);
#4220=AXIS2_PLACEMENT_3D('',#7792,#4645,#4646);
#4221=AXIS2_PLACEMENT_3D('',#7803,#4647,#4648);
#4222=AXIS2_PLACEMENT_3D('',#7814,#4649,#4650);
#4223=AXIS2_PLACEMENT_3D('',#7825,#4651,#4652);
#4224=AXIS2_PLACEMENT_3D('',#7836,#4653,#4654);
#4225=AXIS2_PLACEMENT_3D('',#7847,#4655,#4656);
#4226=AXIS2_PLACEMENT_3D('',#7858,#4657,#4658);
#4227=AXIS2_PLACEMENT_3D('',#7869,#4659,#4660);
#4228=AXIS2_PLACEMENT_3D('',#7888,#4661,#4662);
#4229=AXIS2_PLACEMENT_3D('',#7907,#4663,#4664);
#4230=AXIS2_PLACEMENT_3D('',#7918,#4665,#4666);
#4231=AXIS2_PLACEMENT_3D('',#7929,#4667,#4668);
#4232=AXIS2_PLACEMENT_3D('',#7940,#4669,#4670);
#4233=AXIS2_PLACEMENT_3D('',#7951,#4671,#4672);
#4234=AXIS2_PLACEMENT_3D('',#7962,#4673,#4674);
#4235=AXIS2_PLACEMENT_3D('',#7973,#4675,#4676);
#4236=AXIS2_PLACEMENT_3D('',#7984,#4677,#4678);
#4237=AXIS2_PLACEMENT_3D('',#7995,#4679,#4680);
#4238=AXIS2_PLACEMENT_3D('',#8006,#4681,#4682);
#4239=AXIS2_PLACEMENT_3D('',#8017,#4683,#4684);
#4240=AXIS2_PLACEMENT_3D('',#8028,#4685,#4686);
#4241=AXIS2_PLACEMENT_3D('',#8039,#4687,#4688);
#4242=AXIS2_PLACEMENT_3D('',#8069,#4689,#4690);
#4243=AXIS2_PLACEMENT_3D('',#8083,#4691,#4692);
#4244=AXIS2_PLACEMENT_3D('',#8137,#4693,#4694);
#4245=AXIS2_PLACEMENT_3D('',#8162,#4695,#4696);
#4246=AXIS2_PLACEMENT_3D('',#8187,#4697,#4698);
#4247=AXIS2_PLACEMENT_3D('',#8212,#4699,#4700);
#4248=AXIS2_PLACEMENT_3D('',#8237,#4701,#4702);
#4249=AXIS2_PLACEMENT_3D('',#8262,#4703,#4704);
#4250=AXIS2_PLACEMENT_3D('',#8287,#4705,#4706);
#4251=AXIS2_PLACEMENT_3D('',#8312,#4707,#4708);
#4252=AXIS2_PLACEMENT_3D('',#8337,#4709,#4710);
#4253=AXIS2_PLACEMENT_3D('',#8362,#4711,#4712);
#4254=AXIS2_PLACEMENT_3D('',#8387,#4713,#4714);
#4255=AXIS2_PLACEMENT_3D('',#8412,#4715,#4716);
#4256=AXIS2_PLACEMENT_3D('',#8437,#4717,#4718);
#4257=AXIS2_PLACEMENT_3D('',#8462,#4719,#4720);
#4258=AXIS2_PLACEMENT_3D('',#8487,#4721,#4722);
#4259=AXIS2_PLACEMENT_3D('',#8512,#4723,#4724);
#4260=AXIS2_PLACEMENT_3D('',#8537,#4725,#4726);
#4261=AXIS2_PLACEMENT_3D('',#8562,#4727,#4728);
#4262=AXIS2_PLACEMENT_3D('',#8587,#4729,#4730);
#4263=AXIS2_PLACEMENT_3D('',#8612,#4731,#4732);
#4264=AXIS2_PLACEMENT_3D('',#8637,#4733,#4734);
#4265=AXIS2_PLACEMENT_3D('',#8662,#4735,#4736);
#4266=AXIS2_PLACEMENT_3D('',#8687,#4737,#4738);
#4267=AXIS2_PLACEMENT_3D('',#8712,#4739,#4740);
#4268=AXIS2_PLACEMENT_3D('',#8737,#4741,#4742);
#4269=AXIS2_PLACEMENT_3D('',#8762,#4743,#4744);
#4270=AXIS2_PLACEMENT_3D('',#8787,#4745,#4746);
#4271=AXIS2_PLACEMENT_3D('',#8812,#4747,#4748);
#4272=AXIS2_PLACEMENT_3D('',#8817,#4749,#4750);
#4273=AXIS2_PLACEMENT_3D('',#8842,#4751,#4752);
#4274=AXIS2_PLACEMENT_3D('',#8891,#4753,#4754);
#4275=AXIS2_PLACEMENT_3D('',#8940,#4755,#4756);
#4276=AXIS2_PLACEMENT_3D('',#8989,#4757,#4758);
#4277=AXIS2_PLACEMENT_3D('',#9038,#4759,#4760);
#4278=AXIS2_PLACEMENT_3D('',#9087,#4761,#4762);
#4279=AXIS2_PLACEMENT_3D('',#9136,#4763,#4764);
#4280=AXIS2_PLACEMENT_3D('',#9185,#4765,#4766);
#4281=AXIS2_PLACEMENT_3D('',#9234,#4767,#4768);
#4282=AXIS2_PLACEMENT_3D('',#9283,#4769,#4770);
#4283=AXIS2_PLACEMENT_3D('',#9332,#4771,#4772);
#4284=AXIS2_PLACEMENT_3D('',#9381,#4773,#4774);
#4285=AXIS2_PLACEMENT_3D('',#9430,#4775,#4776);
#4286=AXIS2_PLACEMENT_3D('',#9499,#4777,#4778);
#4287=AXIS2_PLACEMENT_3D('',#9500,#4779,#4780);
#4288=AXIS2_PLACEMENT_3D('',#9501,#4781,#4782);
#4289=AXIS2_PLACEMENT_3D('',#9502,#4783,#4784);
#4290=AXIS2_PLACEMENT_3D('',#9503,#4785,#4786);
#4291=AXIS2_PLACEMENT_3D('',#9504,#4787,#4788);
#4292=AXIS2_PLACEMENT_3D('',#9505,#4789,#4790);
#4293=AXIS2_PLACEMENT_3D('',#9506,#4791,#4792);
#4294=AXIS2_PLACEMENT_3D('',#9507,#4793,#4794);
#4295=AXIS2_PLACEMENT_3D('',#9508,#4795,#4796);
#4296=AXIS2_PLACEMENT_3D('',#9509,#4797,#4798);
#4297=AXIS2_PLACEMENT_3D('',#9510,#4799,#4800);
#4298=AXIS2_PLACEMENT_3D('',#9511,#4801,#4802);
#4299=AXIS2_PLACEMENT_3D('',#9512,#4803,#4804);
#4300=AXIS2_PLACEMENT_3D('',#9513,#4805,#4806);
#4301=AXIS2_PLACEMENT_3D('',#9517,#4808,#4809);
#4302=AXIS2_PLACEMENT_3D('',#9518,#4810,#4811);
#4303=AXIS2_PLACEMENT_3D('',#9524,#4815,#4816);
#4304=AXIS2_PLACEMENT_3D('',#9525,#4817,#4818);
#4305=AXIS2_PLACEMENT_3D('',#9526,#4819,#4820);
#4306=DIRECTION('axis',(0.,0.,1.));
#4307=DIRECTION('refdir',(1.,0.,0.));
#4308=DIRECTION('center_axis',(0.,0.,1.));
#4309=DIRECTION('ref_axis',(-1.,1.26305179658998E-41,0.));
#4310=DIRECTION('center_axis',(0.,0.,1.));
#4311=DIRECTION('ref_axis',(-1.,1.26305179658998E-41,0.));
#4312=DIRECTION('',(-0.707106781186547,-8.65956056235493E-17,-0.707106781186547));
#4313=DIRECTION('center_axis',(0.,0.,-1.));
#4314=DIRECTION('ref_axis',(-1.,1.26305179658998E-41,0.));
#4315=DIRECTION('center_axis',(0.,0.,-1.));
#4316=DIRECTION('ref_axis',(-1.,1.26305179658998E-41,0.));
#4317=DIRECTION('',(0.,0.,-1.));
#4318=DIRECTION('center_axis',(-1.83686183430286E-17,6.97679673973812E-17,
-1.));
#4319=DIRECTION('ref_axis',(-1.,1.26305179658998E-41,1.83686183430286E-17));
#4320=DIRECTION('center_axis',(0.,0.,1.));
#4321=DIRECTION('ref_axis',(-1.,0.,0.));
#4322=DIRECTION('center_axis',(0.,0.,-1.));
#4323=DIRECTION('ref_axis',(-1.,-1.56539585879795E-29,0.));
#4324=DIRECTION('center_axis',(0.,0.,-1.));
#4325=DIRECTION('ref_axis',(-1.,1.26305179658998E-41,0.));
#4326=DIRECTION('center_axis',(0.,0.,-1.));
#4327=DIRECTION('ref_axis',(-1.,1.26305179658998E-41,0.));
#4328=DIRECTION('',(0.707106781186547,8.65956056235493E-17,-0.707106781186547));
#4329=DIRECTION('center_axis',(0.,0.,1.));
#4330=DIRECTION('ref_axis',(-1.,1.26305179658998E-41,0.));
#4331=DIRECTION('center_axis',(0.,0.,-1.));
#4332=DIRECTION('ref_axis',(-1.,1.26305179658998E-41,0.));
#4333=DIRECTION('',(0.,0.,-1.));
#4334=DIRECTION('center_axis',(1.83686183430286E-17,-6.97679673973812E-17,
1.));
#4335=DIRECTION('ref_axis',(-1.,1.26305179658998E-41,1.83686183430286E-17));
#4336=DIRECTION('center_axis',(0.,0.,1.));
#4337=DIRECTION('ref_axis',(-1.,0.,0.));
#4338=DIRECTION('center_axis',(1.83686183430286E-17,-6.97679673973812E-17,
1.));
#4339=DIRECTION('ref_axis',(-1.,1.26305179658998E-41,1.83686183430286E-17));
#4340=DIRECTION('center_axis',(0.,0.,-1.));
#4341=DIRECTION('ref_axis',(1.,0.,0.));
#4342=DIRECTION('center_axis',(0.,0.,-1.));
#4343=DIRECTION('ref_axis',(1.,0.,0.));
#4344=DIRECTION('',(0.707106781186548,-8.65956056235494E-17,0.707106781186547));
#4345=DIRECTION('center_axis',(0.,0.,1.));
#4346=DIRECTION('ref_axis',(1.,0.,0.));
#4347=DIRECTION('center_axis',(0.,0.,-1.));
#4348=DIRECTION('ref_axis',(1.,0.,0.));
#4349=DIRECTION('',(0.,0.,1.));
#4350=DIRECTION('center_axis',(1.11022302462484E-16,-1.23259516440714E-32,
-1.));
#4351=DIRECTION('ref_axis',(1.,0.,0.));
#4352=DIRECTION('center_axis',(0.,0.,-1.));
#4353=DIRECTION('ref_axis',(1.,0.,0.));
#4354=DIRECTION('center_axis',(0.,0.,-1.));
#4355=DIRECTION('ref_axis',(1.,0.,0.));
#4356=DIRECTION('',(0.585225368551857,-0.810870685130091,0.));
#4357=DIRECTION('center_axis',(0.,0.,-1.));
#4358=DIRECTION('ref_axis',(0.974927912181824,-0.222520933956314,0.));
#4359=DIRECTION('',(0.495786453656233,-0.868444467062215,0.));
#4360=DIRECTION('center_axis',(0.,0.,-1.));
#4361=DIRECTION('ref_axis',(1.,0.,0.));
#4362=DIRECTION('',(0.390116844545156,-0.920765359688412,0.));
#4363=DIRECTION('center_axis',(0.,0.,-1.));
#4364=DIRECTION('ref_axis',(0.900968867902419,-0.433883739117558,0.));
#4365=DIRECTION('',(0.290108978251224,-0.956993615829296,0.));
#4366=DIRECTION('center_axis',(0.,0.,-1.));
#4367=DIRECTION('ref_axis',(1.,0.,0.));
#4368=DIRECTION('',(0.175446232966883,-0.984489014330648,0.));
#4369=DIRECTION('center_axis',(0.,0.,-1.));
#4370=DIRECTION('ref_axis',(0.78183148246803,-0.623489801858733,0.));
#4371=DIRECTION('',(0.0698842272871028,-0.997555108641365,0.));
#4372=DIRECTION('center_axis',(0.,0.,-1.));
#4373=DIRECTION('ref_axis',(1.,0.,0.));
#4374=DIRECTION('',(-0.0480219853320182,-0.998846278926228,0.));
#4375=DIRECTION('center_axis',(0.,0.,-1.));
#4376=DIRECTION('ref_axis',(0.623489801858733,-0.78183148246803,0.));
#4377=DIRECTION('',(-0.153844810644314,-0.988095022878779,0.));
#4378=DIRECTION('center_axis',(0.,0.,-1.));
#4379=DIRECTION('ref_axis',(1.,0.,0.));
#4380=DIRECTION('',(-0.269082180764024,-0.963117220277613,0.));
#4381=DIRECTION('center_axis',(0.,0.,-1.));
#4382=DIRECTION('ref_axis',(0.433883739117558,-0.900968867902419,0.));
#4383=DIRECTION('',(-0.369859427370041,-0.929087726743554,0.));
#4384=DIRECTION('center_axis',(0.,0.,-1.));
#4385=DIRECTION('ref_axis',(1.,0.,0.));
#4386=DIRECTION('',(-0.476649472063186,-0.879093442577003,0.));
#4387=DIRECTION('center_axis',(0.,0.,-1.));
#4388=DIRECTION('ref_axis',(0.222520933956314,-0.974927912181824,0.));
#4389=DIRECTION('',(-0.567327748008963,-0.823492092456921,0.));
#4390=DIRECTION('center_axis',(0.,0.,-1.));
#4391=DIRECTION('ref_axis',(1.,0.,0.));
#4392=DIRECTION('',(-0.660315568518237,-0.750988248891045,0.));
#4393=DIRECTION('center_axis',(0.,0.,-1.));
#4394=DIRECTION('ref_axis',(2.95272081017329E-17,-1.,0.));
#4395=DIRECTION('',(-0.736347886408348,-0.67660312605098,0.));
#4396=DIRECTION('center_axis',(0.,0.,-1.));
#4397=DIRECTION('ref_axis',(1.,0.,0.));
#4398=DIRECTION('',(-0.810870685130091,-0.585225368551857,0.));
#4399=DIRECTION('center_axis',(0.,0.,-1.));
#4400=DIRECTION('ref_axis',(-0.222520933956314,-0.974927912181824,0.));
#4401=DIRECTION('',(-0.868444467062215,-0.495786453656233,0.));
#4402=DIRECTION('center_axis',(0.,0.,-1.));
#4403=DIRECTION('ref_axis',(1.,0.,0.));
#4404=DIRECTION('',(-0.920765359688412,-0.390116844545156,0.));
#4405=DIRECTION('center_axis',(0.,0.,-1.));
#4406=DIRECTION('ref_axis',(-0.433883739117558,-0.900968867902419,0.));
#4407=DIRECTION('',(-0.956993615829296,-0.290108978251224,0.));
#4408=DIRECTION('center_axis',(0.,0.,-1.));
#4409=DIRECTION('ref_axis',(1.,0.,0.));
#4410=DIRECTION('',(-0.984489014330648,-0.175446232966883,0.));
#4411=DIRECTION('center_axis',(0.,0.,-1.));
#4412=DIRECTION('ref_axis',(-0.623489801858733,-0.78183148246803,0.));
#4413=DIRECTION('',(-0.997555108641365,-0.0698842272871029,0.));
#4414=DIRECTION('center_axis',(0.,0.,-1.));
#4415=DIRECTION('ref_axis',(1.,0.,0.));
#4416=DIRECTION('',(-0.998846278926228,0.0480219853320182,0.));
#4417=DIRECTION('center_axis',(0.,0.,-1.));
#4418=DIRECTION('ref_axis',(-0.78183148246803,-0.623489801858733,0.));
#4419=DIRECTION('',(-0.988095022878779,0.153844810644314,0.));
#4420=DIRECTION('center_axis',(0.,0.,-1.));
#4421=DIRECTION('ref_axis',(1.,0.,0.));
#4422=DIRECTION('',(-0.963117220277613,0.269082180764024,0.));
#4423=DIRECTION('center_axis',(0.,0.,-1.));
#4424=DIRECTION('ref_axis',(-0.900968867902419,-0.433883739117558,0.));
#4425=DIRECTION('',(-0.929087726743554,0.369859427370041,0.));
#4426=DIRECTION('center_axis',(0.,0.,-1.));
#4427=DIRECTION('ref_axis',(1.,0.,0.));
#4428=DIRECTION('',(-0.879093442577003,0.476649472063186,0.));
#4429=DIRECTION('center_axis',(0.,0.,-1.));
#4430=DIRECTION('ref_axis',(-0.974927912181824,-0.222520933956315,0.));
#4431=DIRECTION('',(-0.823492092456921,0.567327748008963,0.));
#4432=DIRECTION('center_axis',(0.,0.,-1.));
#4433=DIRECTION('ref_axis',(1.,0.,0.));
#4434=DIRECTION('',(-0.750988248891045,0.660315568518237,0.));
#4435=DIRECTION('center_axis',(0.,0.,-1.));
#4436=DIRECTION('ref_axis',(-1.,-8.85816243051986E-17,0.));
#4437=DIRECTION('',(-0.67660312605098,0.736347886408348,0.));
#4438=DIRECTION('center_axis',(0.,0.,-1.));
#4439=DIRECTION('ref_axis',(1.,0.,0.));
#4440=DIRECTION('',(-0.585225368551857,0.810870685130091,0.));
#4441=DIRECTION('center_axis',(0.,0.,-1.));
#4442=DIRECTION('ref_axis',(-0.974927912181824,0.222520933956314,0.));
#4443=DIRECTION('',(-0.495786453656234,0.868444467062215,0.));
#4444=DIRECTION('center_axis',(0.,0.,-1.));
#4445=DIRECTION('ref_axis',(1.,0.,0.));
#4446=DIRECTION('',(-0.390116844545156,0.920765359688412,0.));
#4447=DIRECTION('center_axis',(0.,0.,-1.));
#4448=DIRECTION('ref_axis',(-0.900968867902419,0.433883739117558,0.));
#4449=DIRECTION('',(-0.290108978251224,0.956993615829296,0.));
#4450=DIRECTION('center_axis',(0.,0.,-1.));
#4451=DIRECTION('ref_axis',(1.,0.,0.));
#4452=DIRECTION('',(-0.175446232966883,0.984489014330648,0.));
#4453=DIRECTION('center_axis',(0.,0.,-1.));
#4454=DIRECTION('ref_axis',(-0.78183148246803,0.623489801858733,0.));
#4455=DIRECTION('',(-0.069884227287103,0.997555108641365,0.));
#4456=DIRECTION('center_axis',(0.,0.,-1.));
#4457=DIRECTION('ref_axis',(1.,0.,0.));
#4458=DIRECTION('',(0.048021985332018,0.998846278926228,0.));
#4459=DIRECTION('center_axis',(0.,0.,-1.));
#4460=DIRECTION('ref_axis',(-0.623489801858734,0.78183148246803,0.));
#4461=DIRECTION('',(0.153844810644314,0.988095022878779,0.));
#4462=DIRECTION('center_axis',(0.,0.,-1.));
#4463=DIRECTION('ref_axis',(1.,0.,0.));
#4464=DIRECTION('',(0.269082180764024,0.963117220277613,0.));
#4465=DIRECTION('center_axis',(0.,0.,-1.));
#4466=DIRECTION('ref_axis',(-0.433883739117558,0.900968867902419,0.));
#4467=DIRECTION('',(0.369859427370041,0.929087726743554,0.));
#4468=DIRECTION('center_axis',(0.,0.,-1.));
#4469=DIRECTION('ref_axis',(1.,0.,0.));
#4470=DIRECTION('',(0.476649472063186,0.879093442577003,0.));
#4471=DIRECTION('center_axis',(0.,0.,-1.));
#4472=DIRECTION('ref_axis',(-0.222520933956315,0.974927912181824,0.));
#4473=DIRECTION('',(0.567327748008963,0.823492092456921,0.));
#4474=DIRECTION('center_axis',(0.,0.,-1.));
#4475=DIRECTION('ref_axis',(1.,0.,0.));
#4476=DIRECTION('',(0.660315568518237,0.750988248891045,0.));
#4477=DIRECTION('center_axis',(0.,0.,-1.));
#4478=DIRECTION('ref_axis',(-1.18108832406931E-16,1.,0.));
#4479=DIRECTION('',(0.736347886408348,0.67660312605098,0.));
#4480=DIRECTION('center_axis',(0.,0.,-1.));
#4481=DIRECTION('ref_axis',(1.,0.,0.));
#4482=DIRECTION('',(0.810870685130091,0.585225368551857,0.));
#4483=DIRECTION('center_axis',(0.,0.,-1.));
#4484=DIRECTION('ref_axis',(0.222520933956314,0.974927912181824,0.));
#4485=DIRECTION('',(0.868444467062215,0.495786453656234,0.));
#4486=DIRECTION('center_axis',(0.,0.,-1.));
#4487=DIRECTION('ref_axis',(1.,0.,0.));
#4488=DIRECTION('',(0.920765359688412,0.390116844545156,0.));
#4489=DIRECTION('center_axis',(0.,0.,-1.));
#4490=DIRECTION('ref_axis',(0.433883739117558,0.900968867902419,0.));
#4491=DIRECTION('',(0.956993615829296,0.290108978251225,0.));
#4492=DIRECTION('center_axis',(0.,0.,-1.));
#4493=DIRECTION('ref_axis',(1.,0.,0.));
#4494=DIRECTION('',(0.984489014330648,0.175446232966883,0.));
#4495=DIRECTION('center_axis',(0.,0.,-1.));
#4496=DIRECTION('ref_axis',(0.623489801858733,0.78183148246803,0.));
#4497=DIRECTION('',(0.997555108641365,0.069884227287103,0.));
#4498=DIRECTION('center_axis',(0.,0.,-1.));
#4499=DIRECTION('ref_axis',(1.,0.,0.));
#4500=DIRECTION('',(0.998846278926228,-0.048021985332018,0.));
#4501=DIRECTION('center_axis',(0.,0.,-1.));
#4502=DIRECTION('ref_axis',(0.78183148246803,0.623489801858734,0.));
#4503=DIRECTION('',(0.988095022878779,-0.153844810644314,0.));
#4504=DIRECTION('center_axis',(0.,0.,-1.));
#4505=DIRECTION('ref_axis',(1.,0.,0.));
#4506=DIRECTION('',(0.963117220277613,-0.269082180764024,0.));
#4507=DIRECTION('center_axis',(0.,0.,-1.));
#4508=DIRECTION('ref_axis',(0.900968867902419,0.433883739117558,0.));
#4509=DIRECTION('',(0.929087726743554,-0.369859427370041,0.));
#4510=DIRECTION('center_axis',(0.,0.,-1.));
#4511=DIRECTION('ref_axis',(1.,0.,0.));
#4512=DIRECTION('',(0.879093442577003,-0.476649472063186,0.));
#4513=DIRECTION('center_axis',(0.,0.,-1.));
#4514=DIRECTION('ref_axis',(0.974927912181824,0.222520933956315,0.));
#4515=DIRECTION('',(0.823492092456921,-0.567327748008963,0.));
#4516=DIRECTION('center_axis',(0.,0.,-1.));
#4517=DIRECTION('ref_axis',(1.,0.,0.));
#4518=DIRECTION('',(0.750988248891045,-0.660315568518237,0.));
#4519=DIRECTION('center_axis',(0.,0.,-1.));
#4520=DIRECTION('ref_axis',(1.,0.,0.));
#4521=DIRECTION('',(0.67660312605098,-0.736347886408348,0.));
#4522=DIRECTION('center_axis',(0.,0.,-1.));
#4523=DIRECTION('ref_axis',(0.974927912181824,0.222520933956315,0.));
#4524=DIRECTION('center_axis',(0.,0.,1.));
#4525=DIRECTION('ref_axis',(0.974927912181824,0.222520933956315,0.));
#4526=DIRECTION('center_axis',(0.,0.,-1.));
#4527=DIRECTION('ref_axis',(1.,1.56539585879795E-29,0.));
#4528=DIRECTION('center_axis',(0.,0.,1.));
#4529=DIRECTION('ref_axis',(1.,1.56539585879795E-29,0.));
#4530=DIRECTION('center_axis',(0.,0.,-1.));
#4531=DIRECTION('ref_axis',(0.900968867902419,0.433883739117558,0.));
#4532=DIRECTION('center_axis',(0.,0.,1.));
#4533=DIRECTION('ref_axis',(0.900968867902419,0.433883739117558,0.));
#4534=DIRECTION('center_axis',(0.,0.,-1.));
#4535=DIRECTION('ref_axis',(0.974927912181824,-0.222520933956314,0.));
#4536=DIRECTION('center_axis',(0.,0.,1.));
#4537=DIRECTION('ref_axis',(0.974927912181824,-0.222520933956314,0.));
#4538=DIRECTION('center_axis',(0.,0.,-1.));
#4539=DIRECTION('ref_axis',(0.78183148246803,0.623489801858734,0.));
#4540=DIRECTION('center_axis',(0.,0.,1.));
#4541=DIRECTION('ref_axis',(0.78183148246803,0.623489801858734,0.));
#4542=DIRECTION('center_axis',(0.,0.,-1.));
#4543=DIRECTION('ref_axis',(0.900968867902419,-0.433883739117558,0.));
#4544=DIRECTION('center_axis',(0.,0.,1.));
#4545=DIRECTION('ref_axis',(0.900968867902419,-0.433883739117558,0.));
#4546=DIRECTION('center_axis',(0.,0.,-1.));
#4547=DIRECTION('ref_axis',(0.623489801858733,0.78183148246803,0.));
#4548=DIRECTION('center_axis',(0.,0.,1.));
#4549=DIRECTION('ref_axis',(0.623489801858733,0.78183148246803,0.));
#4550=DIRECTION('center_axis',(0.,0.,-1.));
#4551=DIRECTION('ref_axis',(0.78183148246803,-0.623489801858733,0.));
#4552=DIRECTION('center_axis',(0.,0.,1.));
#4553=DIRECTION('ref_axis',(0.78183148246803,-0.623489801858733,0.));
#4554=DIRECTION('center_axis',(0.,0.,-1.));
#4555=DIRECTION('ref_axis',(0.433883739117558,0.900968867902419,0.));
#4556=DIRECTION('center_axis',(0.,0.,1.));
#4557=DIRECTION('ref_axis',(0.433883739117558,0.900968867902419,0.));
#4558=DIRECTION('center_axis',(0.,0.,-1.));
#4559=DIRECTION('ref_axis',(0.623489801858734,-0.78183148246803,0.));
#4560=DIRECTION('center_axis',(0.,0.,1.));
#4561=DIRECTION('ref_axis',(0.623489801858733,-0.78183148246803,0.));
#4562=DIRECTION('center_axis',(0.,0.,-1.));
#4563=DIRECTION('ref_axis',(0.222520933956314,0.974927912181824,0.));
#4564=DIRECTION('center_axis',(0.,0.,1.));
#4565=DIRECTION('ref_axis',(0.222520933956314,0.974927912181824,0.));
#4566=DIRECTION('center_axis',(0.,0.,-1.));
#4567=DIRECTION('ref_axis',(0.433883739117558,-0.900968867902419,0.));
#4568=DIRECTION('center_axis',(0.,0.,1.));
#4569=DIRECTION('ref_axis',(0.433883739117558,-0.900968867902419,0.));
#4570=DIRECTION('center_axis',(0.,0.,-1.));
#4571=DIRECTION('ref_axis',(-1.18108832406931E-16,1.,0.));
#4572=DIRECTION('center_axis',(0.,0.,1.));
#4573=DIRECTION('ref_axis',(-1.18108832406931E-16,1.,0.));
#4574=DIRECTION('center_axis',(0.,0.,-1.));
#4575=DIRECTION('ref_axis',(0.222520933956314,-0.974927912181824,0.));
#4576=DIRECTION('center_axis',(0.,0.,1.));
#4577=DIRECTION('ref_axis',(0.222520933956314,-0.974927912181824,0.));
#4578=DIRECTION('center_axis',(0.,0.,-1.));
#4579=DIRECTION('ref_axis',(-0.222520933956314,0.974927912181824,0.));
#4580=DIRECTION('center_axis',(0.,0.,1.));
#4581=DIRECTION('ref_axis',(-0.222520933956315,0.974927912181824,0.));
#4582=DIRECTION('center_axis',(0.,0.,-1.));
#4583=DIRECTION('ref_axis',(2.95272081017329E-17,-1.,0.));
#4584=DIRECTION('center_axis',(0.,0.,1.));
#4585=DIRECTION('ref_axis',(2.95272081017329E-17,-1.,0.));
#4586=DIRECTION('center_axis',(0.,0.,-1.));
#4587=DIRECTION('ref_axis',(-0.433883739117558,0.900968867902419,0.));
#4588=DIRECTION('center_axis',(0.,0.,1.));
#4589=DIRECTION('ref_axis',(-0.433883739117558,0.900968867902419,0.));
#4590=DIRECTION('center_axis',(0.,0.,-1.));
#4591=DIRECTION('ref_axis',(-0.222520933956314,-0.974927912181824,0.));
#4592=DIRECTION('center_axis',(0.,0.,1.));
#4593=DIRECTION('ref_axis',(-0.222520933956314,-0.974927912181824,0.));
#4594=DIRECTION('center_axis',(0.,0.,-1.));
#4595=DIRECTION('ref_axis',(-0.623489801858734,0.78183148246803,0.));
#4596=DIRECTION('center_axis',(0.,0.,1.));
#4597=DIRECTION('ref_axis',(-0.623489801858734,0.78183148246803,0.));
#4598=DIRECTION('center_axis',(0.,0.,-1.));
#4599=DIRECTION('ref_axis',(-0.433883739117558,-0.900968867902419,0.));
#4600=DIRECTION('center_axis',(0.,0.,1.));
#4601=DIRECTION('ref_axis',(-0.433883739117558,-0.900968867902419,0.));
#4602=DIRECTION('center_axis',(0.,0.,-1.));
#4603=DIRECTION('ref_axis',(-0.78183148246803,0.623489801858733,0.));
#4604=DIRECTION('center_axis',(0.,0.,1.));
#4605=DIRECTION('ref_axis',(-0.78183148246803,0.623489801858733,0.));
#4606=DIRECTION('center_axis',(0.,0.,-1.));
#4607=DIRECTION('ref_axis',(-0.623489801858733,-0.78183148246803,0.));
#4608=DIRECTION('center_axis',(0.,0.,1.));
#4609=DIRECTION('ref_axis',(-0.623489801858733,-0.78183148246803,0.));
#4610=DIRECTION('center_axis',(0.,0.,-1.));
#4611=DIRECTION('ref_axis',(-0.900968867902419,0.433883739117558,0.));
#4612=DIRECTION('center_axis',(0.,0.,1.));
#4613=DIRECTION('ref_axis',(-0.900968867902419,0.433883739117558,0.));
#4614=DIRECTION('center_axis',(0.,0.,-1.));
#4615=DIRECTION('ref_axis',(-0.78183148246803,-0.623489801858734,0.));
#4616=DIRECTION('center_axis',(0.,0.,1.));
#4617=DIRECTION('ref_axis',(-0.78183148246803,-0.623489801858733,0.));
#4618=DIRECTION('center_axis',(0.,0.,-1.));
#4619=DIRECTION('ref_axis',(-0.974927912181824,0.222520933956314,0.));
#4620=DIRECTION('center_axis',(0.,0.,1.));
#4621=DIRECTION('ref_axis',(-0.974927912181824,0.222520933956314,0.));
#4622=DIRECTION('center_axis',(0.,0.,-1.));
#4623=DIRECTION('ref_axis',(-0.900968867902419,-0.433883739117558,0.));
#4624=DIRECTION('center_axis',(0.,0.,1.));
#4625=DIRECTION('ref_axis',(-0.900968867902419,-0.433883739117558,0.));
#4626=DIRECTION('center_axis',(0.,0.,-1.));
#4627=DIRECTION('ref_axis',(-1.,-8.85816243051986E-17,0.));
#4628=DIRECTION('center_axis',(0.,0.,1.));
#4629=DIRECTION('ref_axis',(-1.,-8.85816243051986E-17,0.));
#4630=DIRECTION('center_axis',(0.,0.,-1.));
#4631=DIRECTION('ref_axis',(-1.,-1.56539585879795E-29,0.));
#4632=DIRECTION('',(0.707106781186551,8.65956056235608E-17,-0.707106781186544));
#4633=DIRECTION('center_axis',(0.,0.,1.));
#4634=DIRECTION('ref_axis',(1.,1.56539585879795E-29,0.));
#4635=DIRECTION('center_axis',(0.,0.,1.));
#4636=DIRECTION('ref_axis',(1.,1.56539585879795E-29,0.));
#4637=DIRECTION('center_axis',(0.,0.,1.));
#4638=DIRECTION('ref_axis',(1.,1.56539585879795E-29,0.));
#4639=DIRECTION('center_axis',(0.,0.,1.));
#4640=DIRECTION('ref_axis',(1.,1.56539585879795E-29,0.));
#4641=DIRECTION('center_axis',(0.,0.,1.));
#4642=DIRECTION('ref_axis',(1.,1.56539585879795E-29,0.));
#4643=DIRECTION('center_axis',(0.,0.,1.));
#4644=DIRECTION('ref_axis',(1.,1.56539585879795E-29,0.));
#4645=DIRECTION('center_axis',(0.,0.,1.));
#4646=DIRECTION('ref_axis',(1.,1.56539585879795E-29,0.));
#4647=DIRECTION('center_axis',(0.,0.,1.));
#4648=DIRECTION('ref_axis',(-1.,-1.56539585879795E-29,0.));
#4649=DIRECTION('center_axis',(0.,0.,1.));
#4650=DIRECTION('ref_axis',(-1.,-1.56539585879795E-29,0.));
#4651=DIRECTION('center_axis',(0.,0.,1.));
#4652=DIRECTION('ref_axis',(-1.,-1.56539585879795E-29,0.));
#4653=DIRECTION('center_axis',(0.,0.,1.));
#4654=DIRECTION('ref_axis',(-1.,-1.56539585879795E-29,0.));
#4655=DIRECTION('center_axis',(0.,0.,1.));
#4656=DIRECTION('ref_axis',(-1.,-1.56539585879795E-29,0.));
#4657=DIRECTION('center_axis',(0.,0.,1.));
#4658=DIRECTION('ref_axis',(-1.,-1.56539585879795E-29,0.));
#4659=DIRECTION('center_axis',(0.,0.,1.));
#4660=DIRECTION('ref_axis',(-1.,-1.56539585879795E-29,0.));
#4661=DIRECTION('center_axis',(0.,0.,1.));
#4662=DIRECTION('ref_axis',(-1.,-1.56539585879795E-29,0.));
#4663=DIRECTION('center_axis',(0.,0.,1.));
#4664=DIRECTION('ref_axis',(-1.,-1.56539585879795E-29,0.));
#4665=DIRECTION('center_axis',(0.,0.,1.));
#4666=DIRECTION('ref_axis',(-1.,-1.56539585879795E-29,0.));
#4667=DIRECTION('center_axis',(0.,0.,1.));
#4668=DIRECTION('ref_axis',(-1.,-1.56539585879795E-29,0.));
#4669=DIRECTION('center_axis',(0.,0.,1.));
#4670=DIRECTION('ref_axis',(-1.,-1.56539585879795E-29,0.));
#4671=DIRECTION('center_axis',(0.,0.,1.));
#4672=DIRECTION('ref_axis',(-1.,-1.56539585879795E-29,0.));
#4673=DIRECTION('center_axis',(0.,0.,1.));
#4674=DIRECTION('ref_axis',(-1.,-1.56539585879795E-29,0.));
#4675=DIRECTION('center_axis',(0.,0.,1.));
#4676=DIRECTION('ref_axis',(1.,1.56539585879795E-29,0.));
#4677=DIRECTION('center_axis',(0.,0.,1.));
#4678=DIRECTION('ref_axis',(1.,1.56539585879795E-29,0.));
#4679=DIRECTION('center_axis',(0.,0.,1.));
#4680=DIRECTION('ref_axis',(1.,1.56539585879795E-29,0.));
#4681=DIRECTION('center_axis',(0.,0.,1.));
#4682=DIRECTION('ref_axis',(1.,1.56539585879795E-29,0.));
#4683=DIRECTION('center_axis',(0.,0.,1.));
#4684=DIRECTION('ref_axis',(1.,1.56539585879795E-29,0.));
#4685=DIRECTION('center_axis',(0.,0.,1.));
#4686=DIRECTION('ref_axis',(1.,1.56539585879795E-29,0.));
#4687=DIRECTION('center_axis',(0.,0.,1.));
#4688=DIRECTION('ref_axis',(1.,1.56539585879795E-29,0.));
#4689=DIRECTION('center_axis',(0.,0.,-1.));
#4690=DIRECTION('ref_axis',(-0.974927912181824,-0.222520933956314,0.));
#4691=DIRECTION('center_axis',(0.,0.,1.));
#4692=DIRECTION('ref_axis',(-0.974927912181824,-0.222520933956315,0.));
#4693=DIRECTION('center_axis',(0.,0.,-1.));
#4694=DIRECTION('ref_axis',(0.959623846645825,-0.281286460656518,0.));
#4695=DIRECTION('center_axis',(0.,0.,-1.));
#4696=DIRECTION('ref_axis',(0.922095842114316,-0.386961571677978,0.));
#4697=DIRECTION('center_axis',(0.,0.,-1.));
#4698=DIRECTION('ref_axis',(-1.,-1.56539585879795E-29,0.));
#4699=DIRECTION('center_axis',(0.,0.,-1.));
#4700=DIRECTION('ref_axis',(0.812869923849064,-0.58244526515512,0.));
#4701=DIRECTION('center_axis',(0.,0.,-1.));
#4702=DIRECTION('ref_axis',(-1.,-1.56539585879795E-29,0.));
#4703=DIRECTION('center_axis',(0.,0.,-1.));
#4704=DIRECTION('ref_axis',(0.662883313352816,-0.74872272095776,0.));
#4705=DIRECTION('center_axis',(0.,0.,-1.));
#4706=DIRECTION('ref_axis',(-1.,-1.56539585879795E-29,0.));
#4707=DIRECTION('center_axis',(0.,0.,-1.));
#4708=DIRECTION('ref_axis',(0.479656965565396,-0.877456093137769,0.));
#4709=DIRECTION('center_axis',(0.,0.,-1.));
#4710=DIRECTION('ref_axis',(-1.,-1.56539585879795E-29,0.));
#4711=DIRECTION('center_axis',(0.,0.,-1.));
#4712=DIRECTION('ref_axis',(0.272378614651465,-0.962190152870288,0.));
#4713=DIRECTION('center_axis',(0.,0.,-1.));
#4714=DIRECTION('ref_axis',(-1.,-1.56539585879795E-29,0.));
#4715=DIRECTION('center_axis',(0.,0.,-1.));
#4716=DIRECTION('ref_axis',(0.0514420626448647,-0.998675980581711,0.));
#4717=DIRECTION('center_axis',(0.,0.,-1.));
#4718=DIRECTION('ref_axis',(-1.,-1.56539585879795E-29,0.));
#4719=DIRECTION('center_axis',(0.,0.,-1.));
#4720=DIRECTION('ref_axis',(-0.172074009186095,-0.985084024519038,0.));
#4721=DIRECTION('center_axis',(0.,0.,-1.));
#4722=DIRECTION('ref_axis',(-1.,-1.56539585879795E-29,0.));
#4723=DIRECTION('center_axis',(0.,0.,-1.));
#4724=DIRECTION('ref_axis',(-0.386961571677978,-0.922095842114316,0.));
#4725=DIRECTION('center_axis',(0.,0.,-1.));
#4726=DIRECTION('ref_axis',(-1.,-1.56539585879795E-29,0.));
#4727=DIRECTION('center_axis',(0.,0.,-1.));
#4728=DIRECTION('ref_axis',(-0.58244526515512,-0.812869923849064,0.));
#4729=DIRECTION('center_axis',(0.,0.,-1.));
#4730=DIRECTION('ref_axis',(-1.,-1.56539585879795E-29,0.));
#4731=DIRECTION('center_axis',(0.,0.,-1.));
#4732=DIRECTION('ref_axis',(-0.748722720957761,-0.662883313352815,0.));
#4733=DIRECTION('center_axis',(0.,0.,-1.));
#4734=DIRECTION('ref_axis',(-1.,-1.56539585879795E-29,0.));
#4735=DIRECTION('center_axis',(0.,0.,-1.));
#4736=DIRECTION('ref_axis',(-0.877456093137769,-0.479656965565396,0.));
#4737=DIRECTION('center_axis',(0.,0.,-1.));
#4738=DIRECTION('ref_axis',(-1.,-1.56539585879795E-29,0.));
#4739=DIRECTION('center_axis',(0.,0.,-1.));
#4740=DIRECTION('ref_axis',(-0.962190152870288,-0.272378614651465,0.));
#4741=DIRECTION('center_axis',(0.,0.,-1.));
#4742=DIRECTION('ref_axis',(-1.,-1.56539585879795E-29,0.));
#4743=DIRECTION('center_axis',(0.,0.,-1.));
#4744=DIRECTION('ref_axis',(-0.998675980581711,-0.0514420626448647,0.));
#4745=DIRECTION('center_axis',(0.,0.,-1.));
#4746=DIRECTION('ref_axis',(-1.,-1.56539585879795E-29,0.));
#4747=DIRECTION('center_axis',(0.,0.,-1.));
#4748=DIRECTION('ref_axis',(-0.985084024519038,0.172074009186095,0.));
#4749=DIRECTION('center_axis',(0.,0.,-1.));
#4750=DIRECTION('ref_axis',(0.985084024519038,-0.172074009186095,0.));
#4751=DIRECTION('center_axis',(0.,0.,-1.));
#4752=DIRECTION('ref_axis',(0.998675980581711,0.0514420626448643,0.));
#4753=DIRECTION('center_axis',(0.,0.,-1.));
#4754=DIRECTION('ref_axis',(0.962190152870288,0.272378614651465,0.));
#4755=DIRECTION('center_axis',(0.,0.,-1.));
#4756=DIRECTION('ref_axis',(0.877456093137769,0.479656965565396,0.));
#4757=DIRECTION('center_axis',(0.,0.,-1.));
#4758=DIRECTION('ref_axis',(0.748722720957761,0.662883313352815,0.));
#4759=DIRECTION('center_axis',(0.,0.,-1.));
#4760=DIRECTION('ref_axis',(0.582445265155119,0.812869923849064,0.));
#4761=DIRECTION('center_axis',(0.,0.,-1.));
#4762=DIRECTION('ref_axis',(0.386961571677978,0.922095842114316,0.));
#4763=DIRECTION('center_axis',(0.,0.,-1.));
#4764=DIRECTION('ref_axis',(0.172074009186096,0.985084024519037,0.));
#4765=DIRECTION('center_axis',(0.,0.,-1.));
#4766=DIRECTION('ref_axis',(-0.0514420626448648,0.998675980581711,0.));
#4767=DIRECTION('center_axis',(0.,0.,-1.));
#4768=DIRECTION('ref_axis',(-0.272378614651465,0.962190152870288,0.));
#4769=DIRECTION('center_axis',(0.,0.,-1.));
#4770=DIRECTION('ref_axis',(-0.479656965565396,0.877456093137769,0.));
#4771=DIRECTION('center_axis',(0.,0.,-1.));
#4772=DIRECTION('ref_axis',(-0.662883313352815,0.748722720957761,0.));
#4773=DIRECTION('center_axis',(0.,0.,-1.));
#4774=DIRECTION('ref_axis',(-0.812869923849064,0.582445265155119,0.));
#4775=DIRECTION('center_axis',(0.,0.,-1.));
#4776=DIRECTION('ref_axis',(-0.922095842114316,0.386961571677978,0.));
#4777=DIRECTION('center_axis',(0.,0.,-1.));
#4778=DIRECTION('ref_axis',(-1.,-1.56539585879795E-29,0.));
#4779=DIRECTION('center_axis',(0.,0.,-1.));
#4780=DIRECTION('ref_axis',(-1.,-1.56539585879795E-29,0.));
#4781=DIRECTION('center_axis',(0.,0.,-1.));
#4782=DIRECTION('ref_axis',(-1.,-1.56539585879795E-29,0.));
#4783=DIRECTION('center_axis',(0.,0.,-1.));
#4784=DIRECTION('ref_axis',(-1.,-1.56539585879795E-29,0.));
#4785=DIRECTION('center_axis',(0.,0.,-1.));
#4786=DIRECTION('ref_axis',(-1.,-1.56539585879795E-29,0.));
#4787=DIRECTION('center_axis',(0.,0.,-1.));
#4788=DIRECTION('ref_axis',(-1.,-1.56539585879795E-29,0.));
#4789=DIRECTION('center_axis',(0.,0.,-1.));
#4790=DIRECTION('ref_axis',(-1.,-1.56539585879795E-29,0.));
#4791=DIRECTION('center_axis',(0.,0.,-1.));
#4792=DIRECTION('ref_axis',(-1.,-1.56539585879795E-29,0.));
#4793=DIRECTION('center_axis',(0.,0.,-1.));
#4794=DIRECTION('ref_axis',(-1.,-1.56539585879795E-29,0.));
#4795=DIRECTION('center_axis',(0.,0.,-1.));
#4796=DIRECTION('ref_axis',(-1.,-1.56539585879795E-29,0.));
#4797=DIRECTION('center_axis',(0.,0.,-1.));
#4798=DIRECTION('ref_axis',(-1.,-1.56539585879795E-29,0.));
#4799=DIRECTION('center_axis',(0.,0.,-1.));
#4800=DIRECTION('ref_axis',(0.925643374255055,0.37839707147085,0.));
#4801=DIRECTION('center_axis',(0.,0.,-1.));
#4802=DIRECTION('ref_axis',(0.986636832037447,0.162934838715084,0.));
#4803=DIRECTION('center_axis',(0.,0.,-1.));
#4804=DIRECTION('ref_axis',(0.998156199224859,-0.0606976272104921,0.));
#4805=DIRECTION('center_axis',(0.,0.,1.));
#4806=DIRECTION('ref_axis',(-1.,0.,0.));
#4807=DIRECTION('',(-1.,-1.56539585879795E-29,-1.11022302462484E-16));
#4808=DIRECTION('center_axis',(1.11022302462484E-16,-1.23259516440714E-32,
-1.));
#4809=DIRECTION('ref_axis',(0.831479419283055,-0.55555555555562,0.));
#4810=DIRECTION('center_axis',(-1.56539585879795E-29,1.,0.));
#4811=DIRECTION('ref_axis',(1.,1.56539585879795E-29,1.11022302462484E-16));
#4812=DIRECTION('',(0.,0.,1.));
#4813=DIRECTION('',(1.,1.56539585879795E-29,1.11022302462484E-16));
#4814=DIRECTION('',(0.,0.,1.));
#4815=DIRECTION('center_axis',(0.,0.,-1.));
#4816=DIRECTION('ref_axis',(-1.61039175926874E-15,1.,0.));
#4817=DIRECTION('center_axis',(-1.11022302462484E-16,1.23259516440714E-32,
1.));
#4818=DIRECTION('ref_axis',(0.831479419283055,-0.55555555555562,0.));
#4819=DIRECTION('center_axis',(-1.11022302462484E-16,1.23259516440714E-32,
1.));
#4820=DIRECTION('ref_axis',(-1.,-1.56539585879795E-29,-1.11022302462484E-16));
#4821=CARTESIAN_POINT('',(0.,0.,0.));
#4822=CARTESIAN_POINT('Origin',(49.25,51.4,38.385));
#4823=CARTESIAN_POINT('',(55.25,51.4,38.635));
#4824=CARTESIAN_POINT('Origin',(49.25,51.4,38.635));
#4825=CARTESIAN_POINT('',(54.75,51.4,38.135));
#4826=CARTESIAN_POINT('',(55.,51.4,38.385));
#4827=CARTESIAN_POINT('Origin',(49.25,51.4,38.135));
#4828=CARTESIAN_POINT('Origin',(49.25,51.4,38.635));
#4829=CARTESIAN_POINT('',(54.75,51.4,36.635));
#4830=CARTESIAN_POINT('',(54.75,51.4,38.635));
#4831=CARTESIAN_POINT('Origin',(49.25,51.4,36.635));
#4832=CARTESIAN_POINT('Origin',(49.25,51.4,38.635));
#4833=CARTESIAN_POINT('',(57.75,51.4,38.635));
#4834=CARTESIAN_POINT('Origin',(49.25,51.4,38.635));
#4835=CARTESIAN_POINT('Origin',(49.25,51.4,38.385));
#4836=CARTESIAN_POINT('',(51.75,51.4,38.635));
#4837=CARTESIAN_POINT('Origin',(49.25,51.4,38.635));
#4838=CARTESIAN_POINT('',(52.25,51.4,38.135));
#4839=CARTESIAN_POINT('',(52.,51.4,38.385));
#4840=CARTESIAN_POINT('Origin',(49.25,51.4,38.135));
#4841=CARTESIAN_POINT('Origin',(49.25,51.4,38.635));
#4842=CARTESIAN_POINT('',(52.25,51.4,36.635));
#4843=CARTESIAN_POINT('',(52.25,51.4,38.635));
#4844=CARTESIAN_POINT('Origin',(49.25,51.4,36.635));
#4845=CARTESIAN_POINT('Origin',(49.25,51.4,38.635));
#4846=CARTESIAN_POINT('Origin',(49.25,51.4,36.635));
#4847=CARTESIAN_POINT('Origin',(49.25,51.4,20.235));
#4848=CARTESIAN_POINT('',(42.75,51.4,19.485));
#4849=CARTESIAN_POINT('Origin',(49.25,51.4,19.485));
#4850=CARTESIAN_POINT('',(44.25,51.4,20.985));
#4851=CARTESIAN_POINT('',(43.5,51.4,20.235));
#4852=CARTESIAN_POINT('Origin',(49.25,51.4,20.985));
#4853=CARTESIAN_POINT('Origin',(49.25,51.4,27.485));
#4854=CARTESIAN_POINT('',(44.25,51.4,27.485));
#4855=CARTESIAN_POINT('',(44.25,51.4,27.485));
#4856=CARTESIAN_POINT('Origin',(49.25,51.4,27.485));
#4857=CARTESIAN_POINT('Origin',(49.25,51.4,19.485));
#4858=CARTESIAN_POINT('',(55.3394281344588,44.7728690223249,19.485));
#4859=CARTESIAN_POINT('',(54.5170283169667,44.1021638338292,19.485));
#4860=CARTESIAN_POINT('Origin',(49.25,51.4,19.485));
#4861=CARTESIAN_POINT('',(54.7511184643875,43.7778155597771,19.485));
#4862=CARTESIAN_POINT('',(54.5170283169667,44.1021638338292,19.485));
#4863=CARTESIAN_POINT('',(53.9103926643686,43.2366220096152,19.485));
#4864=CARTESIAN_POINT('Origin',(49.25,51.4,19.485));
#4865=CARTESIAN_POINT('',(53.7120780829061,43.5839997964401,19.485));
#4866=CARTESIAN_POINT('',(53.7120780829061,43.5839997964401,19.485));
#4867=CARTESIAN_POINT('',(52.7610516009064,43.1131117628043,19.485));
#4868=CARTESIAN_POINT('Origin',(49.25,51.4,19.485));
#4869=CARTESIAN_POINT('',(52.9170983387245,42.7448056189289,19.485));
#4870=CARTESIAN_POINT('',(52.7610516009064,43.1131117628043,19.485));
#4871=CARTESIAN_POINT('',(51.9770243955615,42.4042600112046,19.485));
#4872=CARTESIAN_POINT('Origin',(49.25,51.4,19.485));
#4873=CARTESIAN_POINT('',(51.860980804261,42.7870574575363,19.485));
#4874=CARTESIAN_POINT('',(51.860980804261,42.7870574575363,19.485));
#4875=CARTESIAN_POINT('',(50.829016096702,42.5395988710242,19.485));
#4876=CARTESIAN_POINT('Origin',(49.25,51.4,19.485));
#4877=CARTESIAN_POINT('',(50.8991945898887,42.1458032652919,19.485));
#4878=CARTESIAN_POINT('',(50.829016096702,42.5395988710242,19.485));
#4879=CARTESIAN_POINT('',(49.9069117364988,42.0229819787712,19.485));
#4880=CARTESIAN_POINT('Origin',(49.25,51.4,19.485));
#4881=CARTESIAN_POINT('',(49.8789580455839,42.4220040222277,19.485));
#4882=CARTESIAN_POINT('',(49.8789580455839,42.4220040222277,19.485));
#4883=CARTESIAN_POINT('',(48.8178021320118,42.410383489664,19.485));
#4884=CARTESIAN_POINT('Origin',(49.25,51.4,19.485));
#4885=CARTESIAN_POINT('',(48.798593337879,42.0108449780935,19.485));
#4886=CARTESIAN_POINT('',(48.8178021320118,42.410383489664,19.485));
#4887=CARTESIAN_POINT('',(47.8038587799435,42.1119067849395,19.485));
#4888=CARTESIAN_POINT('Origin',(49.25,51.4,19.485));
#4889=CARTESIAN_POINT('',(47.8653967042012,42.507144794091,19.485));
#4890=CARTESIAN_POINT('',(47.8653967042012,42.507144794091,19.485));
#4891=CARTESIAN_POINT('',(46.8282603731238,42.7319450175015,19.485));
#4892=CARTESIAN_POINT('Origin',(49.25,51.4,19.485));
#4893=CARTESIAN_POINT('',(46.7206275008182,42.3466981293904,19.485));
#4894=CARTESIAN_POINT('',(46.8282603731238,42.7319450175015,19.485));
#4895=CARTESIAN_POINT('',(45.7733213827216,42.6665753686106,19.485));
#4896=CARTESIAN_POINT('Origin',(49.25,51.4,19.485));
#4897=CARTESIAN_POINT('',(45.9212651536697,43.038210459308,19.485));
#4898=CARTESIAN_POINT('',(45.9212651536697,43.038210459308,19.485));
#4899=CARTESIAN_POINT('',(44.9601547514314,43.488159016807,19.485));
#4900=CARTESIAN_POINT('Origin',(49.25,51.4,19.485));
#4901=CARTESIAN_POINT('',(44.7694949626061,43.1365216397762,19.485));
#4902=CARTESIAN_POINT('',(44.9601547514314,43.488159016807,19.485));
#4903=CARTESIAN_POINT('',(43.9171191687158,43.659174330905,19.485));
#4904=CARTESIAN_POINT('Origin',(49.25,51.4,19.485));
#4905=CARTESIAN_POINT('',(44.1440502679194,43.9885711678877,19.485));
#4906=CARTESIAN_POINT('',(44.1440502679194,43.9885711678877,19.485));
#4907=CARTESIAN_POINT('',(43.3071598833359,44.6411057599806,19.485));
#4908=CARTESIAN_POINT('Origin',(49.25,51.4,19.485));
#4909=CARTESIAN_POINT('',(43.0430336559286,44.3407104604242,19.485));
#4910=CARTESIAN_POINT('',(43.3071598833359,44.6411057599806,19.485));
#4911=CARTESIAN_POINT('',(42.3283298677616,45.0399306151208,19.485));
#4912=CARTESIAN_POINT('Origin',(49.25,51.4,19.485));
#4913=CARTESIAN_POINT('',(42.6228690223249,45.3105718655412,19.485));
#4914=CARTESIAN_POINT('',(42.6228690223249,45.3105718655412,19.485));
#4915=CARTESIAN_POINT('',(41.9521638338292,46.1329716830333,19.485));
#4916=CARTESIAN_POINT('Origin',(49.25,51.4,19.485));
#4917=CARTESIAN_POINT('',(41.6278155597772,45.8988815356125,19.485));
#4918=CARTESIAN_POINT('',(41.9521638338292,46.1329716830333,19.485));
#4919=CARTESIAN_POINT('',(41.0866220096152,46.7396073356314,19.485));
#4920=CARTESIAN_POINT('Origin',(49.25,51.4,19.485));
#4921=CARTESIAN_POINT('',(41.4339997964401,46.9379219170939,19.485));
#4922=CARTESIAN_POINT('',(41.4339997964401,46.9379219170939,19.485));
#4923=CARTESIAN_POINT('',(40.9631117628043,47.8889483990936,19.485));
#4924=CARTESIAN_POINT('Origin',(49.25,51.4,19.485));
#4925=CARTESIAN_POINT('',(40.5948056189289,47.7329016612755,19.485));
#4926=CARTESIAN_POINT('',(40.9631117628043,47.8889483990936,19.485));
#4927=CARTESIAN_POINT('',(40.2542600112046,48.6729756044385,19.485));
#4928=CARTESIAN_POINT('Origin',(49.25,51.4,19.485));
#4929=CARTESIAN_POINT('',(40.6370574575363,48.789019195739,19.485));
#4930=CARTESIAN_POINT('',(40.6370574575363,48.789019195739,19.485));
#4931=CARTESIAN_POINT('',(40.3895988710242,49.8209839032981,19.485));
#4932=CARTESIAN_POINT('Origin',(49.25,51.4,19.485));
#4933=CARTESIAN_POINT('',(39.9958032652919,49.7508054101113,19.485));
#4934=CARTESIAN_POINT('',(40.3895988710242,49.8209839032981,19.485));
#4935=CARTESIAN_POINT('',(39.8729819787712,50.7430882635012,19.485));
#4936=CARTESIAN_POINT('Origin',(49.25,51.4,19.485));
#4937=CARTESIAN_POINT('',(40.2720040222278,50.7710419544161,19.485));
#4938=CARTESIAN_POINT('',(40.2720040222278,50.7710419544161,19.485));
#4939=CARTESIAN_POINT('',(40.260383489664,51.8321978679882,19.485));
#4940=CARTESIAN_POINT('Origin',(49.25,51.4,19.485));
#4941=CARTESIAN_POINT('',(39.8608449780935,51.851406662121,19.485));
#4942=CARTESIAN_POINT('',(40.260383489664,51.8321978679882,19.485));
#4943=CARTESIAN_POINT('',(39.9619067849395,52.8461412200566,19.485));
#4944=CARTESIAN_POINT('Origin',(49.25,51.4,19.485));
#4945=CARTESIAN_POINT('',(40.357144794091,52.7846032957988,19.485));
#4946=CARTESIAN_POINT('',(40.357144794091,52.7846032957988,19.485));
#4947=CARTESIAN_POINT('',(40.5819450175015,53.8217396268762,19.485));
#4948=CARTESIAN_POINT('Origin',(49.25,51.4,19.485));
#4949=CARTESIAN_POINT('',(40.1966981293904,53.9293724991818,19.485));
#4950=CARTESIAN_POINT('',(40.5819450175015,53.8217396268762,19.485));
#4951=CARTESIAN_POINT('',(40.5165753686106,54.8766786172784,19.485));
#4952=CARTESIAN_POINT('Origin',(49.25,51.4,19.485));
#4953=CARTESIAN_POINT('',(40.888210459308,54.7287348463304,19.485));
#4954=CARTESIAN_POINT('',(40.888210459308,54.7287348463304,19.485));
#4955=CARTESIAN_POINT('',(41.338159016807,55.6898452485687,19.485));
#4956=CARTESIAN_POINT('Origin',(49.25,51.4,19.485));
#4957=CARTESIAN_POINT('',(40.9865216397762,55.880505037394,19.485));
#4958=CARTESIAN_POINT('',(41.338159016807,55.6898452485687,19.485));
#4959=CARTESIAN_POINT('',(41.509174330905,56.7328808312843,19.485));
#4960=CARTESIAN_POINT('Origin',(49.25,51.4,19.485));
#4961=CARTESIAN_POINT('',(41.8385711678877,56.5059497320807,19.485));
#4962=CARTESIAN_POINT('',(41.8385711678877,56.5059497320807,19.485));
#4963=CARTESIAN_POINT('',(42.4911057599806,57.3428401166641,19.485));
#4964=CARTESIAN_POINT('Origin',(49.25,51.4,19.485));
#4965=CARTESIAN_POINT('',(42.1907104604242,57.6069663440714,19.485));
#4966=CARTESIAN_POINT('',(42.4911057599806,57.3428401166641,19.485));
#4967=CARTESIAN_POINT('',(42.8899306151208,58.3216701322385,19.485));
#4968=CARTESIAN_POINT('Origin',(49.25,51.4,19.485));
#4969=CARTESIAN_POINT('',(43.1605718655412,58.0271309776751,19.485));
#4970=CARTESIAN_POINT('',(43.1605718655412,58.0271309776751,19.485));
#4971=CARTESIAN_POINT('',(43.9829716830333,58.6978361661708,19.485));
#4972=CARTESIAN_POINT('Origin',(49.25,51.4,19.485));
#4973=CARTESIAN_POINT('',(43.7488815356126,59.0221844402229,19.485));
#4974=CARTESIAN_POINT('',(43.9829716830333,58.6978361661708,19.485));
#4975=CARTESIAN_POINT('',(44.5896073356314,59.5633779903848,19.485));
#4976=CARTESIAN_POINT('Origin',(49.25,51.4,19.485));
#4977=CARTESIAN_POINT('',(44.7879219170939,59.2160002035599,19.485));
#4978=CARTESIAN_POINT('',(44.7879219170939,59.2160002035599,19.485));
#4979=CARTESIAN_POINT('',(45.7389483990936,59.6868882371957,19.485));
#4980=CARTESIAN_POINT('Origin',(49.25,51.4,19.485));
#4981=CARTESIAN_POINT('',(45.5829016612755,60.0551943810711,19.485));
#4982=CARTESIAN_POINT('',(45.7389483990936,59.6868882371957,19.485));
#4983=CARTESIAN_POINT('',(46.5229756044385,60.3957399887954,19.485));
#4984=CARTESIAN_POINT('Origin',(49.25,51.4,19.485));
#4985=CARTESIAN_POINT('',(46.639019195739,60.0129425424637,19.485));
#4986=CARTESIAN_POINT('',(46.639019195739,60.0129425424637,19.485));
#4987=CARTESIAN_POINT('',(47.6709839032981,60.2604011289758,19.485));
#4988=CARTESIAN_POINT('Origin',(49.25,51.4,19.485));
#4989=CARTESIAN_POINT('',(47.6008054101113,60.6541967347081,19.485));
#4990=CARTESIAN_POINT('',(47.6709839032981,60.2604011289758,19.485));
#4991=CARTESIAN_POINT('',(48.5930882635013,60.7770180212288,19.485));
#4992=CARTESIAN_POINT('Origin',(49.25,51.4,19.485));
#4993=CARTESIAN_POINT('',(48.6210419544161,60.3779959777723,19.485));
#4994=CARTESIAN_POINT('',(48.6210419544161,60.3779959777723,19.485));
#4995=CARTESIAN_POINT('',(49.6821978679882,60.3896165103361,19.485));
#4996=CARTESIAN_POINT('Origin',(49.25,51.4,19.485));
#4997=CARTESIAN_POINT('',(49.701406662121,60.7891550219066,19.485));
#4998=CARTESIAN_POINT('',(49.6821978679882,60.3896165103361,19.485));
#4999=CARTESIAN_POINT('',(50.6961412200566,60.6880932150605,19.485));
#5000=CARTESIAN_POINT('Origin',(49.25,51.4,19.485));
#5001=CARTESIAN_POINT('',(50.6346032957989,60.292855205909,19.485));
#5002=CARTESIAN_POINT('',(50.6346032957989,60.292855205909,19.485));
#5003=CARTESIAN_POINT('',(51.6717396268762,60.0680549824985,19.485));
#5004=CARTESIAN_POINT('Origin',(49.25,51.4,19.485));
#5005=CARTESIAN_POINT('',(51.7793724991818,60.4533018706096,19.485));
#5006=CARTESIAN_POINT('',(51.6717396268762,60.0680549824985,19.485));
#5007=CARTESIAN_POINT('',(52.7266786172784,60.1334246313894,19.485));
#5008=CARTESIAN_POINT('Origin',(49.25,51.4,19.485));
#5009=CARTESIAN_POINT('',(52.5787348463304,59.761789540692,19.485));
#5010=CARTESIAN_POINT('',(52.5787348463304,59.761789540692,19.485));
#5011=CARTESIAN_POINT('',(53.5398452485687,59.3118409831931,19.485));
#5012=CARTESIAN_POINT('Origin',(49.25,51.4,19.485));
#5013=CARTESIAN_POINT('',(53.730505037394,59.6634783602238,19.485));
#5014=CARTESIAN_POINT('',(53.5398452485687,59.3118409831931,19.485));
#5015=CARTESIAN_POINT('',(54.5828808312843,59.1408256690951,19.485));
#5016=CARTESIAN_POINT('Origin',(49.25,51.4,19.485));
#5017=CARTESIAN_POINT('',(54.3559497320807,58.8114288321123,19.485));
#5018=CARTESIAN_POINT('',(54.3559497320807,58.8114288321123,19.485));
#5019=CARTESIAN_POINT('',(55.1928401166642,58.1588942400194,19.485));
#5020=CARTESIAN_POINT('Origin',(49.25,51.4,19.485));
#5021=CARTESIAN_POINT('',(55.4569663440714,58.4592895395758,19.485));
#5022=CARTESIAN_POINT('',(55.1928401166642,58.1588942400194,19.485));
#5023=CARTESIAN_POINT('',(56.1716701322385,57.7600693848792,19.485));
#5024=CARTESIAN_POINT('Origin',(49.25,51.4,19.485));
#5025=CARTESIAN_POINT('',(55.8771309776752,57.4894281344588,19.485));
#5026=CARTESIAN_POINT('',(55.8771309776752,57.4894281344588,19.485));
#5027=CARTESIAN_POINT('',(56.5478361661708,56.6670283169667,19.485));
#5028=CARTESIAN_POINT('Origin',(49.25,51.4,19.485));
#5029=CARTESIAN_POINT('',(56.8721844402229,56.9011184643875,19.485));
#5030=CARTESIAN_POINT('',(56.5478361661708,56.6670283169667,19.485));
#5031=CARTESIAN_POINT('',(57.4133779903848,56.0603926643686,19.485));
#5032=CARTESIAN_POINT('Origin',(49.25,51.4,19.485));
#5033=CARTESIAN_POINT('',(57.06600020356,55.8620780829061,19.485));
#5034=CARTESIAN_POINT('',(57.06600020356,55.8620780829061,19.485));
#5035=CARTESIAN_POINT('',(57.5368882371957,54.9110516009064,19.485));
#5036=CARTESIAN_POINT('Origin',(49.25,51.4,19.485));
#5037=CARTESIAN_POINT('',(57.9051943810711,55.0670983387245,19.485));
#5038=CARTESIAN_POINT('',(57.5368882371957,54.9110516009064,19.485));
#5039=CARTESIAN_POINT('',(58.2457399887954,54.1270243955615,19.485));
#5040=CARTESIAN_POINT('Origin',(49.25,51.4,19.485));
#5041=CARTESIAN_POINT('',(57.8629425424637,54.010980804261,19.485));
#5042=CARTESIAN_POINT('',(57.8629425424637,54.010980804261,19.485));
#5043=CARTESIAN_POINT('',(58.1104011289759,52.9790160967019,19.485));
#5044=CARTESIAN_POINT('Origin',(49.25,51.4,19.485));
#5045=CARTESIAN_POINT('',(58.5041967347081,53.0491945898887,19.485));
#5046=CARTESIAN_POINT('',(58.1104011289759,52.9790160967019,19.485));
#5047=CARTESIAN_POINT('',(58.6270180212289,52.0569117364988,19.485));
#5048=CARTESIAN_POINT('Origin',(49.25,51.4,19.485));
#5049=CARTESIAN_POINT('',(58.2279959777723,52.0289580455839,19.485));
#5050=CARTESIAN_POINT('',(58.2279959777723,52.0289580455839,19.485));
#5051=CARTESIAN_POINT('',(58.2396165103361,50.9678021320118,19.485));
#5052=CARTESIAN_POINT('Origin',(49.25,51.4,19.485));
#5053=CARTESIAN_POINT('',(58.6391550219066,50.948593337879,19.485));
#5054=CARTESIAN_POINT('',(58.2396165103361,50.9678021320118,19.485));
#5055=CARTESIAN_POINT('',(58.5380932150605,49.9538587799435,19.485));
#5056=CARTESIAN_POINT('Origin',(49.25,51.4,19.485));
#5057=CARTESIAN_POINT('',(58.142855205909,50.0153967042012,19.485));
#5058=CARTESIAN_POINT('',(58.142855205909,50.0153967042012,19.485));
#5059=CARTESIAN_POINT('',(57.9180549824985,48.9782603731238,19.485));
#5060=CARTESIAN_POINT('Origin',(49.25,51.4,19.485));
#5061=CARTESIAN_POINT('',(58.3033018706096,48.8706275008182,19.485));
#5062=CARTESIAN_POINT('',(57.9180549824985,48.9782603731238,19.485));
#5063=CARTESIAN_POINT('',(57.9834246313894,47.9233213827216,19.485));
#5064=CARTESIAN_POINT('Origin',(49.25,51.4,19.485));
#5065=CARTESIAN_POINT('',(57.611789540692,48.0712651536696,19.485));
#5066=CARTESIAN_POINT('',(57.611789540692,48.0712651536696,19.485));
#5067=CARTESIAN_POINT('',(57.1618409831931,47.1101547514313,19.485));
#5068=CARTESIAN_POINT('Origin',(49.25,51.4,19.485));
#5069=CARTESIAN_POINT('',(57.5134783602239,46.9194949626061,19.485));
#5070=CARTESIAN_POINT('',(57.1618409831931,47.1101547514313,19.485));
#5071=CARTESIAN_POINT('',(56.9908256690951,46.0671191687158,19.485));
#5072=CARTESIAN_POINT('Origin',(49.25,51.4,19.485));
#5073=CARTESIAN_POINT('',(56.6614288321123,46.2940502679193,19.485));
#5074=CARTESIAN_POINT('',(56.6614288321123,46.2940502679193,19.485));
#5075=CARTESIAN_POINT('',(56.0088942400194,45.4571598833359,19.485));
#5076=CARTESIAN_POINT('Origin',(49.25,51.4,19.485));
#5077=CARTESIAN_POINT('',(56.3092895395759,45.1930336559286,19.485));
#5078=CARTESIAN_POINT('',(56.0088942400194,45.4571598833359,19.485));
#5079=CARTESIAN_POINT('',(55.6100693848792,44.4783298677615,19.485));
#5080=CARTESIAN_POINT('Origin',(49.25,51.4,19.485));
#5081=CARTESIAN_POINT('',(55.3394281344588,44.7728690223249,19.485));
#5082=CARTESIAN_POINT('Ctrl Pts',(40.9223182190465,49.4870472547824,38.6109953221616));
#5083=CARTESIAN_POINT('Ctrl Pts',(40.6483191509282,49.4399223235556,38.6110785555662));
#5084=CARTESIAN_POINT('Ctrl Pts',(40.3743207246831,49.3927936795632,38.6111645583385));
#5085=CARTESIAN_POINT('Ctrl Pts',(40.1003229659952,49.3456611742411,38.6112530166136));
#5086=CARTESIAN_POINT('Ctrl Pts',(40.8865762193294,49.6937885369893,38.4614469364191));
#5087=CARTESIAN_POINT('Ctrl Pts',(40.6123211621938,49.6481443146793,38.4620487113084));
#5088=CARTESIAN_POINT('Ctrl Pts',(40.3380707457802,49.6024732491917,38.4626705086392));
#5089=CARTESIAN_POINT('Ctrl Pts',(40.0638251557848,49.5567742664116,38.4633100591784));
#5090=CARTESIAN_POINT('Ctrl Pts',(40.8508342196123,49.9005298191962,38.3118985506766));
#5091=CARTESIAN_POINT('Ctrl Pts',(40.5763231734593,49.856366305803,38.3130188670506));
#5092=CARTESIAN_POINT('Ctrl Pts',(40.3018207668774,49.8121528188202,38.3141764589399));
#5093=CARTESIAN_POINT('Ctrl Pts',(40.0273273455744,49.7678873585821,38.3153671017431));
#5094=CARTESIAN_POINT('Ctrl Pts',(40.8150922198952,50.1072711014031,38.1623501649341));
#5095=CARTESIAN_POINT('Ctrl Pts',(40.5403251847248,50.0645882969267,38.1639890227927));
#5096=CARTESIAN_POINT('Ctrl Pts',(40.2655707879746,50.0218323884487,38.1656824092407));
#5097=CARTESIAN_POINT('Ctrl Pts',(39.9908295353641,49.9790004507526,38.1674241443079));
#5098=CARTESIAN_POINT('',(40.9177433970797,49.5135092481453,38.5918537731265));
#5099=CARTESIAN_POINT('',(40.5479366228628,49.4226552012817,38.6111107429142));
#5100=CARTESIAN_POINT('Ctrl Pts',(40.9177433970614,49.5135092481372,38.59185377313));
#5101=CARTESIAN_POINT('Ctrl Pts',(40.7944531225286,49.4833105394477,38.5983024610204));
#5102=CARTESIAN_POINT('Ctrl Pts',(40.6711887251634,49.4530263273133,38.604721680886));
#5103=CARTESIAN_POINT('Ctrl Pts',(40.5479366229705,49.4226552006384,38.6111107429144));
#5104=CARTESIAN_POINT('',(40.383637309961,50.0401860025636,38.1649675887487));
#5105=CARTESIAN_POINT('Ctrl Pts',(40.9177433970797,49.5135092481453,38.5918537731265));
#5106=CARTESIAN_POINT('Ctrl Pts',(40.8345407581424,49.5905893121644,38.52772576979));
#5107=CARTESIAN_POINT('Ctrl Pts',(40.7525044319568,49.6688015992984,38.4634487836862));
#5108=CARTESIAN_POINT('Ctrl Pts',(40.5739254690683,49.8439106156713,38.3212032225402));
#5109=CARTESIAN_POINT('Ctrl Pts',(40.4779260271595,49.9413003402793,38.2431759858154));
#5110=CARTESIAN_POINT('Ctrl Pts',(40.3836373099625,50.0401860025661,38.1649675887482));
#5111=CARTESIAN_POINT('',(40.354026152944,50.0355772969879,38.1651503824403));
#5112=CARTESIAN_POINT('Ctrl Pts',(40.38363731217,50.040185989786,38.1649675887214));
#5113=CARTESIAN_POINT('Ctrl Pts',(40.3737669098198,50.0386498510637,38.1650284538452));
#5114=CARTESIAN_POINT('Ctrl Pts',(40.3638965241219,50.0371136160193,38.1650893851675));
#5115=CARTESIAN_POINT('Ctrl Pts',(40.3540261551,50.0355772845171,38.1651503824017));
#5116=CARTESIAN_POINT('',(39.9908295353641,49.9790004507526,38.1674241443079));
#5117=CARTESIAN_POINT('Ctrl Pts',(40.3540261551,50.0355772845171,38.1651503824016));
#5118=CARTESIAN_POINT('Ctrl Pts',(40.2329580918772,50.016732935433,38.165898562838));
#5119=CARTESIAN_POINT('Ctrl Pts',(40.1118925375424,49.9978740742705,38.1666566597229));
#5120=CARTESIAN_POINT('Ctrl Pts',(39.9908295353641,49.9790004507526,38.1674241443079));
#5121=CARTESIAN_POINT('Ctrl Pts',(40.5479366228628,49.4226552012817,38.6111107429142));
#5122=CARTESIAN_POINT('Ctrl Pts',(40.4565657414181,49.5082638845881,38.5409801867782));
#5123=CARTESIAN_POINT('Ctrl Pts',(40.3665804181994,49.5952140990988,38.4706896163993));
#5124=CARTESIAN_POINT('Ctrl Pts',(40.1805807676819,49.7804474999028,38.3228115511225));
#5125=CARTESIAN_POINT('Ctrl Pts',(40.0848634449557,49.878990742333,38.2451990413574));
#5126=CARTESIAN_POINT('Ctrl Pts',(39.9908295353641,49.9790004507526,38.1674241443079));
#5127=CARTESIAN_POINT('Origin',(49.25,51.4,38.385));
#5128=CARTESIAN_POINT('',(57.9520633771373,53.3773447987183,38.6111107429142));
#5129=CARTESIAN_POINT('',(58.3058567056518,53.7964425173264,38.1674241443079));
#5130=CARTESIAN_POINT('Ctrl Pts',(57.9520633771373,53.3773447987183,38.6111107429142));
#5131=CARTESIAN_POINT('Ctrl Pts',(58.0083863531335,53.4443089432183,38.5413499814792));
#5132=CARTESIAN_POINT('Ctrl Pts',(58.0646081795096,53.5110583231675,38.4712666386181));
#5133=CARTESIAN_POINT('Ctrl Pts',(58.1825310257997,53.6507976916721,38.3234300534359));
#5134=CARTESIAN_POINT('Ctrl Pts',(58.2442393993537,53.7237695232877,38.245582481158));
#5135=CARTESIAN_POINT('Ctrl Pts',(58.3058567056513,53.7964425173258,38.1674241443085));
#5136=CARTESIAN_POINT('',(58.5091704646359,52.8209995492474,38.1674241443079));
#5137=CARTESIAN_POINT('Ctrl Pts',(57.9520633771373,53.3773447987183,38.6111107429142));
#5138=CARTESIAN_POINT('Ctrl Pts',(58.0434342585822,53.2917361154117,38.540980186778));
#5139=CARTESIAN_POINT('Ctrl Pts',(58.1334195818011,53.2047859009008,38.470689616399));
#5140=CARTESIAN_POINT('Ctrl Pts',(58.3194192323183,53.019552500097,38.3228115511223));
#5141=CARTESIAN_POINT('Ctrl Pts',(58.4151365550447,52.9210092576667,38.2451990413571));
#5142=CARTESIAN_POINT('Ctrl Pts',(58.5091704646359,52.8209995492474,38.1674241443079));
#5143=CARTESIAN_POINT('',(58.5430811578126,52.8137335655311,38.135));
#5144=CARTESIAN_POINT('Ctrl Pts',(58.5091704646359,52.8209995492474,38.1674241443078));
#5145=CARTESIAN_POINT('Ctrl Pts',(58.5204758254361,52.8185916970345,38.156614869052));
#5146=CARTESIAN_POINT('Ctrl Pts',(58.5317793973854,52.8161696997943,38.1458068225636));
#5147=CARTESIAN_POINT('Ctrl Pts',(58.5430811578126,52.8137335655311,38.135));
#5148=CARTESIAN_POINT('',(58.3403473362467,53.792819530678,38.135));
#5149=CARTESIAN_POINT('Origin',(49.25,51.4,38.135));
#5150=CARTESIAN_POINT('Ctrl Pts',(58.3403473362467,53.792819530678,38.135));
#5151=CARTESIAN_POINT('Ctrl Pts',(58.3288507587012,53.794041443418,38.1458068155742));
#5152=CARTESIAN_POINT('Ctrl Pts',(58.3173538740401,53.7952491075028,38.1566148620599));
#5153=CARTESIAN_POINT('Ctrl Pts',(58.3058567056518,53.7964425173263,38.1674241443078));
#5154=CARTESIAN_POINT('Ctrl Pts',(57.5776817809535,53.3129527452176,38.6109953221616));
#5155=CARTESIAN_POINT('Ctrl Pts',(57.8516808490718,53.3600776764444,38.6110785555662));
#5156=CARTESIAN_POINT('Ctrl Pts',(58.125679275317,53.4072063204368,38.6111645583385));
#5157=CARTESIAN_POINT('Ctrl Pts',(58.3996770340049,53.4543388257589,38.6112530166136));
#5158=CARTESIAN_POINT('Ctrl Pts',(57.6134237806706,53.1062114630107,38.4614469364191));
#5159=CARTESIAN_POINT('Ctrl Pts',(57.8876788378063,53.1518556853207,38.4620487113084));
#5160=CARTESIAN_POINT('Ctrl Pts',(58.1619292542198,53.1975267508083,38.4626705086392));
#5161=CARTESIAN_POINT('Ctrl Pts',(58.4361748442152,53.2432257335884,38.4633100591784));
#5162=CARTESIAN_POINT('Ctrl Pts',(57.6491657803877,52.8994701808038,38.3118985506766));
#5163=CARTESIAN_POINT('Ctrl Pts',(57.9236768265408,52.943633694197,38.3130188670506));
#5164=CARTESIAN_POINT('Ctrl Pts',(58.1981792331226,52.9878471811798,38.3141764589399));
#5165=CARTESIAN_POINT('Ctrl Pts',(58.4726726544256,53.0321126414179,38.3153671017431));
#5166=CARTESIAN_POINT('Ctrl Pts',(57.6849077801049,52.692728898597,38.1623501649341));
#5167=CARTESIAN_POINT('Ctrl Pts',(57.9596748152753,52.7354117030733,38.1639890227927));
#5168=CARTESIAN_POINT('Ctrl Pts',(58.2344292120255,52.7781676115513,38.1656824092407));
#5169=CARTESIAN_POINT('Ctrl Pts',(58.509170464636,52.8209995492474,38.1674241443079));
#5170=CARTESIAN_POINT('',(57.5822566029204,53.2864907518547,38.5918537731265));
#5171=CARTESIAN_POINT('Ctrl Pts',(57.5822566029387,53.2864907518628,38.59185377313));
#5172=CARTESIAN_POINT('Ctrl Pts',(57.7055468774713,53.3166894605523,38.5983024610204));
#5173=CARTESIAN_POINT('Ctrl Pts',(57.8288112748363,53.3469736726867,38.604721680886));
#5174=CARTESIAN_POINT('Ctrl Pts',(57.9520633770296,53.3773447993616,38.6111107429144));
#5175=CARTESIAN_POINT('',(58.1163626900391,52.7598139974365,38.1649675887487));
#5176=CARTESIAN_POINT('Ctrl Pts',(57.5822566029204,53.2864907518547,38.5918537731265));
#5177=CARTESIAN_POINT('Ctrl Pts',(57.6654592418584,53.209410687835,38.5277257697894));
#5178=CARTESIAN_POINT('Ctrl Pts',(57.7474955680444,53.1311984007006,38.4634487836853));
#5179=CARTESIAN_POINT('Ctrl Pts',(57.9260745309313,52.9560893843291,38.3212032225405));
#5180=CARTESIAN_POINT('Ctrl Pts',(58.0220739728397,52.8586996597216,38.2431759858161));
#5181=CARTESIAN_POINT('Ctrl Pts',(58.1163626900376,52.7598139974339,38.1649675887482));
#5182=CARTESIAN_POINT('',(58.1459738470561,52.7644227030121,38.1651503824403));
#5183=CARTESIAN_POINT('Ctrl Pts',(58.11636268783,52.759814010214,38.1649675887214));
#5184=CARTESIAN_POINT('Ctrl Pts',(58.1262330901803,52.7613501489363,38.1650284538452));
#5185=CARTESIAN_POINT('Ctrl Pts',(58.1361034758782,52.7628863839807,38.1650893851675));
#5186=CARTESIAN_POINT('Ctrl Pts',(58.1459738449001,52.7644227154829,38.1651503824016));
#5187=CARTESIAN_POINT('Ctrl Pts',(58.1459738449001,52.7644227154829,38.1651503824017));
#5188=CARTESIAN_POINT('Ctrl Pts',(58.2670419081228,52.783267064567,38.165898562838));
#5189=CARTESIAN_POINT('Ctrl Pts',(58.3881074624576,52.8021259257295,38.1666566597229));
#5190=CARTESIAN_POINT('Ctrl Pts',(58.509170464636,52.8209995492474,38.1674241443079));
#5191=CARTESIAN_POINT('Ctrl Pts',(57.4983488818496,53.5809382060372,38.1623408174782));
#5192=CARTESIAN_POINT('Ctrl Pts',(57.7675388367661,53.6527004054778,38.1639825835847));
#5193=CARTESIAN_POINT('Ctrl Pts',(58.0367083841785,53.7245342185616,38.165679097621));
#5194=CARTESIAN_POINT('Ctrl Pts',(58.3058567056518,53.7964425173264,38.1674241443079));
#5195=CARTESIAN_POINT('Ctrl Pts',(57.5275645787926,53.47841501178,38.3118922554764));
#5196=CARTESIAN_POINT('Ctrl Pts',(57.796341908574,53.5516251878665,38.3130145595875));
#5197=CARTESIAN_POINT('Ctrl Pts',(58.0651052878753,53.6248843187254,38.3141742891434));
#5198=CARTESIAN_POINT('Ctrl Pts',(58.3338541572176,53.6981943676692,38.3153671954064));
#5199=CARTESIAN_POINT('Ctrl Pts',(57.5567802757355,53.3758918175228,38.4614436934746));
#5200=CARTESIAN_POINT('Ctrl Pts',(57.825144980382,53.4505499702552,38.4620465355904));
#5201=CARTESIAN_POINT('Ctrl Pts',(58.0935021915721,53.5252344188892,38.4626694806658));
#5202=CARTESIAN_POINT('Ctrl Pts',(58.3618516087834,53.5999462180121,38.4633102465049));
#5203=CARTESIAN_POINT('Ctrl Pts',(57.5859959726784,53.2733686232656,38.6109951314729));
#5204=CARTESIAN_POINT('Ctrl Pts',(57.85394805219,53.3494747526438,38.6110785115933));
#5205=CARTESIAN_POINT('Ctrl Pts',(58.1218990952688,53.425584519053,38.6111646721883));
#5206=CARTESIAN_POINT('Ctrl Pts',(58.3898490603492,53.501698068355,38.6112532976035));
#5207=CARTESIAN_POINT('',(57.9507241268929,53.7016080612705,38.1651503824403));
#5208=CARTESIAN_POINT('Ctrl Pts',(58.3058567056518,53.7964425173264,38.1674241443079));
#5209=CARTESIAN_POINT('Ctrl Pts',(58.1874832607726,53.7648167096914,38.1666566597229));
#5210=CARTESIAN_POINT('Ctrl Pts',(58.0691057101469,53.7332053098678,38.1658985628386));
#5211=CARTESIAN_POINT('Ctrl Pts',(57.9507241234007,53.701608073525,38.1651503824026));
#5212=CARTESIAN_POINT('',(57.9217700041048,53.6938802180693,38.1649675887487));
#5213=CARTESIAN_POINT('Ctrl Pts',(57.9217700005251,53.6938802306311,38.1649675887223));
#5214=CARTESIAN_POINT('Ctrl Pts',(57.9314214016188,53.6964560842099,38.1650284538462));
#5215=CARTESIAN_POINT('Ctrl Pts',(57.9410727759232,53.6990320317971,38.1650893851684));
#5216=CARTESIAN_POINT('Ctrl Pts',(57.9507241234007,53.701608073525,38.1651503824025));
#5217=CARTESIAN_POINT('Ctrl Pts',(57.5822566029204,53.2864907518547,38.5918537731265));
#5218=CARTESIAN_POINT('Ctrl Pts',(57.6336507604692,53.3483300146119,38.5280730165447));
#5219=CARTESIAN_POINT('Ctrl Pts',(57.6849435797781,53.4099904151889,38.4640097129524));
#5220=CARTESIAN_POINT('Ctrl Pts',(57.736134445572,53.4714440220752,38.3997061774129));
#5221=CARTESIAN_POINT('Ctrl Pts',(57.7981277577916,53.5458657490696,38.321833121474));
#5222=CARTESIAN_POINT('Ctrl Pts',(57.860005858046,53.6200253008661,38.2435647186255));
#5223=CARTESIAN_POINT('Ctrl Pts',(57.9217700005613,53.6938802305152,38.1649675888954));
#5224=CARTESIAN_POINT('Origin',(49.25,51.4,38.385));
#5225=CARTESIAN_POINT('',(58.1738850913108,51.3913773662504,38.6111107429142));
#5226=CARTESIAN_POINT('',(58.612066098187,51.7212410081646,38.1674241443079));
#5227=CARTESIAN_POINT('Ctrl Pts',(58.1738850913108,51.3913773662504,38.6111107429142));
#5228=CARTESIAN_POINT('Ctrl Pts',(58.2436015022601,51.4440574855341,38.5414452662363));
#5229=CARTESIAN_POINT('Ctrl Pts',(58.3131718898706,51.4965512285045,38.4714581081276));
#5230=CARTESIAN_POINT('Ctrl Pts',(58.4592338848956,51.6065479126213,38.3236231903979));
#5231=CARTESIAN_POINT('Ctrl Pts',(58.5357278339597,51.6640303442191,38.2456794259487));
#5232=CARTESIAN_POINT('Ctrl Pts',(58.6120660981863,51.7212410081641,38.1674241443085));
#5233=CARTESIAN_POINT('',(58.5932258764732,50.7250128643076,38.1674241443079));
#5234=CARTESIAN_POINT('Ctrl Pts',(58.1738850913108,51.3913773662504,38.6111107429142));
#5235=CARTESIAN_POINT('Ctrl Pts',(58.2439419079056,51.2875438341715,38.5409536307362));
#5236=CARTESIAN_POINT('Ctrl Pts',(58.3123481361586,51.1827099656818,38.4706363840342));
#5237=CARTESIAN_POINT('Ctrl Pts',(58.4524634699489,50.9607304452365,38.3227580858195));
#5238=CARTESIAN_POINT('Ctrl Pts',(58.5238277590192,50.8433988425738,38.2451722522891));
#5239=CARTESIAN_POINT('Ctrl Pts',(58.5932258764731,50.7250128643076,38.1674241443079));
#5240=CARTESIAN_POINT('',(58.6246695242898,50.7103832148563,38.135));
#5241=CARTESIAN_POINT('Ctrl Pts',(58.5932258764731,50.7250128643076,38.1674241443078));
#5242=CARTESIAN_POINT('Ctrl Pts',(58.6037119975552,50.7201496993773,38.1566148620384));
#5243=CARTESIAN_POINT('Ctrl Pts',(58.6141932202612,50.7152731452603,38.1458068155521));
#5244=CARTESIAN_POINT('Ctrl Pts',(58.6246695242898,50.7103832148563,38.135));
#5245=CARTESIAN_POINT('',(58.6448857862899,51.7100339700229,38.135));
#5246=CARTESIAN_POINT('Origin',(49.25,51.4,38.135));
#5247=CARTESIAN_POINT('Ctrl Pts',(58.6448857862899,51.7100339700229,38.135));
#5248=CARTESIAN_POINT('Ctrl Pts',(58.6339493471585,51.7137834780727,38.1458068214555));
#5249=CARTESIAN_POINT('Ctrl Pts',(58.6230094439346,51.7175191609951,38.1566148679435));
#5250=CARTESIAN_POINT('Ctrl Pts',(58.6120660981869,51.7212410081645,38.1674241443078));
#5251=CARTESIAN_POINT('Ctrl Pts',(57.7768499608373,51.6908272350227,38.1623408174782));
#5252=CARTESIAN_POINT('Ctrl Pts',(58.0552593532066,51.7008898061173,38.1639825835847));
#5253=CARTESIAN_POINT('Ctrl Pts',(58.3336647852654,51.7110267364483,38.165679097621));
#5254=CARTESIAN_POINT('Ctrl Pts',(58.612066098187,51.7212410081646,38.1674241443079));
#5255=CARTESIAN_POINT('Ctrl Pts',(57.7825196023226,51.5843734071254,38.3118922554764));
#5256=CARTESIAN_POINT('Ctrl Pts',(58.0608489200461,51.5959394687986,38.3130145595875));
#5257=CARTESIAN_POINT('Ctrl Pts',(58.3391755305188,51.6075563621198,38.3141742891434));
#5258=CARTESIAN_POINT('Ctrl Pts',(58.6174993251673,51.6192261256728,38.3153671954064));
#5259=CARTESIAN_POINT('Ctrl Pts',(57.7881892438078,51.4779195792281,38.4614436934746));
#5260=CARTESIAN_POINT('Ctrl Pts',(58.0664384868856,51.49098913148,38.4620465355904));
#5261=CARTESIAN_POINT('Ctrl Pts',(58.3446862757721,51.5040859877913,38.4626694806658));
#5262=CARTESIAN_POINT('Ctrl Pts',(58.6229325521475,51.517211243181,38.4633102465049));
#5263=CARTESIAN_POINT('Ctrl Pts',(57.793858885293,51.3714657513308,38.6109951314729));
#5264=CARTESIAN_POINT('Ctrl Pts',(58.072028053725,51.3860387941613,38.6110785115933));
#5265=CARTESIAN_POINT('Ctrl Pts',(58.3501970210254,51.4006156134628,38.6111646721883));
#5266=CARTESIAN_POINT('Ctrl Pts',(58.6283657791278,51.4151963606892,38.6112532976034));
#5267=CARTESIAN_POINT('',(57.793133217651,51.3850909688105,38.5918537731265));
#5268=CARTESIAN_POINT('Ctrl Pts',(57.7931332176611,51.3850909688098,38.5918537731282));
#5269=CARTESIAN_POINT('Ctrl Pts',(57.9200521924164,51.3870978657633,38.5983024610093));
#5270=CARTESIAN_POINT('Ctrl Pts',(58.0469649651047,51.3891938806675,38.6047216808814));
#5271=CARTESIAN_POINT('Ctrl Pts',(58.1738850912777,51.3913773669057,38.6111107429142));
#5272=CARTESIAN_POINT('',(58.244734782897,51.7078086830228,38.1651503824403));
#5273=CARTESIAN_POINT('Ctrl Pts',(58.612066098187,51.7212410081646,38.1674241443079));
#5274=CARTESIAN_POINT('Ctrl Pts',(58.4896231184611,51.7167486950661,38.1666566597229));
#5275=CARTESIAN_POINT('Ctrl Pts',(58.3671793419679,51.7122713421597,38.1658985628386));
#5276=CARTESIAN_POINT('Ctrl Pts',(58.2447347822193,51.7078086957472,38.1651503824026));
#5277=CARTESIAN_POINT('',(58.2147869935315,51.7067174914297,38.1649675887487));
#5278=CARTESIAN_POINT('Ctrl Pts',(58.2147869928368,51.7067175044731,38.1649675887223));
#5279=CARTESIAN_POINT('Ctrl Pts',(58.2247695944988,51.7070811372395,38.1650284538462));
#5280=CARTESIAN_POINT('Ctrl Pts',(58.2347521909621,51.7074448676183,38.1650893851684));
#5281=CARTESIAN_POINT('Ctrl Pts',(58.2447347822193,51.7078086957472,38.1651503824026));
#5282=CARTESIAN_POINT('',(57.8126260422326,51.4000000012003,38.5723739577674));
#5283=CARTESIAN_POINT('Ctrl Pts',(57.8126260422318,51.4000000024162,38.5723739577675));
#5284=CARTESIAN_POINT('Ctrl Pts',(57.8698704020686,51.4437788703524,38.5151296182618));
#5285=CARTESIAN_POINT('Ctrl Pts',(57.9270027454908,51.4874333898037,38.4576615758057));
#5286=CARTESIAN_POINT('Ctrl Pts',(57.9840181470094,51.5309440753951,38.4000003236876));
#5287=CARTESIAN_POINT('Ctrl Pts',(58.0611149515079,51.5897796659776,38.3220301934545));
#5288=CARTESIAN_POINT('Ctrl Pts',(58.1380406511638,51.6483847493938,38.2436636571157));
#5289=CARTESIAN_POINT('Ctrl Pts',(58.2147869928463,51.7067175043521,38.1649675888954));
#5290=CARTESIAN_POINT('Ctrl Pts',(57.793133217651,51.3850909688105,38.5918537731265));
#5291=CARTESIAN_POINT('Ctrl Pts',(57.7996322658207,51.3900622276441,38.5853634125105));
#5292=CARTESIAN_POINT('Ctrl Pts',(57.806129874288,51.3950319151566,38.5788701257624));
#5293=CARTESIAN_POINT('Ctrl Pts',(57.8126260422318,51.4000000024162,38.5723739577675));
#5294=CARTESIAN_POINT('Origin',(49.25,51.4,38.385));
#5295=CARTESIAN_POINT('',(57.2938838685819,55.2641599063056,38.6111107429142));
#5296=CARTESIAN_POINT('',(57.5455488439308,55.751476391997,38.1674241443079));
#5297=CARTESIAN_POINT('Ctrl Pts',(57.2938838685819,55.2641599063056,38.6111107429142));
#5298=CARTESIAN_POINT('Ctrl Pts',(57.3339180857584,55.3420254235138,38.5413076127463));
#5299=CARTESIAN_POINT('Ctrl Pts',(57.3739014223771,55.4196587807317,38.4711815005464));
#5300=CARTESIAN_POINT('Ctrl Pts',(57.457772673843,55.5821342709377,38.3233441740054));
#5301=CARTESIAN_POINT('Ctrl Pts',(57.5016718875991,55.6669609598767,38.2455393742538));
#5302=CARTESIAN_POINT('Ctrl Pts',(57.5455488439304,55.7514763919963,38.1674241443085));
#5303=CARTESIAN_POINT('',(57.9608215827731,54.8457313832106,38.1674241443079));
#5304=CARTESIAN_POINT('Ctrl Pts',(57.2938838685819,55.2641599063056,38.6111107429142));
#5305=CARTESIAN_POINT('Ctrl Pts',(57.4019823922116,55.2010477746308,38.5410004374634));
#5306=CARTESIAN_POINT('Ctrl Pts',(57.5090292238529,55.1363203636994,38.4707302094621));
#5307=CARTESIAN_POINT('Ctrl Pts',(57.7315850822452,54.9971218547161,38.3228523218209));
#5308=CARTESIAN_POINT('Ctrl Pts',(57.8468611208602,54.9223292399912,38.2452194697414));
#5309=CARTESIAN_POINT('Ctrl Pts',(57.960821582773,54.8457313832106,38.1674241443079));
#5310=CARTESIAN_POINT('',(57.9954988975551,54.8461934119929,38.135));
#5311=CARTESIAN_POINT('Ctrl Pts',(57.9608215827731,54.8457313832106,38.1674241443078));
#5312=CARTESIAN_POINT('Ctrl Pts',(57.9723792591171,54.8458995798438,38.156614899897));
#5313=CARTESIAN_POINT('Ctrl Pts',(57.983938372003,54.8460535885993,38.1458068533967));
#5314=CARTESIAN_POINT('Ctrl Pts',(57.9954988975551,54.8461934119929,38.135));
#5315=CARTESIAN_POINT('',(57.5799809127792,55.7556191285207,38.135));
#5316=CARTESIAN_POINT('Origin',(49.25,51.4,38.135));
#5317=CARTESIAN_POINT('Ctrl Pts',(57.5799809127792,55.7556191285207,38.135));
#5318=CARTESIAN_POINT('Ctrl Pts',(57.5685006772713,55.7542521761845,38.1458068155742));
#5319=CARTESIAN_POINT('Ctrl Pts',(57.5570233129721,55.7528712640969,38.1566148620599));
#5320=CARTESIAN_POINT('Ctrl Pts',(57.5455488439308,55.7514763919969,38.1674241443078));
#5321=CARTESIAN_POINT('Ctrl Pts',(56.9432173805395,55.1180745535863,38.6109953221616));
#5322=CARTESIAN_POINT('Ctrl Pts',(57.1998604362506,55.2249884929398,38.6110785555662));
#5323=CARTESIAN_POINT('Ctrl Pts',(57.4565020400136,55.3319059091418,38.6111645583385));
#5324=CARTESIAN_POINT('Ctrl Pts',(57.7131421337297,55.4388269413166,38.6112530166136));
#5325=CARTESIAN_POINT('Ctrl Pts',(57.0240675169049,54.924470050121,38.4614469364191));
#5326=CARTESIAN_POINT('Ctrl Pts',(57.2812896321854,55.0299973679369,38.4620487113084));
#5327=CARTESIAN_POINT('Ctrl Pts',(57.5385012499273,55.1355498232581,38.4626705086392));
#5328=CARTESIAN_POINT('Ctrl Pts',(57.7957019500775,55.2411284219479,38.4633100591784));
#5329=CARTESIAN_POINT('Ctrl Pts',(57.1049176532703,54.7308655466558,38.3118985506766));
#5330=CARTESIAN_POINT('Ctrl Pts',(57.3627188281201,54.8350062429341,38.3130188670506));
#5331=CARTESIAN_POINT('Ctrl Pts',(57.620500459841,54.9391937373744,38.3141764589399));
#5332=CARTESIAN_POINT('Ctrl Pts',(57.8782617664253,55.0434299025793,38.3153671017431));
#5333=CARTESIAN_POINT('Ctrl Pts',(57.1857677896357,54.5372610431906,38.1623501649341));
#5334=CARTESIAN_POINT('Ctrl Pts',(57.4441480240549,54.6400151179313,38.1639890227927));
#5335=CARTESIAN_POINT('Ctrl Pts',(57.7024996697546,54.7428376514906,38.1656824092407));
#5336=CARTESIAN_POINT('Ctrl Pts',(57.9608215827731,54.8457313832106,38.1674241443079));
#5337=CARTESIAN_POINT('',(56.9535658496457,55.0932940113015,38.5918537731265));
#5338=CARTESIAN_POINT('Ctrl Pts',(56.9535658496617,55.0932940113135,38.59185377313));
#5339=CARTESIAN_POINT('Ctrl Pts',(57.0670451347387,55.1501702423617,38.5983024610202));
#5340=CARTESIAN_POINT('Ctrl Pts',(57.1804801651371,55.2071240748937,38.6047216808856));
#5341=CARTESIAN_POINT('Ctrl Pts',(57.2938838683337,55.2641599069088,38.6111107429144));
#5342=CARTESIAN_POINT('',(57.5914773853302,54.6986719280593,38.1649675887487));
#5343=CARTESIAN_POINT('Ctrl Pts',(56.9535658496457,55.0932940113015,38.5918537731265));
#5344=CARTESIAN_POINT('Ctrl Pts',(57.0518027903614,55.0366790239622,38.5277463666235));
#5345=CARTESIAN_POINT('Ctrl Pts',(57.1491551726464,54.978701547,38.4634900725982));
#5346=CARTESIAN_POINT('Ctrl Pts',(57.3622234861603,54.8477223035726,38.3212447051019));
#5347=CARTESIAN_POINT('Ctrl Pts',(57.4775182680856,54.7741171568109,38.2431967755527));
#5348=CARTESIAN_POINT('Ctrl Pts',(57.5914773853293,54.6986719280565,38.1649675887482));
#5349=CARTESIAN_POINT('',(57.619320595349,54.709754186079,38.1651503824403));
#5350=CARTESIAN_POINT('Ctrl Pts',(57.5914773803332,54.6986719400249,38.1649675887214));
#5351=CARTESIAN_POINT('Ctrl Pts',(57.6007584880988,54.7023659357049,38.1650284538454));
#5352=CARTESIAN_POINT('Ctrl Pts',(57.6100395581958,54.7060600215865,38.1650893851679));
#5353=CARTESIAN_POINT('Ctrl Pts',(57.6193205905712,54.7097541977968,38.1651503824023));
#5354=CARTESIAN_POINT('Ctrl Pts',(57.6193205904721,54.7097541977573,38.1651503824017));
#5355=CARTESIAN_POINT('Ctrl Pts',(57.7331599624237,54.7550662581669,38.165898562838));
#5356=CARTESIAN_POINT('Ctrl Pts',(57.8469936591492,54.8003919085267,38.1666566597229));
#5357=CARTESIAN_POINT('Ctrl Pts',(57.9608215827731,54.8457313832106,38.1674241443079));
#5358=CARTESIAN_POINT('Ctrl Pts',(57.7945614434998,51.4119074984087,38.6109953221616));
#5359=CARTESIAN_POINT('Ctrl Pts',(58.0721770666293,51.3968803806806,38.6110785555662));
#5360=CARTESIAN_POINT('Ctrl Pts',(58.3497928901469,51.3818570254614,38.6111645583385));
#5361=CARTESIAN_POINT('Ctrl Pts',(58.6274089220709,51.3668375833058,38.6112530166136));
#5362=CARTESIAN_POINT('Ctrl Pts',(57.7834030534572,51.2023963086265,38.4614469364191));
#5363=CARTESIAN_POINT('Ctrl Pts',(58.0609387586939,51.1858686435302,38.4620487113084));
#5364=CARTESIAN_POINT('Ctrl Pts',(58.33847591273,51.1693681812549,38.4626705086392));
#5365=CARTESIAN_POINT('Ctrl Pts',(58.6160145735384,51.1528960103064,38.4633100591784));
#5366=CARTESIAN_POINT('Ctrl Pts',(57.7722446634146,50.9928851188442,38.3118985506766));
#5367=CARTESIAN_POINT('Ctrl Pts',(58.0497004507584,50.9748569063799,38.3130188670506));
#5368=CARTESIAN_POINT('Ctrl Pts',(58.327158935313,50.9568793370485,38.3141764589399));
#5369=CARTESIAN_POINT('Ctrl Pts',(58.6046202250058,50.938954437307,38.3153671017431));
#5370=CARTESIAN_POINT('Ctrl Pts',(57.761086273372,50.7833739290619,38.1623501649341));
#5371=CARTESIAN_POINT('Ctrl Pts',(58.038462142823,50.7638451692295,38.1639890227928));
#5372=CARTESIAN_POINT('Ctrl Pts',(58.3158419578961,50.744390492842,38.1656824092407));
#5373=CARTESIAN_POINT('Ctrl Pts',(58.5932258764732,50.7250128643076,38.1674241443079));
#5374=CARTESIAN_POINT('',(58.196651546763,50.7527693148934,38.1649675887487));
#5375=CARTESIAN_POINT('Ctrl Pts',(57.793133217651,51.3850909688105,38.5918537731265));
#5376=CARTESIAN_POINT('Ctrl Pts',(57.8571248058361,51.2913896850375,38.527698760034));
#5377=CARTESIAN_POINT('Ctrl Pts',(57.9197262089995,51.1968433837248,38.4633946392288));
#5378=CARTESIAN_POINT('Ctrl Pts',(58.0548598326636,50.9863856790496,38.3211488241471));
#5379=CARTESIAN_POINT('Ctrl Pts',(58.1267553481503,50.8701160003533,38.2431487230951));
#5380=CARTESIAN_POINT('Ctrl Pts',(58.196651546761,50.7527693148913,38.1649675887482));
#5381=CARTESIAN_POINT('',(58.2265458237199,50.7506733682832,38.1651503824403));
#5382=CARTESIAN_POINT('Ctrl Pts',(58.1966515474527,50.7527693278422,38.1649675887214));
#5383=CARTESIAN_POINT('Ctrl Pts',(58.2066163012316,50.75207058121,38.1650284538452));
#5384=CARTESIAN_POINT('Ctrl Pts',(58.2165810602093,50.7513719321905,38.1650893851675));
#5385=CARTESIAN_POINT('Ctrl Pts',(58.226545824393,50.7506733809211,38.1651503824017));
#5386=CARTESIAN_POINT('Ctrl Pts',(58.226545824393,50.7506733809211,38.1651503824017));
#5387=CARTESIAN_POINT('Ctrl Pts',(58.3487717206606,50.7421050843294,38.165898562838));
#5388=CARTESIAN_POINT('Ctrl Pts',(58.4709984001847,50.7335514942483,38.1666566597229));
#5389=CARTESIAN_POINT('Ctrl Pts',(58.5932258764732,50.7250128643076,38.1674241443079));
#5390=CARTESIAN_POINT('Ctrl Pts',(56.8062411478206,55.3616878285961,38.1623408174782));
#5391=CARTESIAN_POINT('Ctrl Pts',(57.0527133569053,55.49155120005,38.1639825835846));
#5392=CARTESIAN_POINT('Ctrl Pts',(57.2991497346099,55.6214798485467,38.165679097621));
#5393=CARTESIAN_POINT('Ctrl Pts',(57.5455488439308,55.751476391997,38.1674241443079));
#5394=CARTESIAN_POINT('Ctrl Pts',(56.8575379031823,55.2682362090387,38.3118922554764));
#5395=CARTESIAN_POINT('Ctrl Pts',(57.1032856273901,55.3994194356104,38.3130145595875));
#5396=CARTESIAN_POINT('Ctrl Pts',(57.3490088574237,55.5306472852823,38.3141742891434));
#5397=CARTESIAN_POINT('Ctrl Pts',(57.5947066109535,55.6619215476468,38.3153671954064));
#5398=CARTESIAN_POINT('Ctrl Pts',(56.9088346585442,55.1747845894812,38.4614436934746));
#5399=CARTESIAN_POINT('Ctrl Pts',(57.153857897875,55.3072876711708,38.4620465355904));
#5400=CARTESIAN_POINT('Ctrl Pts',(57.3988679802374,55.439814722018,38.4626694806658));
#5401=CARTESIAN_POINT('Ctrl Pts',(57.6438643779761,55.5723667032967,38.4633102465049));
#5402=CARTESIAN_POINT('Ctrl Pts',(56.960131413906,55.0813329699238,38.6109951314729));
#5403=CARTESIAN_POINT('Ctrl Pts',(57.2044301683599,55.2151559067312,38.6110785115933));
#5404=CARTESIAN_POINT('Ctrl Pts',(57.4487271030511,55.3489821587536,38.6111646721883));
#5405=CARTESIAN_POINT('Ctrl Pts',(57.6930221449987,55.4828118589465,38.6112532976035));
#5406=CARTESIAN_POINT('',(57.2204228321064,55.5799952006477,38.1651503824403));
#5407=CARTESIAN_POINT('Ctrl Pts',(57.5455488439308,55.751476391997,38.1674241443079));
#5408=CARTESIAN_POINT('Ctrl Pts',(57.437180672709,55.6943029398782,38.1666566597229));
#5409=CARTESIAN_POINT('Ctrl Pts',(57.3288052926407,55.6371426207224,38.1658985628386));
#5410=CARTESIAN_POINT('Ctrl Pts',(57.2204228259749,55.5799952118179,38.1651503824026));
#5411=CARTESIAN_POINT('',(57.1939142565141,55.5660182121652,38.1649675887487));
#5412=CARTESIAN_POINT('Ctrl Pts',(57.1939142502289,55.5660182236155,38.1649675887223));
#5413=CARTESIAN_POINT('Ctrl Pts',(57.2027504892028,55.5706771339526,38.1650284538462));
#5414=CARTESIAN_POINT('Ctrl Pts',(57.2115866811402,55.5753361299798,38.1650893851684));
#5415=CARTESIAN_POINT('Ctrl Pts',(57.2204228259749,55.5799952118179,38.1651503824026));
#5416=CARTESIAN_POINT('Ctrl Pts',(56.9535658496457,55.0932940113015,38.5918537731265));
#5417=CARTESIAN_POINT('Ctrl Pts',(56.9899355552252,55.1650677310874,38.5280297812977));
#5418=CARTESIAN_POINT('Ctrl Pts',(57.0262461890507,55.2366442660261,38.4639228504743));
#5419=CARTESIAN_POINT('Ctrl Pts',(57.0625033785437,55.3079961943349,38.3995753797134));
#5420=CARTESIAN_POINT('Ctrl Pts',(57.1063573641208,55.394298152063,38.3217454901347));
#5421=CARTESIAN_POINT('Ctrl Pts',(57.1501574381593,55.4803191731083,38.2435207241272));
#5422=CARTESIAN_POINT('Ctrl Pts',(57.19391425029,55.5660182235106,38.1649675888954));
#5423=CARTESIAN_POINT('Origin',(49.25,51.4,38.385));
#5424=CARTESIAN_POINT('',(57.948225944107,49.4058423086436,38.6111107429142));
#5425=CARTESIAN_POINT('',(58.4488224039755,49.6299311334677,38.1674241443079));
#5426=CARTESIAN_POINT('Ctrl Pts',(57.948225944107,49.4058423086436,38.6111107429142));
#5427=CARTESIAN_POINT('Ctrl Pts',(58.0279947649359,49.4417233142886,38.5413771519252));
#5428=CARTESIAN_POINT('Ctrl Pts',(58.1075794073736,49.4774548246982,38.4713212362769));
#5429=CARTESIAN_POINT('Ctrl Pts',(58.2744551534522,49.5521911167263,38.3234851265434));
#5430=CARTESIAN_POINT('Ctrl Pts',(58.3617447112788,49.5911760731254,38.2456101249729));
#5431=CARTESIAN_POINT('Ctrl Pts',(58.4488224039747,49.6299311334675,38.1674241443085));
#5432=CARTESIAN_POINT('',(58.2087729289504,48.6628728528522,38.1674241443079));
#5433=CARTESIAN_POINT('Ctrl Pts',(57.948225944107,49.4058423086436,38.6111107429142));
#5434=CARTESIAN_POINT('Ctrl Pts',(57.9933959220562,49.289088214465,38.5409928009531));
#5435=CARTESIAN_POINT('Ctrl Pts',(58.0367361452651,49.1717268314728,38.4707149018675));
#5436=CARTESIAN_POINT('Ctrl Pts',(58.1239476446119,48.9241354954199,38.3228369472402));
#5437=CARTESIAN_POINT('Ctrl Pts',(58.167437128214,48.7937996885502,38.2452117662217));
#5438=CARTESIAN_POINT('Ctrl Pts',(58.2087729289503,48.6628728528522,38.1674241443079));
#5439=CARTESIAN_POINT('',(58.2361728156083,48.6416131293776,38.135));
#5440=CARTESIAN_POINT('Ctrl Pts',(58.2087729289504,48.6628728528522,38.1674241443078));
#5441=CARTESIAN_POINT('Ctrl Pts',(58.2179139850816,48.6557982361634,38.1566148620383));
#5442=CARTESIAN_POINT('Ctrl Pts',(58.2270472862748,48.6487116559739,38.1458068155521));
#5443=CARTESIAN_POINT('Ctrl Pts',(58.2361728156083,48.6416131293776,38.135));
#5444=CARTESIAN_POINT('',(58.478325433382,49.6117020115217,38.135));
#5445=CARTESIAN_POINT('Origin',(49.25,51.4,38.135));
#5446=CARTESIAN_POINT('Ctrl Pts',(58.478325433382,49.6117020115217,38.135));
#5447=CARTESIAN_POINT('Ctrl Pts',(58.4684975381039,49.6177910979424,38.145806820952));
#5448=CARTESIAN_POINT('Ctrl Pts',(58.4586631887479,49.6238674769785,38.1566148674398));
#5449=CARTESIAN_POINT('Ctrl Pts',(58.4488224039755,49.6299311334677,38.1674241443078));
#5450=CARTESIAN_POINT('Ctrl Pts',(57.627779177764,49.7861329720554,38.1623408174782));
#5451=CARTESIAN_POINT('Ctrl Pts',(57.9014473981164,49.7339913354716,38.1639825835847));
#5452=CARTESIAN_POINT('Ctrl Pts',(58.1751283039382,49.6819230750349,38.165679097621));
#5453=CARTESIAN_POINT('Ctrl Pts',(58.4488224039755,49.6299311334677,38.1674241443079));
#5454=CARTESIAN_POINT('Ctrl Pts',(57.6096184642931,49.6810865499612,38.3118922554764));
#5455=CARTESIAN_POINT('Ctrl Pts',(57.883543175766,49.6304285265932,38.3130145595875));
#5456=CARTESIAN_POINT('Ctrl Pts',(58.1574765589702,49.5798206628376,38.3141742891434));
#5457=CARTESIAN_POINT('Ctrl Pts',(58.4314189616823,49.5292649703265,38.3153671954064));
#5458=CARTESIAN_POINT('Ctrl Pts',(57.5914577508221,49.5760401278671,38.4614436934746));
#5459=CARTESIAN_POINT('Ctrl Pts',(57.8656389534156,49.5268657177148,38.4620465355904));
#5460=CARTESIAN_POINT('Ctrl Pts',(58.1398248140023,49.4777182506403,38.4626694806658));
#5461=CARTESIAN_POINT('Ctrl Pts',(58.4140155193891,49.4285988071853,38.4633102465049));
#5462=CARTESIAN_POINT('Ctrl Pts',(57.5732970373512,49.4709937057729,38.6109951314729));
#5463=CARTESIAN_POINT('Ctrl Pts',(57.8477347310653,49.4233029088364,38.6110785115933));
#5464=CARTESIAN_POINT('Ctrl Pts',(58.1221730690343,49.375615838443,38.6111646721883));
#5465=CARTESIAN_POINT('Ctrl Pts',(58.3966120770958,49.3279326440441,38.6112532976034));
#5466=CARTESIAN_POINT('',(57.575621459831,49.4844387868448,38.5918537731265));
#5467=CARTESIAN_POINT('Ctrl Pts',(57.5756214598407,49.4844387868419,38.5918537731282));
#5468=CARTESIAN_POINT('Ctrl Pts',(57.6998048874961,49.4581532379002,38.5983024610091));
#5469=CARTESIAN_POINT('Ctrl Pts',(57.8240020991936,49.4319559526256,38.6047216808811));
#5470=CARTESIAN_POINT('Ctrl Pts',(57.9482259442205,49.4058423092899,38.6111107429142));
#5471=CARTESIAN_POINT('',(58.0877118781451,49.6985744921113,38.1651503824403));
#5472=CARTESIAN_POINT('Ctrl Pts',(58.4488224039755,49.6299311334677,38.1674241443079));
#5473=CARTESIAN_POINT('Ctrl Pts',(58.3284496916837,49.6527975782428,38.1666566597229));
#5474=CARTESIAN_POINT('Ctrl Pts',(58.2080795315572,49.675678785424,38.1658985628386));
#5475=CARTESIAN_POINT('Ctrl Pts',(58.0877118803158,49.6985745046674,38.1651503824026));
#5476=CARTESIAN_POINT('',(58.0582721294121,49.7041746690292,38.1649675887487));
#5477=CARTESIAN_POINT('Ctrl Pts',(58.0582721316373,49.7041746819001,38.1649675887223));
#5478=CARTESIAN_POINT('Ctrl Pts',(58.0680853645366,49.7023078597887,38.1650284538462));
#5479=CARTESIAN_POINT('Ctrl Pts',(58.0778986140882,49.7004411339992,38.1650893851684));
#5480=CARTESIAN_POINT('Ctrl Pts',(58.0877118803158,49.6985745046674,38.1651503824026));
#5481=CARTESIAN_POINT('Ctrl Pts',(57.575621459831,49.4844387868448,38.5918537731265));
#5482=CARTESIAN_POINT('Ctrl Pts',(57.6487252539335,49.5178404220044,38.5281007423277));
#5483=CARTESIAN_POINT('Ctrl Pts',(57.7216602803578,49.5511249759131,38.4640654157401));
#5484=CARTESIAN_POINT('Ctrl Pts',(57.7944138811938,49.5842675817459,38.399790054621));
#5485=CARTESIAN_POINT('Ctrl Pts',(57.8825901130463,49.6244359041729,38.3218893173473));
#5486=CARTESIAN_POINT('Ctrl Pts',(57.9705486317285,49.6644178808257,38.2435929312913));
#5487=CARTESIAN_POINT('Ctrl Pts',(58.0582721316196,49.7041746817801,38.1649675888954));
#5488=CARTESIAN_POINT('Origin',(49.25,51.4,38.385));
#5489=CARTESIAN_POINT('',(56.2323504345219,56.9572099008642,38.6111107429142));
#5490=CARTESIAN_POINT('',(56.3692675239798,57.4883090701898,38.1674241443079));
#5491=CARTESIAN_POINT('Ctrl Pts',(56.2323504345219,56.9572099008642,38.6111107429142));
#5492=CARTESIAN_POINT('Ctrl Pts',(56.2540581567069,57.042047071348,38.5412948958933));
#5493=CARTESIAN_POINT('Ctrl Pts',(56.2757679360943,57.1266464971492,38.4711559465496));
#5494=CARTESIAN_POINT('Ctrl Pts',(56.3213821781579,57.3037113087662,38.3233183975056));
#5495=CARTESIAN_POINT('Ctrl Pts',(56.3453010777169,57.3961643397837,38.2455264358416));
#5496=CARTESIAN_POINT('Ctrl Pts',(56.3692675239795,57.488309070189,38.1674241443085));
#5497=CARTESIAN_POINT('',(56.9756757335267,56.6976798574984,38.1674241443079));
#5498=CARTESIAN_POINT('Ctrl Pts',(56.2323504345219,56.9572099008642,38.6111107429142));
#5499=CARTESIAN_POINT('Ctrl Pts',(56.3517701052677,56.9197381872902,38.5410076976809));
#5500=CARTESIAN_POINT('Ctrl Pts',(56.4705240238852,56.8804580438752,38.4707447627642));
#5501=CARTESIAN_POINT('Ctrl Pts',(56.7184748275925,56.7942736329971,38.3228669388099));
#5502=CARTESIAN_POINT('Ctrl Pts',(56.8475158074016,56.7470033007138,38.2452267936675));
#5503=CARTESIAN_POINT('Ctrl Pts',(56.9756757335267,56.6976798574983,38.1674241443079));
#5504=CARTESIAN_POINT('',(57.0093808045511,56.7058467307268,38.135));
#5505=CARTESIAN_POINT('Ctrl Pts',(56.9756757335267,56.6976798574984,38.1674241443078));
#5506=CARTESIAN_POINT('Ctrl Pts',(56.9869062075225,56.7004156620252,38.156614899897));
#5507=CARTESIAN_POINT('Ctrl Pts',(56.998141239143,56.7031379540548,38.1458068533967));
#5508=CARTESIAN_POINT('Ctrl Pts',(57.0093808045511,56.7058467307268,38.135));
#5509=CARTESIAN_POINT('',(56.4019144633738,57.5000097957777,38.135));
#5510=CARTESIAN_POINT('Origin',(49.25,51.4,38.135));
#5511=CARTESIAN_POINT('Ctrl Pts',(56.4019144633739,57.5000097957777,38.135));
#5512=CARTESIAN_POINT('Ctrl Pts',(56.3910262368494,57.4961225230633,38.1458068155742));
#5513=CARTESIAN_POINT('Ctrl Pts',(56.3801439158832,57.4922222795016,38.1566148620598));
#5514=CARTESIAN_POINT('Ctrl Pts',(56.3692675239798,57.4883090701897,38.1674241443078));
#5515=CARTESIAN_POINT('Ctrl Pts',(55.9229829365871,56.7367565785108,38.6109953221616));
#5516=CARTESIAN_POINT('Ctrl Pts',(56.1494008254296,56.8980984146381,38.6110785555662));
#5517=CARTESIAN_POINT('Ctrl Pts',(56.3758165250558,57.0594433173532,38.6111645583385));
#5518=CARTESIAN_POINT('Ctrl Pts',(56.6022299478655,57.220791409364,38.6112530166136));
#5519=CARTESIAN_POINT('Ctrl Pts',(56.0448870461627,56.565996992013,38.4614469364191));
#5520=CARTESIAN_POINT('Ctrl Pts',(56.2721780286617,56.7261158249758,38.4620487113084));
#5521=CARTESIAN_POINT('Ctrl Pts',(56.4994531831963,56.8862568292721,38.4626705086392));
#5522=CARTESIAN_POINT('Ctrl Pts',(56.7267118764192,57.0464208920755,38.4633100591784));
#5523=CARTESIAN_POINT('Ctrl Pts',(56.1667911557382,56.3952374055151,38.3118985506766));
#5524=CARTESIAN_POINT('Ctrl Pts',(56.3949552318939,56.5541332353135,38.3130188670506));
#5525=CARTESIAN_POINT('Ctrl Pts',(56.6230898413369,56.7130703411909,38.3141764589399));
#5526=CARTESIAN_POINT('Ctrl Pts',(56.851193804973,56.8720503747869,38.3153671017431));
#5527=CARTESIAN_POINT('Ctrl Pts',(56.2886952653138,56.2244778190173,38.1623501649341));
#5528=CARTESIAN_POINT('Ctrl Pts',(56.517732435126,56.3821506456512,38.1639890227927));
#5529=CARTESIAN_POINT('Ctrl Pts',(56.7467264994774,56.5398838531097,38.1656824092407));
#5530=CARTESIAN_POINT('Ctrl Pts',(56.9756757335267,56.6976798574984,38.1674241443079));
#5531=CARTESIAN_POINT('',(55.9385861373802,56.7149000871689,38.5918537731265));
#5532=CARTESIAN_POINT('Ctrl Pts',(55.9385861373932,56.7149000871842,38.59185377313));
#5533=CARTESIAN_POINT('Ctrl Pts',(56.0365641078195,56.7956018288753,38.5983024610204));
#5534=CARTESIAN_POINT('Ctrl Pts',(56.1344816651689,56.8763693788261,38.604721680886));
#5535=CARTESIAN_POINT('Ctrl Pts',(56.2323504341458,56.9572099013971,38.6111107429144));
#5536=CARTESIAN_POINT('',(56.6483155735446,56.4721206741547,38.1649675887487));
#5537=CARTESIAN_POINT('Ctrl Pts',(55.9385861373802,56.7149000871689,38.5918537731265));
#5538=CARTESIAN_POINT('Ctrl Pts',(56.0469456096894,56.6815681714129,38.5277537509753));
#5539=CARTESIAN_POINT('Ctrl Pts',(56.1547460128106,56.6467114449915,38.4635048754416));
#5540=CARTESIAN_POINT('Ctrl Pts',(56.3916181795762,56.5664290390638,38.3212595773749));
#5541=CARTESIAN_POINT('Ctrl Pts',(56.5204133214326,56.5203206362577,38.2432042290662));
#5542=CARTESIAN_POINT('Ctrl Pts',(56.6483155735444,56.4721206741518,38.1649675887482));
#5543=CARTESIAN_POINT('',(56.6729946617519,56.4891207739259,38.1651503824403));
#5544=CARTESIAN_POINT('Ctrl Pts',(56.6483155660104,56.4721206847085,38.1649675887214));
#5545=CARTESIAN_POINT('Ctrl Pts',(56.656541985629,56.4777873049523,38.1650284538452));
#5546=CARTESIAN_POINT('Ctrl Pts',(56.6647683484517,56.4834540047542,38.1650893851675));
#5547=CARTESIAN_POINT('Ctrl Pts',(56.6729946543985,56.4891207842262,38.1651503824017));
#5548=CARTESIAN_POINT('Ctrl Pts',(56.6729946543985,56.4891207842262,38.1651503824017));
#5549=CARTESIAN_POINT('Ctrl Pts',(56.7738969536176,56.5586284200456,38.165898562838));
#5550=CARTESIAN_POINT('Ctrl Pts',(56.8747906958519,56.6281480422303,38.1666566597229));
#5551=CARTESIAN_POINT('Ctrl Pts',(56.9756757335267,56.6976798574984,38.1674241443079));
#5552=CARTESIAN_POINT('Ctrl Pts',(57.5829811162875,49.5102651599083,38.6109953221616));
#5553=CARTESIAN_POINT('Ctrl Pts',(57.8502924878627,49.4338395156558,38.6110785555662));
#5554=CARTESIAN_POINT('Ctrl Pts',(58.1176048920388,49.3574174949877,38.6111645583385));
#5555=CARTESIAN_POINT('Ctrl Pts',(58.3849183701348,49.2809992428999,38.6112530166136));
#5556=CARTESIAN_POINT('Ctrl Pts',(57.5254818647553,49.3084898284488,38.4614469364191));
#5557=CARTESIAN_POINT('Ctrl Pts',(57.7923814189443,49.2306190420878,38.4620487113084));
#5558=CARTESIAN_POINT('Ctrl Pts',(58.0592884388054,49.152774454128,38.4626705086392));
#5559=CARTESIAN_POINT('Ctrl Pts',(58.3262032230733,49.074957112884,38.4633100591784));
#5560=CARTESIAN_POINT('Ctrl Pts',(57.4679826132231,49.1067144969894,38.3118985506766));
#5561=CARTESIAN_POINT('Ctrl Pts',(57.734470350026,49.0273985685199,38.3130188670506));
#5562=CARTESIAN_POINT('Ctrl Pts',(58.000971985572,48.9481314132683,38.3141764589399));
#5563=CARTESIAN_POINT('Ctrl Pts',(58.2674880760119,48.8689149828681,38.3153671017431));
#5564=CARTESIAN_POINT('Ctrl Pts',(57.4104833616909,48.90493916553,38.1623501649341));
#5565=CARTESIAN_POINT('Ctrl Pts',(57.6765592811076,48.8241780949519,38.1639890227927));
#5566=CARTESIAN_POINT('Ctrl Pts',(57.9426555323386,48.7434883724085,38.1656824092407));
#5567=CARTESIAN_POINT('Ctrl Pts',(58.2087729289504,48.6628728528522,38.1674241443079));
#5568=CARTESIAN_POINT('',(57.8283179369689,48.7781794815016,38.1649675887487));
#5569=CARTESIAN_POINT('Ctrl Pts',(57.575621459831,49.4844387868449,38.5918537731265));
#5570=CARTESIAN_POINT('Ctrl Pts',(57.6171323543104,49.3789128930127,38.5277385995644));
#5571=CARTESIAN_POINT('Ctrl Pts',(57.6571018012338,49.2728731508103,38.4634745025668));
#5572=CARTESIAN_POINT('Ctrl Pts',(57.7420202789674,49.0376232838727,38.3212290620454));
#5573=CARTESIAN_POINT('Ctrl Pts',(57.786264656945,48.9082042521266,38.2431889357501));
#5574=CARTESIAN_POINT('Ctrl Pts',(57.8283179369664,48.7781794815,38.1649675887482));
#5575=CARTESIAN_POINT('',(57.8569963099914,48.7694839822205,38.1651503824403));
#5576=CARTESIAN_POINT('Ctrl Pts',(57.8283179405226,48.7781794939723,38.1649675887214));
#5577=CARTESIAN_POINT('Ctrl Pts',(57.8378773713665,48.7752809000595,38.1650284538452));
#5578=CARTESIAN_POINT('Ctrl Pts',(57.8474368289996,48.7723824001552,38.1650893851675));
#5579=CARTESIAN_POINT('Ctrl Pts',(57.8569963134598,48.7694839943917,38.1651503824016));
#5580=CARTESIAN_POINT('Ctrl Pts',(57.8569963134598,48.7694839943917,38.1651503824017));
#5581=CARTESIAN_POINT('Ctrl Pts',(57.9742511259626,48.7339327022936,38.165898562838));
#5582=CARTESIAN_POINT('Ctrl Pts',(58.0915099745903,48.698395573692,38.1666566597229));
#5583=CARTESIAN_POINT('Ctrl Pts',(58.2087729289504,48.6628728528522,38.1674241443079));
#5584=CARTESIAN_POINT('Ctrl Pts',(55.7352319305245,56.9437818808615,38.1623408174782));
#5585=CARTESIAN_POINT('Ctrl Pts',(55.9466272480357,57.1252345326217,38.1639825835847));
#5586=CARTESIAN_POINT('Ctrl Pts',(56.1579731070258,57.3067428515609,38.165679097621));
#5587=CARTESIAN_POINT('Ctrl Pts',(56.3692675239798,57.4883090701898,38.1674241443079));
#5588=CARTESIAN_POINT('Ctrl Pts',(55.8060375107948,56.8640878904284,38.3118922554764));
#5589=CARTESIAN_POINT('Ctrl Pts',(56.0164328123839,57.0466660927316,38.3130145595875));
#5590=CARTESIAN_POINT('Ctrl Pts',(56.226794304345,57.2292823488742,38.3141742891434));
#5591=CARTESIAN_POINT('Ctrl Pts',(56.4371206307558,57.4119381849908,38.3153671954064));
#5592=CARTESIAN_POINT('Ctrl Pts',(55.876843091065,56.7843938999953,38.4614436934746));
#5593=CARTESIAN_POINT('Ctrl Pts',(56.0862383767322,56.9680976528414,38.4620465355904));
#5594=CARTESIAN_POINT('Ctrl Pts',(56.2956155016643,57.1518218461875,38.4626694806658));
#5595=CARTESIAN_POINT('Ctrl Pts',(56.5049737375318,57.3355672997919,38.4633102465049));
#5596=CARTESIAN_POINT('Ctrl Pts',(55.9476486713352,56.7046999095621,38.6109951314729));
#5597=CARTESIAN_POINT('Ctrl Pts',(56.1560439410805,56.8895292129513,38.6110785115933));
#5598=CARTESIAN_POINT('Ctrl Pts',(56.3644366989835,57.0743613435008,38.6111646721883));
#5599=CARTESIAN_POINT('Ctrl Pts',(56.5728268443078,57.2591964145929,38.6112532976035));
#5600=CARTESIAN_POINT('',(56.0904512549308,57.2487799265245,38.1651503824403));
#5601=CARTESIAN_POINT('Ctrl Pts',(56.3692675239798,57.4883090701898,38.1674241443079));
#5602=CARTESIAN_POINT('Ctrl Pts',(56.2763386590265,57.408454889212,38.1666566597229));
#5603=CARTESIAN_POINT('Ctrl Pts',(56.1833998436084,57.3286119078071,38.1658985628386));
#5604=CARTESIAN_POINT('Ctrl Pts',(56.0904512464674,57.2487799360503,38.1651503824026));
#5605=CARTESIAN_POINT('',(56.0677174772048,57.2292546573261,38.1649675887487));
#5606=CARTESIAN_POINT('Ctrl Pts',(56.0677174685292,57.2292546670907,38.1649675887224));
#5607=CARTESIAN_POINT('Ctrl Pts',(56.0752954594641,57.2357630169678,38.1650284538462));
#5608=CARTESIAN_POINT('Ctrl Pts',(56.082873385474,57.24227143992,38.1650893851684));
#5609=CARTESIAN_POINT('Ctrl Pts',(56.0904512464674,57.2487799360503,38.1651503824026));
#5610=CARTESIAN_POINT('Ctrl Pts',(55.9385861373802,56.714900087169,38.5918537731265));
#5611=CARTESIAN_POINT('Ctrl Pts',(55.9580767854997,56.7929831838862,38.5280168042365));
#5612=CARTESIAN_POINT('Ctrl Pts',(55.9775537159492,56.8708608145859,38.4638967786426));
#5613=CARTESIAN_POINT('Ctrl Pts',(55.9970285240594,56.9485074823083,38.3995361206333));
#5614=CARTESIAN_POINT('Ctrl Pts',(56.0205750490112,57.0423882121521,38.3217191875393));
#5615=CARTESIAN_POINT('Ctrl Pts',(56.0441315293679,57.1359831458015,38.2435075191703));
#5616=CARTESIAN_POINT('Ctrl Pts',(56.0677174686121,57.229254667002,38.1649675888954));
#5617=CARTESIAN_POINT('Origin',(49.25,51.4,38.385));
#5618=CARTESIAN_POINT('',(57.2864014274372,47.5203026445589,38.6111107429142));
#5619=CARTESIAN_POINT('',(57.8243113434915,47.6273799029028,38.1674241443079));
#5620=CARTESIAN_POINT('Ctrl Pts',(57.2864014274372,47.5203026445589,38.6111107429142));
#5621=CARTESIAN_POINT('Ctrl Pts',(57.3722225157861,47.5375474624996,38.5413218846698));
#5622=CARTESIAN_POINT('Ctrl Pts',(57.4578304542015,47.5546873533365,38.4712101793667));
#5623=CARTESIAN_POINT('Ctrl Pts',(57.6371519599618,47.5904160872021,38.3233731025492));
#5624=CARTESIAN_POINT('Ctrl Pts',(57.7308603150226,47.6089863602119,38.2455538948349));
#5625=CARTESIAN_POINT('Ctrl Pts',(57.8243113434907,47.6273799029027,38.1674241443085));
#5626=CARTESIAN_POINT('',(57.3750896981921,46.7379838258024,38.1674241443079));
#5627=CARTESIAN_POINT('Ctrl Pts',(57.2864014274372,47.5203026445589,38.6111107429142));
#5628=CARTESIAN_POINT('Ctrl Pts',(57.304455848026,47.3964439108068,38.5410037575904));
#5629=CARTESIAN_POINT('Ctrl Pts',(57.3205918549453,47.2724003301392,38.4707368647469));
#5630=CARTESIAN_POINT('Ctrl Pts',(57.3505237610366,47.0116103292368,38.3228590062299));
#5631=CARTESIAN_POINT('Ctrl Pts',(57.3639226475494,46.8748455771779,38.2452228190028));
#5632=CARTESIAN_POINT('Ctrl Pts',(57.3750896981921,46.7379838258024,38.1674241443079));
#5633=CARTESIAN_POINT('',(57.3970718789624,46.7111600796123,38.135));
#5634=CARTESIAN_POINT('Ctrl Pts',(57.3750896981921,46.7379838258024,38.1674241443078));
#5635=CARTESIAN_POINT('Ctrl Pts',(57.3824273186482,46.7290525081769,38.1566148620384));
#5636=CARTESIAN_POINT('Ctrl Pts',(57.3897547164695,46.7201112526366,38.1458068155521));
#5637=CARTESIAN_POINT('Ctrl Pts',(57.3970718789624,46.7111600796123,38.135));
#5638=CARTESIAN_POINT('',(57.8490183091131,47.6030427814449,38.135));
#5639=CARTESIAN_POINT('Origin',(49.25,51.4,38.135));
#5640=CARTESIAN_POINT('Ctrl Pts',(57.8490183091131,47.6030427814449,38.135));
#5641=CARTESIAN_POINT('Ctrl Pts',(57.8407917441878,47.6111661385805,38.1458068533967));
#5642=CARTESIAN_POINT('Ctrl Pts',(57.832556083982,47.6192785186493,38.156614899897));
#5643=CARTESIAN_POINT('Ctrl Pts',(57.8243113434914,47.6273799029028,38.1674241443078));
#5644=CARTESIAN_POINT('Ctrl Pts',(57.0586115641583,47.9623647407911,38.1623408174782));
#5645=CARTESIAN_POINT('Ctrl Pts',(57.3138157451863,47.8506334959117,38.1639825835847));
#5646=CARTESIAN_POINT('Ctrl Pts',(57.5690486213614,47.7389709647038,38.165679097621));
#5647=CARTESIAN_POINT('Ctrl Pts',(57.8243113434915,47.6273799029028,38.1674241443079));
#5648=CARTESIAN_POINT('Ctrl Pts',(57.0175311497372,47.8639931907395,38.3118922554764));
#5649=CARTESIAN_POINT('Ctrl Pts',(57.2733155261162,47.7536512871514,38.3130145595875));
#5650=CARTESIAN_POINT('Ctrl Pts',(57.529119518372,47.6433563559278,38.3141742891434));
#5651=CARTESIAN_POINT('Ctrl Pts',(57.7849439131918,47.5331102808773,38.3153671954064));
#5652=CARTESIAN_POINT('Ctrl Pts',(56.9764507353161,47.7656216406879,38.4614436934746));
#5653=CARTESIAN_POINT('Ctrl Pts',(57.2328153070462,47.6566690783911,38.4620465355904));
#5654=CARTESIAN_POINT('Ctrl Pts',(57.4891904153827,47.5477417471517,38.4626694806658));
#5655=CARTESIAN_POINT('Ctrl Pts',(57.7455764828921,47.4388406588518,38.4633102465049));
#5656=CARTESIAN_POINT('Ctrl Pts',(56.9353703208949,47.6672500906364,38.6109951314729));
#5657=CARTESIAN_POINT('Ctrl Pts',(57.1923150879761,47.5596868696307,38.6110785115933));
#5658=CARTESIAN_POINT('Ctrl Pts',(57.4492613123933,47.4521271383757,38.6111646721883));
#5659=CARTESIAN_POINT('Ctrl Pts',(57.7062090525924,47.3445710368263,38.6112532976035));
#5660=CARTESIAN_POINT('',(56.9406282772475,47.6798408427938,38.5918537731265));
#5661=CARTESIAN_POINT('Ctrl Pts',(56.9406282772562,47.6798408427888,38.5918537731282));
#5662=CARTESIAN_POINT('Ctrl Pts',(57.0558490822136,47.6265809151321,38.5983024610094));
#5663=CARTESIAN_POINT('Ctrl Pts',(57.1711029661307,47.5734039709508,38.6047216808816));
#5664=CARTESIAN_POINT('Ctrl Pts',(57.2864014276917,47.5203026451637,38.6111107429142));
#5665=CARTESIAN_POINT('',(57.487529196752,47.7746568806996,38.1651503824403));
#5666=CARTESIAN_POINT('Ctrl Pts',(57.8243113434915,47.6273799029028,38.1674241443079));
#5667=CARTESIAN_POINT('Ctrl Pts',(57.7120448890608,47.6764584865283,38.1666566597229));
#5668=CARTESIAN_POINT('Ctrl Pts',(57.5997842077517,47.7255508945256,38.1658985628386));
#5669=CARTESIAN_POINT('Ctrl Pts',(57.4875292016623,47.7746568924578,38.1651503824026));
#5670=CARTESIAN_POINT('',(57.4600737205827,47.7866676098734,38.1649675887487));
#5671=CARTESIAN_POINT('Ctrl Pts',(57.4600737256162,47.7866676219265,38.1649675887224));
#5672=CARTESIAN_POINT('Ctrl Pts',(57.4692255132786,47.7826639551931,38.1650284538462));
#5673=CARTESIAN_POINT('Ctrl Pts',(57.4783773386096,47.7786603786612,38.1650893851684));
#5674=CARTESIAN_POINT('Ctrl Pts',(57.4875292016623,47.7746568924578,38.1651503824026));
#5675=CARTESIAN_POINT('Ctrl Pts',(56.9406282772475,47.6798408427938,38.5918537731265));
#5676=CARTESIAN_POINT('Ctrl Pts',(57.0194013923062,47.6961523213593,38.5280443451803));
#5677=CARTESIAN_POINT('Ctrl Pts',(57.0979835948906,47.7123870756593,38.4639521103119));
#5678=CARTESIAN_POINT('Ctrl Pts',(57.1763569660589,47.7285236232136,38.3996194392741));
#5679=CARTESIAN_POINT('Ctrl Pts',(57.2711910578506,47.7480493219191,38.32177500896));
#5680=CARTESIAN_POINT('Ctrl Pts',(57.3657717964091,47.7674419647735,38.2435355437696));
#5681=CARTESIAN_POINT('Ctrl Pts',(57.4600737255722,47.7866676218134,38.1649675888954));
#5682=CARTESIAN_POINT('Origin',(49.25,51.4,38.385));
#5683=CARTESIAN_POINT('',(54.8206927939188,58.3715981861058,38.6111107429142));
#5684=CARTESIAN_POINT('',(54.8359964029042,58.9198485090386,38.1674241443079));
#5685=CARTESIAN_POINT('Ctrl Pts',(54.8206927939188,58.3715981861058,38.6111107429142));
#5686=CARTESIAN_POINT('Ctrl Pts',(54.8229780905768,58.4591340917884,38.5412985983488));
#5687=CARTESIAN_POINT('Ctrl Pts',(54.8253182901618,58.5464386948947,38.4711633864852));
#5688=CARTESIAN_POINT('Ctrl Pts',(54.8303882440218,58.7292142980995,38.3233259022229));
#5689=CARTESIAN_POINT('Ctrl Pts',(54.8331348389459,58.824676413362,38.2455302028041));
#5690=CARTESIAN_POINT('Ctrl Pts',(54.8359964029041,58.9198485090378,38.1674241443085));
#5691=CARTESIAN_POINT('',(55.6031322433889,58.2839805425466,38.1674241443079));
#5692=CARTESIAN_POINT('Ctrl Pts',(54.8206927939187,58.3715981861058,38.6111107429142));
#5693=CARTESIAN_POINT('Ctrl Pts',(54.9454531879962,58.3616396160345,38.541009617588));
#5694=CARTESIAN_POINT('Ctrl Pts',(55.0699669488568,58.3497699181239,38.4707486112692));
#5695=CARTESIAN_POINT('Ctrl Pts',(55.3308789770662,58.3209207894297,38.3228708041562));
#5696=CARTESIAN_POINT('Ctrl Pts',(55.4672066720017,58.303549564728,38.2452287304222));
#5697=CARTESIAN_POINT('Ctrl Pts',(55.6031322433889,58.2839805425465,38.1674241443079));
#5698=CARTESIAN_POINT('',(55.6341749576543,58.2994427390957,38.135));
#5699=CARTESIAN_POINT('Ctrl Pts',(55.6031322433889,58.2839805425465,38.1674241443078));
#5700=CARTESIAN_POINT('Ctrl Pts',(55.613472372176,58.2891467703044,38.156614899897));
#5701=CARTESIAN_POINT('Ctrl Pts',(55.6238199511321,58.2943008385184,38.1458068533967));
#5702=CARTESIAN_POINT('Ctrl Pts',(55.6341749576543,58.2994427390957,38.135));
#5703=CARTESIAN_POINT('',(54.8652211589809,58.9385205004519,38.135));
#5704=CARTESIAN_POINT('Origin',(49.25,51.4,38.135));
#5705=CARTESIAN_POINT('Ctrl Pts',(54.8652211589809,58.9385205004519,38.135));
#5706=CARTESIAN_POINT('Ctrl Pts',(54.855470922583,58.932307831445,38.1458068155742));
#5707=CARTESIAN_POINT('Ctrl Pts',(54.8457293299638,58.9260838309073,38.1566148620599));
#5708=CARTESIAN_POINT('Ctrl Pts',(54.8359964029041,58.9198485090385,38.1674241443078));
#5709=CARTESIAN_POINT('Ctrl Pts',(54.5681372642441,58.0878313442341,38.6109953221616));
#5710=CARTESIAN_POINT('Ctrl Pts',(54.7529764478326,58.2955107237669,38.6110785555662));
#5711=CARTESIAN_POINT('Ctrl Pts',(54.9378128147131,58.5031926058553,38.6111645583385));
#5712=CARTESIAN_POINT('Ctrl Pts',(55.1226462521766,58.7108770906378,38.6112530166136));
#5713=CARTESIAN_POINT('Ctrl Pts',(54.7249825659485,57.9484792734006,38.4614469364191));
#5714=CARTESIAN_POINT('Ctrl Pts',(54.9109450967191,58.1551605946275,38.4620487113084));
#5715=CARTESIAN_POINT('Ctrl Pts',(55.0968872627797,58.3618600092529,38.4626705086392));
#5716=CARTESIAN_POINT('Ctrl Pts',(55.2828082492474,58.5685782412741,38.4633100591784));
#5717=CARTESIAN_POINT('Ctrl Pts',(54.8818278676529,57.8091272025671,38.3118985506766));
#5718=CARTESIAN_POINT('Ctrl Pts',(55.0689137456057,58.0148104654882,38.3130188670506));
#5719=CARTESIAN_POINT('Ctrl Pts',(55.2559617108462,58.2205274126505,38.3141764589399));
#5720=CARTESIAN_POINT('Ctrl Pts',(55.4429702463181,58.4262793919103,38.3153671017431));
#5721=CARTESIAN_POINT('Ctrl Pts',(55.0386731693572,57.6697751317336,38.1623501649341));
#5722=CARTESIAN_POINT('Ctrl Pts',(55.2268823944922,57.8744603363489,38.1639890227927));
#5723=CARTESIAN_POINT('Ctrl Pts',(55.4150361589127,58.0791948160481,38.1656824092407));
#5724=CARTESIAN_POINT('Ctrl Pts',(55.6031322433889,58.2839805425466,38.1674241443079));
#5725=CARTESIAN_POINT('',(54.5882127870831,58.0699948795757,38.5918537731265));
#5726=CARTESIAN_POINT('Ctrl Pts',(54.5882127870923,58.0699948795935,38.59185377313));
#5727=CARTESIAN_POINT('Ctrl Pts',(54.6657764183069,58.1704754096162,38.5983024610204));
#5728=CARTESIAN_POINT('Ctrl Pts',(54.7432665074112,58.271006654774,38.604721680886));
#5729=CARTESIAN_POINT('Ctrl Pts',(54.8206927934334,58.3715981865416,38.6111107429144));
#5730=CARTESIAN_POINT('',(55.3341713262261,57.9912321103166,38.1649675887487));
#5731=CARTESIAN_POINT('Ctrl Pts',(54.5882127870831,58.0699948795757,38.5918537731265));
#5732=CARTESIAN_POINT('Ctrl Pts',(54.7012690659721,58.0616111709281,38.5277557037114));
#5733=CARTESIAN_POINT('Ctrl Pts',(54.8141196075989,58.0516165753517,38.4635087899411));
#5734=CARTESIAN_POINT('Ctrl Pts',(55.0629174427676,58.0260562446823,38.3212635102341));
#5735=CARTESIAN_POINT('Ctrl Pts',(55.1987469383519,58.0097631369842,38.2432062000904));
#5736=CARTESIAN_POINT('Ctrl Pts',(55.3341713262265,57.9912321103137,38.1649675887482));
#5737=CARTESIAN_POINT('',(55.3544487800881,58.0132975958504,38.1651503824403));
#5738=CARTESIAN_POINT('Ctrl Pts',(55.3341713165323,57.9912321189292,38.1649675887214));
#5739=CARTESIAN_POINT('Ctrl Pts',(55.3409305410068,57.9985872157494,38.1650284538452));
#5740=CARTESIAN_POINT('Ctrl Pts',(55.347689692406,58.0059423774946,38.1650893851675));
#5741=CARTESIAN_POINT('Ctrl Pts',(55.3544487706271,58.0132976042562,38.1651503824016));
#5742=CARTESIAN_POINT('Ctrl Pts',(55.3544487706271,58.0132976042563,38.1651503824017));
#5743=CARTESIAN_POINT('Ctrl Pts',(55.4373543344995,58.103515412387,38.165898562838));
#5744=CARTESIAN_POINT('Ctrl Pts',(55.5202488887113,58.1937430022515,38.1666566597229));
#5745=CARTESIAN_POINT('Ctrl Pts',(55.6031322433889,58.2839805425466,38.1674241443079));
#5746=CARTESIAN_POINT('Ctrl Pts',(56.9535503204058,47.7033820171355,38.6109953221616));
#5747=CARTESIAN_POINT('Ctrl Pts',(57.1971533320607,47.5693901472872,38.6110785555662));
#5748=CARTESIAN_POINT('Ctrl Pts',(57.4407581567505,47.4354015803972,38.6111645583385));
#5749=CARTESIAN_POINT('Ctrl Pts',(57.6843648670228,47.3014164486316,38.6112530166136));
#5750=CARTESIAN_POINT('Ctrl Pts',(56.8525934599518,47.5194604016587,38.4614469364191));
#5751=CARTESIAN_POINT('Ctrl Pts',(57.0954734049705,47.3841512604211,38.4620487113084));
#5752=CARTESIAN_POINT('Ctrl Pts',(57.3383664581741,47.2488659994678,38.4626705086392));
#5753=CARTESIAN_POINT('Ctrl Pts',(57.5812731440793,47.1136055743552,38.4633100591784));
#5754=CARTESIAN_POINT('Ctrl Pts',(56.7516365994978,47.3355387861819,38.3118985506766));
#5755=CARTESIAN_POINT('Ctrl Pts',(56.9937934778803,47.198912373555,38.3130188670506));
#5756=CARTESIAN_POINT('Ctrl Pts',(57.2359747595976,47.0623304185384,38.3141764589399));
#5757=CARTESIAN_POINT('Ctrl Pts',(57.4781814211357,46.9257947000788,38.3153671017431));
#5758=CARTESIAN_POINT('Ctrl Pts',(56.6506797390438,47.1516171707051,38.1623501649341));
#5759=CARTESIAN_POINT('Ctrl Pts',(56.8921135507901,47.013673486689,38.1639890227927));
#5760=CARTESIAN_POINT('Ctrl Pts',(57.1335830610212,46.875794837609,38.1656824092407));
#5761=CARTESIAN_POINT('Ctrl Pts',(57.3750896981921,46.7379838258024,38.1674241443079));
#5762=CARTESIAN_POINT('',(57.0298316458789,46.9350586766764,38.1649675887487));
#5763=CARTESIAN_POINT('Ctrl Pts',(56.9406282772475,47.6798408427938,38.5918537731265));
#5764=CARTESIAN_POINT('Ctrl Pts',(56.957613733703,47.5677431476791,38.5277497435151));
#5765=CARTESIAN_POINT('Ctrl Pts',(56.9729826100551,47.4554875463343,38.4634968419943));
#5766=CARTESIAN_POINT('Ctrl Pts',(57.0034252043052,47.2072398356161,38.3212515062486));
#5767=CARTESIAN_POINT('Ctrl Pts',(57.0177642277222,47.0712007645588,38.2432001840722));
#5768=CARTESIAN_POINT('Ctrl Pts',(57.0298316458761,46.9350586766753,38.1649675887482));
#5769=CARTESIAN_POINT('',(57.0558560615932,46.9201996533676,38.1651503824403));
#5770=CARTESIAN_POINT('Ctrl Pts',(57.0298316521184,46.9350586880436,38.1649675887213));
#5771=CARTESIAN_POINT('Ctrl Pts',(57.0385064102481,46.9301055944525,38.1650284538452));
#5772=CARTESIAN_POINT('Ctrl Pts',(57.0471812154142,46.9251525865517,38.1650893851675));
#5773=CARTESIAN_POINT('Ctrl Pts',(57.055856067683,46.9201996644618,38.1651503824017));
#5774=CARTESIAN_POINT('Ctrl Pts',(57.055856067683,46.9201996644618,38.1651503824017));
#5775=CARTESIAN_POINT('Ctrl Pts',(57.1622601505086,46.8594480670922,38.165898562838));
#5776=CARTESIAN_POINT('Ctrl Pts',(57.2686713199395,46.7987093799885,38.1666566597229));
#5777=CARTESIAN_POINT('Ctrl Pts',(57.3750896981921,46.7379838258024,38.1674241443079));
#5778=CARTESIAN_POINT('Ctrl Pts',(54.3390261042618,58.2478875608033,38.1623408174782));
#5779=CARTESIAN_POINT('Ctrl Pts',(54.5047442862694,58.4718306992304,38.1639825835847));
#5780=CARTESIAN_POINT('Ctrl Pts',(54.6704018626717,58.6958171035876,38.165679097621));
#5781=CARTESIAN_POINT('Ctrl Pts',(54.8359964029042,58.9198485090386,38.1674241443079));
#5782=CARTESIAN_POINT('Ctrl Pts',(54.4257900219873,58.185947388948,38.3118922554764));
#5783=CARTESIAN_POINT('Ctrl Pts',(54.590282802002,58.410765333539,38.3130145595875));
#5784=CARTESIAN_POINT('Ctrl Pts',(54.7547341522906,58.6356128545302,38.3141742891434));
#5785=CARTESIAN_POINT('Ctrl Pts',(54.9191424113299,58.8604911380717,38.3153671954064));
#5786=CARTESIAN_POINT('Ctrl Pts',(54.5125539397129,58.1240072170927,38.4614436934746));
#5787=CARTESIAN_POINT('Ctrl Pts',(54.6758213177346,58.3496999678477,38.4620465355904));
#5788=CARTESIAN_POINT('Ctrl Pts',(54.8390664419094,58.5754086054728,38.4626694806658));
#5789=CARTESIAN_POINT('Ctrl Pts',(55.0022884197556,58.8011337671049,38.4633102465049));
#5790=CARTESIAN_POINT('Ctrl Pts',(54.5993178574385,58.0620670452373,38.6109951314729));
#5791=CARTESIAN_POINT('Ctrl Pts',(54.7613598334671,58.2886346021563,38.6110785115933));
#5792=CARTESIAN_POINT('Ctrl Pts',(54.9233987315283,58.5152043564154,38.6111646721883));
#5793=CARTESIAN_POINT('Ctrl Pts',(55.0854344281813,58.741776396138,38.6112532976034));
#5794=CARTESIAN_POINT('',(54.617470888596,58.6242824045074,38.1651503824403));
#5795=CARTESIAN_POINT('Ctrl Pts',(54.8359964029042,58.9198485090386,38.1674241443079));
#5796=CARTESIAN_POINT('Ctrl Pts',(54.7631666855453,58.8213178212781,38.1666566597229));
#5797=CARTESIAN_POINT('Ctrl Pts',(54.6903247750612,58.7227958381069,38.1658985628386));
#5798=CARTESIAN_POINT('Ctrl Pts',(54.6174708782252,58.624282411911,38.1651503824026));
#5799=CARTESIAN_POINT('',(54.5996518752794,58.6001879331209,38.1649675887487));
#5800=CARTESIAN_POINT('Ctrl Pts',(54.5996518646485,58.6001879407103,38.1649675887223));
#5801=CARTESIAN_POINT('Ctrl Pts',(54.605591615436,58.608219374288,38.1650284538462));
#5802=CARTESIAN_POINT('Ctrl Pts',(54.6115312866656,58.6162508646616,38.1650893851684));
#5803=CARTESIAN_POINT('Ctrl Pts',(54.6174708782252,58.624282411911,38.1651503824026));
#5804=CARTESIAN_POINT('Ctrl Pts',(54.5882127870831,58.0699948795757,38.5918537731265));
#5805=CARTESIAN_POINT('Ctrl Pts',(54.5898395440658,58.1504525850485,38.528020582456));
#5806=CARTESIAN_POINT('Ctrl Pts',(54.5914986439375,58.2307069465979,38.4639043693553));
#5807=CARTESIAN_POINT('Ctrl Pts',(54.5932070619404,58.3107356905036,38.3995475507683));
#5808=CARTESIAN_POINT('Ctrl Pts',(54.5952728926775,58.4075069951457,38.32172684544));
#5809=CARTESIAN_POINT('Ctrl Pts',(54.5974120306182,58.5040018578519,38.2435113637433));
#5810=CARTESIAN_POINT('Ctrl Pts',(54.599651864749,58.6001879406422,38.1649675888954));
#5811=CARTESIAN_POINT('Origin',(49.25,51.4,38.385));
#5812=CARTESIAN_POINT('',(56.2215981861058,45.8293072060813,38.6111107429142));
#5813=CARTESIAN_POINT('',(56.7698485090386,45.8140035970959,38.1674241443079));
#5814=CARTESIAN_POINT('Ctrl Pts',(56.2215981861058,45.8293072060813,38.6111107429142));
#5815=CARTESIAN_POINT('Ctrl Pts',(56.3091340917883,45.8270219094232,38.5412985983489));
#5816=CARTESIAN_POINT('Ctrl Pts',(56.3964386948944,45.8246817098383,38.4711633864855));
#5817=CARTESIAN_POINT('Ctrl Pts',(56.5792142980999,45.8196117559782,38.3233259022225));
#5818=CARTESIAN_POINT('Ctrl Pts',(56.6746764133628,45.8168651610541,38.2455302028034));
#5819=CARTESIAN_POINT('Ctrl Pts',(56.7698485090378,45.814003597096,38.1674241443085));
#5820=CARTESIAN_POINT('',(56.1339805425466,45.0468677566111,38.1674241443079));
#5821=CARTESIAN_POINT('Ctrl Pts',(56.2215981861058,45.8293072060813,38.6111107429142));
#5822=CARTESIAN_POINT('Ctrl Pts',(56.2116396160345,45.7045468120038,38.541009617588));
#5823=CARTESIAN_POINT('Ctrl Pts',(56.1997699181239,45.5800330511432,38.4707486112692));
#5824=CARTESIAN_POINT('Ctrl Pts',(56.1709207894297,45.3191210229334,38.322870804156));
#5825=CARTESIAN_POINT('Ctrl Pts',(56.1535495647279,45.1827933279974,38.2452287304217));
#5826=CARTESIAN_POINT('Ctrl Pts',(56.1339805425465,45.0468677566111,38.1674241443079));
#5827=CARTESIAN_POINT('',(56.1494427390957,45.0158250423457,38.135));
#5828=CARTESIAN_POINT('Ctrl Pts',(56.1339805425466,45.0468677566111,38.1674241443078));
#5829=CARTESIAN_POINT('Ctrl Pts',(56.1391467883988,45.0365275916085,38.1566148620384));
#5830=CARTESIAN_POINT('Ctrl Pts',(56.1443008565248,45.0261800126057,38.1458068155521));
#5831=CARTESIAN_POINT('Ctrl Pts',(56.1494427390957,45.0158250423457,38.135));
#5832=CARTESIAN_POINT('',(56.7885205004519,45.7847788410191,38.135));
#5833=CARTESIAN_POINT('Origin',(49.25,51.4,38.135));
#5834=CARTESIAN_POINT('Ctrl Pts',(56.7885205004519,45.7847788410191,38.135));
#5835=CARTESIAN_POINT('Ctrl Pts',(56.7823078097015,45.7945291115416,38.1458068533967));
#5836=CARTESIAN_POINT('Ctrl Pts',(56.7760838090811,45.8042707041056,38.1566148998969));
#5837=CARTESIAN_POINT('Ctrl Pts',(56.7698485090386,45.8140035970959,38.1674241443078));
#5838=CARTESIAN_POINT('Ctrl Pts',(56.0978875608034,46.3109738957383,38.1623408174782));
#5839=CARTESIAN_POINT('Ctrl Pts',(56.3218306992304,46.1452557137307,38.1639825835847));
#5840=CARTESIAN_POINT('Ctrl Pts',(56.5458171035876,45.9795981373283,38.165679097621));
#5841=CARTESIAN_POINT('Ctrl Pts',(56.7698485090386,45.8140035970959,38.1674241443079));
#5842=CARTESIAN_POINT('Ctrl Pts',(56.035947388948,46.2242099780127,38.3118922554764));
#5843=CARTESIAN_POINT('Ctrl Pts',(56.260765333539,46.0597171979981,38.3130145595875));
#5844=CARTESIAN_POINT('Ctrl Pts',(56.4856128545302,45.8952658477094,38.3141742891434));
#5845=CARTESIAN_POINT('Ctrl Pts',(56.7104911380718,45.7308575886701,38.3153671954064));
#5846=CARTESIAN_POINT('Ctrl Pts',(55.9740072170927,46.1374460602871,38.4614436934746));
#5847=CARTESIAN_POINT('Ctrl Pts',(56.1996999678477,45.9741786822655,38.4620465355904));
#5848=CARTESIAN_POINT('Ctrl Pts',(56.4254086054728,45.8109335580906,38.4626694806658));
#5849=CARTESIAN_POINT('Ctrl Pts',(56.6511337671049,45.6477115802444,38.4633102465049));
#5850=CARTESIAN_POINT('Ctrl Pts',(55.9120670452373,46.0506821425615,38.6109951314729));
#5851=CARTESIAN_POINT('Ctrl Pts',(56.1386346021563,45.8886401665329,38.6110785115933));
#5852=CARTESIAN_POINT('Ctrl Pts',(56.3652043564154,45.7266012684717,38.6111646721883));
#5853=CARTESIAN_POINT('Ctrl Pts',(56.591776396138,45.5645655718187,38.6112532976035));
#5854=CARTESIAN_POINT('',(55.9199948795757,46.0617872129169,38.5918537731265));
#5855=CARTESIAN_POINT('Ctrl Pts',(55.9199948795832,46.0617872129101,38.5918537731282));
#5856=CARTESIAN_POINT('Ctrl Pts',(56.0204754095525,45.9842235817087,38.5983024610093));
#5857=CARTESIAN_POINT('Ctrl Pts',(56.1210066546842,45.9067334926523,38.6047216808813));
#5858=CARTESIAN_POINT('Ctrl Pts',(56.2215981864884,45.8293072066143,38.6111107429142));
#5859=CARTESIAN_POINT('',(56.4742824045074,46.032529111404,38.1651503824403));
#5860=CARTESIAN_POINT('Ctrl Pts',(56.7698485090386,45.8140035970959,38.1674241443079));
#5861=CARTESIAN_POINT('Ctrl Pts',(56.6713178212781,45.8868333144547,38.1666566597229));
#5862=CARTESIAN_POINT('Ctrl Pts',(56.572795838107,45.9596752249389,38.1658985628386));
#5863=CARTESIAN_POINT('Ctrl Pts',(56.474282411911,46.0325291217748,38.1651503824026));
#5864=CARTESIAN_POINT('',(56.450187933121,46.0503481247207,38.1649675887487));
#5865=CARTESIAN_POINT('Ctrl Pts',(56.4501879407103,46.0503481353516,38.1649675887223));
#5866=CARTESIAN_POINT('Ctrl Pts',(56.458219374288,46.0444083845641,38.1650284538462));
#5867=CARTESIAN_POINT('Ctrl Pts',(56.4662508646616,46.0384687133345,38.1650893851684));
#5868=CARTESIAN_POINT('Ctrl Pts',(56.474282411911,46.0325291217748,38.1651503824026));
#5869=CARTESIAN_POINT('Ctrl Pts',(55.9199948795757,46.0617872129169,38.5918537731265));
#5870=CARTESIAN_POINT('Ctrl Pts',(56.0004525850481,46.0601604559342,38.5280205824563));
#5871=CARTESIAN_POINT('Ctrl Pts',(56.0807069465974,46.0585013560625,38.4639043693558));
#5872=CARTESIAN_POINT('Ctrl Pts',(56.1607356905036,46.0567929380596,38.3995475507683));
#5873=CARTESIAN_POINT('Ctrl Pts',(56.2575069951456,46.0547271073225,38.3217268454401));
#5874=CARTESIAN_POINT('Ctrl Pts',(56.3540018578518,46.0525879693818,38.2435113637434));
#5875=CARTESIAN_POINT('Ctrl Pts',(56.4501879406423,46.050348135251,38.1649675888954));
#5876=CARTESIAN_POINT('Origin',(49.25,51.4,38.385));
#5877=CARTESIAN_POINT('',(53.1296973554411,59.4364014274372,38.6111107429142));
#5878=CARTESIAN_POINT('',(53.0226200970973,59.9743113434915,38.1674241443079));
#5879=CARTESIAN_POINT('Ctrl Pts',(53.1296973554411,59.4364014274372,38.6111107429142));
#5880=CARTESIAN_POINT('Ctrl Pts',(53.1124525375002,59.5222225157868,38.5413218846692));
#5881=CARTESIAN_POINT('Ctrl Pts',(53.0953126466633,59.6078304542029,38.4712101793656));
#5882=CARTESIAN_POINT('Ctrl Pts',(53.0595839127982,59.7871519599604,38.3233731025503));
#5883=CARTESIAN_POINT('Ctrl Pts',(53.0410136397887,59.8808603150198,38.2455538948372));
#5884=CARTESIAN_POINT('Ctrl Pts',(53.0226200970973,59.9743113434907,38.1674241443085));
#5885=CARTESIAN_POINT('',(53.9120161741976,59.5250896981921,38.1674241443079));
#5886=CARTESIAN_POINT('Ctrl Pts',(53.1296973554411,59.4364014274372,38.6111107429142));
#5887=CARTESIAN_POINT('Ctrl Pts',(53.2535560891935,59.454455848026,38.5410037575903));
#5888=CARTESIAN_POINT('Ctrl Pts',(53.3775996698612,59.4705918549453,38.4707368647467));
#5889=CARTESIAN_POINT('Ctrl Pts',(53.638389670763,59.5005237610366,38.3228590062301));
#5890=CARTESIAN_POINT('Ctrl Pts',(53.7751544228216,59.5139226475494,38.2452228190031));
#5891=CARTESIAN_POINT('Ctrl Pts',(53.9120161741976,59.5250896981921,38.1674241443079));
#5892=CARTESIAN_POINT('',(53.9388399203877,59.5470718789623,38.135));
#5893=CARTESIAN_POINT('Ctrl Pts',(53.9120161741976,59.5250896981921,38.1674241443078));
#5894=CARTESIAN_POINT('Ctrl Pts',(53.920947460542,59.5324272929488,38.156614899897));
#5895=CARTESIAN_POINT('Ctrl Pts',(53.9298887160171,59.5397546908454,38.1458068533967));
#5896=CARTESIAN_POINT('Ctrl Pts',(53.9388399203877,59.5470718789623,38.135));
#5897=CARTESIAN_POINT('',(53.0469572185551,59.9990183091131,38.135));
#5898=CARTESIAN_POINT('Origin',(49.25,51.4,38.135));
#5899=CARTESIAN_POINT('Ctrl Pts',(53.0469572185551,59.9990183091131,38.135));
#5900=CARTESIAN_POINT('Ctrl Pts',(53.0388338898502,59.9907917729796,38.1458068155742));
#5901=CARTESIAN_POINT('Ctrl Pts',(53.0307215097091,59.9825561128422,38.1566148620599));
#5902=CARTESIAN_POINT('Ctrl Pts',(53.0226200970972,59.9743113434914,38.1674241443078));
#5903=CARTESIAN_POINT('Ctrl Pts',(52.9466179828646,59.1035503204058,38.6109953221616));
#5904=CARTESIAN_POINT('Ctrl Pts',(53.0806098527128,59.3471533320607,38.6110785555662));
#5905=CARTESIAN_POINT('Ctrl Pts',(53.2145984196028,59.5907581567505,38.6111645583385));
#5906=CARTESIAN_POINT('Ctrl Pts',(53.3485835513684,59.8343648670228,38.6112530166136));
#5907=CARTESIAN_POINT('Ctrl Pts',(53.1305395983414,59.0025934599518,38.4614469364191));
#5908=CARTESIAN_POINT('Ctrl Pts',(53.2658487395789,59.2454734049705,38.4620487113084));
#5909=CARTESIAN_POINT('Ctrl Pts',(53.4011340005322,59.4883664581741,38.4626705086392));
#5910=CARTESIAN_POINT('Ctrl Pts',(53.5363944256448,59.7312731440793,38.4633100591784));
#5911=CARTESIAN_POINT('Ctrl Pts',(53.3144612138182,58.9016365994978,38.3118985506766));
#5912=CARTESIAN_POINT('Ctrl Pts',(53.451087626445,59.1437934778803,38.3130188670506));
#5913=CARTESIAN_POINT('Ctrl Pts',(53.5876695814616,59.3859747595976,38.3141764589399));
#5914=CARTESIAN_POINT('Ctrl Pts',(53.7242052999212,59.6281814211357,38.3153671017431));
#5915=CARTESIAN_POINT('Ctrl Pts',(53.498382829295,58.8006797390438,38.1623501649341));
#5916=CARTESIAN_POINT('Ctrl Pts',(53.6363265133111,59.0421135507901,38.1639890227927));
#5917=CARTESIAN_POINT('Ctrl Pts',(53.774205162391,59.2835830610212,38.1656824092407));
#5918=CARTESIAN_POINT('Ctrl Pts',(53.9120161741976,59.5250896981921,38.1674241443079));
#5919=CARTESIAN_POINT('',(52.9701591572062,59.0906282772475,38.5918537731265));
#5920=CARTESIAN_POINT('Ctrl Pts',(52.9701591572112,59.0906282772668,38.59185377313));
#5921=CARTESIAN_POINT('Ctrl Pts',(53.0234190848654,59.2058490822714,38.5983024610202));
#5922=CARTESIAN_POINT('Ctrl Pts',(53.0765960290848,59.3211029662186,38.6047216808856));
#5923=CARTESIAN_POINT('Ctrl Pts',(53.129697354871,59.4364014277541,38.6111107429144));
#5924=CARTESIAN_POINT('',(53.7149413233236,59.1798316458788,38.1649675887487));
#5925=CARTESIAN_POINT('Ctrl Pts',(52.9701591572062,59.0906282772475,38.5918537731265));
#5926=CARTESIAN_POINT('Ctrl Pts',(53.0822568523206,59.107613733703,38.5277497435153));
#5927=CARTESIAN_POINT('Ctrl Pts',(53.1945124536651,59.122982610055,38.4634968419946));
#5928=CARTESIAN_POINT('Ctrl Pts',(53.4427601643833,59.1534252043051,38.3212515062489));
#5929=CARTESIAN_POINT('Ctrl Pts',(53.5787992354402,59.1677642277221,38.2432001840728));
#5930=CARTESIAN_POINT('Ctrl Pts',(53.7149413233247,59.1798316458761,38.1649675887482));
#5931=CARTESIAN_POINT('',(53.7298003466325,59.2058560615932,38.1651503824403));
#5932=CARTESIAN_POINT('Ctrl Pts',(53.7149413119564,59.1798316521185,38.1649675887214));
#5933=CARTESIAN_POINT('Ctrl Pts',(53.7198944055475,59.1885064102481,38.1650284538452));
#5934=CARTESIAN_POINT('Ctrl Pts',(53.7248474134483,59.1971812154142,38.1650893851675));
#5935=CARTESIAN_POINT('Ctrl Pts',(53.7298003355382,59.205856067683,38.1651503824017));
#5936=CARTESIAN_POINT('Ctrl Pts',(53.7298003355382,59.205856067683,38.1651503824017));
#5937=CARTESIAN_POINT('Ctrl Pts',(53.7905519329078,59.3122601505086,38.165898562838));
#5938=CARTESIAN_POINT('Ctrl Pts',(53.8512906200116,59.4186713199395,38.1666566597229));
#5939=CARTESIAN_POINT('Ctrl Pts',(53.9120161741976,59.5250896981921,38.1674241443079));
#5940=CARTESIAN_POINT('Ctrl Pts',(55.9378313442341,46.0818627357559,38.6109953221616));
#5941=CARTESIAN_POINT('Ctrl Pts',(56.1455107237669,45.8970235521674,38.6110785555662));
#5942=CARTESIAN_POINT('Ctrl Pts',(56.3531926058553,45.7121871852869,38.6111645583385));
#5943=CARTESIAN_POINT('Ctrl Pts',(56.5608770906378,45.5273537478234,38.6112530166136));
#5944=CARTESIAN_POINT('Ctrl Pts',(55.7984792734006,45.9250174340516,38.4614469364191));
#5945=CARTESIAN_POINT('Ctrl Pts',(56.0051605946276,45.7390549032809,38.4620487113084));
#5946=CARTESIAN_POINT('Ctrl Pts',(56.2118600092529,45.5531127372204,38.4626705086392));
#5947=CARTESIAN_POINT('Ctrl Pts',(56.4185782412741,45.3671917507527,38.4633100591784));
#5948=CARTESIAN_POINT('Ctrl Pts',(55.6591272025671,45.7681721323472,38.3118985506766));
#5949=CARTESIAN_POINT('Ctrl Pts',(55.8648104654882,45.5810862543944,38.3130188670506));
#5950=CARTESIAN_POINT('Ctrl Pts',(56.0705274126505,45.3940382891539,38.3141764589399));
#5951=CARTESIAN_POINT('Ctrl Pts',(56.2762793919104,45.2070297536819,38.3153671017431));
#5952=CARTESIAN_POINT('Ctrl Pts',(55.5197751317336,45.6113268306428,38.1623501649341));
#5953=CARTESIAN_POINT('Ctrl Pts',(55.7244603363489,45.4231176055079,38.1639890227927));
#5954=CARTESIAN_POINT('Ctrl Pts',(55.9291948160482,45.2349638410873,38.1656824092407));
#5955=CARTESIAN_POINT('Ctrl Pts',(56.1339805425466,45.0468677566111,38.1674241443079));
#5956=CARTESIAN_POINT('',(55.8412321103167,45.3158286737739,38.1649675887487));
#5957=CARTESIAN_POINT('Ctrl Pts',(55.9199948795757,46.0617872129169,38.5918537731265));
#5958=CARTESIAN_POINT('Ctrl Pts',(55.9116111709282,45.9487309340286,38.5277557037117));
#5959=CARTESIAN_POINT('Ctrl Pts',(55.9016165753519,45.8358803924021,38.4635087899417));
#5960=CARTESIAN_POINT('Ctrl Pts',(55.8760562446823,45.5870825572321,38.3212635102339));
#5961=CARTESIAN_POINT('Ctrl Pts',(55.8597631369842,45.4512530616475,38.24320620009));
#5962=CARTESIAN_POINT('Ctrl Pts',(55.8412321103137,45.3158286737735,38.1649675887482));
#5963=CARTESIAN_POINT('',(55.8632975958505,45.2955512199119,38.1651503824403));
#5964=CARTESIAN_POINT('Ctrl Pts',(55.8412321189293,45.3158286834677,38.1649675887214));
#5965=CARTESIAN_POINT('Ctrl Pts',(55.8485872157494,45.3090694589932,38.1650284538452));
#5966=CARTESIAN_POINT('Ctrl Pts',(55.8559423774946,45.302310307594,38.1650893851675));
#5967=CARTESIAN_POINT('Ctrl Pts',(55.8632976042563,45.295551229373,38.1651503824017));
#5968=CARTESIAN_POINT('Ctrl Pts',(55.8632976042563,45.295551229373,38.1651503824017));
#5969=CARTESIAN_POINT('Ctrl Pts',(55.953515412387,45.2126456655006,38.165898562838));
#5970=CARTESIAN_POINT('Ctrl Pts',(56.0437430022515,45.1297511112887,38.1666566597229));
#5971=CARTESIAN_POINT('Ctrl Pts',(56.1339805425466,45.0468677566111,38.1674241443079));
#5972=CARTESIAN_POINT('Ctrl Pts',(52.6876352592089,59.2086115641583,38.1623408174782));
#5973=CARTESIAN_POINT('Ctrl Pts',(52.7993665040883,59.4638157451863,38.1639825835847));
#5974=CARTESIAN_POINT('Ctrl Pts',(52.9110290352962,59.7190486213614,38.165679097621));
#5975=CARTESIAN_POINT('Ctrl Pts',(53.0226200970972,59.9743113434915,38.1674241443079));
#5976=CARTESIAN_POINT('Ctrl Pts',(52.7860068092605,59.1675311497372,38.3118922554764));
#5977=CARTESIAN_POINT('Ctrl Pts',(52.8963487128486,59.4233155261162,38.3130145595875));
#5978=CARTESIAN_POINT('Ctrl Pts',(53.0066436440723,59.679119518372,38.3141742891434));
#5979=CARTESIAN_POINT('Ctrl Pts',(53.1168897191227,59.9349439131918,38.3153671954064));
#5980=CARTESIAN_POINT('Ctrl Pts',(52.8843783593121,59.1264507353161,38.4614436934746));
#5981=CARTESIAN_POINT('Ctrl Pts',(52.9933309216089,59.3828153070462,38.4620465355904));
#5982=CARTESIAN_POINT('Ctrl Pts',(53.1022582528483,59.6391904153827,38.4626694806658));
#5983=CARTESIAN_POINT('Ctrl Pts',(53.2111593411482,59.8955764828921,38.4633102465049));
#5984=CARTESIAN_POINT('Ctrl Pts',(52.9827499093636,59.0853703208949,38.6109951314729));
#5985=CARTESIAN_POINT('Ctrl Pts',(53.0903131303693,59.3423150879761,38.6110785115933));
#5986=CARTESIAN_POINT('Ctrl Pts',(53.1978728616243,59.5992613123933,38.6111646721883));
#5987=CARTESIAN_POINT('Ctrl Pts',(53.3054289631737,59.8562090525924,38.6112532976035));
#5988=CARTESIAN_POINT('',(52.8753431193005,59.637529196752,38.1651503824403));
#5989=CARTESIAN_POINT('Ctrl Pts',(53.0226200970972,59.9743113434915,38.1674241443079));
#5990=CARTESIAN_POINT('Ctrl Pts',(52.9735415134717,59.8620448890608,38.1666566597229));
#5991=CARTESIAN_POINT('Ctrl Pts',(52.9244491054745,59.7497842077516,38.1658985628386));
#5992=CARTESIAN_POINT('Ctrl Pts',(52.8753431075422,59.6375292016622,38.1651503824026));
#5993=CARTESIAN_POINT('',(52.8633323901266,59.6100737205827,38.1649675887487));
#5994=CARTESIAN_POINT('Ctrl Pts',(52.8633323780735,59.6100737256161,38.1649675887224));
#5995=CARTESIAN_POINT('Ctrl Pts',(52.8673360448069,59.6192255132786,38.1650284538462));
#5996=CARTESIAN_POINT('Ctrl Pts',(52.8713396213388,59.6283773386096,38.1650893851684));
#5997=CARTESIAN_POINT('Ctrl Pts',(52.8753431075422,59.6375292016623,38.1651503824026));
#5998=CARTESIAN_POINT('Ctrl Pts',(52.9701591572062,59.0906282772475,38.5918537731265));
#5999=CARTESIAN_POINT('Ctrl Pts',(52.953847678641,59.169401392305,38.5280443451813));
#6000=CARTESIAN_POINT('Ctrl Pts',(52.9376129243411,59.2479835948887,38.4639521103135));
#6001=CARTESIAN_POINT('Ctrl Pts',(52.9214763767864,59.326356966059,38.3996194392741));
#6002=CARTESIAN_POINT('Ctrl Pts',(52.9019506780808,59.4211910578514,38.3217750089594));
#6003=CARTESIAN_POINT('Ctrl Pts',(52.8825580352262,59.5157717964108,38.2435355437681));
#6004=CARTESIAN_POINT('Ctrl Pts',(52.8633323781867,59.6100737255722,38.1649675888954));
#6005=CARTESIAN_POINT('Origin',(49.25,51.4,38.385));
#6006=CARTESIAN_POINT('',(54.8072099008642,44.4176495654781,38.6111107429142));
#6007=CARTESIAN_POINT('',(55.3383090701898,44.2807324760202,38.1674241443079));
#6008=CARTESIAN_POINT('Ctrl Pts',(54.8072099008642,44.4176495654781,38.6111107429142));
#6009=CARTESIAN_POINT('Ctrl Pts',(54.8920470713486,44.395941843293,38.5412948958928));
#6010=CARTESIAN_POINT('Ctrl Pts',(54.9766464971503,44.3742320639054,38.4711559465487));
#6011=CARTESIAN_POINT('Ctrl Pts',(55.1537113087664,44.3286178218421,38.3233183975054));
#6012=CARTESIAN_POINT('Ctrl Pts',(55.2461643397841,44.304698922283,38.2455264358412));
#6013=CARTESIAN_POINT('Ctrl Pts',(55.338309070189,44.2807324760205,38.1674241443085));
#6014=CARTESIAN_POINT('',(54.5476798574984,43.6743242664733,38.1674241443079));
#6015=CARTESIAN_POINT('Ctrl Pts',(54.8072099008642,44.4176495654781,38.6111107429142));
#6016=CARTESIAN_POINT('Ctrl Pts',(54.7697381872902,44.2982298947322,38.5410076976808));
#6017=CARTESIAN_POINT('Ctrl Pts',(54.7304580438751,44.1794759761146,38.470744762764));
#6018=CARTESIAN_POINT('Ctrl Pts',(54.6442736329973,43.9315251724082,38.3228669388103));
#6019=CARTESIAN_POINT('Ctrl Pts',(54.5970033007143,43.8024841925997,38.2452267936683));
#6020=CARTESIAN_POINT('Ctrl Pts',(54.5476798574983,43.6743242664733,38.1674241443079));
#6021=CARTESIAN_POINT('',(54.5558467307269,43.6406191954489,38.135));
#6022=CARTESIAN_POINT('Ctrl Pts',(54.5476798574984,43.6743242664733,38.1674241443078));
#6023=CARTESIAN_POINT('Ctrl Pts',(54.5504156716072,43.6630937531435,38.1566148620383));
#6024=CARTESIAN_POINT('Ctrl Pts',(54.5531379635407,43.6518587214971,38.145806815552));
#6025=CARTESIAN_POINT('Ctrl Pts',(54.5558467307268,43.6406191954489,38.135));
#6026=CARTESIAN_POINT('',(55.3500097957777,44.2480855366262,38.135));
#6027=CARTESIAN_POINT('Origin',(49.25,51.4,38.135));
#6028=CARTESIAN_POINT('Ctrl Pts',(55.3500097957778,44.2480855366262,38.135));
#6029=CARTESIAN_POINT('Ctrl Pts',(55.3461225094584,44.258973801258,38.1458068533967));
#6030=CARTESIAN_POINT('Ctrl Pts',(55.3422222658037,44.2698561221888,38.1566148998969));
#6031=CARTESIAN_POINT('Ctrl Pts',(55.3383090701897,44.2807324760203,38.1674241443078));
#6032=CARTESIAN_POINT('Ctrl Pts',(54.7937818808615,44.9147680694755,38.1623408174782));
#6033=CARTESIAN_POINT('Ctrl Pts',(54.9752345326218,44.7033727519644,38.1639825835847));
#6034=CARTESIAN_POINT('Ctrl Pts',(55.1567428515609,44.4920268929742,38.165679097621));
#6035=CARTESIAN_POINT('Ctrl Pts',(55.3383090701898,44.2807324760202,38.1674241443079));
#6036=CARTESIAN_POINT('Ctrl Pts',(54.7140878904284,44.8439624892053,38.3118922554764));
#6037=CARTESIAN_POINT('Ctrl Pts',(54.8966660927316,44.6335671876161,38.3130145595875));
#6038=CARTESIAN_POINT('Ctrl Pts',(55.0792823488742,44.423205695655,38.3141742891434));
#6039=CARTESIAN_POINT('Ctrl Pts',(55.2619381849908,44.2128793692442,38.3153671954064));
#6040=CARTESIAN_POINT('Ctrl Pts',(54.6343938999953,44.773156908935,38.4614436934746));
#6041=CARTESIAN_POINT('Ctrl Pts',(54.8180976528415,44.5637616232678,38.4620465355904));
#6042=CARTESIAN_POINT('Ctrl Pts',(55.0018218461875,44.3543844983358,38.4626694806658));
#6043=CARTESIAN_POINT('Ctrl Pts',(55.1855672997919,44.1450262624682,38.4633102465049));
#6044=CARTESIAN_POINT('Ctrl Pts',(54.5546999095622,44.7023513286648,38.6109951314729));
#6045=CARTESIAN_POINT('Ctrl Pts',(54.7395292129513,44.4939560589195,38.6110785115933));
#6046=CARTESIAN_POINT('Ctrl Pts',(54.9243613435008,44.2855633010165,38.6111646721883));
#6047=CARTESIAN_POINT('Ctrl Pts',(55.1091964145929,44.0771731556922,38.6112532976035));
#6048=CARTESIAN_POINT('',(54.564900087169,44.7114138626198,38.5918537731265));
#6049=CARTESIAN_POINT('Ctrl Pts',(54.5649000871747,44.7114138626115,38.5918537731282));
#6050=CARTESIAN_POINT('Ctrl Pts',(54.6456018288162,44.6134358922105,38.5983024610092));
#6051=CARTESIAN_POINT('Ctrl Pts',(54.726369378752,44.5155183349138,38.6047216808812));
#6052=CARTESIAN_POINT('Ctrl Pts',(54.8072099013559,44.4176495659126,38.6111107429142));
#6053=CARTESIAN_POINT('',(55.0987799265246,44.5595487450693,38.1651503824403));
#6054=CARTESIAN_POINT('Ctrl Pts',(55.3383090701898,44.2807324760202,38.1674241443079));
#6055=CARTESIAN_POINT('Ctrl Pts',(55.258454889212,44.3736613409735,38.1666566597229));
#6056=CARTESIAN_POINT('Ctrl Pts',(55.1786119078071,44.4666001563916,38.1658985628386));
#6057=CARTESIAN_POINT('Ctrl Pts',(55.0987799360503,44.5595487535326,38.1651503824026));
#6058=CARTESIAN_POINT('',(55.0792546573261,44.5822825227953,38.1649675887487));
#6059=CARTESIAN_POINT('Ctrl Pts',(55.0792546670907,44.5822825314708,38.1649675887223));
#6060=CARTESIAN_POINT('Ctrl Pts',(55.0857630169678,44.574704540536,38.1650284538462));
#6061=CARTESIAN_POINT('Ctrl Pts',(55.09227143992,44.5671266145261,38.1650893851684));
#6062=CARTESIAN_POINT('Ctrl Pts',(55.0987799360503,44.5595487535326,38.1651503824026));
#6063=CARTESIAN_POINT('Ctrl Pts',(54.564900087169,44.7114138626198,38.5918537731265));
#6064=CARTESIAN_POINT('Ctrl Pts',(54.6429831838875,44.6919232145,38.5280168042354));
#6065=CARTESIAN_POINT('Ctrl Pts',(54.720860814588,44.6724462840503,38.4638967786408));
#6066=CARTESIAN_POINT('Ctrl Pts',(54.7985074823083,44.6529714759407,38.3995361206333));
#6067=CARTESIAN_POINT('Ctrl Pts',(54.8923882121496,44.6294249509895,38.3217191875413));
#6068=CARTESIAN_POINT('Ctrl Pts',(54.9859831457965,44.6058684706334,38.2435075191746));
#6069=CARTESIAN_POINT('Ctrl Pts',(55.079254667002,44.582282531388,38.1649675888954));
#6070=CARTESIAN_POINT('Origin',(49.25,51.4,38.385));
#6071=CARTESIAN_POINT('',(51.2441576913564,60.098225944107,38.6111107429142));
#6072=CARTESIAN_POINT('',(51.0200688665323,60.5988224039755,38.1674241443079));
#6073=CARTESIAN_POINT('Ctrl Pts',(51.2441576913564,60.098225944107,38.6111107429142));
#6074=CARTESIAN_POINT('Ctrl Pts',(51.2082766857119,60.1779947649349,38.5413771519261));
#6075=CARTESIAN_POINT('Ctrl Pts',(51.1725451753026,60.2575794073718,38.4713212362785));
#6076=CARTESIAN_POINT('Ctrl Pts',(51.0978088832731,60.4244551534535,38.3234851265422));
#6077=CARTESIAN_POINT('Ctrl Pts',(51.0588239268734,60.5117447112815,38.2456101249705));
#6078=CARTESIAN_POINT('Ctrl Pts',(51.0200688665325,60.5988224039747,38.1674241443085));
#6079=CARTESIAN_POINT('',(51.9871271471478,60.3587729289504,38.1674241443079));
#6080=CARTESIAN_POINT('Ctrl Pts',(51.2441576913564,60.098225944107,38.6111107429142));
#6081=CARTESIAN_POINT('Ctrl Pts',(51.3609117855357,60.1433959220564,38.5409928009527));
#6082=CARTESIAN_POINT('Ctrl Pts',(51.4782731685285,60.1867361452655,38.4707149018668));
#6083=CARTESIAN_POINT('Ctrl Pts',(51.7258645045802,60.2739476446119,38.3228369472401));
#6084=CARTESIAN_POINT('Ctrl Pts',(51.85620031145,60.317437128214,38.2452117662217));
#6085=CARTESIAN_POINT('Ctrl Pts',(51.9871271471478,60.3587729289503,38.1674241443079));
#6086=CARTESIAN_POINT('',(52.0083868706225,60.3861728156083,38.135));
#6087=CARTESIAN_POINT('Ctrl Pts',(51.9871271471478,60.3587729289503,38.1674241443078));
#6088=CARTESIAN_POINT('Ctrl Pts',(51.9942017588547,60.3679139786445,38.1566148696502));
#6089=CARTESIAN_POINT('Ctrl Pts',(52.0012883390278,60.3770472798491,38.1458068231615));
#6090=CARTESIAN_POINT('Ctrl Pts',(52.0083868706225,60.3861728156083,38.135));
#6091=CARTESIAN_POINT('',(51.0382979884783,60.628325433382,38.135));
#6092=CARTESIAN_POINT('Origin',(49.25,51.4,38.135));
#6093=CARTESIAN_POINT('Ctrl Pts',(51.0382979884783,60.628325433382,38.135));
#6094=CARTESIAN_POINT('Ctrl Pts',(51.0322089050877,60.6184975429946,38.1458068155742));
#6095=CARTESIAN_POINT('Ctrl Pts',(51.0261325260395,60.6086631936458,38.1566148620599));
#6096=CARTESIAN_POINT('Ctrl Pts',(51.0200688665323,60.5988224039754,38.1674241443078));
#6097=CARTESIAN_POINT('Ctrl Pts',(51.1397348400918,59.7329811162875,38.6109953221616));
#6098=CARTESIAN_POINT('Ctrl Pts',(51.2161604843442,60.0002924878627,38.6110785555662));
#6099=CARTESIAN_POINT('Ctrl Pts',(51.2925825050123,60.2676048920388,38.6111645583385));
#6100=CARTESIAN_POINT('Ctrl Pts',(51.3690007571001,60.5349183701348,38.6112530166136));
#6101=CARTESIAN_POINT('Ctrl Pts',(51.3415101715512,59.6754818647553,38.4614469364191));
#6102=CARTESIAN_POINT('Ctrl Pts',(51.4193809579122,59.9423814189443,38.4620487113084));
#6103=CARTESIAN_POINT('Ctrl Pts',(51.497225545872,60.2092884388054,38.4626705086392));
#6104=CARTESIAN_POINT('Ctrl Pts',(51.575042887116,60.4762032230733,38.4633100591784));
#6105=CARTESIAN_POINT('Ctrl Pts',(51.5432855030106,59.6179826132231,38.3118985506766));
#6106=CARTESIAN_POINT('Ctrl Pts',(51.6226014314801,59.8844703500259,38.3130188670506));
#6107=CARTESIAN_POINT('Ctrl Pts',(51.7018685867317,60.150971985572,38.3141764589399));
#6108=CARTESIAN_POINT('Ctrl Pts',(51.7810850171319,60.4174880760118,38.3153671017431));
#6109=CARTESIAN_POINT('Ctrl Pts',(51.74506083447,59.5604833616909,38.1623501649341));
#6110=CARTESIAN_POINT('Ctrl Pts',(51.8258219050481,59.8265592811075,38.1639890227927));
#6111=CARTESIAN_POINT('Ctrl Pts',(51.9065116275915,60.0926555323386,38.1656824092407));
#6112=CARTESIAN_POINT('Ctrl Pts',(51.9871271471478,60.3587729289504,38.1674241443079));
#6113=CARTESIAN_POINT('',(51.1655612131552,59.725621459831,38.5918537731265));
#6114=CARTESIAN_POINT('Ctrl Pts',(51.1655612131557,59.725621459851,38.59185377313));
#6115=CARTESIAN_POINT('Ctrl Pts',(51.1918467620864,59.8498048875609,38.5983024610203));
#6116=CARTESIAN_POINT('Ctrl Pts',(51.2180440473929,59.9740020993033,38.6047216808858));
#6117=CARTESIAN_POINT('Ctrl Pts',(51.24415769073,60.0982259442891,38.6111107429144));
#6118=CARTESIAN_POINT('',(51.8718205184984,59.9783179369689,38.1649675887487));
#6119=CARTESIAN_POINT('Ctrl Pts',(51.1655612131552,59.725621459831,38.5918537731265));
#6120=CARTESIAN_POINT('Ctrl Pts',(51.2710871069868,59.7671323543102,38.5277385995647));
#6121=CARTESIAN_POINT('Ctrl Pts',(51.3771268491888,59.8071018012335,38.4634745025673));
#6122=CARTESIAN_POINT('Ctrl Pts',(51.6123767161268,59.8920202789673,38.3212290620457));
#6123=CARTESIAN_POINT('Ctrl Pts',(51.7417957478725,59.9362646569446,38.2431889357507));
#6124=CARTESIAN_POINT('Ctrl Pts',(51.8718205185001,59.9783179369664,38.1649675887482));
#6125=CARTESIAN_POINT('',(51.8805160177795,60.0069963099914,38.1651503824403));
#6126=CARTESIAN_POINT('Ctrl Pts',(51.8718205060277,59.9783179405226,38.1649675887214));
#6127=CARTESIAN_POINT('Ctrl Pts',(51.8747190999405,59.9878773713664,38.1650284538452));
#6128=CARTESIAN_POINT('Ctrl Pts',(51.8776175998448,59.9974368289996,38.1650893851675));
#6129=CARTESIAN_POINT('Ctrl Pts',(51.8805160056083,60.0069963134598,38.1651503824017));
#6130=CARTESIAN_POINT('Ctrl Pts',(51.8805160056083,60.0069963134598,38.1651503824017));
#6131=CARTESIAN_POINT('Ctrl Pts',(51.9160672977064,60.1242511259625,38.165898562838));
#6132=CARTESIAN_POINT('Ctrl Pts',(51.951604426308,60.2415099745903,38.1666566597229));
#6133=CARTESIAN_POINT('Ctrl Pts',(51.9871271471478,60.3587729289504,38.1674241443079));
#6134=CARTESIAN_POINT('Ctrl Pts',(54.5867565785108,44.7270170634129,38.6109953221616));
#6135=CARTESIAN_POINT('Ctrl Pts',(54.7480984146381,44.5005991745705,38.6110785555662));
#6136=CARTESIAN_POINT('Ctrl Pts',(54.9094433173533,44.2741834749442,38.6111645583385));
#6137=CARTESIAN_POINT('Ctrl Pts',(55.0707914093641,44.0477700521346,38.6112530166136));
#6138=CARTESIAN_POINT('Ctrl Pts',(54.415996992013,44.6051129538374,38.4614469364191));
#6139=CARTESIAN_POINT('Ctrl Pts',(54.5761158249758,44.3778219713383,38.4620487113084));
#6140=CARTESIAN_POINT('Ctrl Pts',(54.7362568292721,44.1505468168037,38.4626705086392));
#6141=CARTESIAN_POINT('Ctrl Pts',(54.8964208920755,43.9232881235808,38.4633100591784));
#6142=CARTESIAN_POINT('Ctrl Pts',(54.2452374055152,44.4832088442618,38.3118985506766));
#6143=CARTESIAN_POINT('Ctrl Pts',(54.4041332353135,44.2550447681062,38.3130188670506));
#6144=CARTESIAN_POINT('Ctrl Pts',(54.5630703411909,44.0269101586632,38.3141764589399));
#6145=CARTESIAN_POINT('Ctrl Pts',(54.722050374787,43.7988061950271,38.3153671017431));
#6146=CARTESIAN_POINT('Ctrl Pts',(54.0744778190173,44.3613047346862,38.1623501649341));
#6147=CARTESIAN_POINT('Ctrl Pts',(54.2321506456512,44.132267564874,38.1639890227927));
#6148=CARTESIAN_POINT('Ctrl Pts',(54.3898838531098,43.9032735005226,38.1656824092407));
#6149=CARTESIAN_POINT('Ctrl Pts',(54.5476798574984,43.6743242664733,38.1674241443079));
#6150=CARTESIAN_POINT('',(54.3221206741547,44.0016844264554,38.1649675887487));
#6151=CARTESIAN_POINT('Ctrl Pts',(54.564900087169,44.7114138626198,38.5918537731265));
#6152=CARTESIAN_POINT('Ctrl Pts',(54.5315681714129,44.6030543903103,38.5277537509751));
#6153=CARTESIAN_POINT('Ctrl Pts',(54.4967114449914,44.4952539871889,38.4635048754413));
#6154=CARTESIAN_POINT('Ctrl Pts',(54.4164290390638,44.2583818204239,38.321259577375));
#6155=CARTESIAN_POINT('Ctrl Pts',(54.3703206362578,44.1295866785676,38.2432042290663));
#6156=CARTESIAN_POINT('Ctrl Pts',(54.3221206741518,44.0016844264556,38.1649675887482));
#6157=CARTESIAN_POINT('',(54.3391207739259,43.9770053382482,38.1651503824403));
#6158=CARTESIAN_POINT('Ctrl Pts',(54.3221206847085,44.0016844339896,38.1649675887214));
#6159=CARTESIAN_POINT('Ctrl Pts',(54.3277873049523,43.993458014371,38.1650284538452));
#6160=CARTESIAN_POINT('Ctrl Pts',(54.3334540047543,43.9852316515483,38.1650893851675));
#6161=CARTESIAN_POINT('Ctrl Pts',(54.3391207842262,43.9770053456015,38.1651503824017));
#6162=CARTESIAN_POINT('Ctrl Pts',(54.3391207842262,43.9770053456015,38.1651503824017));
#6163=CARTESIAN_POINT('Ctrl Pts',(54.4086284200457,43.8761030463824,38.165898562838));
#6164=CARTESIAN_POINT('Ctrl Pts',(54.4781480422303,43.7752093041481,38.1666566597229));
#6165=CARTESIAN_POINT('Ctrl Pts',(54.5476798574984,43.6743242664733,38.1674241443079));
#6166=CARTESIAN_POINT('Ctrl Pts',(50.8638670279446,59.777779177764,38.1623408174782));
#6167=CARTESIAN_POINT('Ctrl Pts',(50.9160086645284,60.0514473981164,38.1639825835847));
#6168=CARTESIAN_POINT('Ctrl Pts',(50.9680769249651,60.3251283039382,38.165679097621));
#6169=CARTESIAN_POINT('Ctrl Pts',(51.0200688665323,60.5988224039755,38.1674241443079));
#6170=CARTESIAN_POINT('Ctrl Pts',(50.9689134500388,59.7596184642931,38.3118922554764));
#6171=CARTESIAN_POINT('Ctrl Pts',(51.0195714734068,60.033543175766,38.3130145595875));
#6172=CARTESIAN_POINT('Ctrl Pts',(51.0701793371624,60.3074765589702,38.3141742891434));
#6173=CARTESIAN_POINT('Ctrl Pts',(51.1207350296735,60.5814189616823,38.3153671954064));
#6174=CARTESIAN_POINT('Ctrl Pts',(51.0739598721329,59.7414577508221,38.4614436934746));
#6175=CARTESIAN_POINT('Ctrl Pts',(51.1231342822852,60.0156389534156,38.4620465355904));
#6176=CARTESIAN_POINT('Ctrl Pts',(51.1722817493597,60.2898248140022,38.4626694806658));
#6177=CARTESIAN_POINT('Ctrl Pts',(51.2214011928147,60.564015519389,38.4633102465049));
#6178=CARTESIAN_POINT('Ctrl Pts',(51.1790062942271,59.7232970373512,38.6109951314729));
#6179=CARTESIAN_POINT('Ctrl Pts',(51.2266970911636,59.9977347310652,38.6110785115933));
#6180=CARTESIAN_POINT('Ctrl Pts',(51.2743841615571,60.2721730690342,38.6111646721883));
#6181=CARTESIAN_POINT('Ctrl Pts',(51.322067355956,60.5466120770958,38.6112532976035));
#6182=CARTESIAN_POINT('',(50.9514255078887,60.237711878145,38.1651503824403));
#6183=CARTESIAN_POINT('Ctrl Pts',(51.0200688665323,60.5988224039755,38.1674241443079));
#6184=CARTESIAN_POINT('Ctrl Pts',(50.9972024217572,60.4784496916837,38.1666566597229));
#6185=CARTESIAN_POINT('Ctrl Pts',(50.974321214576,60.3580795315572,38.1658985628386));
#6186=CARTESIAN_POINT('Ctrl Pts',(50.9514254953326,60.2377118803158,38.1651503824026));
#6187=CARTESIAN_POINT('',(50.9458253309708,60.2082721294121,38.1649675887487));
#6188=CARTESIAN_POINT('Ctrl Pts',(50.9458253180999,60.2082721316373,38.1649675887223));
#6189=CARTESIAN_POINT('Ctrl Pts',(50.9476921402113,60.2180853645365,38.1650284538462));
#6190=CARTESIAN_POINT('Ctrl Pts',(50.9495588660008,60.2278986140882,38.1650893851684));
#6191=CARTESIAN_POINT('Ctrl Pts',(50.9514254953326,60.2377118803158,38.1651503824026));
#6192=CARTESIAN_POINT('Ctrl Pts',(51.1655612131552,59.725621459831,38.5918537731265));
#6193=CARTESIAN_POINT('Ctrl Pts',(51.1321595779951,59.7987252539347,38.5281007423266));
#6194=CARTESIAN_POINT('Ctrl Pts',(51.098875024086,59.8716602803597,38.4640654157384));
#6195=CARTESIAN_POINT('Ctrl Pts',(51.0657324182541,59.9444138811938,38.399790054621));
#6196=CARTESIAN_POINT('Ctrl Pts',(51.0255640958272,60.0325901130461,38.3218893173473));
#6197=CARTESIAN_POINT('Ctrl Pts',(50.9855821191744,60.1205486317284,38.2435929312915));
#6198=CARTESIAN_POINT('Ctrl Pts',(50.94582531822,60.2082721316196,38.1649675888954));
#6199=CARTESIAN_POINT('Origin',(49.25,51.4,38.385));
#6200=CARTESIAN_POINT('',(53.1141599063056,43.3561161314181,38.6111107429142));
#6201=CARTESIAN_POINT('',(53.601476391997,43.1044511560692,38.1674241443079));
#6202=CARTESIAN_POINT('Ctrl Pts',(53.1141599063056,43.3561161314181,38.6111107429142));
#6203=CARTESIAN_POINT('Ctrl Pts',(53.1920254235155,43.3160819142408,38.5413076127447));
#6204=CARTESIAN_POINT('Ctrl Pts',(53.2696587807348,43.2760985776214,38.4711815005436));
#6205=CARTESIAN_POINT('Ctrl Pts',(53.4321342709361,43.1922273261578,38.3233441740068));
#6206=CARTESIAN_POINT('Ctrl Pts',(53.5169609598735,43.1483281124026,38.2455393742566));
#6207=CARTESIAN_POINT('Ctrl Pts',(53.6014763919963,43.1044511560697,38.1674241443085));
#6208=CARTESIAN_POINT('',(52.6957313832106,42.689178417227,38.1674241443079));
#6209=CARTESIAN_POINT('Ctrl Pts',(53.1141599063056,43.3561161314181,38.6111107429142));
#6210=CARTESIAN_POINT('Ctrl Pts',(53.0510477746308,43.2480176077884,38.5410004374634));
#6211=CARTESIAN_POINT('Ctrl Pts',(52.9863203636994,43.1409707761471,38.4707302094621));
#6212=CARTESIAN_POINT('Ctrl Pts',(52.8471218547161,42.9184149177548,38.3228523218208));
#6213=CARTESIAN_POINT('Ctrl Pts',(52.7723292399912,42.8031388791397,38.2452194697413));
#6214=CARTESIAN_POINT('Ctrl Pts',(52.6957313832106,42.689178417227,38.1674241443079));
#6215=CARTESIAN_POINT('',(52.6961934119929,42.6545011024449,38.135));
#6216=CARTESIAN_POINT('Ctrl Pts',(52.6957313832106,42.689178417227,38.1674241443078));
#6217=CARTESIAN_POINT('Ctrl Pts',(52.6958995804329,42.6776207004031,38.1566148620384));
#6218=CARTESIAN_POINT('Ctrl Pts',(52.696053589089,42.6660615875132,38.1458068155521));
#6219=CARTESIAN_POINT('Ctrl Pts',(52.6961934119929,42.654501102445,38.135));
#6220=CARTESIAN_POINT('',(53.6056191285207,43.0700190872209,38.135));
#6221=CARTESIAN_POINT('Origin',(49.25,51.4,38.135));
#6222=CARTESIAN_POINT('Ctrl Pts',(53.6056191285207,43.0700190872209,38.135));
#6223=CARTESIAN_POINT('Ctrl Pts',(53.6042521714003,43.081499362908,38.1458068533967));
#6224=CARTESIAN_POINT('Ctrl Pts',(53.6028712592142,43.0929767271935,38.1566148998969));
#6225=CARTESIAN_POINT('Ctrl Pts',(53.6014763919969,43.1044511560693,38.1674241443078));
#6226=CARTESIAN_POINT('Ctrl Pts',(53.2116878285961,43.8437588521795,38.1623408174782));
#6227=CARTESIAN_POINT('Ctrl Pts',(53.34155120005,43.5972866430948,38.1639825835847));
#6228=CARTESIAN_POINT('Ctrl Pts',(53.4714798485467,43.3508502653901,38.165679097621));
#6229=CARTESIAN_POINT('Ctrl Pts',(53.601476391997,43.1044511560692,38.1674241443079));
#6230=CARTESIAN_POINT('Ctrl Pts',(53.1182362090387,43.7924620968177,38.3118922554764));
#6231=CARTESIAN_POINT('Ctrl Pts',(53.2494194356104,43.5467143726099,38.3130145595875));
#6232=CARTESIAN_POINT('Ctrl Pts',(53.3806472852823,43.3009911425764,38.3141742891434));
#6233=CARTESIAN_POINT('Ctrl Pts',(53.5119215476468,43.0552933890466,38.3153671954064));
#6234=CARTESIAN_POINT('Ctrl Pts',(53.0247845894812,43.7411653414559,38.4614436934746));
#6235=CARTESIAN_POINT('Ctrl Pts',(53.1572876711708,43.496142102125,38.4620465355904));
#6236=CARTESIAN_POINT('Ctrl Pts',(53.289814722018,43.2511320197626,38.4626694806658));
#6237=CARTESIAN_POINT('Ctrl Pts',(53.4223667032967,43.006135622024,38.4633102465049));
#6238=CARTESIAN_POINT('Ctrl Pts',(52.9313329699238,43.6898685860941,38.6109951314729));
#6239=CARTESIAN_POINT('Ctrl Pts',(53.0651559067312,43.4455698316401,38.6110785115933));
#6240=CARTESIAN_POINT('Ctrl Pts',(53.1989821587536,43.2012728969489,38.6111646721883));
#6241=CARTESIAN_POINT('Ctrl Pts',(53.3328118589465,42.9569778550013,38.6112532976034));
#6242=CARTESIAN_POINT('',(52.9432940113015,43.6964341503543,38.5918537731265));
#6243=CARTESIAN_POINT('Ctrl Pts',(52.9432940113053,43.696434150345,38.5918537731282));
#6244=CARTESIAN_POINT('Ctrl Pts',(53.0001702423107,43.5829548653036,38.598302461009));
#6245=CARTESIAN_POINT('Ctrl Pts',(53.0571240748399,43.46951983496,38.6047216808809));
#6246=CARTESIAN_POINT('Ctrl Pts',(53.1141599068816,43.3561161317323,38.6111107429142));
#6247=CARTESIAN_POINT('',(53.4299952006477,43.4295771678937,38.1651503824403));
#6248=CARTESIAN_POINT('Ctrl Pts',(53.601476391997,43.1044511560692,38.1674241443079));
#6249=CARTESIAN_POINT('Ctrl Pts',(53.5443029398782,43.212819327291,38.1666566597229));
#6250=CARTESIAN_POINT('Ctrl Pts',(53.4871426207224,43.3211947073594,38.1658985628386));
#6251=CARTESIAN_POINT('Ctrl Pts',(53.4299952118179,43.4295771740251,38.1651503824026));
#6252=CARTESIAN_POINT('',(53.4160182121652,43.4560857434859,38.1649675887487));
#6253=CARTESIAN_POINT('Ctrl Pts',(53.4160182236155,43.4560857497711,38.1649675887224));
#6254=CARTESIAN_POINT('Ctrl Pts',(53.4206771339526,43.4472495107973,38.1650284538462));
#6255=CARTESIAN_POINT('Ctrl Pts',(53.4253361299798,43.4384133188599,38.1650893851684));
#6256=CARTESIAN_POINT('Ctrl Pts',(53.4299952118179,43.4295771740251,38.1651503824026));
#6257=CARTESIAN_POINT('Ctrl Pts',(52.9432940113016,43.6964341503543,38.5918537731265));
#6258=CARTESIAN_POINT('Ctrl Pts',(53.0150677310872,43.6600644447749,38.5280297812979));
#6259=CARTESIAN_POINT('Ctrl Pts',(53.0866442660257,43.6237538109495,38.4639228504746));
#6260=CARTESIAN_POINT('Ctrl Pts',(53.1579961943349,43.5874966214564,38.3995753797134));
#6261=CARTESIAN_POINT('Ctrl Pts',(53.2442981520641,43.5436426358787,38.3217454901337));
#6262=CARTESIAN_POINT('Ctrl Pts',(53.3303191731106,43.4998425618395,38.243520724125));
#6263=CARTESIAN_POINT('Ctrl Pts',(53.4160182235106,43.45608574971,38.1649675888954));
#6264=CARTESIAN_POINT('Origin',(49.25,51.4,38.385));
#6265=CARTESIAN_POINT('',(49.2586226337497,60.3238850913108,38.6111107429142));
#6266=CARTESIAN_POINT('',(48.9287589918355,60.762066098187,38.1674241443079));
#6267=CARTESIAN_POINT('Ctrl Pts',(49.2586226337497,60.3238850913108,38.6111107429142));
#6268=CARTESIAN_POINT('Ctrl Pts',(49.2059425144659,60.3936015022602,38.5414452662361));
#6269=CARTESIAN_POINT('Ctrl Pts',(49.1534487714953,60.4631718898709,38.4714581081273));
#6270=CARTESIAN_POINT('Ctrl Pts',(49.0434520873776,60.6092338848972,38.3236231903963));
#6271=CARTESIAN_POINT('Ctrl Pts',(48.9859696557785,60.6857278339629,38.2456794259455));
#6272=CARTESIAN_POINT('Ctrl Pts',(48.9287589918359,60.7620660981863,38.1674241443085));
#6273=CARTESIAN_POINT('',(49.9249871356924,60.7432258764731,38.1674241443079));
#6274=CARTESIAN_POINT('Ctrl Pts',(49.2586226337497,60.3238850913108,38.6111107429142));
#6275=CARTESIAN_POINT('Ctrl Pts',(49.3624561658284,60.3939419079055,38.5409536307364));
#6276=CARTESIAN_POINT('Ctrl Pts',(49.4672900343178,60.4623481361583,38.4706363840345));
#6277=CARTESIAN_POINT('Ctrl Pts',(49.6892695547641,60.6024634699492,38.3227580858191));
#6278=CARTESIAN_POINT('Ctrl Pts',(49.8066011574273,60.6738277590198,38.2451722522883));
#6279=CARTESIAN_POINT('Ctrl Pts',(49.9249871356924,60.7432258764731,38.1674241443079));
#6280=CARTESIAN_POINT('',(49.9396167851437,60.7746695242898,38.135));
#6281=CARTESIAN_POINT('Ctrl Pts',(49.9249871356924,60.7432258764731,38.1674241443078));
#6282=CARTESIAN_POINT('Ctrl Pts',(49.9298502975779,60.75371199099,38.1566148688059));
#6283=CARTESIAN_POINT('Ctrl Pts',(49.9347268516784,60.7641932137026,38.1458068223176));
#6284=CARTESIAN_POINT('Ctrl Pts',(49.9396167851437,60.7746695242898,38.135));
#6285=CARTESIAN_POINT('',(48.9399660299772,60.7948857862899,38.135));
#6286=CARTESIAN_POINT('Origin',(49.25,51.4,38.135));
#6287=CARTESIAN_POINT('Ctrl Pts',(48.9399660299772,60.7948857862899,38.135));
#6288=CARTESIAN_POINT('Ctrl Pts',(48.9362165239679,60.7839493531104,38.1458068155742));
#6289=CARTESIAN_POINT('Ctrl Pts',(48.9324808410308,60.7730094498912,38.1566148620599));
#6290=CARTESIAN_POINT('Ctrl Pts',(48.9287589918355,60.7620660981869,38.1674241443078));
#6291=CARTESIAN_POINT('Ctrl Pts',(49.2380925015913,59.9445614434998,38.6109953221616));
#6292=CARTESIAN_POINT('Ctrl Pts',(49.2531196193195,60.2221770666293,38.6110785555662));
#6293=CARTESIAN_POINT('Ctrl Pts',(49.2681429745387,60.4997928901468,38.6111645583385));
#6294=CARTESIAN_POINT('Ctrl Pts',(49.2831624166942,60.7774089220709,38.6112530166136));
#6295=CARTESIAN_POINT('Ctrl Pts',(49.4476036913736,59.9334030534571,38.4614469364191));
#6296=CARTESIAN_POINT('Ctrl Pts',(49.4641313564698,60.2109387586938,38.4620487113084));
#6297=CARTESIAN_POINT('Ctrl Pts',(49.4806318187451,60.4884759127299,38.4626705086392));
#6298=CARTESIAN_POINT('Ctrl Pts',(49.4971039896936,60.7660145735383,38.4633100591784));
#6299=CARTESIAN_POINT('Ctrl Pts',(49.6571148811558,59.9222446634145,38.3118985506766));
#6300=CARTESIAN_POINT('Ctrl Pts',(49.6751430936201,60.1997004507584,38.3130188670506));
#6301=CARTESIAN_POINT('Ctrl Pts',(49.6931206629516,60.477158935313,38.3141764589399));
#6302=CARTESIAN_POINT('Ctrl Pts',(49.711045562693,60.7546202250057,38.3153671017431));
#6303=CARTESIAN_POINT('Ctrl Pts',(49.8666260709381,59.9110862733719,38.1623501649341));
#6304=CARTESIAN_POINT('Ctrl Pts',(49.8861548307705,60.188462142823,38.1639890227928));
#6305=CARTESIAN_POINT('Ctrl Pts',(49.905609507158,60.4658419578961,38.1656824092407));
#6306=CARTESIAN_POINT('Ctrl Pts',(49.9249871356924,60.7432258764731,38.1674241443079));
#6307=CARTESIAN_POINT('',(49.2649090311895,59.943133217651,38.5918537731265));
#6308=CARTESIAN_POINT('Ctrl Pts',(49.2649090311856,59.9431332176706,38.59185377313));
#6309=CARTESIAN_POINT('Ctrl Pts',(49.2629021342093,60.0700521924664,38.59830246102));
#6310=CARTESIAN_POINT('Ctrl Pts',(49.2608061193264,60.1969649651976,38.6047216808852));
#6311=CARTESIAN_POINT('Ctrl Pts',(49.2586226330985,60.3238850913489,38.6111107429144));
#6312=CARTESIAN_POINT('',(49.8972306851066,60.346651546763,38.1649675887487));
#6313=CARTESIAN_POINT('Ctrl Pts',(49.2649090311895,59.943133217651,38.5918537731265));
#6314=CARTESIAN_POINT('Ctrl Pts',(49.3586103149631,60.0071248058364,38.5276987600337));
#6315=CARTESIAN_POINT('Ctrl Pts',(49.4531566162761,60.0697262090001,38.4633946392282));
#6316=CARTESIAN_POINT('Ctrl Pts',(49.6636143209511,60.204859832664,38.3211488241466));
#6317=CARTESIAN_POINT('Ctrl Pts',(49.7798839996483,60.2767553481512,38.2431487230941));
#6318=CARTESIAN_POINT('Ctrl Pts',(49.8972306851087,60.346651546761,38.1649675887482));
#6319=CARTESIAN_POINT('',(49.8993266317168,60.3765458237199,38.1651503824403));
#6320=CARTESIAN_POINT('Ctrl Pts',(49.8972306721578,60.3466515474526,38.1649675887214));
#6321=CARTESIAN_POINT('Ctrl Pts',(49.89792941879,60.3566163012315,38.1650284538452));
#6322=CARTESIAN_POINT('Ctrl Pts',(49.8986280678095,60.3665810602092,38.1650893851675));
#6323=CARTESIAN_POINT('Ctrl Pts',(49.8993266190789,60.376545824393,38.1651503824016));
#6324=CARTESIAN_POINT('Ctrl Pts',(49.8993266190789,60.376545824393,38.1651503824017));
#6325=CARTESIAN_POINT('Ctrl Pts',(49.9078949156706,60.4987717206606,38.165898562838));
#6326=CARTESIAN_POINT('Ctrl Pts',(49.9164485057518,60.6209984001846,38.1666566597229));
#6327=CARTESIAN_POINT('Ctrl Pts',(49.9249871356924,60.7432258764731,38.1674241443079));
#6328=CARTESIAN_POINT('Ctrl Pts',(52.9680745535863,43.7067826194605,38.6109953221616));
#6329=CARTESIAN_POINT('Ctrl Pts',(53.0749884929398,43.4501395637494,38.6110785555662));
#6330=CARTESIAN_POINT('Ctrl Pts',(53.1819059091418,43.1934979599864,38.6111645583385));
#6331=CARTESIAN_POINT('Ctrl Pts',(53.2888269413166,42.9368578662703,38.6112530166136));
#6332=CARTESIAN_POINT('Ctrl Pts',(52.774470050121,43.6259324830951,38.4614469364191));
#6333=CARTESIAN_POINT('Ctrl Pts',(52.8799973679369,43.3687103678147,38.4620487113084));
#6334=CARTESIAN_POINT('Ctrl Pts',(52.9855498232581,43.1114987500727,38.4626705086392));
#6335=CARTESIAN_POINT('Ctrl Pts',(53.0911284219479,42.8542980499225,38.4633100591784));
#6336=CARTESIAN_POINT('Ctrl Pts',(52.5808655466558,43.5450823467297,38.3118985506766));
#6337=CARTESIAN_POINT('Ctrl Pts',(52.6850062429341,43.2872811718799,38.3130188670506));
#6338=CARTESIAN_POINT('Ctrl Pts',(52.7891937373743,43.0294995401591,38.3141764589399));
#6339=CARTESIAN_POINT('Ctrl Pts',(52.8934299025793,42.7717382335747,38.3153671017431));
#6340=CARTESIAN_POINT('Ctrl Pts',(52.3872610431906,43.4642322103643,38.1623501649341));
#6341=CARTESIAN_POINT('Ctrl Pts',(52.4900151179312,43.2058519759451,38.1639890227928));
#6342=CARTESIAN_POINT('Ctrl Pts',(52.5928376514906,42.9475003302454,38.1656824092407));
#6343=CARTESIAN_POINT('Ctrl Pts',(52.6957313832106,42.689178417227,38.1674241443079));
#6344=CARTESIAN_POINT('',(52.5486719280593,43.0585226146699,38.1649675887487));
#6345=CARTESIAN_POINT('Ctrl Pts',(52.9432940113015,43.6964341503543,38.5918537731265));
#6346=CARTESIAN_POINT('Ctrl Pts',(52.8866790239619,43.5981972096382,38.5277463666232));
#6347=CARTESIAN_POINT('Ctrl Pts',(52.8287015469995,43.5008448273529,38.4634900725977));
#6348=CARTESIAN_POINT('Ctrl Pts',(52.6977223035729,43.2877765138401,38.3212447051022));
#6349=CARTESIAN_POINT('Ctrl Pts',(52.6241171568114,43.1724817319152,38.2431967755532));
#6350=CARTESIAN_POINT('Ctrl Pts',(52.5486719280564,43.0585226146707,38.1649675887482));
#6351=CARTESIAN_POINT('',(52.559754186079,43.030679404651,38.1651503824403));
#6352=CARTESIAN_POINT('Ctrl Pts',(52.5486719400249,43.0585226196668,38.1649675887214));
#6353=CARTESIAN_POINT('Ctrl Pts',(52.5523659356917,43.0492415119342,38.1650284538452));
#6354=CARTESIAN_POINT('Ctrl Pts',(52.5560600215602,43.0399604418703,38.1650893851675));
#6355=CARTESIAN_POINT('Ctrl Pts',(52.5597541977573,43.030679409528,38.1651503824017));
#6356=CARTESIAN_POINT('Ctrl Pts',(52.5597541977573,43.030679409528,38.1651503824017));
#6357=CARTESIAN_POINT('Ctrl Pts',(52.6050662581669,42.9168400375763,38.165898562838));
#6358=CARTESIAN_POINT('Ctrl Pts',(52.6503919085267,42.8030063408508,38.1666566597229));
#6359=CARTESIAN_POINT('Ctrl Pts',(52.6957313832106,42.689178417227,38.1674241443079));
#6360=CARTESIAN_POINT('Ctrl Pts',(48.9591727649773,59.9268499608373,38.1623408174782));
#6361=CARTESIAN_POINT('Ctrl Pts',(48.9491101938827,60.2052593532066,38.1639825835847));
#6362=CARTESIAN_POINT('Ctrl Pts',(48.9389732635517,60.4836647852654,38.165679097621));
#6363=CARTESIAN_POINT('Ctrl Pts',(48.9287589918355,60.762066098187,38.1674241443079));
#6364=CARTESIAN_POINT('Ctrl Pts',(49.0656265928746,59.9325196023225,38.3118922554764));
#6365=CARTESIAN_POINT('Ctrl Pts',(49.0540605312014,60.2108489200461,38.3130145595875));
#6366=CARTESIAN_POINT('Ctrl Pts',(49.0424436378802,60.4891755305187,38.3141742891434));
#6367=CARTESIAN_POINT('Ctrl Pts',(49.0307738743272,60.7674993251673,38.3153671954064));
#6368=CARTESIAN_POINT('Ctrl Pts',(49.1720804207719,59.9381892438078,38.4614436934746));
#6369=CARTESIAN_POINT('Ctrl Pts',(49.15901086852,60.2164384868856,38.4620465355904));
#6370=CARTESIAN_POINT('Ctrl Pts',(49.1459140122087,60.4946862757721,38.4626694806658));
#6371=CARTESIAN_POINT('Ctrl Pts',(49.132788756819,60.7729325521475,38.4633102465049));
#6372=CARTESIAN_POINT('Ctrl Pts',(49.2785342486692,59.943858885293,38.6109951314729));
#6373=CARTESIAN_POINT('Ctrl Pts',(49.2639612058387,60.222028053725,38.6110785115933));
#6374=CARTESIAN_POINT('Ctrl Pts',(49.2493843865372,60.5001970210254,38.6111646721883));
#6375=CARTESIAN_POINT('Ctrl Pts',(49.2348036393108,60.7783657791278,38.6112532976034));
#6376=CARTESIAN_POINT('',(48.9421913169772,60.3947347828969,38.1651503824403));
#6377=CARTESIAN_POINT('Ctrl Pts',(48.9287589918355,60.762066098187,38.1674241443079));
#6378=CARTESIAN_POINT('Ctrl Pts',(48.9332513049339,60.6396231184611,38.1666566597229));
#6379=CARTESIAN_POINT('Ctrl Pts',(48.9377286578404,60.5171793419679,38.1658985628386));
#6380=CARTESIAN_POINT('Ctrl Pts',(48.9421913042528,60.3947347822192,38.1651503824025));
#6381=CARTESIAN_POINT('',(48.9432825085703,60.3647869935315,38.1649675887487));
#6382=CARTESIAN_POINT('Ctrl Pts',(48.9432824955269,60.3647869928368,38.1649675887223));
#6383=CARTESIAN_POINT('Ctrl Pts',(48.9429188627605,60.3747695944988,38.1650284538462));
#6384=CARTESIAN_POINT('Ctrl Pts',(48.9425551323817,60.3847521909621,38.1650893851684));
#6385=CARTESIAN_POINT('Ctrl Pts',(48.9421913042529,60.3947347822192,38.1651503824026));
#6386=CARTESIAN_POINT('Ctrl Pts',(49.2649090311895,59.943133217651,38.5918537731265));
#6387=CARTESIAN_POINT('Ctrl Pts',(49.2161309574654,60.0069019855562,38.5281702476403));
#6388=CARTESIAN_POINT('Ctrl Pts',(49.1675042638755,60.0705325576909,38.4642050556383));
#6389=CARTESIAN_POINT('Ctrl Pts',(49.1190559246049,60.1340181470093,38.4000003236876));
#6390=CARTESIAN_POINT('Ctrl Pts',(49.0602203340236,60.2111149515064,38.322030193456));
#6391=CARTESIAN_POINT('Ctrl Pts',(49.0016152506086,60.2880406511608,38.2436636571188));
#6392=CARTESIAN_POINT('Ctrl Pts',(48.9432824956479,60.3647869928463,38.1649675888954));
#6393=CARTESIAN_POINT('Origin',(49.25,51.4,38.385));
#6394=CARTESIAN_POINT('',(51.2273447987183,42.6979366228627,38.6111107429142));
#6395=CARTESIAN_POINT('',(51.6464425173264,42.3441432943482,38.1674241443079));
#6396=CARTESIAN_POINT('Ctrl Pts',(51.2273447987183,42.6979366228627,38.6111107429142));
#6397=CARTESIAN_POINT('Ctrl Pts',(51.2943089432184,42.6416136468665,38.5413499814791));
#6398=CARTESIAN_POINT('Ctrl Pts',(51.3610583231678,42.5853918204902,38.4712666386179));
#6399=CARTESIAN_POINT('Ctrl Pts',(51.5007976916718,42.4674689742006,38.3234300534362));
#6400=CARTESIAN_POINT('Ctrl Pts',(51.5737695232871,42.4057606006468,38.2455824811587));
#6401=CARTESIAN_POINT('Ctrl Pts',(51.6464425173258,42.3441432943488,38.1674241443085));
#6402=CARTESIAN_POINT('',(50.6709995492474,42.1408295353641,38.1674241443079));
#6403=CARTESIAN_POINT('Ctrl Pts',(51.2273447987183,42.6979366228627,38.6111107429142));
#6404=CARTESIAN_POINT('Ctrl Pts',(51.1417361154117,42.6065657414178,38.540980186778));
#6405=CARTESIAN_POINT('Ctrl Pts',(51.0547859009008,42.516580418199,38.470689616399));
#6406=CARTESIAN_POINT('Ctrl Pts',(50.8695525000968,42.3305807676815,38.3228115511221));
#6407=CARTESIAN_POINT('Ctrl Pts',(50.7710092576662,42.2348634449549,38.2451990413567));
#6408=CARTESIAN_POINT('Ctrl Pts',(50.6709995492474,42.1408295353641,38.1674241443079));
#6409=CARTESIAN_POINT('',(50.6637335655311,42.1069188421874,38.135));
#6410=CARTESIAN_POINT('Ctrl Pts',(50.6709995492474,42.1408295353641,38.1674241443078));
#6411=CARTESIAN_POINT('Ctrl Pts',(50.6685916954721,42.1295241672284,38.1566148620384));
#6412=CARTESIAN_POINT('Ctrl Pts',(50.6661696982137,42.118220595282,38.1458068155521));
#6413=CARTESIAN_POINT('Ctrl Pts',(50.6637335655311,42.1069188421875,38.135));
#6414=CARTESIAN_POINT('',(51.642819530678,42.3096526637534,38.135));
#6415=CARTESIAN_POINT('Origin',(49.25,51.4,38.135));
#6416=CARTESIAN_POINT('Ctrl Pts',(51.642819530678,42.3096526637534,38.135));
#6417=CARTESIAN_POINT('Ctrl Pts',(51.6440414439958,42.3211492467351,38.1458068206843));
#6418=CARTESIAN_POINT('Ctrl Pts',(51.6452491080672,42.3326461313974,38.156614867172));
#6419=CARTESIAN_POINT('Ctrl Pts',(51.6464425173264,42.3441432943483,38.1674241443078));
#6420=CARTESIAN_POINT('Ctrl Pts',(51.4309382060372,43.1516511181504,38.1623408174782));
#6421=CARTESIAN_POINT('Ctrl Pts',(51.5027004054779,42.882461163234,38.1639825835847));
#6422=CARTESIAN_POINT('Ctrl Pts',(51.5745342185617,42.6132916158215,38.165679097621));
#6423=CARTESIAN_POINT('Ctrl Pts',(51.6464425173264,42.3441432943482,38.1674241443079));
#6424=CARTESIAN_POINT('Ctrl Pts',(51.32841501178,43.1224354212075,38.3118922554764));
#6425=CARTESIAN_POINT('Ctrl Pts',(51.4016251878665,42.853658091426,38.3130145595875));
#6426=CARTESIAN_POINT('Ctrl Pts',(51.4748843187255,42.5848947121247,38.3141742891434));
#6427=CARTESIAN_POINT('Ctrl Pts',(51.5481943676693,42.3161458427824,38.3153671954064));
#6428=CARTESIAN_POINT('Ctrl Pts',(51.2258918175228,43.0932197242645,38.4614436934747));
#6429=CARTESIAN_POINT('Ctrl Pts',(51.3005499702552,42.824855019618,38.4620465355904));
#6430=CARTESIAN_POINT('Ctrl Pts',(51.3752344188892,42.556497808428,38.4626694806658));
#6431=CARTESIAN_POINT('Ctrl Pts',(51.4499462180121,42.2881483912166,38.4633102465049));
#6432=CARTESIAN_POINT('Ctrl Pts',(51.1233686232656,43.0640040273216,38.6109951314729));
#6433=CARTESIAN_POINT('Ctrl Pts',(51.1994747526439,42.79605194781,38.6110785115933));
#6434=CARTESIAN_POINT('Ctrl Pts',(51.2755845190531,42.5281009047312,38.6111646721883));
#6435=CARTESIAN_POINT('Ctrl Pts',(51.351698068355,42.2601509396508,38.6112532976035));
#6436=CARTESIAN_POINT('',(51.1364907518547,43.0677433970796,38.5918537731265));
#6437=CARTESIAN_POINT('Ctrl Pts',(51.1364907518563,43.0677433970697,38.5918537731282));
#6438=CARTESIAN_POINT('Ctrl Pts',(51.1666894605124,42.9444531225798,38.5983024610093));
#6439=CARTESIAN_POINT('Ctrl Pts',(51.1969736726564,42.8211887252678,38.6047216808814));
#6440=CARTESIAN_POINT('Ctrl Pts',(51.2273447993498,42.6979366230409,38.6111107429142));
#6441=CARTESIAN_POINT('',(51.5516080612705,42.6992758731072,38.1651503824403));
#6442=CARTESIAN_POINT('Ctrl Pts',(51.6464425173264,42.3441432943482,38.1674241443079));
#6443=CARTESIAN_POINT('Ctrl Pts',(51.6148167096914,42.4625167392274,38.1666566597229));
#6444=CARTESIAN_POINT('Ctrl Pts',(51.5832053098679,42.5808942898531,38.1658985628386));
#6445=CARTESIAN_POINT('Ctrl Pts',(51.551608073525,42.6992758765993,38.1651503824026));
#6446=CARTESIAN_POINT('',(51.5438802180693,42.7282299958953,38.1649675887487));
#6447=CARTESIAN_POINT('Ctrl Pts',(51.5438802306311,42.7282299994749,38.1649675887223));
#6448=CARTESIAN_POINT('Ctrl Pts',(51.5464560842099,42.7185785983812,38.1650284538462));
#6449=CARTESIAN_POINT('Ctrl Pts',(51.5490320317971,42.7089272240768,38.1650893851684));
#6450=CARTESIAN_POINT('Ctrl Pts',(51.551608073525,42.6992758765993,38.1651503824026));
#6451=CARTESIAN_POINT('Ctrl Pts',(51.1364907518547,43.0677433970796,38.5918537731265));
#6452=CARTESIAN_POINT('Ctrl Pts',(51.1983300146122,43.0163492395306,38.5280730165445));
#6453=CARTESIAN_POINT('Ctrl Pts',(51.2599904151894,42.9650564202216,38.464009712952));
#6454=CARTESIAN_POINT('Ctrl Pts',(51.3214440220752,42.913865554428,38.3997061774129));
#6455=CARTESIAN_POINT('Ctrl Pts',(51.3958657490687,42.8518722422092,38.321833121475));
#6456=CARTESIAN_POINT('Ctrl Pts',(51.4700253008642,42.7899941419557,38.2435647186276));
#6457=CARTESIAN_POINT('Ctrl Pts',(51.5438802305152,42.7282299994388,38.1649675888954));
#6458=CARTESIAN_POINT('Origin',(49.25,51.4,38.385));
#6459=CARTESIAN_POINT('',(47.2726552012817,60.1020633771373,38.6111107429142));
#6460=CARTESIAN_POINT('',(46.8535574826736,60.4558567056518,38.1674241443079));
#6461=CARTESIAN_POINT('Ctrl Pts',(47.2726552012817,60.1020633771373,38.6111107429142));
#6462=CARTESIAN_POINT('Ctrl Pts',(47.2056910567818,60.1583863531334,38.5413499814793));
#6463=CARTESIAN_POINT('Ctrl Pts',(47.1389416768326,60.2146081795094,38.4712666386183));
#6464=CARTESIAN_POINT('Ctrl Pts',(46.9992023083268,60.3325310258006,38.3234300534348));
#6465=CARTESIAN_POINT('Ctrl Pts',(46.92623047671,60.3942393993556,38.2455824811556));
#6466=CARTESIAN_POINT('Ctrl Pts',(46.8535574826742,60.4558567056513,38.1674241443085));
#6467=CARTESIAN_POINT('',(47.8290004507526,60.6591704646359,38.1674241443079));
#6468=CARTESIAN_POINT('Ctrl Pts',(47.2726552012818,60.1020633771373,38.6111107429142));
#6469=CARTESIAN_POINT('Ctrl Pts',(47.3582638845886,60.1934342585825,38.5409801867778));
#6470=CARTESIAN_POINT('Ctrl Pts',(47.4452140990998,60.2834195818016,38.4706896163986));
#6471=CARTESIAN_POINT('Ctrl Pts',(47.6304474999025,60.4694192323179,38.3228115511227));
#6472=CARTESIAN_POINT('Ctrl Pts',(47.7289907423324,60.5651365550438,38.2451990413578));
#6473=CARTESIAN_POINT('Ctrl Pts',(47.8290004507526,60.6591704646359,38.1674241443079));
#6474=CARTESIAN_POINT('',(47.8362664344689,60.6930811578126,38.135));
#6475=CARTESIAN_POINT('Ctrl Pts',(47.8290004507526,60.6591704646359,38.1674241443078));
#6476=CARTESIAN_POINT('Ctrl Pts',(47.8314083029655,60.6704758254361,38.156614869052));
#6477=CARTESIAN_POINT('Ctrl Pts',(47.8338303002057,60.6817793973854,38.1458068225636));
#6478=CARTESIAN_POINT('Ctrl Pts',(47.8362664344689,60.6930811578126,38.135));
#6479=CARTESIAN_POINT('',(46.857180469322,60.4903473362466,38.135));
#6480=CARTESIAN_POINT('Origin',(49.25,51.4,38.135));
#6481=CARTESIAN_POINT('Ctrl Pts',(46.857180469322,60.4903473362466,38.135));
#6482=CARTESIAN_POINT('Ctrl Pts',(46.855958556582,60.4788507587011,38.1458068155742));
#6483=CARTESIAN_POINT('Ctrl Pts',(46.8547508924972,60.4673538740401,38.1566148620599));
#6484=CARTESIAN_POINT('Ctrl Pts',(46.8535574826737,60.4558567056518,38.1674241443078));
#6485=CARTESIAN_POINT('Ctrl Pts',(47.3370472547824,59.7276817809535,38.6109953221616));
#6486=CARTESIAN_POINT('Ctrl Pts',(47.2899223235556,60.0016808490718,38.6110785555662));
#6487=CARTESIAN_POINT('Ctrl Pts',(47.2427936795632,60.275679275317,38.6111645583385));
#6488=CARTESIAN_POINT('Ctrl Pts',(47.1956611742411,60.5496770340049,38.6112530166136));
#6489=CARTESIAN_POINT('Ctrl Pts',(47.5437885369893,59.7634237806706,38.4614469364191));
#6490=CARTESIAN_POINT('Ctrl Pts',(47.4981443146793,60.0376788378063,38.4620487113084));
#6491=CARTESIAN_POINT('Ctrl Pts',(47.4524732491917,60.3119292542198,38.4626705086392));
#6492=CARTESIAN_POINT('Ctrl Pts',(47.4067742664116,60.5861748442153,38.4633100591784));
#6493=CARTESIAN_POINT('Ctrl Pts',(47.7505298191962,59.7991657803877,38.3118985506766));
#6494=CARTESIAN_POINT('Ctrl Pts',(47.706366305803,60.0736768265408,38.3130188670506));
#6495=CARTESIAN_POINT('Ctrl Pts',(47.6621528188202,60.3481792331226,38.3141764589399));
#6496=CARTESIAN_POINT('Ctrl Pts',(47.6178873585821,60.6226726544256,38.3153671017431));
#6497=CARTESIAN_POINT('Ctrl Pts',(47.957271101403,59.8349077801048,38.1623501649341));
#6498=CARTESIAN_POINT('Ctrl Pts',(47.9145882969267,60.1096748152753,38.1639890227927));
#6499=CARTESIAN_POINT('Ctrl Pts',(47.8718323884487,60.3844292120255,38.1656824092407));
#6500=CARTESIAN_POINT('Ctrl Pts',(47.8290004507526,60.659170464636,38.1674241443079));
#6501=CARTESIAN_POINT('',(47.3635092481453,59.7322566029203,38.5918537731265));
#6502=CARTESIAN_POINT('Ctrl Pts',(47.3635092481372,59.7322566029386,38.59185377313));
#6503=CARTESIAN_POINT('Ctrl Pts',(47.3333105394484,59.8555468774688,38.5983024610203));
#6504=CARTESIAN_POINT('Ctrl Pts',(47.3030263273144,59.9788112748319,38.6047216808858));
#6505=CARTESIAN_POINT('Ctrl Pts',(47.2726552006384,60.1020633770296,38.6111107429144));
#6506=CARTESIAN_POINT('',(47.8901860025635,60.2663626900391,38.1649675887487));
#6507=CARTESIAN_POINT('Ctrl Pts',(47.3635092481453,59.7322566029203,38.5918537731265));
#6508=CARTESIAN_POINT('Ctrl Pts',(47.4405893121648,59.8154592418581,38.5277257697896));
#6509=CARTESIAN_POINT('Ctrl Pts',(47.5188015992991,59.8974955680439,38.4634487836856));
#6510=CARTESIAN_POINT('Ctrl Pts',(47.6939106156711,60.0760745309315,38.3212032225404));
#6511=CARTESIAN_POINT('Ctrl Pts',(47.7913003402789,60.1720739728401,38.2431759858157));
#6512=CARTESIAN_POINT('Ctrl Pts',(47.8901860025661,60.2663626900376,38.1649675887482));
#6513=CARTESIAN_POINT('',(47.8855772969879,60.2959738470561,38.1651503824403));
#6514=CARTESIAN_POINT('Ctrl Pts',(47.890185989786,60.26636268783,38.1649675887214));
#6515=CARTESIAN_POINT('Ctrl Pts',(47.8886498510637,60.2762330901803,38.1650284538452));
#6516=CARTESIAN_POINT('Ctrl Pts',(47.8871136160193,60.2861034758781,38.1650893851675));
#6517=CARTESIAN_POINT('Ctrl Pts',(47.8855772845171,60.2959738449001,38.1651503824017));
#6518=CARTESIAN_POINT('Ctrl Pts',(47.8855772845171,60.2959738449001,38.1651503824017));
#6519=CARTESIAN_POINT('Ctrl Pts',(47.866732935433,60.4170419081228,38.165898562838));
#6520=CARTESIAN_POINT('Ctrl Pts',(47.8478740742705,60.5381074624576,38.1666566597229));
#6521=CARTESIAN_POINT('Ctrl Pts',(47.8290004507526,60.659170464636,38.1674241443079));
#6522=CARTESIAN_POINT('Ctrl Pts',(51.1629527452176,43.0723182190465,38.6109953221616));
#6523=CARTESIAN_POINT('Ctrl Pts',(51.2100776764444,42.7983191509282,38.6110785555662));
#6524=CARTESIAN_POINT('Ctrl Pts',(51.2572063204368,42.5243207246831,38.6111645583385));
#6525=CARTESIAN_POINT('Ctrl Pts',(51.3043388257589,42.2503229659952,38.6112530166136));
#6526=CARTESIAN_POINT('Ctrl Pts',(50.9562114630107,43.0365762193294,38.4614469364191));
#6527=CARTESIAN_POINT('Ctrl Pts',(51.0018556853207,42.7623211621937,38.4620487113084));
#6528=CARTESIAN_POINT('Ctrl Pts',(51.0475267508083,42.4880707457802,38.4626705086392));
#6529=CARTESIAN_POINT('Ctrl Pts',(51.0932257335884,42.2138251557848,38.4633100591784));
#6530=CARTESIAN_POINT('Ctrl Pts',(50.7494701808039,43.0008342196123,38.3118985506766));
#6531=CARTESIAN_POINT('Ctrl Pts',(50.793633694197,42.7263231734592,38.3130188670506));
#6532=CARTESIAN_POINT('Ctrl Pts',(50.8378471811798,42.4518207668774,38.3141764589399));
#6533=CARTESIAN_POINT('Ctrl Pts',(50.8821126414179,42.1773273455744,38.3153671017431));
#6534=CARTESIAN_POINT('Ctrl Pts',(50.542728898597,42.9650922198952,38.1623501649341));
#6535=CARTESIAN_POINT('Ctrl Pts',(50.5854117030733,42.6903251847247,38.1639890227927));
#6536=CARTESIAN_POINT('Ctrl Pts',(50.6281676115513,42.4155707879746,38.1656824092407));
#6537=CARTESIAN_POINT('Ctrl Pts',(50.6709995492474,42.1408295353641,38.1674241443079));
#6538=CARTESIAN_POINT('',(50.6098139974365,42.533637309961,38.1649675887487));
#6539=CARTESIAN_POINT('Ctrl Pts',(51.1364907518547,43.0677433970796,38.5918537731265));
#6540=CARTESIAN_POINT('Ctrl Pts',(51.0594106878356,42.9845407581423,38.5277257697899));
#6541=CARTESIAN_POINT('Ctrl Pts',(50.9811984007016,42.9025044319567,38.4634487836861));
#6542=CARTESIAN_POINT('Ctrl Pts',(50.8060893843287,42.7239254690683,38.3212032225403));
#6543=CARTESIAN_POINT('Ctrl Pts',(50.7086996597208,42.6279260271596,38.2431759858155));
#6544=CARTESIAN_POINT('Ctrl Pts',(50.6098139974339,42.5336373099624,38.1649675887482));
#6545=CARTESIAN_POINT('',(50.6144227030121,42.504026152944,38.1651503824403));
#6546=CARTESIAN_POINT('Ctrl Pts',(50.609814010214,42.53363731217,38.1649675887214));
#6547=CARTESIAN_POINT('Ctrl Pts',(50.6113501489363,42.5237669098197,38.1650284538452));
#6548=CARTESIAN_POINT('Ctrl Pts',(50.6128863839807,42.5138965241219,38.1650893851675));
#6549=CARTESIAN_POINT('Ctrl Pts',(50.6144227154829,42.5040261550999,38.1651503824017));
#6550=CARTESIAN_POINT('Ctrl Pts',(50.6144227154829,42.5040261550999,38.1651503824017));
#6551=CARTESIAN_POINT('Ctrl Pts',(50.633267064567,42.3829580918772,38.165898562838));
#6552=CARTESIAN_POINT('Ctrl Pts',(50.6521259257295,42.2618925375424,38.1666566597229));
#6553=CARTESIAN_POINT('Ctrl Pts',(50.6709995492474,42.1408295353641,38.1674241443079));
#6554=CARTESIAN_POINT('Ctrl Pts',(47.0690617939628,59.6483488818496,38.1623408174782));
#6555=CARTESIAN_POINT('Ctrl Pts',(46.9972995945222,59.917538836766,38.1639825835847));
#6556=CARTESIAN_POINT('Ctrl Pts',(46.9254657814384,60.1867083841785,38.165679097621));
#6557=CARTESIAN_POINT('Ctrl Pts',(46.8535574826736,60.4558567056518,38.1674241443079));
#6558=CARTESIAN_POINT('Ctrl Pts',(47.17158498822,59.6775645787925,38.3118922554764));
#6559=CARTESIAN_POINT('Ctrl Pts',(47.0983748121335,59.946341908574,38.3130145595875));
#6560=CARTESIAN_POINT('Ctrl Pts',(47.0251156812746,60.2151052878753,38.3141742891434));
#6561=CARTESIAN_POINT('Ctrl Pts',(46.9518056323308,60.4838541572176,38.3153671954064));
#6562=CARTESIAN_POINT('Ctrl Pts',(47.2741081824772,59.7067802757355,38.4614436934746));
#6563=CARTESIAN_POINT('Ctrl Pts',(47.1994500297448,59.975144980382,38.4620465355904));
#6564=CARTESIAN_POINT('Ctrl Pts',(47.1247655811108,60.2435021915721,38.4626694806658));
#6565=CARTESIAN_POINT('Ctrl Pts',(47.0500537819879,60.5118516087834,38.4633102465049));
#6566=CARTESIAN_POINT('Ctrl Pts',(47.3766313767344,59.7359959726784,38.6109951314729));
#6567=CARTESIAN_POINT('Ctrl Pts',(47.3005252473562,60.00394805219,38.6110785115933));
#6568=CARTESIAN_POINT('Ctrl Pts',(47.224415480947,60.2718990952689,38.6111646721883));
#6569=CARTESIAN_POINT('Ctrl Pts',(47.148301931645,60.5398490603492,38.6112532976035));
#6570=CARTESIAN_POINT('',(46.9483919387295,60.1007241268928,38.1651503824403));
#6571=CARTESIAN_POINT('Ctrl Pts',(46.8535574826736,60.4558567056518,38.1674241443079));
#6572=CARTESIAN_POINT('Ctrl Pts',(46.8851832903086,60.3374832607726,38.1666566597229));
#6573=CARTESIAN_POINT('Ctrl Pts',(46.9167946901321,60.2191057101469,38.1658985628386));
#6574=CARTESIAN_POINT('Ctrl Pts',(46.948391926475,60.1007241234007,38.1651503824026));
#6575=CARTESIAN_POINT('',(46.9561197819307,60.0717700041047,38.1649675887487));
#6576=CARTESIAN_POINT('Ctrl Pts',(46.9561197693689,60.071770000525,38.1649675887223));
#6577=CARTESIAN_POINT('Ctrl Pts',(46.9535439157901,60.0814214016187,38.1650284538462));
#6578=CARTESIAN_POINT('Ctrl Pts',(46.9509679682029,60.0910727759232,38.1650893851684));
#6579=CARTESIAN_POINT('Ctrl Pts',(46.948391926475,60.1007241234007,38.1651503824026));
#6580=CARTESIAN_POINT('Ctrl Pts',(47.3635092481453,59.7322566029203,38.5918537731265));
#6581=CARTESIAN_POINT('Ctrl Pts',(47.3016699853874,59.7836507604698,38.528073016544));
#6582=CARTESIAN_POINT('Ctrl Pts',(47.2400095848099,59.8349435797791,38.4640097129511));
#6583=CARTESIAN_POINT('Ctrl Pts',(47.1785559779248,59.886134445572,38.3997061774129));
#6584=CARTESIAN_POINT('Ctrl Pts',(47.10413425093,59.9481277577919,38.3218331214736));
#6585=CARTESIAN_POINT('Ctrl Pts',(47.0299746991331,60.0100058580466,38.2435647186247));
#6586=CARTESIAN_POINT('Ctrl Pts',(46.9561197694848,60.0717700005612,38.1649675888954));
#6587=CARTESIAN_POINT('Origin',(49.25,51.4,38.385));
#6588=CARTESIAN_POINT('',(49.2413773662504,42.4761149086892,38.6111107429142));
#6589=CARTESIAN_POINT('',(49.5712410081646,42.037933901813,38.1674241443079));
#6590=CARTESIAN_POINT('Ctrl Pts',(49.2413773662504,42.4761149086892,38.6111107429142));
#6591=CARTESIAN_POINT('Ctrl Pts',(49.2940574855336,42.4063984977405,38.5414452662369));
#6592=CARTESIAN_POINT('Ctrl Pts',(49.3465512285037,42.3368281101304,38.4714581081287));
#6593=CARTESIAN_POINT('Ctrl Pts',(49.4565479126216,42.190766115104,38.3236231903975));
#6594=CARTESIAN_POINT('Ctrl Pts',(49.5140303442198,42.1142721660395,38.2456794259478));
#6595=CARTESIAN_POINT('Ctrl Pts',(49.5712410081642,42.0379339018137,38.1674241443085));
#6596=CARTESIAN_POINT('',(48.5750128643076,42.0567741235269,38.1674241443079));
#6597=CARTESIAN_POINT('Ctrl Pts',(49.2413773662504,42.4761149086892,38.6111107429142));
#6598=CARTESIAN_POINT('Ctrl Pts',(49.1375438341716,42.4060580920945,38.5409536307363));
#6599=CARTESIAN_POINT('Ctrl Pts',(49.0327099656821,42.3376518638416,38.4706363840344));
#6600=CARTESIAN_POINT('Ctrl Pts',(48.8107304452362,42.1975365300509,38.3227580858193));
#6601=CARTESIAN_POINT('Ctrl Pts',(48.6933988425733,42.1261722409805,38.2451722522887));
#6602=CARTESIAN_POINT('Ctrl Pts',(48.5750128643076,42.0567741235269,38.1674241443079));
#6603=CARTESIAN_POINT('',(48.5603832148563,42.0253304757102,38.135));
#6604=CARTESIAN_POINT('Ctrl Pts',(48.5750128643076,42.0567741235269,38.1674241443078));
#6605=CARTESIAN_POINT('Ctrl Pts',(48.5701496993773,42.0462880024448,38.1566148620384));
#6606=CARTESIAN_POINT('Ctrl Pts',(48.5652731452603,42.0358067797389,38.1458068155521));
#6607=CARTESIAN_POINT('Ctrl Pts',(48.5603832148563,42.0253304757102,38.135));
#6608=CARTESIAN_POINT('',(49.5600339700229,42.0051142137101,38.135));
#6609=CARTESIAN_POINT('Origin',(49.25,51.4,38.135));
#6610=CARTESIAN_POINT('Ctrl Pts',(49.5600339700229,42.0051142137101,38.135));
#6611=CARTESIAN_POINT('Ctrl Pts',(49.5637834780727,42.0160506528415,38.1458068214555));
#6612=CARTESIAN_POINT('Ctrl Pts',(49.5675191609951,42.0269905560655,38.1566148679435));
#6613=CARTESIAN_POINT('Ctrl Pts',(49.5712410081646,42.0379339018131,38.1674241443078));
#6614=CARTESIAN_POINT('Ctrl Pts',(49.5408272350227,42.8731500391627,38.1623408174782));
#6615=CARTESIAN_POINT('Ctrl Pts',(49.5508898061173,42.5947406467934,38.1639825835847));
#6616=CARTESIAN_POINT('Ctrl Pts',(49.5610267364483,42.3163352147346,38.165679097621));
#6617=CARTESIAN_POINT('Ctrl Pts',(49.5712410081646,42.037933901813,38.1674241443079));
#6618=CARTESIAN_POINT('Ctrl Pts',(49.4343734071254,42.8674803976775,38.3118922554764));
#6619=CARTESIAN_POINT('Ctrl Pts',(49.4459394687987,42.5891510799539,38.3130145595875));
#6620=CARTESIAN_POINT('Ctrl Pts',(49.4575563621198,42.3108244694813,38.3141742891434));
#6621=CARTESIAN_POINT('Ctrl Pts',(49.4692261256728,42.0325006748328,38.3153671954064));
#6622=CARTESIAN_POINT('Ctrl Pts',(49.3279195792281,42.8618107561922,38.4614436934746));
#6623=CARTESIAN_POINT('Ctrl Pts',(49.34098913148,42.5835615131145,38.4620465355904));
#6624=CARTESIAN_POINT('Ctrl Pts',(49.3540859877913,42.305313724228,38.4626694806658));
#6625=CARTESIAN_POINT('Ctrl Pts',(49.367211243181,42.0270674478525,38.4633102465049));
#6626=CARTESIAN_POINT('Ctrl Pts',(49.2214657513308,42.856141114707,38.6109951314729));
#6627=CARTESIAN_POINT('Ctrl Pts',(49.2360387941613,42.577971946275,38.6110785115933));
#6628=CARTESIAN_POINT('Ctrl Pts',(49.2506156134628,42.2998029789746,38.6111646721883));
#6629=CARTESIAN_POINT('Ctrl Pts',(49.2651963606893,42.0216342208722,38.6112532976034));
#6630=CARTESIAN_POINT('',(49.2350909688105,42.856866782349,38.5918537731265));
#6631=CARTESIAN_POINT('Ctrl Pts',(49.2350909688098,42.8568667823389,38.5918537731282));
#6632=CARTESIAN_POINT('Ctrl Pts',(49.2370978657634,42.7299478075787,38.5983024610096));
#6633=CARTESIAN_POINT('Ctrl Pts',(49.2391938806677,42.6030350348867,38.6047216808818));
#6634=CARTESIAN_POINT('Ctrl Pts',(49.2413773669057,42.4761149087224,38.6111107429142));
#6635=CARTESIAN_POINT('',(49.5578086830229,42.4052652171031,38.1651503824403));
#6636=CARTESIAN_POINT('Ctrl Pts',(49.5712410081646,42.037933901813,38.1674241443079));
#6637=CARTESIAN_POINT('Ctrl Pts',(49.5667486950661,42.1603768815389,38.1666566597229));
#6638=CARTESIAN_POINT('Ctrl Pts',(49.5622713421597,42.2828206580321,38.1658985628386));
#6639=CARTESIAN_POINT('Ctrl Pts',(49.5578086957472,42.4052652177808,38.1651503824026));
#6640=CARTESIAN_POINT('',(49.5567174914297,42.4352130064685,38.1649675887487));
#6641=CARTESIAN_POINT('Ctrl Pts',(49.5567175044731,42.4352130071632,38.1649675887223));
#6642=CARTESIAN_POINT('Ctrl Pts',(49.5570811372395,42.4252304055012,38.1650284538462));
#6643=CARTESIAN_POINT('Ctrl Pts',(49.5574448676183,42.4152478090379,38.1650893851684));
#6644=CARTESIAN_POINT('Ctrl Pts',(49.5578086957472,42.4052652177808,38.1651503824026));
#6645=CARTESIAN_POINT('Ctrl Pts',(49.2350909688105,42.856866782349,38.5918537731265));
#6646=CARTESIAN_POINT('Ctrl Pts',(49.2838690425345,42.793098014444,38.5281702476405));
#6647=CARTESIAN_POINT('Ctrl Pts',(49.3324957361243,42.7294674423095,38.4642050556387));
#6648=CARTESIAN_POINT('Ctrl Pts',(49.3809440753952,42.6659818529907,38.4000003236876));
#6649=CARTESIAN_POINT('Ctrl Pts',(49.4397796659766,42.5888850484934,38.3220301934558));
#6650=CARTESIAN_POINT('Ctrl Pts',(49.4983847493918,42.5119593488388,38.2436636571184));
#6651=CARTESIAN_POINT('Ctrl Pts',(49.5567175043522,42.4352130071537,38.1649675888954));
#6652=CARTESIAN_POINT('Origin',(49.25,51.4,38.385));
#6653=CARTESIAN_POINT('',(45.3858400936944,59.4438838685819,38.6111107429142));
#6654=CARTESIAN_POINT('',(44.8985236080031,59.6955488439308,38.1674241443079));
#6655=CARTESIAN_POINT('Ctrl Pts',(45.3858400936944,59.4438838685819,38.6111107429142));
#6656=CARTESIAN_POINT('Ctrl Pts',(45.3079745764858,59.4839180857586,38.5413076127458));
#6657=CARTESIAN_POINT('Ctrl Pts',(45.2303412192674,59.5239014223776,38.4711815005456));
#6658=CARTESIAN_POINT('Ctrl Pts',(45.0678657290622,59.6077726738432,38.3233441740052));
#6659=CARTESIAN_POINT('Ctrl Pts',(44.983039040123,59.6516718875993,38.2455393742534));
#6660=CARTESIAN_POINT('Ctrl Pts',(44.8985236080037,59.6955488439304,38.1674241443085));
#6661=CARTESIAN_POINT('',(45.8042686167894,60.1108215827731,38.1674241443079));
#6662=CARTESIAN_POINT('Ctrl Pts',(45.3858400936944,59.4438838685819,38.6111107429142));
#6663=CARTESIAN_POINT('Ctrl Pts',(45.4489522253695,59.5519823922121,38.5410004374631));
#6664=CARTESIAN_POINT('Ctrl Pts',(45.5136796363012,59.6590292238537,38.4707302094616));
#6665=CARTESIAN_POINT('Ctrl Pts',(45.6528781452837,59.8815850822448,38.3228523218211));
#6666=CARTESIAN_POINT('Ctrl Pts',(45.7276707600083,59.9968611208595,38.2452194697419));
#6667=CARTESIAN_POINT('Ctrl Pts',(45.8042686167895,60.110821582773,38.1674241443079));
#6668=CARTESIAN_POINT('',(45.8038065880071,60.1454988975551,38.135));
#6669=CARTESIAN_POINT('Ctrl Pts',(45.8042686167894,60.110821582773,38.1674241443078));
#6670=CARTESIAN_POINT('Ctrl Pts',(45.8041004201562,60.1223792591171,38.156614899897));
#6671=CARTESIAN_POINT('Ctrl Pts',(45.8039464114007,60.133938372003,38.1458068533967));
#6672=CARTESIAN_POINT('Ctrl Pts',(45.8038065880071,60.1454988975551,38.135));
#6673=CARTESIAN_POINT('',(44.8943808714793,59.7299809127792,38.135));
#6674=CARTESIAN_POINT('Origin',(49.25,51.4,38.135));
#6675=CARTESIAN_POINT('Ctrl Pts',(44.8943808714793,59.7299809127792,38.135));
#6676=CARTESIAN_POINT('Ctrl Pts',(44.8957478238155,59.7185006772713,38.1458068155742));
#6677=CARTESIAN_POINT('Ctrl Pts',(44.8971287359032,59.7070233129721,38.1566148620599));
#6678=CARTESIAN_POINT('Ctrl Pts',(44.8985236080031,59.6955488439308,38.1674241443078));
#6679=CARTESIAN_POINT('Ctrl Pts',(45.5319254464138,59.0932173805395,38.6109953221616));
#6680=CARTESIAN_POINT('Ctrl Pts',(45.4250115070602,59.3498604362506,38.6110785555662));
#6681=CARTESIAN_POINT('Ctrl Pts',(45.3180940908582,59.6065020400136,38.6111645583385));
#6682=CARTESIAN_POINT('Ctrl Pts',(45.2111730586834,59.8631421337297,38.6112530166136));
#6683=CARTESIAN_POINT('Ctrl Pts',(45.725529949879,59.1740675169049,38.4614469364191));
#6684=CARTESIAN_POINT('Ctrl Pts',(45.6200026320631,59.4312896321853,38.4620487113084));
#6685=CARTESIAN_POINT('Ctrl Pts',(45.5144501767419,59.6885012499273,38.4626705086392));
#6686=CARTESIAN_POINT('Ctrl Pts',(45.4088715780521,59.9457019500775,38.4633100591784));
#6687=CARTESIAN_POINT('Ctrl Pts',(45.9191344533442,59.2549176532703,38.3118985506766));
#6688=CARTESIAN_POINT('Ctrl Pts',(45.8149937570659,59.5127188281201,38.3130188670506));
#6689=CARTESIAN_POINT('Ctrl Pts',(45.7108062626257,59.770500459841,38.3141764589399));
#6690=CARTESIAN_POINT('Ctrl Pts',(45.6065700974207,60.0282617664253,38.3153671017431));
#6691=CARTESIAN_POINT('Ctrl Pts',(46.1127389568095,59.3357677896357,38.1623501649341));
#6692=CARTESIAN_POINT('Ctrl Pts',(46.0099848820688,59.5941480240549,38.1639890227927));
#6693=CARTESIAN_POINT('Ctrl Pts',(45.9071623485094,59.8524996697546,38.1656824092407));
#6694=CARTESIAN_POINT('Ctrl Pts',(45.8042686167894,60.1108215827731,38.1674241443079));
#6695=CARTESIAN_POINT('',(45.5567059886985,59.1035658496457,38.5918537731265));
#6696=CARTESIAN_POINT('Ctrl Pts',(45.5567059886865,59.1035658496617,38.59185377313));
#6697=CARTESIAN_POINT('Ctrl Pts',(45.499829757636,59.2170451347435,38.5983024610205));
#6698=CARTESIAN_POINT('Ctrl Pts',(45.442875925102,59.3304801651456,38.6047216808861));
#6699=CARTESIAN_POINT('Ctrl Pts',(45.3858400930912,59.4438838683338,38.6111107429144));
#6700=CARTESIAN_POINT('',(45.9513280719408,59.7414773853301,38.1649675887487));
#6701=CARTESIAN_POINT('Ctrl Pts',(45.5567059886985,59.1035658496457,38.5918537731265));
#6702=CARTESIAN_POINT('Ctrl Pts',(45.6133209760382,59.201802790362,38.5277463666231));
#6703=CARTESIAN_POINT('Ctrl Pts',(45.6712984530007,59.2991551726474,38.4634900725976));
#6704=CARTESIAN_POINT('Ctrl Pts',(45.8022776964273,59.5122234861601,38.321244705102));
#6705=CARTESIAN_POINT('Ctrl Pts',(45.875882843189,59.6275182680853,38.2431967755529));
#6706=CARTESIAN_POINT('Ctrl Pts',(45.9513280719436,59.7414773853293,38.1649675887482));
#6707=CARTESIAN_POINT('',(45.9402458139211,59.769320595349,38.1651503824403));
#6708=CARTESIAN_POINT('Ctrl Pts',(45.9513280599751,59.7414773803332,38.1649675887214));
#6709=CARTESIAN_POINT('Ctrl Pts',(45.9476340643083,59.7507584880658,38.1650284538452));
#6710=CARTESIAN_POINT('Ctrl Pts',(45.9439399784398,59.7600395581298,38.1650893851675));
#6711=CARTESIAN_POINT('Ctrl Pts',(45.9402458022427,59.7693205904721,38.1651503824017));
#6712=CARTESIAN_POINT('Ctrl Pts',(45.9402458022427,59.7693205904721,38.1651503824017));
#6713=CARTESIAN_POINT('Ctrl Pts',(45.8949337418331,59.8831599624237,38.165898562838));
#6714=CARTESIAN_POINT('Ctrl Pts',(45.8496080914733,59.9969936591492,38.1666566597229));
#6715=CARTESIAN_POINT('Ctrl Pts',(45.8042686167894,60.1108215827731,38.1674241443079));
#6716=CARTESIAN_POINT('Ctrl Pts',(49.2619074984087,42.8554385565003,38.6109953221616));
#6717=CARTESIAN_POINT('Ctrl Pts',(49.2468803806806,42.5778229333707,38.6110785555662));
#6718=CARTESIAN_POINT('Ctrl Pts',(49.2318570254614,42.3002071098532,38.6111645583385));
#6719=CARTESIAN_POINT('Ctrl Pts',(49.2168375833058,42.0225910779291,38.6112530166136));
#6720=CARTESIAN_POINT('Ctrl Pts',(49.0523963086265,42.8665969465429,38.4614469364191));
#6721=CARTESIAN_POINT('Ctrl Pts',(49.0358686435302,42.5890612413062,38.4620487113084));
#6722=CARTESIAN_POINT('Ctrl Pts',(49.0193681812549,42.3115240872701,38.4626705086392));
#6723=CARTESIAN_POINT('Ctrl Pts',(49.0028960103064,42.0339854264617,38.4633100591784));
#6724=CARTESIAN_POINT('Ctrl Pts',(48.8428851188442,42.8777553365855,38.3118985506766));
#6725=CARTESIAN_POINT('Ctrl Pts',(48.8248569063799,42.6002995492416,38.3130188670506));
#6726=CARTESIAN_POINT('Ctrl Pts',(48.8068793370485,42.322841064687,38.3141764589399));
#6727=CARTESIAN_POINT('Ctrl Pts',(48.788954437307,42.0453797749943,38.3153671017431));
#6728=CARTESIAN_POINT('Ctrl Pts',(48.6333739290619,42.8889137266281,38.1623501649341));
#6729=CARTESIAN_POINT('Ctrl Pts',(48.6138451692296,42.611537857177,38.1639890227928));
#6730=CARTESIAN_POINT('Ctrl Pts',(48.594390492842,42.3341580421039,38.1656824092407));
#6731=CARTESIAN_POINT('Ctrl Pts',(48.5750128643076,42.0567741235268,38.1674241443079));
#6732=CARTESIAN_POINT('',(48.6027693148935,42.453348453237,38.1649675887487));
#6733=CARTESIAN_POINT('Ctrl Pts',(49.2350909688105,42.856866782349,38.5918537731265));
#6734=CARTESIAN_POINT('Ctrl Pts',(49.1413896850373,42.7928751941638,38.5276987600339));
#6735=CARTESIAN_POINT('Ctrl Pts',(49.0468433837246,42.7302737910003,38.4633946392286));
#6736=CARTESIAN_POINT('Ctrl Pts',(48.8363856790492,42.5951401673362,38.3211488241468));
#6737=CARTESIAN_POINT('Ctrl Pts',(48.7201160003523,42.5232446518491,38.2431487230945));
#6738=CARTESIAN_POINT('Ctrl Pts',(48.6027693148913,42.453348453239,38.1649675887482));
#6739=CARTESIAN_POINT('',(48.6006733682833,42.4234541762801,38.1651503824403));
#6740=CARTESIAN_POINT('Ctrl Pts',(48.6027693278422,42.4533484525474,38.1649675887214));
#6741=CARTESIAN_POINT('Ctrl Pts',(48.60207058121,42.4433836987685,38.1650284538452));
#6742=CARTESIAN_POINT('Ctrl Pts',(48.6013719321905,42.4334189397908,38.1650893851675));
#6743=CARTESIAN_POINT('Ctrl Pts',(48.6006733809211,42.423454175607,38.1651503824017));
#6744=CARTESIAN_POINT('Ctrl Pts',(48.6006733809211,42.423454175607,38.1651503824017));
#6745=CARTESIAN_POINT('Ctrl Pts',(48.5921050843295,42.3012282793394,38.165898562838));
#6746=CARTESIAN_POINT('Ctrl Pts',(48.5835514942483,42.1790015998154,38.1666566597229));
#6747=CARTESIAN_POINT('Ctrl Pts',(48.5750128643076,42.0567741235268,38.1674241443079));
#6748=CARTESIAN_POINT('Ctrl Pts',(45.2883121714039,58.9562411478205,38.1623408174782));
#6749=CARTESIAN_POINT('Ctrl Pts',(45.15844879995,59.2027133569052,38.1639825835846));
#6750=CARTESIAN_POINT('Ctrl Pts',(45.0285201514533,59.4491497346099,38.165679097621));
#6751=CARTESIAN_POINT('Ctrl Pts',(44.8985236080031,59.6955488439308,38.1674241443079));
#6752=CARTESIAN_POINT('Ctrl Pts',(45.3817637909614,59.0075379031823,38.3118922554764));
#6753=CARTESIAN_POINT('Ctrl Pts',(45.2505805643896,59.2532856273901,38.3130145595875));
#6754=CARTESIAN_POINT('Ctrl Pts',(45.1193527147177,59.4990088574237,38.3141742891434));
#6755=CARTESIAN_POINT('Ctrl Pts',(44.9880784523532,59.7447066109535,38.3153671954064));
#6756=CARTESIAN_POINT('Ctrl Pts',(45.4752154105188,59.0588346585441,38.4614436934746));
#6757=CARTESIAN_POINT('Ctrl Pts',(45.3427123288292,59.303857897875,38.4620465355904));
#6758=CARTESIAN_POINT('Ctrl Pts',(45.210185277982,59.5488679802374,38.4626694806658));
#6759=CARTESIAN_POINT('Ctrl Pts',(45.0776332967033,59.7938643779761,38.4633102465049));
#6760=CARTESIAN_POINT('Ctrl Pts',(45.5686670300763,59.1101314139059,38.6109951314729));
#6761=CARTESIAN_POINT('Ctrl Pts',(45.4348440932689,59.3544301683599,38.6110785115933));
#6762=CARTESIAN_POINT('Ctrl Pts',(45.3010178412464,59.5987271030511,38.6111646721883));
#6763=CARTESIAN_POINT('Ctrl Pts',(45.1671881410535,59.8430221449987,38.6112532976035));
#6764=CARTESIAN_POINT('',(45.0700047993523,59.3704228321064,38.1651503824403));
#6765=CARTESIAN_POINT('Ctrl Pts',(44.8985236080031,59.6955488439308,38.1674241443079));
#6766=CARTESIAN_POINT('Ctrl Pts',(44.9556970601218,59.587180672709,38.1666566597229));
#6767=CARTESIAN_POINT('Ctrl Pts',(45.0128573792776,59.4788052926407,38.1658985628386));
#6768=CARTESIAN_POINT('Ctrl Pts',(45.0700047881821,59.3704228259749,38.1651503824026));
#6769=CARTESIAN_POINT('',(45.0839817878348,59.3439142565141,38.1649675887487));
#6770=CARTESIAN_POINT('Ctrl Pts',(45.0839817763845,59.3439142502289,38.1649675887223));
#6771=CARTESIAN_POINT('Ctrl Pts',(45.0793228660475,59.3527504892027,38.1650284538462));
#6772=CARTESIAN_POINT('Ctrl Pts',(45.0746638700202,59.3615866811402,38.1650893851684));
#6773=CARTESIAN_POINT('Ctrl Pts',(45.0700047881821,59.3704228259749,38.1651503824026));
#6774=CARTESIAN_POINT('Ctrl Pts',(45.5567059886985,59.1035658496457,38.5918537731265));
#6775=CARTESIAN_POINT('Ctrl Pts',(45.4849322689122,59.1399355552254,38.5280297812973));
#6776=CARTESIAN_POINT('Ctrl Pts',(45.4133557339733,59.176246189051,38.4639228504737));
#6777=CARTESIAN_POINT('Ctrl Pts',(45.3420038056651,59.2125033785436,38.3995753797134));
#6778=CARTESIAN_POINT('Ctrl Pts',(45.2557018479372,59.2563573641207,38.3217454901348));
#6779=CARTESIAN_POINT('Ctrl Pts',(45.1696808268919,59.3001574381592,38.2435207241273));
#6780=CARTESIAN_POINT('Ctrl Pts',(45.0839817764894,59.34391425029,38.1649675888954));
#6781=CARTESIAN_POINT('Origin',(49.25,51.4,38.385));
#6782=CARTESIAN_POINT('',(47.2558423086437,42.701774055893,38.6111107429142));
#6783=CARTESIAN_POINT('',(47.4799311334678,42.2011775960245,38.1674241443079));
#6784=CARTESIAN_POINT('Ctrl Pts',(47.2558423086437,42.701774055893,38.6111107429142));
#6785=CARTESIAN_POINT('Ctrl Pts',(47.2917233142889,42.6220052350636,38.5413771519248));
#6786=CARTESIAN_POINT('Ctrl Pts',(47.3274548246986,42.5424205926254,38.4713212362761));
#6787=CARTESIAN_POINT('Ctrl Pts',(47.4021911167261,42.3755448465484,38.3234851265438));
#6788=CARTESIAN_POINT('Ctrl Pts',(47.441176073125,42.2882552887222,38.2456101249738));
#6789=CARTESIAN_POINT('Ctrl Pts',(47.4799311334675,42.2011775960252,38.1674241443085));
#6790=CARTESIAN_POINT('',(46.5128728528522,42.4412270710496,38.1674241443079));
#6791=CARTESIAN_POINT('Ctrl Pts',(47.2558423086437,42.701774055893,38.6111107429142));
#6792=CARTESIAN_POINT('Ctrl Pts',(47.1390882144649,42.6566040779438,38.540992800953));
#6793=CARTESIAN_POINT('Ctrl Pts',(47.0217268314726,42.6132638547349,38.4707149018674));
#6794=CARTESIAN_POINT('Ctrl Pts',(46.7741354954198,42.5260523553881,38.3228369472401));
#6795=CARTESIAN_POINT('Ctrl Pts',(46.64379968855,42.4825628717859,38.2452117662216));
#6796=CARTESIAN_POINT('Ctrl Pts',(46.5128728528522,42.4412270710497,38.1674241443079));
#6797=CARTESIAN_POINT('',(46.4916131293776,42.4138271843917,38.135));
#6798=CARTESIAN_POINT('Ctrl Pts',(46.5128728528522,42.4412270710496,38.1674241443078));
#6799=CARTESIAN_POINT('Ctrl Pts',(46.5057982361634,42.4320860149184,38.1566148620384));
#6800=CARTESIAN_POINT('Ctrl Pts',(46.4987116559739,42.4229527137253,38.1458068155521));
#6801=CARTESIAN_POINT('Ctrl Pts',(46.4916131293776,42.4138271843917,38.135));
#6802=CARTESIAN_POINT('',(47.4617020115217,42.171674566618,38.135));
#6803=CARTESIAN_POINT('Origin',(49.25,51.4,38.135));
#6804=CARTESIAN_POINT('Ctrl Pts',(47.4617020115217,42.171674566618,38.135));
#6805=CARTESIAN_POINT('Ctrl Pts',(47.4677910979424,42.1815024618961,38.1458068209521));
#6806=CARTESIAN_POINT('Ctrl Pts',(47.4738674769785,42.1913368112522,38.1566148674398));
#6807=CARTESIAN_POINT('Ctrl Pts',(47.4799311334678,42.2011775960246,38.1674241443078));
#6808=CARTESIAN_POINT('Ctrl Pts',(47.6361329720554,43.022220822236,38.1623408174782));
#6809=CARTESIAN_POINT('Ctrl Pts',(47.5839913354716,42.7485526018837,38.1639825835847));
#6810=CARTESIAN_POINT('Ctrl Pts',(47.531923075035,42.4748716960618,38.165679097621));
#6811=CARTESIAN_POINT('Ctrl Pts',(47.4799311334678,42.2011775960245,38.1674241443079));
#6812=CARTESIAN_POINT('Ctrl Pts',(47.5310865499613,43.040381535707,38.3118922554764));
#6813=CARTESIAN_POINT('Ctrl Pts',(47.4804285265932,42.766456824234,38.3130145595875));
#6814=CARTESIAN_POINT('Ctrl Pts',(47.4298206628376,42.4925234410298,38.3141742891434));
#6815=CARTESIAN_POINT('Ctrl Pts',(47.3792649703265,42.2185810383177,38.3153671954064));
#6816=CARTESIAN_POINT('Ctrl Pts',(47.4260401278671,43.0585422491779,38.4614436934746));
#6817=CARTESIAN_POINT('Ctrl Pts',(47.3768657177149,42.7843610465844,38.4620465355904));
#6818=CARTESIAN_POINT('Ctrl Pts',(47.3277182506403,42.5101751859978,38.4626694806658));
#6819=CARTESIAN_POINT('Ctrl Pts',(47.2785988071853,42.235984480611,38.4633102465049));
#6820=CARTESIAN_POINT('Ctrl Pts',(47.3209937057729,43.0767029626488,38.6109951314729));
#6821=CARTESIAN_POINT('Ctrl Pts',(47.2733029088365,42.8022652689348,38.6110785115933));
#6822=CARTESIAN_POINT('Ctrl Pts',(47.225615838443,42.5278269309658,38.6111646721883));
#6823=CARTESIAN_POINT('Ctrl Pts',(47.1779326440441,42.2533879229042,38.6112532976035));
#6824=CARTESIAN_POINT('',(47.3344387868449,43.074378540169,38.5918537731265));
#6825=CARTESIAN_POINT('Ctrl Pts',(47.334438786842,43.0743785401594,38.5918537731282));
#6826=CARTESIAN_POINT('Ctrl Pts',(47.3081532378997,42.9501951125016,38.5983024610092));
#6827=CARTESIAN_POINT('Ctrl Pts',(47.2819559526248,42.8259979008022,38.6047216808813));
#6828=CARTESIAN_POINT('Ctrl Pts',(47.2558423092899,42.7017740557795,38.6111107429142));
#6829=CARTESIAN_POINT('',(47.5485744921113,42.562288121855,38.1651503824403));
#6830=CARTESIAN_POINT('Ctrl Pts',(47.4799311334678,42.2011775960245,38.1674241443079));
#6831=CARTESIAN_POINT('Ctrl Pts',(47.5027975782428,42.3215503083163,38.1666566597229));
#6832=CARTESIAN_POINT('Ctrl Pts',(47.525678785424,42.4419204684428,38.1658985628386));
#6833=CARTESIAN_POINT('Ctrl Pts',(47.5485745046674,42.5622881196842,38.1651503824026));
#6834=CARTESIAN_POINT('',(47.5541746690292,42.5917278705879,38.1649675887487));
#6835=CARTESIAN_POINT('Ctrl Pts',(47.5541746819002,42.5917278683627,38.1649675887223));
#6836=CARTESIAN_POINT('Ctrl Pts',(47.5523078597887,42.5819146354635,38.1650284538462));
#6837=CARTESIAN_POINT('Ctrl Pts',(47.5504411339992,42.5721013859118,38.1650893851684));
#6838=CARTESIAN_POINT('Ctrl Pts',(47.5485745046675,42.5622881196842,38.1651503824026));
#6839=CARTESIAN_POINT('Ctrl Pts',(47.3344387868449,43.074378540169,38.5918537731265));
#6840=CARTESIAN_POINT('Ctrl Pts',(47.3678404220047,43.001274746066,38.5281007423272));
#6841=CARTESIAN_POINT('Ctrl Pts',(47.4011249759135,42.9283397196414,38.4640654157394));
#6842=CARTESIAN_POINT('Ctrl Pts',(47.4342675817459,42.8555861188062,38.399790054621));
#6843=CARTESIAN_POINT('Ctrl Pts',(47.4744359041732,42.7674098869531,38.3218893173467));
#6844=CARTESIAN_POINT('Ctrl Pts',(47.5144178808264,42.67945136827,38.24359293129));
#6845=CARTESIAN_POINT('Ctrl Pts',(47.5541746817801,42.5917278683804,38.1649675888954));
#6846=CARTESIAN_POINT('Origin',(49.25,51.4,38.385));
#6847=CARTESIAN_POINT('',(43.6927900991358,58.3823504345219,38.6111107429142));
#6848=CARTESIAN_POINT('',(43.1616909298102,58.5192675239798,38.1674241443079));
#6849=CARTESIAN_POINT('Ctrl Pts',(43.6927900991358,58.3823504345219,38.6111107429142));
#6850=CARTESIAN_POINT('Ctrl Pts',(43.6079529286519,58.4040581567069,38.5412948958932));
#6851=CARTESIAN_POINT('Ctrl Pts',(43.5233535028505,58.4257679360944,38.4711559465494));
#6852=CARTESIAN_POINT('Ctrl Pts',(43.3462886912341,58.4713821781578,38.3233183975058));
#6853=CARTESIAN_POINT('Ctrl Pts',(43.2538356602168,58.4953010777168,38.2455264358419));
#6854=CARTESIAN_POINT('Ctrl Pts',(43.161690929811,58.5192675239795,38.1674241443085));
#6855=CARTESIAN_POINT('',(43.9523201425016,59.1256757335267,38.1674241443079));
#6856=CARTESIAN_POINT('Ctrl Pts',(43.6927900991358,58.3823504345219,38.6111107429142));
#6857=CARTESIAN_POINT('Ctrl Pts',(43.7302618127098,58.5017701052678,38.5410076976809));
#6858=CARTESIAN_POINT('Ctrl Pts',(43.7695419561249,58.6205240238852,38.4707447627642));
#6859=CARTESIAN_POINT('Ctrl Pts',(43.8557263670027,58.8684748275919,38.3228669388103));
#6860=CARTESIAN_POINT('Ctrl Pts',(43.9029966992857,58.9975158074004,38.2452267936682));
#6861=CARTESIAN_POINT('Ctrl Pts',(43.9523201425017,59.1256757335267,38.1674241443079));
#6862=CARTESIAN_POINT('',(43.9441532692732,59.1593808045511,38.135));
#6863=CARTESIAN_POINT('Ctrl Pts',(43.9523201425017,59.1256757335267,38.1674241443078));
#6864=CARTESIAN_POINT('Ctrl Pts',(43.9495843379748,59.1369062075225,38.156614899897));
#6865=CARTESIAN_POINT('Ctrl Pts',(43.9468620459452,59.148141239143,38.1458068533967));
#6866=CARTESIAN_POINT('Ctrl Pts',(43.9441532692732,59.1593808045511,38.135));
#6867=CARTESIAN_POINT('',(43.1499902042223,58.5519144633738,38.135));
#6868=CARTESIAN_POINT('Origin',(49.25,51.4,38.135));
#6869=CARTESIAN_POINT('Ctrl Pts',(43.1499902042223,58.5519144633738,38.135));
#6870=CARTESIAN_POINT('Ctrl Pts',(43.1538774769367,58.5410262368494,38.1458068155742));
#6871=CARTESIAN_POINT('Ctrl Pts',(43.1577777204984,58.5301439158832,38.1566148620599));
#6872=CARTESIAN_POINT('Ctrl Pts',(43.1616909298103,58.5192675239797,38.1674241443078));
#6873=CARTESIAN_POINT('Ctrl Pts',(43.9132434214892,58.0729829365871,38.6109953221616));
#6874=CARTESIAN_POINT('Ctrl Pts',(43.7519015853619,58.2994008254296,38.6110785555662));
#6875=CARTESIAN_POINT('Ctrl Pts',(43.5905566826468,58.5258165250558,38.6111645583385));
#6876=CARTESIAN_POINT('Ctrl Pts',(43.429208590636,58.7522299478655,38.6112530166136));
#6877=CARTESIAN_POINT('Ctrl Pts',(44.0840030079871,58.1948870461626,38.4614469364191));
#6878=CARTESIAN_POINT('Ctrl Pts',(43.9238841750242,58.4221780286617,38.4620487113084));
#6879=CARTESIAN_POINT('Ctrl Pts',(43.7637431707279,58.6494531831963,38.4626705086392));
#6880=CARTESIAN_POINT('Ctrl Pts',(43.6035791079245,58.8767118764192,38.4633100591784));
#6881=CARTESIAN_POINT('Ctrl Pts',(44.2547625944849,58.3167911557382,38.3118985506766));
#6882=CARTESIAN_POINT('Ctrl Pts',(44.0958667646865,58.5449552318939,38.3130188670506));
#6883=CARTESIAN_POINT('Ctrl Pts',(43.9369296588091,58.7730898413369,38.3141764589399));
#6884=CARTESIAN_POINT('Ctrl Pts',(43.7779496252131,59.001193804973,38.3153671017431));
#6885=CARTESIAN_POINT('Ctrl Pts',(44.4255221809827,58.4386952653138,38.1623501649341));
#6886=CARTESIAN_POINT('Ctrl Pts',(44.2678493543488,58.667732435126,38.1639890227927));
#6887=CARTESIAN_POINT('Ctrl Pts',(44.1101161468903,58.8967264994774,38.1656824092407));
#6888=CARTESIAN_POINT('Ctrl Pts',(43.9523201425016,59.1256757335267,38.1674241443079));
#6889=CARTESIAN_POINT('',(43.9350999128311,58.0885861373802,38.5918537731265));
#6890=CARTESIAN_POINT('Ctrl Pts',(43.9350999128158,58.0885861373931,38.59185377313));
#6891=CARTESIAN_POINT('Ctrl Pts',(43.8543981711258,58.1865641078182,38.5983024610203));
#6892=CARTESIAN_POINT('Ctrl Pts',(43.7736306211758,58.2844816651668,38.6047216808858));
#6893=CARTESIAN_POINT('Ctrl Pts',(43.6927900986029,58.3823504341458,38.6111107429144));
#6894=CARTESIAN_POINT('',(44.1778793258453,58.7983155735446,38.1649675887487));
#6895=CARTESIAN_POINT('Ctrl Pts',(43.9350999128311,58.0885861373802,38.5918537731265));
#6896=CARTESIAN_POINT('Ctrl Pts',(43.9684318285871,58.1969456096893,38.5277537509753));
#6897=CARTESIAN_POINT('Ctrl Pts',(44.0032885550084,58.3047460128105,38.4635048754416));
#6898=CARTESIAN_POINT('Ctrl Pts',(44.0835709609365,58.5416181795772,38.3212595773743));
#6899=CARTESIAN_POINT('Ctrl Pts',(44.1296793637431,58.6704133214346,38.243204229065));
#6900=CARTESIAN_POINT('Ctrl Pts',(44.1778793258482,58.7983155735444,38.1649675887482));
#6901=CARTESIAN_POINT('',(44.1608792260741,58.8229946617518,38.1651503824403));
#6902=CARTESIAN_POINT('Ctrl Pts',(44.1778793152915,58.7983155660104,38.1649675887214));
#6903=CARTESIAN_POINT('Ctrl Pts',(44.1722126950477,58.806541985629,38.1650284538452));
#6904=CARTESIAN_POINT('Ctrl Pts',(44.1665459952458,58.8147683484517,38.1650893851675));
#6905=CARTESIAN_POINT('Ctrl Pts',(44.1608792157738,58.8229946543985,38.1651503824017));
#6906=CARTESIAN_POINT('Ctrl Pts',(44.1608792157738,58.8229946543985,38.1651503824017));
#6907=CARTESIAN_POINT('Ctrl Pts',(44.0913715799544,58.9238969536176,38.165898562838));
#6908=CARTESIAN_POINT('Ctrl Pts',(44.0218519577697,59.0247906958519,38.1666566597229));
#6909=CARTESIAN_POINT('Ctrl Pts',(43.9523201425016,59.1256757335267,38.1674241443079));
#6910=CARTESIAN_POINT('Ctrl Pts',(47.3602651599083,43.0670188837125,38.6109953221617));
#6911=CARTESIAN_POINT('Ctrl Pts',(47.2838395156558,42.7997075121373,38.6110785555662));
#6912=CARTESIAN_POINT('Ctrl Pts',(47.2074174949878,42.5323951079612,38.6111645583385));
#6913=CARTESIAN_POINT('Ctrl Pts',(47.1309992428999,42.2650816298652,38.6112530166136));
#6914=CARTESIAN_POINT('Ctrl Pts',(47.1584898284488,43.1245181352447,38.4614469364191));
#6915=CARTESIAN_POINT('Ctrl Pts',(47.0806190420878,42.8576185810557,38.4620487113084));
#6916=CARTESIAN_POINT('Ctrl Pts',(47.002774454128,42.5907115611946,38.4626705086392));
#6917=CARTESIAN_POINT('Ctrl Pts',(46.924957112884,42.3237967769267,38.4633100591784));
#6918=CARTESIAN_POINT('Ctrl Pts',(46.9567144969894,43.1820173867769,38.3118985506766));
#6919=CARTESIAN_POINT('Ctrl Pts',(46.8773985685199,42.9155296499741,38.3130188670506));
#6920=CARTESIAN_POINT('Ctrl Pts',(46.7981314132683,42.649028014428,38.3141764589399));
#6921=CARTESIAN_POINT('Ctrl Pts',(46.7189149828681,42.3825119239881,38.3153671017431));
#6922=CARTESIAN_POINT('Ctrl Pts',(46.75493916553,43.2395166383091,38.1623501649341));
#6923=CARTESIAN_POINT('Ctrl Pts',(46.6741780949519,42.9734407188925,38.1639890227927));
#6924=CARTESIAN_POINT('Ctrl Pts',(46.5934883724086,42.7073444676614,38.1656824092407));
#6925=CARTESIAN_POINT('Ctrl Pts',(46.5128728528522,42.4412270710496,38.1674241443079));
#6926=CARTESIAN_POINT('',(46.6281794815017,42.8216820630312,38.1649675887487));
#6927=CARTESIAN_POINT('Ctrl Pts',(47.3344387868449,43.074378540169,38.5918537731265));
#6928=CARTESIAN_POINT('Ctrl Pts',(47.2289128930129,43.0328676456897,38.5277385995645));
#6929=CARTESIAN_POINT('Ctrl Pts',(47.1228731508108,42.9928981987664,38.463474502567));
#6930=CARTESIAN_POINT('Ctrl Pts',(46.8876232838727,42.9079797210326,38.3212290620454));
#6931=CARTESIAN_POINT('Ctrl Pts',(46.7582042521264,42.863735343055,38.24318893575));
#6932=CARTESIAN_POINT('Ctrl Pts',(46.6281794815,42.8216820630336,38.1649675887482));
#6933=CARTESIAN_POINT('',(46.6194839822205,42.7930036900086,38.1651503824403));
#6934=CARTESIAN_POINT('Ctrl Pts',(46.6281794939723,42.8216820594775,38.1649675887214));
#6935=CARTESIAN_POINT('Ctrl Pts',(46.6252809000595,42.8121226286336,38.1650284538452));
#6936=CARTESIAN_POINT('Ctrl Pts',(46.6223824001552,42.8025631710004,38.1650893851675));
#6937=CARTESIAN_POINT('Ctrl Pts',(46.6194839943918,42.7930036865402,38.1651503824017));
#6938=CARTESIAN_POINT('Ctrl Pts',(46.6194839943917,42.7930036865402,38.1651503824017));
#6939=CARTESIAN_POINT('Ctrl Pts',(46.5839327022936,42.6757488740374,38.165898562838));
#6940=CARTESIAN_POINT('Ctrl Pts',(46.548395573692,42.5584900254097,38.1666566597229));
#6941=CARTESIAN_POINT('Ctrl Pts',(46.5128728528522,42.4412270710496,38.1674241443079));
#6942=CARTESIAN_POINT('Ctrl Pts',(43.7062181191385,57.8852319305245,38.1623408174782));
#6943=CARTESIAN_POINT('Ctrl Pts',(43.5247654673783,58.0966272480356,38.1639825835846));
#6944=CARTESIAN_POINT('Ctrl Pts',(43.3432571484391,58.3079731070258,38.165679097621));
#6945=CARTESIAN_POINT('Ctrl Pts',(43.1616909298102,58.5192675239798,38.1674241443079));
#6946=CARTESIAN_POINT('Ctrl Pts',(43.7859121095717,57.9560375107947,38.3118922554764));
#6947=CARTESIAN_POINT('Ctrl Pts',(43.6033339072684,58.1664328123839,38.3130145595875));
#6948=CARTESIAN_POINT('Ctrl Pts',(43.4207176511258,58.376794304345,38.3141742891434));
#6949=CARTESIAN_POINT('Ctrl Pts',(43.2380618150092,58.5871206307558,38.3153671954064));
#6950=CARTESIAN_POINT('Ctrl Pts',(43.8656061000048,58.026843091065,38.4614436934746));
#6951=CARTESIAN_POINT('Ctrl Pts',(43.6819023471586,58.2362383767322,38.4620465355904));
#6952=CARTESIAN_POINT('Ctrl Pts',(43.4981781538125,58.4456155016642,38.4626694806658));
#6953=CARTESIAN_POINT('Ctrl Pts',(43.3144327002082,58.6549737375318,38.4633102465049));
#6954=CARTESIAN_POINT('Ctrl Pts',(43.9453000904379,58.0976486713352,38.6109951314729));
#6955=CARTESIAN_POINT('Ctrl Pts',(43.7604707870487,58.3060439410805,38.6110785115933));
#6956=CARTESIAN_POINT('Ctrl Pts',(43.5756386564992,58.5144366989835,38.6111646721883));
#6957=CARTESIAN_POINT('Ctrl Pts',(43.3908035854071,58.7228268443078,38.6112532976035));
#6958=CARTESIAN_POINT('',(43.4012200734755,58.2404512549308,38.1651503824403));
#6959=CARTESIAN_POINT('Ctrl Pts',(43.1616909298102,58.5192675239798,38.1674241443079));
#6960=CARTESIAN_POINT('Ctrl Pts',(43.241545110788,58.4263386590265,38.1666566597229));
#6961=CARTESIAN_POINT('Ctrl Pts',(43.3213880921929,58.3333998436084,38.1658985628386));
#6962=CARTESIAN_POINT('Ctrl Pts',(43.4012200639497,58.2404512464674,38.1651503824026));
#6963=CARTESIAN_POINT('',(43.420745342674,58.2177174772047,38.1649675887487));
#6964=CARTESIAN_POINT('Ctrl Pts',(43.4207453329093,58.2177174685292,38.1649675887223));
#6965=CARTESIAN_POINT('Ctrl Pts',(43.4142369830323,58.225295459464,38.1650284538462));
#6966=CARTESIAN_POINT('Ctrl Pts',(43.40772856008,58.2328733854739,38.1650893851684));
#6967=CARTESIAN_POINT('Ctrl Pts',(43.4012200639497,58.2404512464674,38.1651503824026));
#6968=CARTESIAN_POINT('Ctrl Pts',(43.9350999128311,58.0885861373802,38.5918537731265));
#6969=CARTESIAN_POINT('Ctrl Pts',(43.857016816114,58.1080767854997,38.5280168042366));
#6970=CARTESIAN_POINT('Ctrl Pts',(43.7791391854144,58.1275537159491,38.4638967786428));
#6971=CARTESIAN_POINT('Ctrl Pts',(43.7014925176917,58.1470285240594,38.3995361206333));
#6972=CARTESIAN_POINT('Ctrl Pts',(43.6076117878487,58.1705750490109,38.3217191875399));
#6973=CARTESIAN_POINT('Ctrl Pts',(43.5140168542001,58.1941315293675,38.2435075191716));
#6974=CARTESIAN_POINT('Ctrl Pts',(43.420745332998,58.217717468612,38.1649675888954));
#6975=CARTESIAN_POINT('Origin',(49.25,51.4,38.385));
#6976=CARTESIAN_POINT('',(45.3703026445589,43.3635985725628,38.6111107429142));
#6977=CARTESIAN_POINT('',(45.4773799029028,42.8256886565086,38.1674241443079));
#6978=CARTESIAN_POINT('Ctrl Pts',(45.3703026445589,43.3635985725628,38.6111107429142));
#6979=CARTESIAN_POINT('Ctrl Pts',(45.3875474624995,43.2777774842148,38.5413218846705));
#6980=CARTESIAN_POINT('Ctrl Pts',(45.4046873533362,43.1921695458,38.471210179368));
#6981=CARTESIAN_POINT('Ctrl Pts',(45.4404160872021,43.0128480400384,38.3233731025494));
#6982=CARTESIAN_POINT('Ctrl Pts',(45.4589863602118,42.919139684978,38.2455538948354));
#6983=CARTESIAN_POINT('Ctrl Pts',(45.4773799029027,42.8256886565093,38.1674241443085));
#6984=CARTESIAN_POINT('',(44.5879838258024,43.2749103018079,38.1674241443079));
#6985=CARTESIAN_POINT('Ctrl Pts',(45.3703026445589,43.3635985725628,38.6111107429142));
#6986=CARTESIAN_POINT('Ctrl Pts',(45.2464439108069,43.3455441519741,38.5410037575905));
#6987=CARTESIAN_POINT('Ctrl Pts',(45.1224003301394,43.3294081450548,38.470736864747));
#6988=CARTESIAN_POINT('Ctrl Pts',(44.8616103292369,43.2994762389634,38.32285900623));
#6989=CARTESIAN_POINT('Ctrl Pts',(44.7248455771782,43.2860773524506,38.245222819003));
#6990=CARTESIAN_POINT('Ctrl Pts',(44.5879838258024,43.274910301808,38.1674241443079));
#6991=CARTESIAN_POINT('',(44.5611600796123,43.2529281210377,38.135));
#6992=CARTESIAN_POINT('Ctrl Pts',(44.5879838258024,43.2749103018079,38.1674241443078));
#6993=CARTESIAN_POINT('Ctrl Pts',(44.5790525081769,43.2675726813518,38.1566148620384));
#6994=CARTESIAN_POINT('Ctrl Pts',(44.5701112526367,43.2602452835305,38.1458068155521));
#6995=CARTESIAN_POINT('Ctrl Pts',(44.5611600796123,43.2529281210377,38.135));
#6996=CARTESIAN_POINT('',(45.4530427814449,42.8009816908869,38.135));
#6997=CARTESIAN_POINT('Origin',(49.25,51.4,38.135));
#6998=CARTESIAN_POINT('Ctrl Pts',(45.4530427814449,42.8009816908869,38.135));
#6999=CARTESIAN_POINT('Ctrl Pts',(45.4611661385805,42.8092082558122,38.1458068533967));
#7000=CARTESIAN_POINT('Ctrl Pts',(45.4692785186493,42.817443916018,38.156614899897));
#7001=CARTESIAN_POINT('Ctrl Pts',(45.4773799029028,42.8256886565086,38.1674241443078));
#7002=CARTESIAN_POINT('Ctrl Pts',(45.8123647407911,43.5913884358418,38.1623408174782));
#7003=CARTESIAN_POINT('Ctrl Pts',(45.7006334959118,43.3361842548137,38.1639825835847));
#7004=CARTESIAN_POINT('Ctrl Pts',(45.5889709647038,43.0809513786386,38.165679097621));
#7005=CARTESIAN_POINT('Ctrl Pts',(45.4773799029028,42.8256886565086,38.1674241443079));
#7006=CARTESIAN_POINT('Ctrl Pts',(45.7139931907395,43.6324688502629,38.3118922554764));
#7007=CARTESIAN_POINT('Ctrl Pts',(45.6036512871514,43.3766844738838,38.3130145595875));
#7008=CARTESIAN_POINT('Ctrl Pts',(45.4933563559278,43.120880481628,38.3141742891434));
#7009=CARTESIAN_POINT('Ctrl Pts',(45.3831102808773,42.8650560868083,38.3153671954064));
#7010=CARTESIAN_POINT('Ctrl Pts',(45.615621640688,43.673549264684,38.4614436934746));
#7011=CARTESIAN_POINT('Ctrl Pts',(45.5066690783911,43.4171846929538,38.4620465355904));
#7012=CARTESIAN_POINT('Ctrl Pts',(45.3977417471518,43.1608095846174,38.4626694806658));
#7013=CARTESIAN_POINT('Ctrl Pts',(45.2888406588518,42.904423517108,38.4633102465049));
#7014=CARTESIAN_POINT('Ctrl Pts',(45.5172500906364,43.7146296791051,38.6109951314729));
#7015=CARTESIAN_POINT('Ctrl Pts',(45.4096868696308,43.4576849120239,38.6110785115933));
#7016=CARTESIAN_POINT('Ctrl Pts',(45.3021271383757,43.2007386876067,38.6111646721883));
#7017=CARTESIAN_POINT('Ctrl Pts',(45.1945710368263,42.9437909474076,38.6112532976035));
#7018=CARTESIAN_POINT('',(45.5298408427939,43.7093717227525,38.5918537731265));
#7019=CARTESIAN_POINT('Ctrl Pts',(45.5298408427889,43.7093717227438,38.5918537731282));
#7020=CARTESIAN_POINT('Ctrl Pts',(45.4765809151343,43.5941509177913,38.5983024610092));
#7021=CARTESIAN_POINT('Ctrl Pts',(45.4234039709548,43.4788970338779,38.6047216808812));
#7022=CARTESIAN_POINT('Ctrl Pts',(45.3703026451637,43.3635985723083,38.6111107429142));
#7023=CARTESIAN_POINT('',(45.6246568806996,43.1624708032481,38.1651503824403));
#7024=CARTESIAN_POINT('Ctrl Pts',(45.4773799029028,42.8256886565086,38.1674241443079));
#7025=CARTESIAN_POINT('Ctrl Pts',(45.5264584865284,42.9379551109392,38.1666566597229));
#7026=CARTESIAN_POINT('Ctrl Pts',(45.5755508945256,43.0502157922484,38.1658985628386));
#7027=CARTESIAN_POINT('Ctrl Pts',(45.6246568924578,43.1624707983377,38.1651503824026));
#7028=CARTESIAN_POINT('',(45.6366676098734,43.1899262794173,38.1649675887487));
#7029=CARTESIAN_POINT('Ctrl Pts',(45.6366676219265,43.1899262743839,38.1649675887223));
#7030=CARTESIAN_POINT('Ctrl Pts',(45.6326639551931,43.1807744867214,38.1650284538462));
#7031=CARTESIAN_POINT('Ctrl Pts',(45.6286603786612,43.1716226613904,38.1650893851684));
#7032=CARTESIAN_POINT('Ctrl Pts',(45.6246568924578,43.1624707983377,38.1651503824026));
#7033=CARTESIAN_POINT('Ctrl Pts',(45.5298408427939,43.7093717227525,38.5918537731265));
#7034=CARTESIAN_POINT('Ctrl Pts',(45.5461523213592,43.6305986076942,38.5280443451806));
#7035=CARTESIAN_POINT('Ctrl Pts',(45.5623870756592,43.5520164051101,38.4639521103124));
#7036=CARTESIAN_POINT('Ctrl Pts',(45.5785236232136,43.4736430339411,38.3996194392741));
#7037=CARTESIAN_POINT('Ctrl Pts',(45.5980493219194,43.3788089421478,38.3217750089586));
#7038=CARTESIAN_POINT('Ctrl Pts',(45.6174419647742,43.2842282035875,38.2435355437667));
#7039=CARTESIAN_POINT('Ctrl Pts',(45.6366676218134,43.1899262744278,38.1649675888954));
#7040=CARTESIAN_POINT('Origin',(49.25,51.4,38.385));
#7041=CARTESIAN_POINT('',(42.2784018138942,56.9706927939187,38.6111107429142));
#7042=CARTESIAN_POINT('',(41.7301514909614,56.9859964029041,38.1674241443079));
#7043=CARTESIAN_POINT('Ctrl Pts',(42.2784018138942,56.9706927939187,38.6111107429142));
#7044=CARTESIAN_POINT('Ctrl Pts',(42.1908659082122,56.9729780905767,38.5412985983493));
#7045=CARTESIAN_POINT('Ctrl Pts',(42.1035613051064,56.9753182901617,38.4711633864861));
#7046=CARTESIAN_POINT('Ctrl Pts',(41.9207857019005,56.9803882440218,38.3233259022228));
#7047=CARTESIAN_POINT('Ctrl Pts',(41.8253235866378,56.9831348389459,38.2455302028038));
#7048=CARTESIAN_POINT('Ctrl Pts',(41.7301514909622,56.985996402904,38.1674241443085));
#7049=CARTESIAN_POINT('',(42.3660194574534,57.7531322433889,38.1674241443079));
#7050=CARTESIAN_POINT('Ctrl Pts',(42.2784018138942,56.9706927939187,38.6111107429142));
#7051=CARTESIAN_POINT('Ctrl Pts',(42.2883603839656,57.0954531879962,38.541009617588));
#7052=CARTESIAN_POINT('Ctrl Pts',(42.3002300818761,57.2199669488568,38.4707486112692));
#7053=CARTESIAN_POINT('Ctrl Pts',(42.3290792105703,57.4808789770665,38.322870804156));
#7054=CARTESIAN_POINT('Ctrl Pts',(42.3464504352721,57.6172066720025,38.2452287304218));
#7055=CARTESIAN_POINT('Ctrl Pts',(42.3660194574535,57.7531322433888,38.1674241443079));
#7056=CARTESIAN_POINT('',(42.3505572609044,57.7841749576543,38.135));
#7057=CARTESIAN_POINT('Ctrl Pts',(42.3660194574535,57.7531322433889,38.1674241443079));
#7058=CARTESIAN_POINT('Ctrl Pts',(42.3608532296956,57.763472372176,38.156614899897));
#7059=CARTESIAN_POINT('Ctrl Pts',(42.3556991614817,57.7738199511321,38.1458068533967));
#7060=CARTESIAN_POINT('Ctrl Pts',(42.3505572609044,57.7841749576543,38.135));
#7061=CARTESIAN_POINT('',(41.7114794995481,57.0152211589809,38.135));
#7062=CARTESIAN_POINT('Origin',(49.25,51.4,38.135));
#7063=CARTESIAN_POINT('Ctrl Pts',(41.7114794995482,57.0152211589809,38.135));
#7064=CARTESIAN_POINT('Ctrl Pts',(41.717692168555,57.005470922583,38.1458068155742));
#7065=CARTESIAN_POINT('Ctrl Pts',(41.7239161690927,56.9957293299638,38.1566148620599));
#7066=CARTESIAN_POINT('Ctrl Pts',(41.7301514909615,56.9859964029041,38.1674241443078));
#7067=CARTESIAN_POINT('Ctrl Pts',(42.562168655766,56.718137264244,38.6109953221616));
#7068=CARTESIAN_POINT('Ctrl Pts',(42.3544892762332,56.9029764478326,38.6110785555662));
#7069=CARTESIAN_POINT('Ctrl Pts',(42.1468073941447,57.0878128147131,38.6111645583385));
#7070=CARTESIAN_POINT('Ctrl Pts',(41.9391229093622,57.2726462521766,38.6112530166136));
#7071=CARTESIAN_POINT('Ctrl Pts',(42.7015207265995,56.8749825659484,38.4614469364191));
#7072=CARTESIAN_POINT('Ctrl Pts',(42.4948394053725,57.0609450967191,38.4620487113084));
#7073=CARTESIAN_POINT('Ctrl Pts',(42.2881399907471,57.2468872627796,38.4626705086392));
#7074=CARTESIAN_POINT('Ctrl Pts',(42.081421758726,57.4328082492473,38.4633100591784));
#7075=CARTESIAN_POINT('Ctrl Pts',(42.840872797433,57.0318278676528,38.3118985506766));
#7076=CARTESIAN_POINT('Ctrl Pts',(42.6351895345118,57.2189137456056,38.3130188670506));
#7077=CARTESIAN_POINT('Ctrl Pts',(42.4294725873495,57.4059617108461,38.3141764589399));
#7078=CARTESIAN_POINT('Ctrl Pts',(42.2237206080897,57.5929702463181,38.3153671017431));
#7079=CARTESIAN_POINT('Ctrl Pts',(42.9802248682665,57.1886731693572,38.1623501649341));
#7080=CARTESIAN_POINT('Ctrl Pts',(42.7755396636511,57.3768823944921,38.1639890227927));
#7081=CARTESIAN_POINT('Ctrl Pts',(42.5708051839519,57.5650361589127,38.1656824092407));
#7082=CARTESIAN_POINT('Ctrl Pts',(42.3660194574534,57.7531322433889,38.1674241443079));
#7083=CARTESIAN_POINT('',(42.5800051204243,56.7382127870831,38.5918537731265));
#7084=CARTESIAN_POINT('Ctrl Pts',(42.5800051204066,56.7382127870923,38.59185377313));
#7085=CARTESIAN_POINT('Ctrl Pts',(42.4795245903833,56.8157764183073,38.5983024610205));
#7086=CARTESIAN_POINT('Ctrl Pts',(42.3789933452252,56.8932665074118,38.604721680886));
#7087=CARTESIAN_POINT('Ctrl Pts',(42.2784018134584,56.9706927934334,38.6111107429144));
#7088=CARTESIAN_POINT('',(42.6587678896834,57.4841713262261,38.1649675887487));
#7089=CARTESIAN_POINT('Ctrl Pts',(42.5800051204243,56.738212787083,38.5918537731265));
#7090=CARTESIAN_POINT('Ctrl Pts',(42.5883888290719,56.8512690659721,38.5277557037113));
#7091=CARTESIAN_POINT('Ctrl Pts',(42.5983834246483,56.9641196075989,38.4635087899411));
#7092=CARTESIAN_POINT('Ctrl Pts',(42.6239437553178,57.2129174427681,38.3212635102338));
#7093=CARTESIAN_POINT('Ctrl Pts',(42.6402368630159,57.3487469383528,38.2432062000899));
#7094=CARTESIAN_POINT('Ctrl Pts',(42.6587678896863,57.4841713262265,38.1649675887482));
#7095=CARTESIAN_POINT('',(42.6367024041496,57.5044487800881,38.1651503824403));
#7096=CARTESIAN_POINT('Ctrl Pts',(42.6587678810708,57.4841713165323,38.1649675887214));
#7097=CARTESIAN_POINT('Ctrl Pts',(42.6514127842507,57.4909305410068,38.1650284538452));
#7098=CARTESIAN_POINT('Ctrl Pts',(42.6440576225054,57.497689692406,38.1650893851675));
#7099=CARTESIAN_POINT('Ctrl Pts',(42.6367023957438,57.5044487706271,38.1651503824017));
#7100=CARTESIAN_POINT('Ctrl Pts',(42.6367023957438,57.5044487706271,38.1651503824017));
#7101=CARTESIAN_POINT('Ctrl Pts',(42.5464845876131,57.5873543344994,38.165898562838));
#7102=CARTESIAN_POINT('Ctrl Pts',(42.4562569977486,57.6702488887113,38.1666566597229));
#7103=CARTESIAN_POINT('Ctrl Pts',(42.3660194574534,57.7531322433889,38.1674241443079));
#7104=CARTESIAN_POINT('Ctrl Pts',(45.5533820171355,43.6964496795943,38.6109953221616));
#7105=CARTESIAN_POINT('Ctrl Pts',(45.4193901472872,43.4528466679393,38.6110785555662));
#7106=CARTESIAN_POINT('Ctrl Pts',(45.2854015803973,43.2092418432495,38.6111645583385));
#7107=CARTESIAN_POINT('Ctrl Pts',(45.1514164486316,42.9656351329772,38.6112530166136));
#7108=CARTESIAN_POINT('Ctrl Pts',(45.3694604016587,43.7974065400483,38.4614469364191));
#7109=CARTESIAN_POINT('Ctrl Pts',(45.2341512604211,43.5545265950295,38.4620487113084));
#7110=CARTESIAN_POINT('Ctrl Pts',(45.0988659994678,43.3116335418259,38.4626705086392));
#7111=CARTESIAN_POINT('Ctrl Pts',(44.9636055743552,43.0687268559208,38.4633100591784));
#7112=CARTESIAN_POINT('Ctrl Pts',(45.1855387861819,43.8983634005023,38.3118985506766));
#7113=CARTESIAN_POINT('Ctrl Pts',(45.0489123735551,43.6562065221197,38.3130188670506));
#7114=CARTESIAN_POINT('Ctrl Pts',(44.9123304185385,43.4140252404024,38.3141764589399));
#7115=CARTESIAN_POINT('Ctrl Pts',(44.7757947000788,43.1718185788643,38.3153671017431));
#7116=CARTESIAN_POINT('Ctrl Pts',(45.0016171707051,43.9993202609563,38.1623501649341));
#7117=CARTESIAN_POINT('Ctrl Pts',(44.863673486689,43.7578864492099,38.1639890227928));
#7118=CARTESIAN_POINT('Ctrl Pts',(44.725794837609,43.5164169389788,38.1656824092407));
#7119=CARTESIAN_POINT('Ctrl Pts',(44.5879838258024,43.2749103018079,38.1674241443079));
#7120=CARTESIAN_POINT('',(44.7850586766764,43.6201683541212,38.1649675887487));
#7121=CARTESIAN_POINT('Ctrl Pts',(45.5298408427939,43.7093717227525,38.5918537731265));
#7122=CARTESIAN_POINT('Ctrl Pts',(45.4177431476788,43.6923862662969,38.5277497435149));
#7123=CARTESIAN_POINT('Ctrl Pts',(45.3054875463338,43.6770173899449,38.463496841994));
#7124=CARTESIAN_POINT('Ctrl Pts',(45.0572398356166,43.6465747956949,38.3212515062489));
#7125=CARTESIAN_POINT('Ctrl Pts',(44.9212007645596,43.6322357722779,38.2432001840727));
#7126=CARTESIAN_POINT('Ctrl Pts',(44.7850586766754,43.6201683541239,38.1649675887482));
#7127=CARTESIAN_POINT('',(44.7701996533676,43.5941439384068,38.1651503824403));
#7128=CARTESIAN_POINT('Ctrl Pts',(44.7850586880436,43.6201683478816,38.1649675887214));
#7129=CARTESIAN_POINT('Ctrl Pts',(44.7801055944525,43.6114935897519,38.1650284538452));
#7130=CARTESIAN_POINT('Ctrl Pts',(44.7751525865517,43.6028187845858,38.1650893851675));
#7131=CARTESIAN_POINT('Ctrl Pts',(44.7701996644618,43.594143932317,38.1651503824017));
#7132=CARTESIAN_POINT('Ctrl Pts',(44.7701996644619,43.594143932317,38.1651503824017));
#7133=CARTESIAN_POINT('Ctrl Pts',(44.7094480670922,43.4877398494914,38.165898562838));
#7134=CARTESIAN_POINT('Ctrl Pts',(44.6487093799885,43.3813286800605,38.1666566597229));
#7135=CARTESIAN_POINT('Ctrl Pts',(44.5879838258024,43.2749103018079,38.1674241443079));
#7136=CARTESIAN_POINT('Ctrl Pts',(42.4021124391967,56.4890261042617,38.1623408174782));
#7137=CARTESIAN_POINT('Ctrl Pts',(42.1781693007696,56.6547442862694,38.1639825835847));
#7138=CARTESIAN_POINT('Ctrl Pts',(41.9541828964124,56.8204018626717,38.165679097621));
#7139=CARTESIAN_POINT('Ctrl Pts',(41.7301514909614,56.9859964029041,38.1674241443079));
#7140=CARTESIAN_POINT('Ctrl Pts',(42.464052611052,56.5757900219873,38.3118922554764));
#7141=CARTESIAN_POINT('Ctrl Pts',(42.239234666461,56.7402828020019,38.3130145595875));
#7142=CARTESIAN_POINT('Ctrl Pts',(42.0143871454698,56.9047341522906,38.3141742891434));
#7143=CARTESIAN_POINT('Ctrl Pts',(41.7895088619283,57.0691424113299,38.3153671954064));
#7144=CARTESIAN_POINT('Ctrl Pts',(42.5259927829074,56.6625539397129,38.4614436934746));
#7145=CARTESIAN_POINT('Ctrl Pts',(42.3003000321524,56.8258213177345,38.4620465355904));
#7146=CARTESIAN_POINT('Ctrl Pts',(42.0745913945272,56.9890664419094,38.4626694806658));
#7147=CARTESIAN_POINT('Ctrl Pts',(41.8488662328951,57.1522884197556,38.4633102465049));
#7148=CARTESIAN_POINT('Ctrl Pts',(42.5879329547627,56.7493178574384,38.6109951314729));
#7149=CARTESIAN_POINT('Ctrl Pts',(42.3613653978437,56.9113598334671,38.6110785115933));
#7150=CARTESIAN_POINT('Ctrl Pts',(42.1347956435846,57.0733987315283,38.6111646721883));
#7151=CARTESIAN_POINT('Ctrl Pts',(41.908223603862,57.2354344281813,38.6112532976035));
#7152=CARTESIAN_POINT('',(42.0257175954927,56.767470888596,38.1651503824403));
#7153=CARTESIAN_POINT('Ctrl Pts',(41.7301514909614,56.9859964029041,38.1674241443079));
#7154=CARTESIAN_POINT('Ctrl Pts',(41.8286821787219,56.9131666855453,38.1666566597229));
#7155=CARTESIAN_POINT('Ctrl Pts',(41.9272041618931,56.8403247750611,38.1658985628386));
#7156=CARTESIAN_POINT('Ctrl Pts',(42.025717588089,56.7674708782252,38.1651503824026));
#7157=CARTESIAN_POINT('',(42.0498120668791,56.7496518752793,38.1649675887487));
#7158=CARTESIAN_POINT('Ctrl Pts',(42.0498120592897,56.7496518646484,38.1649675887224));
#7159=CARTESIAN_POINT('Ctrl Pts',(42.041780625712,56.7555916154359,38.1650284538462));
#7160=CARTESIAN_POINT('Ctrl Pts',(42.0337491353384,56.7615312866655,38.1650893851684));
#7161=CARTESIAN_POINT('Ctrl Pts',(42.025717588089,56.7674708782252,38.1651503824026));
#7162=CARTESIAN_POINT('Ctrl Pts',(42.5800051204243,56.738212787083,38.5918537731265));
#7163=CARTESIAN_POINT('Ctrl Pts',(42.4995474149524,56.7398395440658,38.5280205824567));
#7164=CARTESIAN_POINT('Ctrl Pts',(42.4192930534033,56.7414986439375,38.4639043693563));
#7165=CARTESIAN_POINT('Ctrl Pts',(42.3392643094964,56.7432070619404,38.3995475507683));
#7166=CARTESIAN_POINT('Ctrl Pts',(42.2424930048542,56.7452728926775,38.3217268454399));
#7167=CARTESIAN_POINT('Ctrl Pts',(42.1459981421477,56.7474120306182,38.243511363743));
#7168=CARTESIAN_POINT('Ctrl Pts',(42.0498120593578,56.749651864749,38.1649675888954));
#7169=CARTESIAN_POINT('Origin',(49.25,51.4,38.385));
#7170=CARTESIAN_POINT('',(43.6793072060813,44.4284018138942,38.6111107429142));
#7171=CARTESIAN_POINT('',(43.6640035970959,43.8801514909614,38.1674241443079));
#7172=CARTESIAN_POINT('Ctrl Pts',(43.6793072060813,44.4284018138942,38.6111107429142));
#7173=CARTESIAN_POINT('Ctrl Pts',(43.6770219094233,44.3408659082124,38.5412985983495));
#7174=CARTESIAN_POINT('Ctrl Pts',(43.6746817098383,44.2535613051067,38.4711633864864));
#7175=CARTESIAN_POINT('Ctrl Pts',(43.6696117559782,44.0707857019005,38.3233259022228));
#7176=CARTESIAN_POINT('Ctrl Pts',(43.6668651610541,43.9753235866378,38.2455302028039));
#7177=CARTESIAN_POINT('Ctrl Pts',(43.664003597096,43.8801514909622,38.1674241443085));
#7178=CARTESIAN_POINT('',(42.8968677566112,44.5160194574534,38.1674241443079));
#7179=CARTESIAN_POINT('Ctrl Pts',(43.6793072060813,44.4284018138942,38.6111107429142));
#7180=CARTESIAN_POINT('Ctrl Pts',(43.554546812004,44.4383603839655,38.5410096175881));
#7181=CARTESIAN_POINT('Ctrl Pts',(43.4300330511435,44.4502300818761,38.4707486112693));
#7182=CARTESIAN_POINT('Ctrl Pts',(43.1691210229338,44.4790792105702,38.3228708041562));
#7183=CARTESIAN_POINT('Ctrl Pts',(43.0327933279983,44.496450435272,38.2452287304222));
#7184=CARTESIAN_POINT('Ctrl Pts',(42.8968677566112,44.5160194574535,38.1674241443079));
#7185=CARTESIAN_POINT('',(42.8658250423457,44.5005572609043,38.135));
#7186=CARTESIAN_POINT('Ctrl Pts',(42.8968677566112,44.5160194574534,38.1674241443078));
#7187=CARTESIAN_POINT('Ctrl Pts',(42.8865275916085,44.5108532116012,38.1566148620383));
#7188=CARTESIAN_POINT('Ctrl Pts',(42.8761800126057,44.5056991434752,38.1458068155521));
#7189=CARTESIAN_POINT('Ctrl Pts',(42.8658250423457,44.5005572609043,38.135));
#7190=CARTESIAN_POINT('',(43.6347788410191,43.8614794995481,38.135));
#7191=CARTESIAN_POINT('Origin',(49.25,51.4,38.135));
#7192=CARTESIAN_POINT('Ctrl Pts',(43.6347788410191,43.8614794995481,38.135));
#7193=CARTESIAN_POINT('Ctrl Pts',(43.6445291115416,43.8676921902986,38.1458068533967));
#7194=CARTESIAN_POINT('Ctrl Pts',(43.6542707041057,43.8739161909189,38.1566148998969));
#7195=CARTESIAN_POINT('Ctrl Pts',(43.6640035970959,43.8801514909615,38.1674241443078));
#7196=CARTESIAN_POINT('Ctrl Pts',(44.1609738957383,44.5521124391967,38.1623408174782));
#7197=CARTESIAN_POINT('Ctrl Pts',(43.9952557137307,44.3281693007696,38.1639825835847));
#7198=CARTESIAN_POINT('Ctrl Pts',(43.8295981373283,44.1041828964124,38.165679097621));
#7199=CARTESIAN_POINT('Ctrl Pts',(43.6640035970959,43.8801514909614,38.1674241443079));
#7200=CARTESIAN_POINT('Ctrl Pts',(44.0742099780127,44.614052611052,38.3118922554764));
#7201=CARTESIAN_POINT('Ctrl Pts',(43.9097171979981,44.389234666461,38.3130145595875));
#7202=CARTESIAN_POINT('Ctrl Pts',(43.7452658477095,44.1643871454698,38.3141742891434));
#7203=CARTESIAN_POINT('Ctrl Pts',(43.5808575886702,43.9395088619283,38.3153671954064));
#7204=CARTESIAN_POINT('Ctrl Pts',(43.9874460602871,44.6759927829074,38.4614436934746));
#7205=CARTESIAN_POINT('Ctrl Pts',(43.8241786822655,44.4503000321523,38.4620465355904));
#7206=CARTESIAN_POINT('Ctrl Pts',(43.6609335580906,44.2245913945272,38.4626694806658));
#7207=CARTESIAN_POINT('Ctrl Pts',(43.4977115802444,43.9988662328951,38.4633102465049));
#7208=CARTESIAN_POINT('Ctrl Pts',(43.9006821425616,44.7379329547627,38.6109951314729));
#7209=CARTESIAN_POINT('Ctrl Pts',(43.7386401665329,44.5113653978437,38.6110785115933));
#7210=CARTESIAN_POINT('Ctrl Pts',(43.5766012684717,44.2847956435846,38.6111646721883));
#7211=CARTESIAN_POINT('Ctrl Pts',(43.4145655718187,44.058223603862,38.6112532976035));
#7212=CARTESIAN_POINT('',(43.911787212917,44.7300051204243,38.5918537731265));
#7213=CARTESIAN_POINT('Ctrl Pts',(43.9117872129102,44.7300051204169,38.5918537731282));
#7214=CARTESIAN_POINT('Ctrl Pts',(43.8342235817076,44.629524590446,38.5983024610094));
#7215=CARTESIAN_POINT('Ctrl Pts',(43.7567334926503,44.5289933453132,38.6047216808815));
#7216=CARTESIAN_POINT('Ctrl Pts',(43.6793072066143,44.4284018135116,38.6111107429142));
#7217=CARTESIAN_POINT('',(43.882529111404,44.1757175954926,38.1651503824403));
#7218=CARTESIAN_POINT('Ctrl Pts',(43.6640035970959,43.8801514909614,38.1674241443079));
#7219=CARTESIAN_POINT('Ctrl Pts',(43.7368333144547,43.9786821787219,38.1666566597229));
#7220=CARTESIAN_POINT('Ctrl Pts',(43.8096752249389,44.0772041618931,38.1658985628386));
#7221=CARTESIAN_POINT('Ctrl Pts',(43.8825291217748,44.175717588089,38.1651503824026));
#7222=CARTESIAN_POINT('',(43.9003481247207,44.199812066879,38.1649675887487));
#7223=CARTESIAN_POINT('Ctrl Pts',(43.9003481353516,44.1998120592897,38.1649675887224));
#7224=CARTESIAN_POINT('Ctrl Pts',(43.8944083845641,44.191780625712,38.1650284538462));
#7225=CARTESIAN_POINT('Ctrl Pts',(43.8884687133345,44.1837491353384,38.1650893851684));
#7226=CARTESIAN_POINT('Ctrl Pts',(43.8825291217748,44.175717588089,38.1651503824026));
#7227=CARTESIAN_POINT('Ctrl Pts',(43.911787212917,44.7300051204243,38.5918537731265));
#7228=CARTESIAN_POINT('Ctrl Pts',(43.9101604559342,44.6495474149522,38.5280205824565));
#7229=CARTESIAN_POINT('Ctrl Pts',(43.9085013560625,44.5692930534031,38.4639043693562));
#7230=CARTESIAN_POINT('Ctrl Pts',(43.9067929380596,44.4892643094964,38.3995475507683));
#7231=CARTESIAN_POINT('Ctrl Pts',(43.9047271073225,44.3924930048561,38.3217268454415));
#7232=CARTESIAN_POINT('Ctrl Pts',(43.9025879693819,44.2959981421518,38.2435113637463));
#7233=CARTESIAN_POINT('Ctrl Pts',(43.900348135251,44.1998120593577,38.1649675888954));
#7234=CARTESIAN_POINT('Origin',(49.25,51.4,38.385));
#7235=CARTESIAN_POINT('',(41.2135985725628,55.2796973554411,38.6111107429142));
#7236=CARTESIAN_POINT('',(40.6756886565086,55.1726200970972,38.1674241443079));
#7237=CARTESIAN_POINT('Ctrl Pts',(41.2135985725628,55.2796973554411,38.6111107429142));
#7238=CARTESIAN_POINT('Ctrl Pts',(41.127777484213,55.2624525375002,38.541321884669));
#7239=CARTESIAN_POINT('Ctrl Pts',(41.0421695457968,55.2453126466632,38.4712101793652));
#7240=CARTESIAN_POINT('Ctrl Pts',(40.8628480400386,55.209583912798,38.3233731025495));
#7241=CARTESIAN_POINT('Ctrl Pts',(40.7691396849784,55.1910136397883,38.2455538948357));
#7242=CARTESIAN_POINT('Ctrl Pts',(40.6756886565093,55.1726200970973,38.1674241443085));
#7243=CARTESIAN_POINT('',(41.1249103018079,56.0620161741976,38.1674241443079));
#7244=CARTESIAN_POINT('Ctrl Pts',(41.2135985725628,55.2796973554411,38.6111107429142));
#7245=CARTESIAN_POINT('Ctrl Pts',(41.195544151974,55.4035560891937,38.5410037575902));
#7246=CARTESIAN_POINT('Ctrl Pts',(41.1794081450547,55.5275996698617,38.4707368647464));
#7247=CARTESIAN_POINT('Ctrl Pts',(41.1494762389634,55.7883896707631,38.32285900623));
#7248=CARTESIAN_POINT('Ctrl Pts',(41.1360773524506,55.9251544228218,38.245222819003));
#7249=CARTESIAN_POINT('Ctrl Pts',(41.124910301808,56.0620161741976,38.1674241443079));
#7250=CARTESIAN_POINT('',(41.1029281210377,56.0888399203877,38.135));
#7251=CARTESIAN_POINT('Ctrl Pts',(41.1249103018079,56.0620161741976,38.1674241443078));
#7252=CARTESIAN_POINT('Ctrl Pts',(41.1175727070512,56.070947460542,38.1566148998969));
#7253=CARTESIAN_POINT('Ctrl Pts',(41.1102453091546,56.0798887160171,38.1458068533967));
#7254=CARTESIAN_POINT('Ctrl Pts',(41.1029281210377,56.0888399203877,38.135));
#7255=CARTESIAN_POINT('',(40.6509816908869,55.1969572185551,38.135));
#7256=CARTESIAN_POINT('Origin',(49.25,51.4,38.135));
#7257=CARTESIAN_POINT('Ctrl Pts',(40.6509816908869,55.1969572185551,38.135));
#7258=CARTESIAN_POINT('Ctrl Pts',(40.6592082270204,55.1888338898502,38.1458068155742));
#7259=CARTESIAN_POINT('Ctrl Pts',(40.6674438871579,55.1807215097091,38.1566148620599));
#7260=CARTESIAN_POINT('Ctrl Pts',(40.6756886565086,55.1726200970972,38.1674241443078));
#7261=CARTESIAN_POINT('Ctrl Pts',(41.5464496795943,55.0966179828645,38.6109953221616));
#7262=CARTESIAN_POINT('Ctrl Pts',(41.3028466679393,55.2306098527128,38.6110785555662));
#7263=CARTESIAN_POINT('Ctrl Pts',(41.0592418432495,55.3645984196028,38.6111645583385));
#7264=CARTESIAN_POINT('Ctrl Pts',(40.8156351329772,55.4985835513684,38.6112530166136));
#7265=CARTESIAN_POINT('Ctrl Pts',(41.6474065400483,55.2805395983413,38.4614469364191));
#7266=CARTESIAN_POINT('Ctrl Pts',(41.4045265950295,55.4158487395789,38.4620487113084));
#7267=CARTESIAN_POINT('Ctrl Pts',(41.1616335418259,55.5511340005322,38.4626705086392));
#7268=CARTESIAN_POINT('Ctrl Pts',(40.9187268559208,55.6863944256448,38.4633100591784));
#7269=CARTESIAN_POINT('Ctrl Pts',(41.7483634005023,55.4644612138181,38.3118985506766));
#7270=CARTESIAN_POINT('Ctrl Pts',(41.5062065221197,55.601087626445,38.3130188670506));
#7271=CARTESIAN_POINT('Ctrl Pts',(41.2640252404024,55.7376695814616,38.3141764589399));
#7272=CARTESIAN_POINT('Ctrl Pts',(41.0218185788643,55.8742052999212,38.3153671017431));
#7273=CARTESIAN_POINT('Ctrl Pts',(41.8493202609563,55.6483828292949,38.1623501649341));
#7274=CARTESIAN_POINT('Ctrl Pts',(41.6078864492099,55.7863265133111,38.1639890227927));
#7275=CARTESIAN_POINT('Ctrl Pts',(41.3664169389789,55.924205162391,38.1656824092407));
#7276=CARTESIAN_POINT('Ctrl Pts',(41.1249103018079,56.0620161741976,38.1674241443079));
#7277=CARTESIAN_POINT('',(41.5593717227526,55.1201591572062,38.5918537731265));
#7278=CARTESIAN_POINT('Ctrl Pts',(41.5593717227332,55.1201591572112,38.59185377313));
#7279=CARTESIAN_POINT('Ctrl Pts',(41.4441509177308,55.1734190848644,38.5983024610201));
#7280=CARTESIAN_POINT('Ctrl Pts',(41.3288970337851,55.2265960290831,38.6047216808854));
#7281=CARTESIAN_POINT('Ctrl Pts',(41.2135985722459,55.279697354871,38.6111107429144));
#7282=CARTESIAN_POINT('',(41.4701683541212,55.8649413233236,38.1649675887487));
#7283=CARTESIAN_POINT('Ctrl Pts',(41.5593717227526,55.1201591572062,38.5918537731265));
#7284=CARTESIAN_POINT('Ctrl Pts',(41.5423862662971,55.2322568523207,38.5277497435152));
#7285=CARTESIAN_POINT('Ctrl Pts',(41.527017389945,55.3445124536653,38.4634968419945));
#7286=CARTESIAN_POINT('Ctrl Pts',(41.4965747956948,55.5927601643839,38.3212515062486));
#7287=CARTESIAN_POINT('Ctrl Pts',(41.4822357722779,55.7287992354412,38.2432001840722));
#7288=CARTESIAN_POINT('Ctrl Pts',(41.4701683541239,55.8649413233247,38.1649675887482));
#7289=CARTESIAN_POINT('',(41.4441439384068,55.8798003466325,38.1651503824403));
#7290=CARTESIAN_POINT('Ctrl Pts',(41.4701683478816,55.8649413119564,38.1649675887214));
#7291=CARTESIAN_POINT('Ctrl Pts',(41.4614935897519,55.8698944055475,38.1650284538452));
#7292=CARTESIAN_POINT('Ctrl Pts',(41.4528187845858,55.8748474134483,38.1650893851675));
#7293=CARTESIAN_POINT('Ctrl Pts',(41.444143932317,55.8798003355382,38.1651503824017));
#7294=CARTESIAN_POINT('Ctrl Pts',(41.444143932317,55.8798003355382,38.1651503824017));
#7295=CARTESIAN_POINT('Ctrl Pts',(41.3377398494915,55.9405519329078,38.165898562838));
#7296=CARTESIAN_POINT('Ctrl Pts',(41.2313286800605,56.0012906200115,38.1666566597229));
#7297=CARTESIAN_POINT('Ctrl Pts',(41.1249103018079,56.0620161741976,38.1674241443079));
#7298=CARTESIAN_POINT('Ctrl Pts',(43.931862735756,44.7121686557659,38.6109953221616));
#7299=CARTESIAN_POINT('Ctrl Pts',(43.7470235521674,44.5044892762331,38.6110785555662));
#7300=CARTESIAN_POINT('Ctrl Pts',(43.5621871852869,44.2968073941447,38.6111645583385));
#7301=CARTESIAN_POINT('Ctrl Pts',(43.3773537478234,44.0891229093622,38.6112530166136));
#7302=CARTESIAN_POINT('Ctrl Pts',(43.7750174340516,44.8515207265994,38.4614469364191));
#7303=CARTESIAN_POINT('Ctrl Pts',(43.5890549032809,44.6448394053725,38.4620487113084));
#7304=CARTESIAN_POINT('Ctrl Pts',(43.4031127372204,44.4381399907471,38.4626705086392));
#7305=CARTESIAN_POINT('Ctrl Pts',(43.2171917507527,44.2314217587259,38.4633100591784));
#7306=CARTESIAN_POINT('Ctrl Pts',(43.6181721323472,44.9908727974329,38.3118985506766));
#7307=CARTESIAN_POINT('Ctrl Pts',(43.4310862543944,44.7851895345118,38.3130188670506));
#7308=CARTESIAN_POINT('Ctrl Pts',(43.2440382891539,44.5794725873495,38.3141764589399));
#7309=CARTESIAN_POINT('Ctrl Pts',(43.0570297536819,44.3737206080897,38.3153671017431));
#7310=CARTESIAN_POINT('Ctrl Pts',(43.4613268306428,45.1302248682664,38.1623501649341));
#7311=CARTESIAN_POINT('Ctrl Pts',(43.2731176055079,44.9255396636511,38.1639890227927));
#7312=CARTESIAN_POINT('Ctrl Pts',(43.0849638410873,44.7208051839519,38.1656824092407));
#7313=CARTESIAN_POINT('Ctrl Pts',(42.8968677566111,44.5160194574534,38.1674241443079));
#7314=CARTESIAN_POINT('',(43.165828673774,44.8087678896834,38.1649675887487));
#7315=CARTESIAN_POINT('Ctrl Pts',(43.911787212917,44.7300051204243,38.5918537731265));
#7316=CARTESIAN_POINT('Ctrl Pts',(43.7987309340285,44.7383888290719,38.5277557037117));
#7317=CARTESIAN_POINT('Ctrl Pts',(43.685880392402,44.7483834246482,38.4635087899416));
#7318=CARTESIAN_POINT('Ctrl Pts',(43.4370825572316,44.7739437553178,38.3212635102336));
#7319=CARTESIAN_POINT('Ctrl Pts',(43.3012530616465,44.790236863016,38.2432062000895));
#7320=CARTESIAN_POINT('Ctrl Pts',(43.1658286737735,44.8087678896863,38.1649675887482));
#7321=CARTESIAN_POINT('',(43.145551219912,44.7867024041496,38.1651503824403));
#7322=CARTESIAN_POINT('Ctrl Pts',(43.1658286834677,44.8087678810708,38.1649675887214));
#7323=CARTESIAN_POINT('Ctrl Pts',(43.1590694589692,44.8014127842245,38.1650284538454));
#7324=CARTESIAN_POINT('Ctrl Pts',(43.1523103075459,44.7940576224531,38.1650893851679));
#7325=CARTESIAN_POINT('Ctrl Pts',(43.1455512293008,44.7867023956652,38.1651503824023));
#7326=CARTESIAN_POINT('Ctrl Pts',(43.145551229373,44.7867023957437,38.1651503824017));
#7327=CARTESIAN_POINT('Ctrl Pts',(43.0626456655006,44.696484587613,38.165898562838));
#7328=CARTESIAN_POINT('Ctrl Pts',(42.9797511112887,44.6062569977485,38.1666566597229));
#7329=CARTESIAN_POINT('Ctrl Pts',(42.8968677566111,44.5160194574534,38.1674241443079));
#7330=CARTESIAN_POINT('Ctrl Pts',(41.4413884358418,54.8376352592089,38.1623408174782));
#7331=CARTESIAN_POINT('Ctrl Pts',(41.1861842548138,54.9493665040883,38.1639825835847));
#7332=CARTESIAN_POINT('Ctrl Pts',(40.9309513786387,55.0610290352962,38.165679097621));
#7333=CARTESIAN_POINT('Ctrl Pts',(40.6756886565086,55.1726200970972,38.1674241443079));
#7334=CARTESIAN_POINT('Ctrl Pts',(41.4824688502629,54.9360068092605,38.3118922554764));
#7335=CARTESIAN_POINT('Ctrl Pts',(41.2266844738838,55.0463487128486,38.3130145595875));
#7336=CARTESIAN_POINT('Ctrl Pts',(40.970880481628,55.1566436440722,38.3141742891434));
#7337=CARTESIAN_POINT('Ctrl Pts',(40.7150560868083,55.2668897191227,38.3153671954064));
#7338=CARTESIAN_POINT('Ctrl Pts',(41.523549264684,55.0343783593121,38.4614436934746));
#7339=CARTESIAN_POINT('Ctrl Pts',(41.2671846929539,55.1433309216089,38.4620465355904));
#7340=CARTESIAN_POINT('Ctrl Pts',(41.0108095846174,55.2522582528483,38.4626694806658));
#7341=CARTESIAN_POINT('Ctrl Pts',(40.754423517108,55.3611593411482,38.4633102465049));
#7342=CARTESIAN_POINT('Ctrl Pts',(41.5646296791051,55.1327499093636,38.6109951314729));
#7343=CARTESIAN_POINT('Ctrl Pts',(41.3076849120239,55.2403131303693,38.6110785115933));
#7344=CARTESIAN_POINT('Ctrl Pts',(41.0507386876067,55.3478728616243,38.6111646721883));
#7345=CARTESIAN_POINT('Ctrl Pts',(40.7937909474077,55.4554289631737,38.6112532976035));
#7346=CARTESIAN_POINT('',(41.0124708032481,55.0253431193005,38.1651503824403));
#7347=CARTESIAN_POINT('Ctrl Pts',(40.6756886565086,55.1726200970972,38.1674241443079));
#7348=CARTESIAN_POINT('Ctrl Pts',(40.7879551109393,55.1235415134717,38.1666566597229));
#7349=CARTESIAN_POINT('Ctrl Pts',(40.9002157922484,55.0744491054745,38.1658985628386));
#7350=CARTESIAN_POINT('Ctrl Pts',(41.0124707983378,55.0253431075422,38.1651503824026));
#7351=CARTESIAN_POINT('',(41.0399262794173,55.0133323901266,38.1649675887487));
#7352=CARTESIAN_POINT('Ctrl Pts',(41.0399262743839,55.0133323780735,38.1649675887223));
#7353=CARTESIAN_POINT('Ctrl Pts',(41.0307744867214,55.0173360448069,38.1650284538462));
#7354=CARTESIAN_POINT('Ctrl Pts',(41.0216226613904,55.0213396213388,38.1650893851684));
#7355=CARTESIAN_POINT('Ctrl Pts',(41.0124707983378,55.0253431075422,38.1651503824026));
#7356=CARTESIAN_POINT('Ctrl Pts',(41.5593717227526,55.1201591572062,38.5918537731265));
#7357=CARTESIAN_POINT('Ctrl Pts',(41.4805986076936,55.1038476786407,38.5280443451801));
#7358=CARTESIAN_POINT('Ctrl Pts',(41.4020164051091,55.0876129243406,38.4639521103116));
#7359=CARTESIAN_POINT('Ctrl Pts',(41.3236430339411,55.0714763767864,38.3996194392741));
#7360=CARTESIAN_POINT('Ctrl Pts',(41.228808942149,55.0519506780808,38.3217750089597));
#7361=CARTESIAN_POINT('Ctrl Pts',(41.1342282035898,55.0325580352263,38.2435355437686));
#7362=CARTESIAN_POINT('Ctrl Pts',(41.0399262744278,55.0133323781866,38.1649675888954));
#7363=CARTESIAN_POINT('Origin',(49.25,51.4,38.385));
#7364=CARTESIAN_POINT('',(42.2676495654781,45.8427900991358,38.6111107429142));
#7365=CARTESIAN_POINT('',(42.1307324760202,45.3116909298102,38.1674241443079));
#7366=CARTESIAN_POINT('Ctrl Pts',(42.2676495654781,45.8427900991358,38.6111107429142));
#7367=CARTESIAN_POINT('Ctrl Pts',(42.2459418432933,45.7579529286525,38.5412948958936));
#7368=CARTESIAN_POINT('Ctrl Pts',(42.2242320639059,45.6733535028516,38.4711559465502));
#7369=CARTESIAN_POINT('Ctrl Pts',(42.1786178218422,45.496288691234,38.3233183975057));
#7370=CARTESIAN_POINT('Ctrl Pts',(42.1546989222832,45.4038356602166,38.2455264358418));
#7371=CARTESIAN_POINT('Ctrl Pts',(42.1307324760205,45.311690929811,38.1674241443085));
#7372=CARTESIAN_POINT('',(41.5243242664733,46.1023201425016,38.1674241443079));
#7373=CARTESIAN_POINT('Ctrl Pts',(42.2676495654781,45.8427900991358,38.6111107429142));
#7374=CARTESIAN_POINT('Ctrl Pts',(42.1482298947323,45.8802618127098,38.5410076976809));
#7375=CARTESIAN_POINT('Ctrl Pts',(42.0294759761148,45.9195419561249,38.4707447627641));
#7376=CARTESIAN_POINT('Ctrl Pts',(41.781525172408,46.0057263670028,38.3228669388102));
#7377=CARTESIAN_POINT('Ctrl Pts',(41.6524841925993,46.0529966992859,38.245226793668));
#7378=CARTESIAN_POINT('Ctrl Pts',(41.5243242664734,46.1023201425017,38.1674241443079));
#7379=CARTESIAN_POINT('',(41.490619195449,46.0941532692732,38.135));
#7380=CARTESIAN_POINT('Ctrl Pts',(41.5243242664733,46.1023201425017,38.1674241443078));
#7381=CARTESIAN_POINT('Ctrl Pts',(41.5130937531435,46.0995843283928,38.1566148620383));
#7382=CARTESIAN_POINT('Ctrl Pts',(41.5018587214971,46.0968620364593,38.145806815552));
#7383=CARTESIAN_POINT('Ctrl Pts',(41.490619195449,46.0941532692732,38.135));
#7384=CARTESIAN_POINT('',(42.0980855366262,45.2999902042223,38.135));
#7385=CARTESIAN_POINT('Origin',(49.25,51.4,38.135));
#7386=CARTESIAN_POINT('Ctrl Pts',(42.0980855366262,45.2999902042223,38.135));
#7387=CARTESIAN_POINT('Ctrl Pts',(42.108973801258,45.3038774905416,38.1458068533967));
#7388=CARTESIAN_POINT('Ctrl Pts',(42.1198561221888,45.3077777341963,38.156614899897));
#7389=CARTESIAN_POINT('Ctrl Pts',(42.1307324760203,45.3116909298103,38.1674241443078));
#7390=CARTESIAN_POINT('Ctrl Pts',(42.7647680694756,45.8562181191385,38.1623408174782));
#7391=CARTESIAN_POINT('Ctrl Pts',(42.5533727519644,45.6747654673783,38.1639825835847));
#7392=CARTESIAN_POINT('Ctrl Pts',(42.3420268929743,45.4932571484391,38.165679097621));
#7393=CARTESIAN_POINT('Ctrl Pts',(42.1307324760202,45.3116909298102,38.1674241443079));
#7394=CARTESIAN_POINT('Ctrl Pts',(42.6939624892053,45.9359121095716,38.3118922554764));
#7395=CARTESIAN_POINT('Ctrl Pts',(42.4835671876161,45.7533339072684,38.3130145595875));
#7396=CARTESIAN_POINT('Ctrl Pts',(42.273205695655,45.5707176511258,38.3141742891434));
#7397=CARTESIAN_POINT('Ctrl Pts',(42.0628793692442,45.3880618150092,38.3153671954064));
#7398=CARTESIAN_POINT('Ctrl Pts',(42.6231569089351,46.0156061000048,38.4614436934746));
#7399=CARTESIAN_POINT('Ctrl Pts',(42.4137616232678,45.8319023471586,38.4620465355904));
#7400=CARTESIAN_POINT('Ctrl Pts',(42.2043844983358,45.6481781538125,38.4626694806658));
#7401=CARTESIAN_POINT('Ctrl Pts',(41.9950262624682,45.4644327002081,38.4633102465049));
#7402=CARTESIAN_POINT('Ctrl Pts',(42.5523513286648,46.0953000904379,38.6109951314729));
#7403=CARTESIAN_POINT('Ctrl Pts',(42.3439560589196,45.9104707870487,38.6110785115933));
#7404=CARTESIAN_POINT('Ctrl Pts',(42.1355633010165,45.7256386564992,38.6111646721883));
#7405=CARTESIAN_POINT('Ctrl Pts',(41.9271731556922,45.5408035854071,38.6112532976034));
#7406=CARTESIAN_POINT('',(42.5614138626198,46.0850999128311,38.5918537731265));
#7407=CARTESIAN_POINT('Ctrl Pts',(42.5614138626115,46.0850999128253,38.5918537731282));
#7408=CARTESIAN_POINT('Ctrl Pts',(42.463435892209,46.0043981711825,38.5983024610093));
#7409=CARTESIAN_POINT('Ctrl Pts',(42.3655183349111,45.9236306212458,38.6047216808814));
#7410=CARTESIAN_POINT('Ctrl Pts',(42.2676495659126,45.8427900986441,38.6111107429142));
#7411=CARTESIAN_POINT('',(42.4095487450693,45.5512200734755,38.1651503824403));
#7412=CARTESIAN_POINT('Ctrl Pts',(42.1307324760202,45.3116909298102,38.1674241443079));
#7413=CARTESIAN_POINT('Ctrl Pts',(42.2236613409735,45.391545110788,38.1666566597229));
#7414=CARTESIAN_POINT('Ctrl Pts',(42.3166001563916,45.4713880921929,38.1658985628386));
#7415=CARTESIAN_POINT('Ctrl Pts',(42.4095487535326,45.5512200639497,38.1651503824026));
#7416=CARTESIAN_POINT('',(42.4322825227953,45.5707453426739,38.1649675887487));
#7417=CARTESIAN_POINT('Ctrl Pts',(42.4322825314709,45.5707453329093,38.1649675887223));
#7418=CARTESIAN_POINT('Ctrl Pts',(42.424704540536,45.5642369830322,38.1650284538462));
#7419=CARTESIAN_POINT('Ctrl Pts',(42.4171266145261,45.55772856008,38.1650893851684));
#7420=CARTESIAN_POINT('Ctrl Pts',(42.4095487535326,45.5512200639497,38.1651503824026));
#7421=CARTESIAN_POINT('Ctrl Pts',(42.5614138626198,46.0850999128311,38.5918537731265));
#7422=CARTESIAN_POINT('Ctrl Pts',(42.5419232145003,46.0070168161137,38.5280168042364));
#7423=CARTESIAN_POINT('Ctrl Pts',(42.5224462840508,45.929139185414,38.4638967786425));
#7424=CARTESIAN_POINT('Ctrl Pts',(42.5029714759407,45.8514925176917,38.3995361206333));
#7425=CARTESIAN_POINT('Ctrl Pts',(42.4794249509888,45.7576117878478,38.3217191875392));
#7426=CARTESIAN_POINT('Ctrl Pts',(42.4558684706321,45.6640168541983,38.2435075191701));
#7427=CARTESIAN_POINT('Ctrl Pts',(42.432282531388,45.570745332998,38.1649675888954));
#7428=CARTESIAN_POINT('Origin',(49.25,51.4,38.385));
#7429=CARTESIAN_POINT('',(40.551774055893,53.3941576913563,38.6111107429142));
#7430=CARTESIAN_POINT('',(40.0511775960245,53.1700688665323,38.1674241443079));
#7431=CARTESIAN_POINT('Ctrl Pts',(40.551774055893,53.3941576913563,38.6111107429142));
#7432=CARTESIAN_POINT('Ctrl Pts',(40.472005235064,53.3582766857113,38.5413771519251));
#7433=CARTESIAN_POINT('Ctrl Pts',(40.3924205926262,53.3225451753017,38.4713212362767));
#7434=CARTESIAN_POINT('Ctrl Pts',(40.2255448465477,53.2478088832736,38.3234851265432));
#7435=CARTESIAN_POINT('Ctrl Pts',(40.1382552887208,53.2088239268744,38.2456101249725));
#7436=CARTESIAN_POINT('Ctrl Pts',(40.0511775960253,53.1700688665325,38.1674241443085));
#7437=CARTESIAN_POINT('',(40.2912270710496,54.1371271471478,38.1674241443079));
#7438=CARTESIAN_POINT('Ctrl Pts',(40.551774055893,53.3941576913563,38.6111107429142));
#7439=CARTESIAN_POINT('Ctrl Pts',(40.5066040779438,53.5109117855351,38.540992800953));
#7440=CARTESIAN_POINT('Ctrl Pts',(40.4632638547349,53.6282731685275,38.4707149018674));
#7441=CARTESIAN_POINT('Ctrl Pts',(40.3760523553881,53.8758645045801,38.3228369472402));
#7442=CARTESIAN_POINT('Ctrl Pts',(40.332562871786,54.0062003114498,38.2452117662217));
#7443=CARTESIAN_POINT('Ctrl Pts',(40.2912270710497,54.1371271471478,38.1674241443079));
#7444=CARTESIAN_POINT('',(40.2638271843917,54.1583868706224,38.135));
#7445=CARTESIAN_POINT('Ctrl Pts',(40.2912270710497,54.1371271471478,38.1674241443078));
#7446=CARTESIAN_POINT('Ctrl Pts',(40.2820860213556,54.1442017588547,38.1566148696502));
#7447=CARTESIAN_POINT('Ctrl Pts',(40.2729527201509,54.1512883390278,38.1458068231615));
#7448=CARTESIAN_POINT('Ctrl Pts',(40.2638271843917,54.1583868706224,38.135));
#7449=CARTESIAN_POINT('',(40.021674566618,53.1882979884783,38.135));
#7450=CARTESIAN_POINT('Origin',(49.25,51.4,38.135));
#7451=CARTESIAN_POINT('Ctrl Pts',(40.0216745666181,53.1882979884783,38.135));
#7452=CARTESIAN_POINT('Ctrl Pts',(40.0315024570054,53.1822089050877,38.1458068155742));
#7453=CARTESIAN_POINT('Ctrl Pts',(40.0413368063542,53.1761325260395,38.1566148620598));
#7454=CARTESIAN_POINT('Ctrl Pts',(40.0511775960246,53.1700688665323,38.1674241443078));
#7455=CARTESIAN_POINT('Ctrl Pts',(40.9170188837125,53.2897348400917,38.6109953221616));
#7456=CARTESIAN_POINT('Ctrl Pts',(40.6497075121373,53.3661604843442,38.6110785555662));
#7457=CARTESIAN_POINT('Ctrl Pts',(40.3823951079612,53.4425825050122,38.6111645583385));
#7458=CARTESIAN_POINT('Ctrl Pts',(40.1150816298653,53.5190007571001,38.6112530166136));
#7459=CARTESIAN_POINT('Ctrl Pts',(40.9745181352447,53.4915101715512,38.4614469364191));
#7460=CARTESIAN_POINT('Ctrl Pts',(40.7076185810557,53.5693809579122,38.4620487113084));
#7461=CARTESIAN_POINT('Ctrl Pts',(40.4407115611946,53.647225545872,38.4626705086392));
#7462=CARTESIAN_POINT('Ctrl Pts',(40.1737967769267,53.725042887116,38.4633100591784));
#7463=CARTESIAN_POINT('Ctrl Pts',(41.0320173867769,53.6932855030106,38.3118985506766));
#7464=CARTESIAN_POINT('Ctrl Pts',(40.7655296499741,53.7726014314801,38.3130188670506));
#7465=CARTESIAN_POINT('Ctrl Pts',(40.499028014428,53.8518685867317,38.3141764589399));
#7466=CARTESIAN_POINT('Ctrl Pts',(40.2325119239882,53.9310850171319,38.3153671017431));
#7467=CARTESIAN_POINT('Ctrl Pts',(41.0895166383091,53.89506083447,38.1623501649341));
#7468=CARTESIAN_POINT('Ctrl Pts',(40.8234407188925,53.9758219050481,38.1639890227927));
#7469=CARTESIAN_POINT('Ctrl Pts',(40.5573444676614,54.0565116275915,38.1656824092407));
#7470=CARTESIAN_POINT('Ctrl Pts',(40.2912270710496,54.1371271471478,38.1674241443079));
#7471=CARTESIAN_POINT('',(40.924378540169,53.3155612131552,38.5918537731265));
#7472=CARTESIAN_POINT('Ctrl Pts',(40.924378540149,53.3155612131557,38.59185377313));
#7473=CARTESIAN_POINT('Ctrl Pts',(40.8001951124411,53.341846762086,38.5983024610202));
#7474=CARTESIAN_POINT('Ctrl Pts',(40.6759979007002,53.3680440473921,38.6047216808856));
#7475=CARTESIAN_POINT('Ctrl Pts',(40.5517740557109,53.39415769073,38.6111107429144));
#7476=CARTESIAN_POINT('',(40.6716820630312,54.0218205184984,38.1649675887487));
#7477=CARTESIAN_POINT('Ctrl Pts',(40.924378540169,53.3155612131552,38.5918537731265));
#7478=CARTESIAN_POINT('Ctrl Pts',(40.8828676456898,53.4210871069869,38.5277385995647));
#7479=CARTESIAN_POINT('Ctrl Pts',(40.8428981987665,53.5271268491888,38.4634745025672));
#7480=CARTESIAN_POINT('Ctrl Pts',(40.7579797210327,53.7623767161269,38.3212290620457));
#7481=CARTESIAN_POINT('Ctrl Pts',(40.7137353430554,53.8917957478726,38.2431889357506));
#7482=CARTESIAN_POINT('Ctrl Pts',(40.6716820630336,54.0218205185,38.1649675887482));
#7483=CARTESIAN_POINT('',(40.6430036900086,54.0305160177795,38.1651503824403));
#7484=CARTESIAN_POINT('Ctrl Pts',(40.6716820594775,54.0218205060277,38.1649675887214));
#7485=CARTESIAN_POINT('Ctrl Pts',(40.6621226286336,54.0247190999405,38.1650284538452));
#7486=CARTESIAN_POINT('Ctrl Pts',(40.6525631710004,54.0276175998448,38.1650893851675));
#7487=CARTESIAN_POINT('Ctrl Pts',(40.6430036865402,54.0305160056083,38.1651503824017));
#7488=CARTESIAN_POINT('Ctrl Pts',(40.6430036865402,54.0305160056083,38.1651503824017));
#7489=CARTESIAN_POINT('Ctrl Pts',(40.5257488740375,54.0660672977065,38.165898562838));
#7490=CARTESIAN_POINT('Ctrl Pts',(40.4084900254097,54.101604426308,38.1666566597229));
#7491=CARTESIAN_POINT('Ctrl Pts',(40.2912270710496,54.1371271471478,38.1674241443079));
#7492=CARTESIAN_POINT('Ctrl Pts',(42.5770170634129,46.0632434214892,38.6109953221616));
#7493=CARTESIAN_POINT('Ctrl Pts',(42.3505991745705,45.9019015853619,38.6110785555662));
#7494=CARTESIAN_POINT('Ctrl Pts',(42.1241834749443,45.7405566826468,38.6111645583385));
#7495=CARTESIAN_POINT('Ctrl Pts',(41.8977700521346,45.579208590636,38.6112530166136));
#7496=CARTESIAN_POINT('Ctrl Pts',(42.4551129538374,46.234003007987,38.4614469364191));
#7497=CARTESIAN_POINT('Ctrl Pts',(42.2278219713383,46.0738841750242,38.4620487113084));
#7498=CARTESIAN_POINT('Ctrl Pts',(42.0005468168037,45.9137431707279,38.4626705086392));
#7499=CARTESIAN_POINT('Ctrl Pts',(41.7732881235808,45.7535791079245,38.4633100591784));
#7500=CARTESIAN_POINT('Ctrl Pts',(42.3332088442618,46.4047625944849,38.3118985506766));
#7501=CARTESIAN_POINT('Ctrl Pts',(42.1050447681062,46.2458667646865,38.3130188670506));
#7502=CARTESIAN_POINT('Ctrl Pts',(41.8769101586632,46.0869296588091,38.3141764589399));
#7503=CARTESIAN_POINT('Ctrl Pts',(41.6488061950271,45.9279496252131,38.3153671017431));
#7504=CARTESIAN_POINT('Ctrl Pts',(42.2113047346863,46.5755221809827,38.1623501649341));
#7505=CARTESIAN_POINT('Ctrl Pts',(41.982267564874,46.4178493543488,38.1639890227927));
#7506=CARTESIAN_POINT('Ctrl Pts',(41.7532735005226,46.2601161468903,38.1656824092407));
#7507=CARTESIAN_POINT('Ctrl Pts',(41.5243242664733,46.1023201425016,38.1674241443079));
#7508=CARTESIAN_POINT('',(41.8516844264554,46.3278793258453,38.1649675887487));
#7509=CARTESIAN_POINT('Ctrl Pts',(42.5614138626198,46.0850999128311,38.5918537731265));
#7510=CARTESIAN_POINT('Ctrl Pts',(42.4530543903108,46.118431828587,38.5277537509754));
#7511=CARTESIAN_POINT('Ctrl Pts',(42.3452539871897,46.1532885550084,38.4635048754418));
#7512=CARTESIAN_POINT('Ctrl Pts',(42.1083818204231,46.2335709609364,38.3212595773745));
#7513=CARTESIAN_POINT('Ctrl Pts',(41.979586678566,46.2796793637429,38.2432042290653));
#7514=CARTESIAN_POINT('Ctrl Pts',(41.8516844264557,46.3278793258482,38.1649675887482));
#7515=CARTESIAN_POINT('',(41.8270053382482,46.3108792260741,38.1651503824403));
#7516=CARTESIAN_POINT('Ctrl Pts',(41.8516844339897,46.3278793152916,38.1649675887214));
#7517=CARTESIAN_POINT('Ctrl Pts',(41.843458014371,46.3222126950477,38.1650284538452));
#7518=CARTESIAN_POINT('Ctrl Pts',(41.8352316515483,46.3165459952458,38.1650893851675));
#7519=CARTESIAN_POINT('Ctrl Pts',(41.8270053456015,46.3108792157738,38.1651503824017));
#7520=CARTESIAN_POINT('Ctrl Pts',(41.8270053456015,46.3108792157738,38.1651503824017));
#7521=CARTESIAN_POINT('Ctrl Pts',(41.7261030463825,46.2413715799544,38.165898562838));
#7522=CARTESIAN_POINT('Ctrl Pts',(41.6252093041482,46.1718519577697,38.1666566597229));
#7523=CARTESIAN_POINT('Ctrl Pts',(41.5243242664733,46.1023201425016,38.1674241443079));
#7524=CARTESIAN_POINT('Ctrl Pts',(40.8722208222361,53.0138670279446,38.1623408174782));
#7525=CARTESIAN_POINT('Ctrl Pts',(40.5985526018837,53.0660086645284,38.1639825835847));
#7526=CARTESIAN_POINT('Ctrl Pts',(40.3248716960618,53.1180769249651,38.165679097621));
#7527=CARTESIAN_POINT('Ctrl Pts',(40.0511775960245,53.1700688665323,38.1674241443079));
#7528=CARTESIAN_POINT('Ctrl Pts',(40.890381535707,53.1189134500388,38.3118922554764));
#7529=CARTESIAN_POINT('Ctrl Pts',(40.6164568242341,53.1695714734068,38.3130145595875));
#7530=CARTESIAN_POINT('Ctrl Pts',(40.3425234410298,53.2201793371624,38.3141742891434));
#7531=CARTESIAN_POINT('Ctrl Pts',(40.0685810383178,53.2707350296735,38.3153671954064));
#7532=CARTESIAN_POINT('Ctrl Pts',(40.9085422491779,53.2239598721329,38.4614436934746));
#7533=CARTESIAN_POINT('Ctrl Pts',(40.6343610465844,53.2731342822852,38.4620465355904));
#7534=CARTESIAN_POINT('Ctrl Pts',(40.3601751859978,53.3222817493597,38.4626694806658));
#7535=CARTESIAN_POINT('Ctrl Pts',(40.085984480611,53.3714011928147,38.4633102465049));
#7536=CARTESIAN_POINT('Ctrl Pts',(40.9267029626488,53.3290062942271,38.6109951314729));
#7537=CARTESIAN_POINT('Ctrl Pts',(40.6522652689348,53.3766970911636,38.6110785115933));
#7538=CARTESIAN_POINT('Ctrl Pts',(40.3778269309658,53.424384161557,38.6111646721883));
#7539=CARTESIAN_POINT('Ctrl Pts',(40.1033879229042,53.4720673559559,38.6112532976035));
#7540=CARTESIAN_POINT('',(40.412288121855,53.1014255078887,38.1651503824403));
#7541=CARTESIAN_POINT('Ctrl Pts',(40.0511775960245,53.1700688665323,38.1674241443079));
#7542=CARTESIAN_POINT('Ctrl Pts',(40.1715503083163,53.1472024217572,38.1666566597229));
#7543=CARTESIAN_POINT('Ctrl Pts',(40.2919204684428,53.124321214576,38.1658985628386));
#7544=CARTESIAN_POINT('Ctrl Pts',(40.4122881196842,53.1014254953326,38.1651503824026));
#7545=CARTESIAN_POINT('',(40.4417278705879,53.0958253309708,38.1649675887487));
#7546=CARTESIAN_POINT('Ctrl Pts',(40.4417278683628,53.0958253180999,38.1649675887224));
#7547=CARTESIAN_POINT('Ctrl Pts',(40.4319146354635,53.0976921402113,38.1650284538462));
#7548=CARTESIAN_POINT('Ctrl Pts',(40.4221013859118,53.0995588660008,38.1650893851684));
#7549=CARTESIAN_POINT('Ctrl Pts',(40.4122881196842,53.1014254953326,38.1651503824026));
#7550=CARTESIAN_POINT('Ctrl Pts',(40.924378540169,53.3155612131551,38.5918537731265));
#7551=CARTESIAN_POINT('Ctrl Pts',(40.8512747460666,53.2821595779956,38.5281007423277));
#7552=CARTESIAN_POINT('Ctrl Pts',(40.7783397196423,53.2488750240869,38.4640654157401));
#7553=CARTESIAN_POINT('Ctrl Pts',(40.7055861188062,53.2157324182541,38.399790054621));
#7554=CARTESIAN_POINT('Ctrl Pts',(40.6174098869527,53.1755640958266,38.3218893173463));
#7555=CARTESIAN_POINT('Ctrl Pts',(40.5294513682691,53.1355821191732,38.2435929312892));
#7556=CARTESIAN_POINT('Ctrl Pts',(40.4417278683804,53.09582531822,38.1649675888954));
#7557=CARTESIAN_POINT('Origin',(49.25,51.4,38.385));
#7558=CARTESIAN_POINT('',(41.2061161314181,47.5358400936944,38.6111107429142));
#7559=CARTESIAN_POINT('',(40.9544511560692,47.0485236080031,38.1674241443079));
#7560=CARTESIAN_POINT('Ctrl Pts',(41.2061161314181,47.5358400936944,38.6111107429142));
#7561=CARTESIAN_POINT('Ctrl Pts',(41.166081914241,47.457974576485,38.5413076127451));
#7562=CARTESIAN_POINT('Ctrl Pts',(41.1260985776218,47.380341219266,38.4711815005442));
#7563=CARTESIAN_POINT('Ctrl Pts',(41.0422273261579,47.2178657290642,38.323344174007));
#7564=CARTESIAN_POINT('Ctrl Pts',(40.9983281124028,47.1330390401269,38.2455393742571));
#7565=CARTESIAN_POINT('Ctrl Pts',(40.9544511560697,47.0485236080037,38.1674241443085));
#7566=CARTESIAN_POINT('',(40.539178417227,47.9542686167894,38.1674241443079));
#7567=CARTESIAN_POINT('Ctrl Pts',(41.2061161314181,47.5358400936944,38.6111107429142));
#7568=CARTESIAN_POINT('Ctrl Pts',(41.0980176077881,47.5989522253693,38.5410004374632));
#7569=CARTESIAN_POINT('Ctrl Pts',(40.9909707761466,47.663679636301,38.4707302094618));
#7570=CARTESIAN_POINT('Ctrl Pts',(40.7684149177552,47.8028781452837,38.3228523218211));
#7571=CARTESIAN_POINT('Ctrl Pts',(40.6531388791404,47.8776707600084,38.2452194697418));
#7572=CARTESIAN_POINT('Ctrl Pts',(40.539178417227,47.9542686167894,38.1674241443079));
#7573=CARTESIAN_POINT('',(40.5045011024449,47.9538065880071,38.135));
#7574=CARTESIAN_POINT('Ctrl Pts',(40.539178417227,47.9542686167894,38.1674241443078));
#7575=CARTESIAN_POINT('Ctrl Pts',(40.5276207004031,47.9541004195671,38.1566148620384));
#7576=CARTESIAN_POINT('Ctrl Pts',(40.5160615875132,47.953946410911,38.1458068155521));
#7577=CARTESIAN_POINT('Ctrl Pts',(40.504501102445,47.9538065880071,38.135));
#7578=CARTESIAN_POINT('',(40.9200190872209,47.0443808714793,38.135));
#7579=CARTESIAN_POINT('Origin',(49.25,51.4,38.135));
#7580=CARTESIAN_POINT('Ctrl Pts',(40.9200190872209,47.0443808714793,38.135));
#7581=CARTESIAN_POINT('Ctrl Pts',(40.931499362908,47.0457478285997,38.1458068533967));
#7582=CARTESIAN_POINT('Ctrl Pts',(40.9429767271935,47.0471287407858,38.1566148998969));
#7583=CARTESIAN_POINT('Ctrl Pts',(40.9544511560693,47.0485236080031,38.1674241443078));
#7584=CARTESIAN_POINT('Ctrl Pts',(41.6937588521795,47.4383121714039,38.1623408174782));
#7585=CARTESIAN_POINT('Ctrl Pts',(41.4472866430948,47.30844879995,38.1639825835847));
#7586=CARTESIAN_POINT('Ctrl Pts',(41.2008502653901,47.1785201514533,38.165679097621));
#7587=CARTESIAN_POINT('Ctrl Pts',(40.9544511560692,47.0485236080031,38.1674241443079));
#7588=CARTESIAN_POINT('Ctrl Pts',(41.6424620968177,47.5317637909613,38.3118922554764));
#7589=CARTESIAN_POINT('Ctrl Pts',(41.3967143726099,47.4005805643896,38.3130145595875));
#7590=CARTESIAN_POINT('Ctrl Pts',(41.1509911425764,47.2693527147177,38.3141742891434));
#7591=CARTESIAN_POINT('Ctrl Pts',(40.9052933890466,47.1380784523532,38.3153671954064));
#7592=CARTESIAN_POINT('Ctrl Pts',(41.5911653414559,47.6252154105188,38.4614436934746));
#7593=CARTESIAN_POINT('Ctrl Pts',(41.346142102125,47.4927123288292,38.4620465355904));
#7594=CARTESIAN_POINT('Ctrl Pts',(41.1011320197626,47.360185277982,38.4626694806658));
#7595=CARTESIAN_POINT('Ctrl Pts',(40.856135622024,47.2276332967033,38.4633102465049));
#7596=CARTESIAN_POINT('Ctrl Pts',(41.5398685860941,47.7186670300762,38.6109951314729));
#7597=CARTESIAN_POINT('Ctrl Pts',(41.2955698316401,47.5848440932688,38.6110785115933));
#7598=CARTESIAN_POINT('Ctrl Pts',(41.0512728969489,47.4510178412464,38.6111646721883));
#7599=CARTESIAN_POINT('Ctrl Pts',(40.8069778550013,47.3171881410535,38.6112532976035));
#7600=CARTESIAN_POINT('',(41.5464341503543,47.7067059886985,38.5918537731265));
#7601=CARTESIAN_POINT('Ctrl Pts',(41.546434150345,47.7067059886947,38.5918537731282));
#7602=CARTESIAN_POINT('Ctrl Pts',(41.4329548653024,47.6498297576887,38.5983024610091));
#7603=CARTESIAN_POINT('Ctrl Pts',(41.3195198349579,47.592875925159,38.604721680881));
#7604=CARTESIAN_POINT('Ctrl Pts',(41.2061161317323,47.5358400931184,38.6111107429142));
#7605=CARTESIAN_POINT('',(41.2795771678937,47.2200047993523,38.1651503824403));
#7606=CARTESIAN_POINT('Ctrl Pts',(40.9544511560692,47.0485236080031,38.1674241443079));
#7607=CARTESIAN_POINT('Ctrl Pts',(41.062819327291,47.1056970601218,38.1666566597229));
#7608=CARTESIAN_POINT('Ctrl Pts',(41.1711947073594,47.1628573792776,38.1658985628386));
#7609=CARTESIAN_POINT('Ctrl Pts',(41.2795771740251,47.2200047881821,38.1651503824026));
#7610=CARTESIAN_POINT('',(41.3060857434859,47.2339817878348,38.1649675887487));
#7611=CARTESIAN_POINT('Ctrl Pts',(41.3060857497711,47.2339817763845,38.1649675887223));
#7612=CARTESIAN_POINT('Ctrl Pts',(41.2972495107973,47.2293228660474,38.1650284538462));
#7613=CARTESIAN_POINT('Ctrl Pts',(41.2884133188599,47.2246638700202,38.1650893851684));
#7614=CARTESIAN_POINT('Ctrl Pts',(41.2795771740251,47.2200047881821,38.1651503824026));
#7615=CARTESIAN_POINT('Ctrl Pts',(41.5464341503543,47.7067059886985,38.5918537731265));
#7616=CARTESIAN_POINT('Ctrl Pts',(41.5100644447751,47.634932268913,38.5280297812981));
#7617=CARTESIAN_POINT('Ctrl Pts',(41.4737538109497,47.5633557339747,38.4639228504749));
#7618=CARTESIAN_POINT('Ctrl Pts',(41.4374966214564,47.4920038056651,38.3995753797134));
#7619=CARTESIAN_POINT('Ctrl Pts',(41.3936426358793,47.405701847937,38.3217454901347));
#7620=CARTESIAN_POINT('Ctrl Pts',(41.3498425618407,47.3196808268916,38.2435207241271));
#7621=CARTESIAN_POINT('Ctrl Pts',(41.3060857497101,47.2339817764894,38.1649675888954));
#7622=CARTESIAN_POINT('Origin',(49.25,51.4,38.385));
#7623=CARTESIAN_POINT('',(40.3261149086892,51.4086226337497,38.6111107429142));
#7624=CARTESIAN_POINT('',(39.8879339018131,51.0787589918354,38.1674241443079));
#7625=CARTESIAN_POINT('Ctrl Pts',(40.3261149086892,51.4086226337497,38.6111107429142));
#7626=CARTESIAN_POINT('Ctrl Pts',(40.2563984977405,51.3559425144664,38.5414452662368));
#7627=CARTESIAN_POINT('Ctrl Pts',(40.1868281101304,51.3034487714962,38.4714581081286));
#7628=CARTESIAN_POINT('Ctrl Pts',(40.0407661151039,51.1934520873783,38.3236231903973));
#7629=CARTESIAN_POINT('Ctrl Pts',(39.9642721660392,51.13596965578,38.2456794259475));
#7630=CARTESIAN_POINT('Ctrl Pts',(39.8879339018138,51.0787589918359,38.1674241443085));
#7631=CARTESIAN_POINT('',(39.9067741235269,52.0749871356924,38.1674241443079));
#7632=CARTESIAN_POINT('Ctrl Pts',(40.3261149086892,51.4086226337497,38.6111107429142));
#7633=CARTESIAN_POINT('Ctrl Pts',(40.2560580920943,51.5124561658287,38.5409536307361));
#7634=CARTESIAN_POINT('Ctrl Pts',(40.1876518638413,51.6172900343185,38.470636384034));
#7635=CARTESIAN_POINT('Ctrl Pts',(40.0475365300508,51.839269554764,38.3227580858192));
#7636=CARTESIAN_POINT('Ctrl Pts',(39.9761722409803,51.9566011574272,38.2451722522884));
#7637=CARTESIAN_POINT('Ctrl Pts',(39.906774123527,52.0749871356924,38.1674241443079));
#7638=CARTESIAN_POINT('',(39.8753304757102,52.0896167851437,38.135));
#7639=CARTESIAN_POINT('Ctrl Pts',(39.9067741235269,52.0749871356924,38.1674241443078));
#7640=CARTESIAN_POINT('Ctrl Pts',(39.89628800901,52.0798502975779,38.1566148688059));
#7641=CARTESIAN_POINT('Ctrl Pts',(39.8858067862975,52.0847268516784,38.1458068223176));
#7642=CARTESIAN_POINT('Ctrl Pts',(39.8753304757102,52.0896167851437,38.135));
#7643=CARTESIAN_POINT('',(39.8551142137101,51.0899660299771,38.135));
#7644=CARTESIAN_POINT('Origin',(49.25,51.4,38.135));
#7645=CARTESIAN_POINT('Ctrl Pts',(39.8551142137101,51.0899660299771,38.135));
#7646=CARTESIAN_POINT('Ctrl Pts',(39.8660506468897,51.0862165239679,38.1458068155742));
#7647=CARTESIAN_POINT('Ctrl Pts',(39.8769905501089,51.0824808410307,38.1566148620599));
#7648=CARTESIAN_POINT('Ctrl Pts',(39.8879339018131,51.0787589918355,38.1674241443078));
#7649=CARTESIAN_POINT('Ctrl Pts',(40.7054385565003,51.3880925015913,38.6109953221616));
#7650=CARTESIAN_POINT('Ctrl Pts',(40.4278229333708,51.4031196193194,38.6110785555662));
#7651=CARTESIAN_POINT('Ctrl Pts',(40.1502071098532,51.4181429745387,38.6111645583385));
#7652=CARTESIAN_POINT('Ctrl Pts',(39.8725910779291,51.4331624166942,38.6112530166136));
#7653=CARTESIAN_POINT('Ctrl Pts',(40.7165969465429,51.5976036913735,38.4614469364191));
#7654=CARTESIAN_POINT('Ctrl Pts',(40.4390612413062,51.6141313564698,38.4620487113084));
#7655=CARTESIAN_POINT('Ctrl Pts',(40.1615240872701,51.6306318187451,38.4626705086392));
#7656=CARTESIAN_POINT('Ctrl Pts',(39.8839854264617,51.6471039896936,38.4633100591784));
#7657=CARTESIAN_POINT('Ctrl Pts',(40.7277553365855,51.8071148811558,38.3118985506766));
#7658=CARTESIAN_POINT('Ctrl Pts',(40.4502995492416,51.8251430936201,38.3130188670506));
#7659=CARTESIAN_POINT('Ctrl Pts',(40.172841064687,51.8431206629515,38.3141764589399));
#7660=CARTESIAN_POINT('Ctrl Pts',(39.8953797749943,51.861045562693,38.3153671017431));
#7661=CARTESIAN_POINT('Ctrl Pts',(40.7389137266281,52.0166260709381,38.1623501649341));
#7662=CARTESIAN_POINT('Ctrl Pts',(40.4615378571771,52.0361548307705,38.1639890227928));
#7663=CARTESIAN_POINT('Ctrl Pts',(40.184158042104,52.055609507158,38.1656824092407));
#7664=CARTESIAN_POINT('Ctrl Pts',(39.9067741235269,52.0749871356924,38.1674241443079));
#7665=CARTESIAN_POINT('',(40.706866782349,51.4149090311895,38.5918537731265));
#7666=CARTESIAN_POINT('Ctrl Pts',(40.7068667823294,51.4149090311856,38.59185377313));
#7667=CARTESIAN_POINT('Ctrl Pts',(40.5799478075259,51.4129021342092,38.5983024610204));
#7668=CARTESIAN_POINT('Ctrl Pts',(40.4530350347889,51.4108061193262,38.6047216808859));
#7669=CARTESIAN_POINT('Ctrl Pts',(40.3261149086511,51.4086226330985,38.6111107429144));
#7670=CARTESIAN_POINT('',(40.303348453237,52.0472306851066,38.1649675887487));
#7671=CARTESIAN_POINT('Ctrl Pts',(40.706866782349,51.4149090311895,38.5918537731265));
#7672=CARTESIAN_POINT('Ctrl Pts',(40.642875194164,51.5086103149625,38.5276987600341));
#7673=CARTESIAN_POINT('Ctrl Pts',(40.5802737910006,51.6031566162751,38.4633946392289));
#7674=CARTESIAN_POINT('Ctrl Pts',(40.4451401673359,51.8136143209512,38.3211488241465));
#7675=CARTESIAN_POINT('Ctrl Pts',(40.3732446518487,51.9298839996485,38.243148723094));
#7676=CARTESIAN_POINT('Ctrl Pts',(40.303348453239,52.0472306851087,38.1649675887482));
#7677=CARTESIAN_POINT('',(40.2734541762801,52.0493266317168,38.1651503824403));
#7678=CARTESIAN_POINT('Ctrl Pts',(40.3033484525474,52.0472306721578,38.1649675887214));
#7679=CARTESIAN_POINT('Ctrl Pts',(40.2933836987685,52.04792941879,38.1650284538452));
#7680=CARTESIAN_POINT('Ctrl Pts',(40.2834189397908,52.0486280678095,38.1650893851675));
#7681=CARTESIAN_POINT('Ctrl Pts',(40.273454175607,52.0493266190789,38.1651503824017));
#7682=CARTESIAN_POINT('Ctrl Pts',(40.273454175607,52.0493266190789,38.1651503824017));
#7683=CARTESIAN_POINT('Ctrl Pts',(40.1512282793394,52.0578949156706,38.165898562838));
#7684=CARTESIAN_POINT('Ctrl Pts',(40.0290015998154,52.0664485057518,38.1666566597229));
#7685=CARTESIAN_POINT('Ctrl Pts',(39.9067741235269,52.0749871356924,38.1674241443079));
#7686=CARTESIAN_POINT('Ctrl Pts',(41.5567826194605,47.6819254464137,38.6109953221616));
#7687=CARTESIAN_POINT('Ctrl Pts',(41.3001395637494,47.5750115070602,38.6110785555662));
#7688=CARTESIAN_POINT('Ctrl Pts',(41.0434979599864,47.4680940908582,38.6111645583385));
#7689=CARTESIAN_POINT('Ctrl Pts',(40.7868578662703,47.3611730586834,38.6112530166136));
#7690=CARTESIAN_POINT('Ctrl Pts',(41.4759324830951,47.875529949879,38.4614469364191));
#7691=CARTESIAN_POINT('Ctrl Pts',(41.2187103678147,47.7700026320631,38.4620487113084));
#7692=CARTESIAN_POINT('Ctrl Pts',(40.9614987500727,47.6644501767419,38.4626705086392));
#7693=CARTESIAN_POINT('Ctrl Pts',(40.7042980499225,47.5588715780521,38.4633100591784));
#7694=CARTESIAN_POINT('Ctrl Pts',(41.3950823467297,48.0691344533442,38.3118985506766));
#7695=CARTESIAN_POINT('Ctrl Pts',(41.1372811718799,47.9649937570659,38.3130188670506));
#7696=CARTESIAN_POINT('Ctrl Pts',(40.8794995401591,47.8608062626257,38.3141764589399));
#7697=CARTESIAN_POINT('Ctrl Pts',(40.6217382335747,47.7565700974207,38.3153671017431));
#7698=CARTESIAN_POINT('Ctrl Pts',(41.3142322103643,48.2627389568095,38.1623501649341));
#7699=CARTESIAN_POINT('Ctrl Pts',(41.0558519759452,48.1599848820688,38.1639890227927));
#7700=CARTESIAN_POINT('Ctrl Pts',(40.7975003302454,48.0571623485094,38.1656824092407));
#7701=CARTESIAN_POINT('Ctrl Pts',(40.5391784172269,47.9542686167894,38.1674241443079));
#7702=CARTESIAN_POINT('',(40.9085226146699,48.1013280719408,38.1649675887487));
#7703=CARTESIAN_POINT('Ctrl Pts',(41.5464341503543,47.7067059886985,38.5918537731265));
#7704=CARTESIAN_POINT('Ctrl Pts',(41.4481972096383,47.7633209760381,38.5277463666233));
#7705=CARTESIAN_POINT('Ctrl Pts',(41.350844827353,47.8212984530005,38.4634900725978));
#7706=CARTESIAN_POINT('Ctrl Pts',(41.13777651384,47.9522776964273,38.3212447051021));
#7707=CARTESIAN_POINT('Ctrl Pts',(41.0224817319148,48.0258828431889,38.243196775553));
#7708=CARTESIAN_POINT('Ctrl Pts',(40.9085226146708,48.1013280719436,38.1649675887482));
#7709=CARTESIAN_POINT('',(40.880679404651,48.0902458139211,38.1651503824403));
#7710=CARTESIAN_POINT('Ctrl Pts',(40.9085226196668,48.1013280599751,38.1649675887214));
#7711=CARTESIAN_POINT('Ctrl Pts',(40.8992415119342,48.0976340643083,38.1650284538452));
#7712=CARTESIAN_POINT('Ctrl Pts',(40.8899604418703,48.0939399784398,38.1650893851675));
#7713=CARTESIAN_POINT('Ctrl Pts',(40.880679409528,48.0902458022427,38.1651503824017));
#7714=CARTESIAN_POINT('Ctrl Pts',(40.880679409528,48.0902458022427,38.1651503824016));
#7715=CARTESIAN_POINT('Ctrl Pts',(40.7668400375763,48.0449337418331,38.165898562838));
#7716=CARTESIAN_POINT('Ctrl Pts',(40.6530063408508,47.9996080914733,38.1666566597229));
#7717=CARTESIAN_POINT('Ctrl Pts',(40.5391784172269,47.9542686167894,38.1674241443079));
#7718=CARTESIAN_POINT('Origin',(49.25,51.4,38.385));
#7719=CARTESIAN_POINT('',(58.,51.4,38.385));
#7720=CARTESIAN_POINT('',(58.2451034124052,51.6968410351283,38.135));
#7721=CARTESIAN_POINT('Ctrl Pts',(58.2147869915232,51.7067174919795,38.1649675887477));
#7722=CARTESIAN_POINT('Ctrl Pts',(58.2248952917879,51.703437175399,38.1549773527732));
#7723=CARTESIAN_POINT('Ctrl Pts',(58.2350007020004,51.7001450386166,38.1449881578114));
#7724=CARTESIAN_POINT('Ctrl Pts',(58.2451031794911,51.6968410973524,38.135));
#7725=CARTESIAN_POINT('',(58.147630895778,52.7535746904021,38.135));
#7726=CARTESIAN_POINT('Origin',(49.25,51.4,38.135));
#7727=CARTESIAN_POINT('Ctrl Pts',(58.1476306571587,52.7535747247778,38.135));
#7728=CARTESIAN_POINT('Ctrl Pts',(58.1372095079539,52.7556665537732,38.1449881586941));
#7729=CARTESIAN_POINT('Ctrl Pts',(58.1267868368194,52.7577463149566,38.1549773536562));
#7730=CARTESIAN_POINT('Ctrl Pts',(58.11636268798,52.7598139977461,38.1649675887477));
#7731=CARTESIAN_POINT('',(57.9535240453425,53.6909974229895,38.135));
#7732=CARTESIAN_POINT('Ctrl Pts',(57.9217700020245,53.6938802181584,38.1649675887477));
#7733=CARTESIAN_POINT('Ctrl Pts',(57.9323548030959,53.692931454568,38.154977354765));
#7734=CARTESIAN_POINT('Ctrl Pts',(57.9429394189281,53.6919705238515,38.1449881598026));
#7735=CARTESIAN_POINT('Ctrl Pts',(57.953523804421,53.6909974318254,38.1350000000009));
#7736=CARTESIAN_POINT('',(57.6233500082974,54.699546883823,38.135));
#7737=CARTESIAN_POINT('Origin',(49.25,51.4,38.135));
#7738=CARTESIAN_POINT('Ctrl Pts',(57.6233497680122,54.699546864239,38.1349999999994));
#7739=CARTESIAN_POINT('Ctrl Pts',(57.6127244203045,54.6992673227884,38.144988161259));
#7740=CARTESIAN_POINT('Ctrl Pts',(57.6021002768946,54.6989756774954,38.1549773562226));
#7741=CARTESIAN_POINT('Ctrl Pts',(57.5914773832538,54.6986719279029,38.1649675887477));
#7742=CARTESIAN_POINT('',(57.225513639895,55.57027363369,38.135));
#7743=CARTESIAN_POINT('Ctrl Pts',(57.1939142544662,55.5660182117892,38.1649675887477));
#7744=CARTESIAN_POINT('Ctrl Pts',(57.2044447888547,55.5674485750438,38.1549773579727));
#7745=CARTESIAN_POINT('Ctrl Pts',(57.2149778534691,55.5688670354749,38.1449881630087));
#7746=CARTESIAN_POINT('Ctrl Pts',(57.2255134030475,55.5702735886942,38.1350000000009));
#7747=CARTESIAN_POINT('',(56.6791943873361,56.480066018781,38.135));
#7748=CARTESIAN_POINT('Origin',(49.25,51.4,38.135));
#7749=CARTESIAN_POINT('Ctrl Pts',(56.6791941574332,56.4800659462196,38.1349999999994));
#7750=CARTESIAN_POINT('Ctrl Pts',(56.6688974102018,56.4774290503932,38.1449881641683));
#7751=CARTESIAN_POINT('Ctrl Pts',(56.6586045334329,56.4747806229355,38.1549773591334));
#7752=CARTESIAN_POINT('Ctrl Pts',(56.6483155715551,56.4721206735403,38.1649675887477));
#7753=CARTESIAN_POINT('',(56.0975776776984,57.240434910851,38.135));
#7754=CARTESIAN_POINT('Ctrl Pts',(56.0677174752918,57.2292546565038,38.1649675887477));
#7755=CARTESIAN_POINT('Ctrl Pts',(56.0776656998911,57.2329924213342,38.1549773595182));
#7756=CARTESIAN_POINT('Ctrl Pts',(56.0876190414437,57.2367191453799,38.1449881645531));
#7757=CARTESIAN_POINT('Ctrl Pts',(56.0975774568026,57.2404348142802,38.135));
#7758=CARTESIAN_POINT('',(55.3625079381797,58.005849431049,38.135));
#7759=CARTESIAN_POINT('Origin',(49.25,51.4,38.135));
#7760=CARTESIAN_POINT('Ctrl Pts',(55.3625077301868,58.0058493091484,38.1349999999999));
#7761=CARTESIAN_POINT('Ctrl Pts',(55.3530559080558,58.0009872838035,38.1449881645624));
#7762=CARTESIAN_POINT('Ctrl Pts',(55.3436104257491,57.9961148773991,38.1549773595275));
#7763=CARTESIAN_POINT('Ctrl Pts',(55.3341713244232,57.9912321092749,38.1649675887477));
#7764=CARTESIAN_POINT('',(54.6262755777477,58.6177323940497,38.135));
#7765=CARTESIAN_POINT('Ctrl Pts',(54.5996518735973,58.6001879318936,38.1649675887477));
#7766=CARTESIAN_POINT('Ctrl Pts',(54.6085189446724,58.606045671489,38.1549773593408));
#7767=CARTESIAN_POINT('Ctrl Pts',(54.6173934610564,58.6118937856401,38.1449881643758));
#7768=CARTESIAN_POINT('Ctrl Pts',(54.6262753838793,58.6177322507462,38.135));
#7769=CARTESIAN_POINT('',(53.7393148173925,59.2003879692193,38.135));
#7770=CARTESIAN_POINT('Origin',(49.25,51.4,38.135));
#7771=CARTESIAN_POINT('Ctrl Pts',(53.7393146417407,59.2003878040928,38.1349999999989));
#7772=CARTESIAN_POINT('Ctrl Pts',(53.7311816996332,59.1935444521653,38.1449881637161));
#7773=CARTESIAN_POINT('Ctrl Pts',(53.7230572477105,59.186692389619,38.1549773586812));
#7774=CARTESIAN_POINT('Ctrl Pts',(53.7149413217977,59.179831644462,38.1649675887477));
#7775=CARTESIAN_POINT('',(52.885384570957,59.6331026363849,38.135));
#7776=CARTESIAN_POINT('Ctrl Pts',(52.8633323887599,59.6100737190118,38.1649675887477));
#7777=CARTESIAN_POINT('Ctrl Pts',(52.8706736759802,59.6177577036831,38.1549773568701));
#7778=CARTESIAN_POINT('Ctrl Pts',(52.8780243618915,59.6254339590724,38.1449881619063));
#7779=CARTESIAN_POINT('Ctrl Pts',(52.8853844138374,59.6331024535346,38.1349999999999));
#7780=CARTESIAN_POINT('',(51.8910087059151,60.0037824830292,38.135));
#7781=CARTESIAN_POINT('Origin',(49.25,51.4,38.135));
#7782=CARTESIAN_POINT('Ctrl Pts',(51.8910085714101,60.003782282955,38.1350000000009));
#7783=CARTESIAN_POINT('Ctrl Pts',(51.8846023304377,59.9953007612322,38.1449881602349));
#7784=CARTESIAN_POINT('Ctrl Pts',(51.8782063028384,59.9868126335761,38.1549773551976));
#7785=CARTESIAN_POINT('Ctrl Pts',(51.8718205173261,59.978317935248,38.1649675887477));
#7786=CARTESIAN_POINT('',(50.9622002017346,60.2356307340891,38.135));
#7787=CARTESIAN_POINT('Ctrl Pts',(50.9458253299879,60.2082721275765,38.1649675887477));
#7788=CARTESIAN_POINT('Ctrl Pts',(50.9512727098898,60.2173970513526,38.1549773540733));
#7789=CARTESIAN_POINT('Ctrl Pts',(50.9567309712455,60.2265165284829,38.144988159111));
#7790=CARTESIAN_POINT('Ctrl Pts',(50.9622000892421,60.2356305208605,38.1350000000003));
#7791=CARTESIAN_POINT('',(49.9102713900312,60.3757474168732,38.135));
#7792=CARTESIAN_POINT('Origin',(49.25,51.4,38.135));
#7793=CARTESIAN_POINT('Ctrl Pts',(49.9102713034196,60.375747191886,38.135));
#7794=CARTESIAN_POINT('Ctrl Pts',(49.905912997367,60.366052799006,38.1449881580604));
#7795=CARTESIAN_POINT('Ctrl Pts',(49.9015661176221,60.356354236399,38.1549773530223));
#7796=CARTESIAN_POINT('Ctrl Pts',(49.8972306843466,60.3466515448244,38.1649675887477));
#7797=CARTESIAN_POINT('',(48.9531589648718,60.3951034124052,38.135));
#7798=CARTESIAN_POINT('Ctrl Pts',(48.9432825080205,60.3647869915232,38.1649675887477));
#7799=CARTESIAN_POINT('Ctrl Pts',(48.946562824601,60.3748952917879,38.1549773527732));
#7800=CARTESIAN_POINT('Ctrl Pts',(48.9498549613834,60.3850007020004,38.1449881578114));
#7801=CARTESIAN_POINT('Ctrl Pts',(48.9531589026476,60.3951031794911,38.135));
#7802=CARTESIAN_POINT('',(47.8964253095979,60.297630895778,38.135));
#7803=CARTESIAN_POINT('Origin',(49.25,51.4,38.135));
#7804=CARTESIAN_POINT('Ctrl Pts',(47.8964252752222,60.2976306571587,38.135));
#7805=CARTESIAN_POINT('Ctrl Pts',(47.8943334462268,60.2872095079539,38.1449881586941));
#7806=CARTESIAN_POINT('Ctrl Pts',(47.8922536850434,60.2767868368194,38.1549773536562));
#7807=CARTESIAN_POINT('Ctrl Pts',(47.8901860022539,60.26636268798,38.1649675887477));
#7808=CARTESIAN_POINT('',(46.9590025770105,60.1035240453425,38.135));
#7809=CARTESIAN_POINT('Ctrl Pts',(46.9561197818416,60.0717700020244,38.1649675887477));
#7810=CARTESIAN_POINT('Ctrl Pts',(46.957068545432,60.0823548030959,38.154977354765));
#7811=CARTESIAN_POINT('Ctrl Pts',(46.9580294761485,60.0929394189281,38.1449881598026));
#7812=CARTESIAN_POINT('Ctrl Pts',(46.9590025681746,60.1035238044209,38.1350000000009));
#7813=CARTESIAN_POINT('',(45.950453116177,59.7733500082974,38.135));
#7814=CARTESIAN_POINT('Origin',(49.25,51.4,38.135));
#7815=CARTESIAN_POINT('Ctrl Pts',(45.950453135761,59.7733497680122,38.1349999999994));
#7816=CARTESIAN_POINT('Ctrl Pts',(45.9507326772116,59.7627244203045,38.144988161259));
#7817=CARTESIAN_POINT('Ctrl Pts',(45.9510243225047,59.7521002768946,38.1549773562226));
#7818=CARTESIAN_POINT('Ctrl Pts',(45.9513280720971,59.7414773832538,38.1649675887477));
#7819=CARTESIAN_POINT('',(45.07972636631,59.375513639895,38.135));
#7820=CARTESIAN_POINT('Ctrl Pts',(45.0839817882108,59.3439142544661,38.1649675887477));
#7821=CARTESIAN_POINT('Ctrl Pts',(45.0825514249562,59.3544447888547,38.1549773579727));
#7822=CARTESIAN_POINT('Ctrl Pts',(45.0811329645251,59.3649778534691,38.1449881630087));
#7823=CARTESIAN_POINT('Ctrl Pts',(45.0797264113058,59.3755134030475,38.1350000000009));
#7824=CARTESIAN_POINT('',(44.169933981219,58.8291943873361,38.135));
#7825=CARTESIAN_POINT('Origin',(49.25,51.4,38.135));
#7826=CARTESIAN_POINT('Ctrl Pts',(44.1699340537805,58.8291941574332,38.1349999999994));
#7827=CARTESIAN_POINT('Ctrl Pts',(44.1725709496068,58.8188974102018,38.1449881641683));
#7828=CARTESIAN_POINT('Ctrl Pts',(44.1752193770645,58.8086045334329,38.1549773591333));
#7829=CARTESIAN_POINT('Ctrl Pts',(44.1778793264597,58.7983155715551,38.1649675887477));
#7830=CARTESIAN_POINT('',(43.409565089149,58.2475776776984,38.135));
#7831=CARTESIAN_POINT('Ctrl Pts',(43.4207453434963,58.2177174752918,38.1649675887477));
#7832=CARTESIAN_POINT('Ctrl Pts',(43.4170075786658,58.2276656998911,38.1549773595182));
#7833=CARTESIAN_POINT('Ctrl Pts',(43.4132808546201,58.2376190414437,38.1449881645531));
#7834=CARTESIAN_POINT('Ctrl Pts',(43.4095651857198,58.2475774568026,38.135));
#7835=CARTESIAN_POINT('',(42.644150568951,57.5125079381796,38.135));
#7836=CARTESIAN_POINT('Origin',(49.25,51.4,38.135));
#7837=CARTESIAN_POINT('Ctrl Pts',(42.6441506908516,57.5125077301868,38.1349999999999));
#7838=CARTESIAN_POINT('Ctrl Pts',(42.6490127161965,57.5030559080558,38.1449881645624));
#7839=CARTESIAN_POINT('Ctrl Pts',(42.6538851226009,57.4936104257491,38.1549773595275));
#7840=CARTESIAN_POINT('Ctrl Pts',(42.6587678907252,57.4841713244232,38.1649675887477));
#7841=CARTESIAN_POINT('',(42.0322676059504,56.7762755777477,38.135));
#7842=CARTESIAN_POINT('Ctrl Pts',(42.0498120681064,56.7496518735973,38.1649675887477));
#7843=CARTESIAN_POINT('Ctrl Pts',(42.043954328511,56.7585189446723,38.1549773593408));
#7844=CARTESIAN_POINT('Ctrl Pts',(42.0381062143599,56.7673934610564,38.1449881643758));
#7845=CARTESIAN_POINT('Ctrl Pts',(42.0322677492538,56.7762753838793,38.135));
#7846=CARTESIAN_POINT('',(41.4496120307808,55.8893148173925,38.135));
#7847=CARTESIAN_POINT('Origin',(49.25,51.4,38.135));
#7848=CARTESIAN_POINT('Ctrl Pts',(41.4496121959072,55.8893146417407,38.1349999999989));
#7849=CARTESIAN_POINT('Ctrl Pts',(41.4564555478347,55.8811816996331,38.1449881637161));
#7850=CARTESIAN_POINT('Ctrl Pts',(41.463307610381,55.8730572477105,38.1549773586812));
#7851=CARTESIAN_POINT('Ctrl Pts',(41.470168355538,55.8649413217977,38.1649675887477));
#7852=CARTESIAN_POINT('',(41.0168973636151,55.035384570957,38.135));
#7853=CARTESIAN_POINT('Ctrl Pts',(41.0399262809882,55.0133323887599,38.1649675887477));
#7854=CARTESIAN_POINT('Ctrl Pts',(41.0322422963169,55.0206736759802,38.1549773568701));
#7855=CARTESIAN_POINT('Ctrl Pts',(41.0245660409276,55.0280243618915,38.1449881619063));
#7856=CARTESIAN_POINT('Ctrl Pts',(41.0168975464654,55.0353844138374,38.1349999999999));
#7857=CARTESIAN_POINT('',(40.6462175169708,54.0410087059151,38.135));
#7858=CARTESIAN_POINT('Origin',(49.25,51.4,38.135));
#7859=CARTESIAN_POINT('Ctrl Pts',(40.646217717045,54.0410085714101,38.1350000000009));
#7860=CARTESIAN_POINT('Ctrl Pts',(40.6546992387679,54.0346023304376,38.1449881602349));
#7861=CARTESIAN_POINT('Ctrl Pts',(40.6631873664239,54.0282063028383,38.1549773551976));
#7862=CARTESIAN_POINT('Ctrl Pts',(40.671682064752,54.021820517326,38.1649675887477));
#7863=CARTESIAN_POINT('',(40.4143692659109,53.1122002017346,38.135));
#7864=CARTESIAN_POINT('Ctrl Pts',(40.4417278724235,53.0958253299879,38.1649675887477));
#7865=CARTESIAN_POINT('Ctrl Pts',(40.4326029486474,53.1012727098898,38.1549773540733));
#7866=CARTESIAN_POINT('Ctrl Pts',(40.4234834715171,53.1067309712455,38.144988159111));
#7867=CARTESIAN_POINT('Ctrl Pts',(40.4143694791395,53.1122000892421,38.1350000000003));
#7868=CARTESIAN_POINT('',(40.2742525831268,52.0602713900312,38.135));
#7869=CARTESIAN_POINT('Origin',(49.25,51.4,38.135));
#7870=CARTESIAN_POINT('Ctrl Pts',(40.2742528081141,52.0602713034196,38.135));
#7871=CARTESIAN_POINT('Ctrl Pts',(40.2839472009941,52.055912997367,38.1449881580604));
#7872=CARTESIAN_POINT('Ctrl Pts',(40.293645763601,52.0515661176221,38.1549773530222));
#7873=CARTESIAN_POINT('Ctrl Pts',(40.3033484551756,52.0472306843465,38.1649675887477));
#7874=CARTESIAN_POINT('',(40.2852130064685,51.0932825085703,38.1649675887487));
#7875=CARTESIAN_POINT('Ctrl Pts',(40.706866782349,51.4149090311895,38.5918537731265));
#7876=CARTESIAN_POINT('Ctrl Pts',(40.6430980144443,51.3661309574657,38.5281702476408));
#7877=CARTESIAN_POINT('Ctrl Pts',(40.5794674423099,51.3175042638761,38.4642050556391));
#7878=CARTESIAN_POINT('Ctrl Pts',(40.5159818529907,51.2690559246049,38.4000003236876));
#7879=CARTESIAN_POINT('Ctrl Pts',(40.438885048493,51.2102203340231,38.3220301934554));
#7880=CARTESIAN_POINT('Ctrl Pts',(40.3619593488379,51.1516152506075,38.2436636571175));
#7881=CARTESIAN_POINT('Ctrl Pts',(40.2852130071537,51.0932824956479,38.1649675888954));
#7882=CARTESIAN_POINT('',(40.2548965875948,51.1031589648717,38.135));
#7883=CARTESIAN_POINT('Ctrl Pts',(40.2852130084769,51.0932825080205,38.1649675887477));
#7884=CARTESIAN_POINT('Ctrl Pts',(40.2751047082122,51.096562824601,38.1549773527732));
#7885=CARTESIAN_POINT('Ctrl Pts',(40.2649992979997,51.0998549613834,38.1449881578114));
#7886=CARTESIAN_POINT('Ctrl Pts',(40.2548968205089,51.1031589026476,38.135));
#7887=CARTESIAN_POINT('',(40.352369104222,50.0464253095979,38.135));
#7888=CARTESIAN_POINT('Origin',(49.25,51.4,38.135));
#7889=CARTESIAN_POINT('Ctrl Pts',(40.3523693428413,50.0464252752222,38.135));
#7890=CARTESIAN_POINT('Ctrl Pts',(40.3627904920461,50.0443334462268,38.1449881586941));
#7891=CARTESIAN_POINT('Ctrl Pts',(40.3732131631807,50.0422536850434,38.1549773536562));
#7892=CARTESIAN_POINT('Ctrl Pts',(40.3836373120201,50.0401860022539,38.1649675887477));
#7893=CARTESIAN_POINT('',(40.5782299958953,49.1061197819307,38.1649675887487));
#7894=CARTESIAN_POINT('Ctrl Pts',(40.9177433970797,49.5135092481453,38.5918537731265));
#7895=CARTESIAN_POINT('Ctrl Pts',(40.8663492395304,49.4516699853876,38.5280730165442));
#7896=CARTESIAN_POINT('Ctrl Pts',(40.8150564202212,49.3900095848102,38.4640097129515));
#7897=CARTESIAN_POINT('Ctrl Pts',(40.763865554428,49.3285559779248,38.3997061774129));
#7898=CARTESIAN_POINT('Ctrl Pts',(40.7018722422092,49.2541342509313,38.3218331214749));
#7899=CARTESIAN_POINT('Ctrl Pts',(40.6399941419556,49.1799746991357,38.2435647186274));
#7900=CARTESIAN_POINT('Ctrl Pts',(40.5782299994388,49.1061197694848,38.1649675888954));
#7901=CARTESIAN_POINT('',(40.5464759546575,49.1090025770105,38.135));
#7902=CARTESIAN_POINT('Ctrl Pts',(40.5782299979756,49.1061197818416,38.1649675887477));
#7903=CARTESIAN_POINT('Ctrl Pts',(40.5676451969041,49.107068545432,38.1549773547651));
#7904=CARTESIAN_POINT('Ctrl Pts',(40.557060581072,49.1080294761485,38.1449881598026));
#7905=CARTESIAN_POINT('Ctrl Pts',(40.5464761955791,49.1090025681746,38.1350000000009));
#7906=CARTESIAN_POINT('',(40.8766499917026,48.100453116177,38.135));
#7907=CARTESIAN_POINT('Origin',(49.25,51.4,38.135));
#7908=CARTESIAN_POINT('Ctrl Pts',(40.8766502319879,48.100453135761,38.1349999999994));
#7909=CARTESIAN_POINT('Ctrl Pts',(40.8872755796955,48.1007326772116,38.144988161259));
#7910=CARTESIAN_POINT('Ctrl Pts',(40.8978997231054,48.1010243225047,38.1549773562226));
#7911=CARTESIAN_POINT('Ctrl Pts',(40.9085226167462,48.1013280720971,38.1649675887477));
#7912=CARTESIAN_POINT('',(41.2744863601051,47.22972636631,38.135));
#7913=CARTESIAN_POINT('Ctrl Pts',(41.3060857455339,47.2339817882108,38.1649675887477));
#7914=CARTESIAN_POINT('Ctrl Pts',(41.2955552111453,47.2325514249562,38.1549773579727));
#7915=CARTESIAN_POINT('Ctrl Pts',(41.285022146531,47.2311329645251,38.1449881630087));
#7916=CARTESIAN_POINT('Ctrl Pts',(41.2744865969525,47.2297264113058,38.1350000000009));
#7917=CARTESIAN_POINT('',(41.8208056126639,46.319933981219,38.135));
#7918=CARTESIAN_POINT('Origin',(49.25,51.4,38.135));
#7919=CARTESIAN_POINT('Ctrl Pts',(41.8208058425669,46.3199340537805,38.1349999999994));
#7920=CARTESIAN_POINT('Ctrl Pts',(41.8311025897982,46.3225709496068,38.1449881641683));
#7921=CARTESIAN_POINT('Ctrl Pts',(41.8413954665672,46.3252193770645,38.1549773591334));
#7922=CARTESIAN_POINT('Ctrl Pts',(41.8516844284449,46.3278793264597,38.1649675887477));
#7923=CARTESIAN_POINT('',(42.4024223223017,45.559565089149,38.135));
#7924=CARTESIAN_POINT('Ctrl Pts',(42.4322825247083,45.5707453434962,38.1649675887477));
#7925=CARTESIAN_POINT('Ctrl Pts',(42.4223343001089,45.5670075786658,38.1549773595182));
#7926=CARTESIAN_POINT('Ctrl Pts',(42.4123809585563,45.5632808546201,38.1449881645531));
#7927=CARTESIAN_POINT('Ctrl Pts',(42.4024225431974,45.5595651857198,38.135));
#7928=CARTESIAN_POINT('',(43.1374920618204,44.794150568951,38.135));
#7929=CARTESIAN_POINT('Origin',(49.25,51.4,38.135));
#7930=CARTESIAN_POINT('Ctrl Pts',(43.1374922698132,44.7941506908516,38.1349999999999));
#7931=CARTESIAN_POINT('Ctrl Pts',(43.1469440919442,44.7990127161965,38.1449881645624));
#7932=CARTESIAN_POINT('Ctrl Pts',(43.156389574251,44.8038851226009,38.1549773595275));
#7933=CARTESIAN_POINT('Ctrl Pts',(43.1658286755769,44.8087678907251,38.1649675887477));
#7934=CARTESIAN_POINT('',(43.8737244222524,44.1822676059503,38.135));
#7935=CARTESIAN_POINT('Ctrl Pts',(43.9003481264027,44.1998120681064,38.1649675887477));
#7936=CARTESIAN_POINT('Ctrl Pts',(43.8914810553277,44.193954328511,38.1549773593408));
#7937=CARTESIAN_POINT('Ctrl Pts',(43.8826065389436,44.1881062143599,38.1449881643758));
#7938=CARTESIAN_POINT('Ctrl Pts',(43.8737246161207,44.1822677492538,38.135));
#7939=CARTESIAN_POINT('',(44.7606851826075,43.5996120307808,38.135));
#7940=CARTESIAN_POINT('Origin',(49.25,51.4,38.135));
#7941=CARTESIAN_POINT('Ctrl Pts',(44.7606853582593,43.5996121959072,38.1349999999989));
#7942=CARTESIAN_POINT('Ctrl Pts',(44.7688183003669,43.6064555478347,38.1449881637161));
#7943=CARTESIAN_POINT('Ctrl Pts',(44.7769427522895,43.613307610381,38.1549773586811));
#7944=CARTESIAN_POINT('Ctrl Pts',(44.7850586782023,43.620168355538,38.1649675887477));
#7945=CARTESIAN_POINT('',(45.614615429043,43.1668973636151,38.135));
#7946=CARTESIAN_POINT('Ctrl Pts',(45.6366676112402,43.1899262809882,38.1649675887477));
#7947=CARTESIAN_POINT('Ctrl Pts',(45.6293263240199,43.1822422963169,38.1549773568701));
#7948=CARTESIAN_POINT('Ctrl Pts',(45.6219756381086,43.1745660409276,38.1449881619063));
#7949=CARTESIAN_POINT('Ctrl Pts',(45.6146155861626,43.1668975464654,38.1349999999999));
#7950=CARTESIAN_POINT('',(46.6089912940849,42.7962175169708,38.135));
#7951=CARTESIAN_POINT('Origin',(49.25,51.4,38.135));
#7952=CARTESIAN_POINT('Ctrl Pts',(46.6089914285899,42.796217717045,38.1350000000009));
#7953=CARTESIAN_POINT('Ctrl Pts',(46.6153976695624,42.8046992387679,38.144988160235));
#7954=CARTESIAN_POINT('Ctrl Pts',(46.6217936971617,42.8131873664239,38.1549773551976));
#7955=CARTESIAN_POINT('Ctrl Pts',(46.628179482674,42.821682064752,38.1649675887477));
#7956=CARTESIAN_POINT('',(47.5377997982655,42.5643692659109,38.135));
#7957=CARTESIAN_POINT('Ctrl Pts',(47.5541746700121,42.5917278724235,38.1649675887477));
#7958=CARTESIAN_POINT('Ctrl Pts',(47.5487272901103,42.5826029486474,38.1549773540733));
#7959=CARTESIAN_POINT('Ctrl Pts',(47.5432690287546,42.5734834715171,38.144988159111));
#7960=CARTESIAN_POINT('Ctrl Pts',(47.5377999107579,42.5643694791395,38.1350000000003));
#7961=CARTESIAN_POINT('',(48.5897286099688,42.4242525831268,38.135));
#7962=CARTESIAN_POINT('Origin',(49.25,51.4,38.135));
#7963=CARTESIAN_POINT('Ctrl Pts',(48.5897286965804,42.4242528081141,38.135));
#7964=CARTESIAN_POINT('Ctrl Pts',(48.594087002633,42.4339472009941,38.1449881580604));
#7965=CARTESIAN_POINT('Ctrl Pts',(48.5984338823779,42.443645763601,38.1549773530222));
#7966=CARTESIAN_POINT('Ctrl Pts',(48.6027693156535,42.4533484551756,38.1649675887477));
#7967=CARTESIAN_POINT('',(49.5468410351283,42.4048965875948,38.135));
#7968=CARTESIAN_POINT('Ctrl Pts',(49.5567174919796,42.4352130084768,38.1649675887477));
#7969=CARTESIAN_POINT('Ctrl Pts',(49.553437175399,42.4251047082122,38.1549773527732));
#7970=CARTESIAN_POINT('Ctrl Pts',(49.5501450386166,42.4149992979997,38.1449881578114));
#7971=CARTESIAN_POINT('Ctrl Pts',(49.5468410973524,42.4048968205089,38.135));
#7972=CARTESIAN_POINT('',(50.6035746904021,42.502369104222,38.135));
#7973=CARTESIAN_POINT('Origin',(49.25,51.4,38.135));
#7974=CARTESIAN_POINT('Ctrl Pts',(50.6035747247778,42.5023693428413,38.135));
#7975=CARTESIAN_POINT('Ctrl Pts',(50.6056665537733,42.5127904920461,38.1449881586941));
#7976=CARTESIAN_POINT('Ctrl Pts',(50.6077463149566,42.5232131631807,38.1549773536562));
#7977=CARTESIAN_POINT('Ctrl Pts',(50.6098139977461,42.53363731202,38.1649675887477));
#7978=CARTESIAN_POINT('',(51.5409974229896,42.6964759546575,38.135));
#7979=CARTESIAN_POINT('Ctrl Pts',(51.5438802181584,42.7282299979756,38.1649675887477));
#7980=CARTESIAN_POINT('Ctrl Pts',(51.542931454568,42.7176451969041,38.154977354765));
#7981=CARTESIAN_POINT('Ctrl Pts',(51.5419705238515,42.7070605810719,38.1449881598026));
#7982=CARTESIAN_POINT('Ctrl Pts',(51.5409974318254,42.6964761955791,38.1350000000009));
#7983=CARTESIAN_POINT('',(52.549546883823,43.0266499917026,38.135));
#7984=CARTESIAN_POINT('Origin',(49.25,51.4,38.135));
#7985=CARTESIAN_POINT('Ctrl Pts',(52.549546864239,43.0266502319878,38.1349999999994));
#7986=CARTESIAN_POINT('Ctrl Pts',(52.5492673227884,43.0372755796955,38.144988161259));
#7987=CARTESIAN_POINT('Ctrl Pts',(52.5489756774954,43.0478997231054,38.1549773562226));
#7988=CARTESIAN_POINT('Ctrl Pts',(52.5486719279029,43.0585226167462,38.1649675887477));
#7989=CARTESIAN_POINT('',(53.42027363369,43.4244863601051,38.135));
#7990=CARTESIAN_POINT('Ctrl Pts',(53.4160182117892,43.4560857455339,38.1649675887477));
#7991=CARTESIAN_POINT('Ctrl Pts',(53.4174485750438,43.4455552111453,38.1549773579727));
#7992=CARTESIAN_POINT('Ctrl Pts',(53.4188670354749,43.435022146531,38.1449881630087));
#7993=CARTESIAN_POINT('Ctrl Pts',(53.4202735886942,43.4244865969525,38.135000000001));
#7994=CARTESIAN_POINT('',(54.330066018781,43.9708056126639,38.135));
#7995=CARTESIAN_POINT('Origin',(49.25,51.4,38.135));
#7996=CARTESIAN_POINT('Ctrl Pts',(54.3300659462196,43.9708058425669,38.1349999999994));
#7997=CARTESIAN_POINT('Ctrl Pts',(54.3274290503932,43.9811025897982,38.1449881641683));
#7998=CARTESIAN_POINT('Ctrl Pts',(54.3247806229355,43.9913954665671,38.1549773591334));
#7999=CARTESIAN_POINT('Ctrl Pts',(54.3221206735403,44.0016844284449,38.1649675887477));
#8000=CARTESIAN_POINT('',(55.090434910851,44.5524223223017,38.135));
#8001=CARTESIAN_POINT('Ctrl Pts',(55.0792546565038,44.5822825247083,38.1649675887477));
#8002=CARTESIAN_POINT('Ctrl Pts',(55.0829924213342,44.5723343001089,38.1549773595182));
#8003=CARTESIAN_POINT('Ctrl Pts',(55.0867191453799,44.5623809585563,38.1449881645531));
#8004=CARTESIAN_POINT('Ctrl Pts',(55.0904348142802,44.5524225431974,38.135));
#8005=CARTESIAN_POINT('',(55.8558494310491,45.2874920618204,38.135));
#8006=CARTESIAN_POINT('Origin',(49.25,51.4,38.135));
#8007=CARTESIAN_POINT('Ctrl Pts',(55.8558493091484,45.2874922698132,38.1349999999999));
#8008=CARTESIAN_POINT('Ctrl Pts',(55.8509872838035,45.2969440919442,38.1449881645624));
#8009=CARTESIAN_POINT('Ctrl Pts',(55.8461148773991,45.306389574251,38.1549773595275));
#8010=CARTESIAN_POINT('Ctrl Pts',(55.8412321092749,45.3158286755768,38.1649675887477));
#8011=CARTESIAN_POINT('',(56.4677323940497,46.0237244222523,38.135));
#8012=CARTESIAN_POINT('Ctrl Pts',(56.4501879318936,46.0503481264027,38.1649675887477));
#8013=CARTESIAN_POINT('Ctrl Pts',(56.4560456714891,46.0414810553277,38.1549773593408));
#8014=CARTESIAN_POINT('Ctrl Pts',(56.4618937856401,46.0326065389436,38.1449881643758));
#8015=CARTESIAN_POINT('Ctrl Pts',(56.4677322507462,46.0237246161207,38.135));
#8016=CARTESIAN_POINT('',(57.0503879692193,46.9106851826075,38.135));
#8017=CARTESIAN_POINT('Origin',(49.25,51.4,38.135));
#8018=CARTESIAN_POINT('Ctrl Pts',(57.0503878040928,46.9106853582593,38.1349999999989));
#8019=CARTESIAN_POINT('Ctrl Pts',(57.0435444521653,46.9188183003669,38.1449881637161));
#8020=CARTESIAN_POINT('Ctrl Pts',(57.0366923896191,46.9269427522895,38.1549773586811));
#8021=CARTESIAN_POINT('Ctrl Pts',(57.029831644462,46.9350586782023,38.1649675887477));
#8022=CARTESIAN_POINT('',(57.4831026363849,47.764615429043,38.135));
#8023=CARTESIAN_POINT('Ctrl Pts',(57.4600737190118,47.7866676112402,38.1649675887477));
#8024=CARTESIAN_POINT('Ctrl Pts',(57.4677577036831,47.7793263240199,38.1549773568701));
#8025=CARTESIAN_POINT('Ctrl Pts',(57.4754339590724,47.7719756381086,38.1449881619063));
#8026=CARTESIAN_POINT('Ctrl Pts',(57.4831024535346,47.7646155861626,38.1349999999999));
#8027=CARTESIAN_POINT('',(57.8537824830293,48.7589912940849,38.135));
#8028=CARTESIAN_POINT('Origin',(49.25,51.4,38.135));
#8029=CARTESIAN_POINT('Ctrl Pts',(57.853782282955,48.7589914285899,38.1350000000009));
#8030=CARTESIAN_POINT('Ctrl Pts',(57.8453007612322,48.7653976695624,38.144988160235));
#8031=CARTESIAN_POINT('Ctrl Pts',(57.8368126335761,48.7717936971617,38.1549773551976));
#8032=CARTESIAN_POINT('Ctrl Pts',(57.828317935248,48.778179482674,38.1649675887477));
#8033=CARTESIAN_POINT('',(58.0856307340891,49.6877997982655,38.135));
#8034=CARTESIAN_POINT('Ctrl Pts',(58.0582721275765,49.7041746700121,38.1649675887477));
#8035=CARTESIAN_POINT('Ctrl Pts',(58.0673970513526,49.6987272901102,38.1549773540733));
#8036=CARTESIAN_POINT('Ctrl Pts',(58.076516528483,49.6932690287545,38.144988159111));
#8037=CARTESIAN_POINT('Ctrl Pts',(58.0856305208605,49.6877999107579,38.1350000000003));
#8038=CARTESIAN_POINT('',(58.2257474168732,50.7397286099688,38.135));
#8039=CARTESIAN_POINT('Origin',(49.25,51.4,38.135));
#8040=CARTESIAN_POINT('Ctrl Pts',(58.225747191886,50.7397286965804,38.135));
#8041=CARTESIAN_POINT('Ctrl Pts',(58.216052799006,50.744087002633,38.1449881580604));
#8042=CARTESIAN_POINT('Ctrl Pts',(58.206354236399,50.7484338823779,38.1549773530222));
#8043=CARTESIAN_POINT('Ctrl Pts',(58.1966515448245,50.7527693156535,38.1649675887477));
#8044=CARTESIAN_POINT('Ctrl Pts',(40.7231500391627,51.1091727649773,38.1623408174782));
#8045=CARTESIAN_POINT('Ctrl Pts',(40.4447406467934,51.0991101938827,38.1639825835847));
#8046=CARTESIAN_POINT('Ctrl Pts',(40.1663352147346,51.0889732635517,38.165679097621));
#8047=CARTESIAN_POINT('Ctrl Pts',(39.8879339018131,51.0787589918354,38.1674241443079));
#8048=CARTESIAN_POINT('Ctrl Pts',(40.7174803976775,51.2156265928746,38.3118922554764));
#8049=CARTESIAN_POINT('Ctrl Pts',(40.439151079954,51.2040605312014,38.3130145595875));
#8050=CARTESIAN_POINT('Ctrl Pts',(40.1608244694813,51.1924436378802,38.3141742891434));
#8051=CARTESIAN_POINT('Ctrl Pts',(39.8825006748328,51.1807738743272,38.3153671954064));
#8052=CARTESIAN_POINT('Ctrl Pts',(40.7118107561923,51.3220804207719,38.4614436934746));
#8053=CARTESIAN_POINT('Ctrl Pts',(40.4335615131145,51.30901086852,38.4620465355904));
#8054=CARTESIAN_POINT('Ctrl Pts',(40.155313724228,51.2959140122087,38.4626694806658));
#8055=CARTESIAN_POINT('Ctrl Pts',(39.8770674478525,51.282788756819,38.4633102465049));
#8056=CARTESIAN_POINT('Ctrl Pts',(40.7061411147071,51.4285342486692,38.6109951314729));
#8057=CARTESIAN_POINT('Ctrl Pts',(40.427971946275,51.4139612058387,38.6110785115933));
#8058=CARTESIAN_POINT('Ctrl Pts',(40.1498029789746,51.3993843865372,38.6111646721883));
#8059=CARTESIAN_POINT('Ctrl Pts',(39.8716342208723,51.3848036393108,38.6112532976034));
#8060=CARTESIAN_POINT('',(40.2552652171031,51.0921913169772,38.1651503824403));
#8061=CARTESIAN_POINT('Ctrl Pts',(39.8879339018131,51.0787589918354,38.1674241443079));
#8062=CARTESIAN_POINT('Ctrl Pts',(40.010376881539,51.0832513049339,38.1666566597229));
#8063=CARTESIAN_POINT('Ctrl Pts',(40.1328206580321,51.0877286578404,38.1658985628386));
#8064=CARTESIAN_POINT('Ctrl Pts',(40.2552652177808,51.0921913042528,38.1651503824026));
#8065=CARTESIAN_POINT('Ctrl Pts',(40.2852130071632,51.0932824955269,38.1649675887224));
#8066=CARTESIAN_POINT('Ctrl Pts',(40.2752304055012,51.0929188627605,38.1650284538462));
#8067=CARTESIAN_POINT('Ctrl Pts',(40.265247809038,51.0925551323817,38.1650893851684));
#8068=CARTESIAN_POINT('Ctrl Pts',(40.2552652177808,51.0921913042528,38.1651503824026));
#8069=CARTESIAN_POINT('Origin',(49.25,51.4,38.385));
#8070=CARTESIAN_POINT('',(40.1941432943482,49.0035574826736,38.1674241443079));
#8071=CARTESIAN_POINT('Ctrl Pts',(40.5479366228628,49.4226552012817,38.6111107429142));
#8072=CARTESIAN_POINT('Ctrl Pts',(40.4916136468666,49.3556910567818,38.5413499814793));
#8073=CARTESIAN_POINT('Ctrl Pts',(40.4353918204905,49.2889416768326,38.4712666386182));
#8074=CARTESIAN_POINT('Ctrl Pts',(40.3174689742001,49.1492023083276,38.3234300534356));
#8075=CARTESIAN_POINT('Ctrl Pts',(40.2557606006457,49.0762304767116,38.2455824811573));
#8076=CARTESIAN_POINT('Ctrl Pts',(40.1941432943488,49.0035574826742,38.1674241443085));
#8077=CARTESIAN_POINT('',(39.9569188421875,49.9862664344689,38.135));
#8078=CARTESIAN_POINT('Ctrl Pts',(39.9908295353641,49.9790004507526,38.1674241443078));
#8079=CARTESIAN_POINT('Ctrl Pts',(39.9795241672284,49.9814083045279,38.1566148620383));
#8080=CARTESIAN_POINT('Ctrl Pts',(39.968220595282,49.9838303017863,38.145806815552));
#8081=CARTESIAN_POINT('Ctrl Pts',(39.9569188421875,49.9862664344689,38.135));
#8082=CARTESIAN_POINT('',(40.1596526637534,49.007180469322,38.135));
#8083=CARTESIAN_POINT('Origin',(49.25,51.4,38.135));
#8084=CARTESIAN_POINT('Ctrl Pts',(40.1596526637534,49.007180469322,38.135));
#8085=CARTESIAN_POINT('Ctrl Pts',(40.1711492467351,49.0059585560042,38.1458068206843));
#8086=CARTESIAN_POINT('Ctrl Pts',(40.1826461313974,49.0047508919328,38.156614867172));
#8087=CARTESIAN_POINT('Ctrl Pts',(40.1941432943483,49.0035574826737,38.1674241443078));
#8088=CARTESIAN_POINT('Ctrl Pts',(41.0016511181504,49.2190617939628,38.1623408174782));
#8089=CARTESIAN_POINT('Ctrl Pts',(40.732461163234,49.1472995945222,38.1639825835847));
#8090=CARTESIAN_POINT('Ctrl Pts',(40.4632916158215,49.0754657814384,38.165679097621));
#8091=CARTESIAN_POINT('Ctrl Pts',(40.1941432943482,49.0035574826736,38.1674241443079));
#8092=CARTESIAN_POINT('Ctrl Pts',(40.9724354212075,49.32158498822,38.3118922554764));
#8093=CARTESIAN_POINT('Ctrl Pts',(40.703658091426,49.2483748121335,38.3130145595875));
#8094=CARTESIAN_POINT('Ctrl Pts',(40.4348947121248,49.1751156812746,38.3141742891434));
#8095=CARTESIAN_POINT('Ctrl Pts',(40.1661458427824,49.1018056323308,38.3153671954064));
#8096=CARTESIAN_POINT('Ctrl Pts',(40.9432197242646,49.4241081824772,38.4614436934746));
#8097=CARTESIAN_POINT('Ctrl Pts',(40.674855019618,49.3494500297448,38.4620465355904));
#8098=CARTESIAN_POINT('Ctrl Pts',(40.406497808428,49.2747655811107,38.4626694806658));
#8099=CARTESIAN_POINT('Ctrl Pts',(40.1381483912166,49.2000537819879,38.4633102465049));
#8100=CARTESIAN_POINT('Ctrl Pts',(40.9140040273216,49.5266313767344,38.6109951314729));
#8101=CARTESIAN_POINT('Ctrl Pts',(40.64605194781,49.4505252473562,38.6110785115933));
#8102=CARTESIAN_POINT('Ctrl Pts',(40.3781009047312,49.3744154809469,38.6111646721883));
#8103=CARTESIAN_POINT('Ctrl Pts',(40.1101509396508,49.298301931645,38.6112532976035));
#8104=CARTESIAN_POINT('',(40.5492758731072,49.0983919387295,38.1651503824403));
#8105=CARTESIAN_POINT('Ctrl Pts',(40.1941432943482,49.0035574826736,38.1674241443079));
#8106=CARTESIAN_POINT('Ctrl Pts',(40.3125167392274,49.0351832903086,38.1666566597229));
#8107=CARTESIAN_POINT('Ctrl Pts',(40.4308942898532,49.0667946901322,38.1658985628386));
#8108=CARTESIAN_POINT('Ctrl Pts',(40.5492758765993,49.098391926475,38.1651503824026));
#8109=CARTESIAN_POINT('Ctrl Pts',(40.578229999475,49.1061197693689,38.1649675887224));
#8110=CARTESIAN_POINT('Ctrl Pts',(40.5685785983813,49.1035439157901,38.1650284538462));
#8111=CARTESIAN_POINT('Ctrl Pts',(40.5589272240768,49.1009679682029,38.1650893851684));
#8112=CARTESIAN_POINT('Ctrl Pts',(40.5492758765993,49.098391926475,38.1651503824026));
#8113=CARTESIAN_POINT('Ctrl Pts',(58.1162275543316,52.7606948275064,38.1674241443079));
#8114=CARTESIAN_POINT('Ctrl Pts',(58.2578914974149,52.7824359111202,38.1674241443079));
#8115=CARTESIAN_POINT('Ctrl Pts',(58.3995554404982,52.804176994734,38.1674241443079));
#8116=CARTESIAN_POINT('Ctrl Pts',(58.5412193835815,52.8259180783478,38.1674241443079));
#8117=CARTESIAN_POINT('Ctrl Pts',(58.4589133201833,50.5277694733039,31.9399494295386));
#8118=CARTESIAN_POINT('Ctrl Pts',(58.6061905189294,50.5138102801783,31.9399494295386));
#8119=CARTESIAN_POINT('Ctrl Pts',(58.7530541758878,50.4999193574764,31.9399494295386));
#8120=CARTESIAN_POINT('Ctrl Pts',(58.9003313746338,50.4859601643508,31.9399494295386));
#8121=CARTESIAN_POINT('Ctrl Pts',(57.9183828391831,48.1713765187458,25.7124747147693));
#8122=CARTESIAN_POINT('Ctrl Pts',(58.0570196177213,48.1197502078207,25.7124747147693));
#8123=CARTESIAN_POINT('Ctrl Pts',(58.1952544442147,48.0682426917374,25.7124747147693));
#8124=CARTESIAN_POINT('Ctrl Pts',(58.3338912227529,48.0166163808124,25.7124747147693));
#8125=CARTESIAN_POINT('Ctrl Pts',(56.6367507597428,46.3110517125608,19.485));
#8126=CARTESIAN_POINT('Ctrl Pts',(56.7547757295269,46.2297408646124,19.485));
#8127=CARTESIAN_POINT('Ctrl Pts',(56.872800699311,46.1484300166641,19.485));
#8128=CARTESIAN_POINT('Ctrl Pts',(56.9908256690951,46.0671191687157,19.485));
#8129=CARTESIAN_POINT('Ctrl Pts',(56.6614288321123,46.2940502679193,19.485));
#8130=CARTESIAN_POINT('Ctrl Pts',(57.945133292286,48.1573440748221,25.7016666666667));
#8131=CARTESIAN_POINT('Ctrl Pts',(58.4878173142044,50.5166465896573,31.9183333333333));
#8132=CARTESIAN_POINT('Ctrl Pts',(58.1476306571587,52.7535747247778,38.135));
#8133=CARTESIAN_POINT('Ctrl Pts',(58.5430807833229,52.8137336221418,38.135));
#8134=CARTESIAN_POINT('Ctrl Pts',(58.8983628732452,50.4773904271715,31.9183333333333));
#8135=CARTESIAN_POINT('Ctrl Pts',(58.331560275174,48.013232945213,25.7016666666667));
#8136=CARTESIAN_POINT('Ctrl Pts',(56.9908256690951,46.0671191687157,19.485));
#8137=CARTESIAN_POINT('Origin',(49.25,51.4,33.485));
#8138=CARTESIAN_POINT('Ctrl Pts',(58.2451031794911,51.6968410973524,38.135));
#8139=CARTESIAN_POINT('Ctrl Pts',(58.3196202035239,49.4354208231762,31.9183333333333));
#8140=CARTESIAN_POINT('Ctrl Pts',(57.502999598248,47.1563979862586,25.7016666666667));
#8141=CARTESIAN_POINT('Ctrl Pts',(56.0088942400194,45.4571598833359,19.485));
#8142=CARTESIAN_POINT('Ctrl Pts',(55.9863889330171,45.4769479487415,19.485));
#8143=CARTESIAN_POINT('Ctrl Pts',(56.0940224685367,45.3823098511372,19.485));
#8144=CARTESIAN_POINT('Ctrl Pts',(56.2016560040563,45.2876717535329,19.485));
#8145=CARTESIAN_POINT('Ctrl Pts',(56.3092895395759,45.1930336559286,19.485));
#8146=CARTESIAN_POINT('Ctrl Pts',(57.4780868415661,47.1734816269183,25.7124747147693));
#8147=CARTESIAN_POINT('Ctrl Pts',(57.6096830100079,47.1058955277955,25.7124747147693));
#8148=CARTESIAN_POINT('Ctrl Pts',(57.7408940038076,47.0384747107224,25.7124747147693));
#8149=CARTESIAN_POINT('Ctrl Pts',(57.8724901722494,46.9708886115996,25.7124747147693));
#8150=CARTESIAN_POINT('Ctrl Pts',(58.2922263978106,49.4498686195318,31.9399494295386));
#8151=CARTESIAN_POINT('Ctrl Pts',(58.4368366480128,49.4186707369167,31.9399494295386));
#8152=CARTESIAN_POINT('Ctrl Pts',(58.5810442672623,49.387589327375,31.9399494295386));
#8153=CARTESIAN_POINT('Ctrl Pts',(58.7256545174645,49.35639144476,31.9399494295386));
#8154=CARTESIAN_POINT('Ctrl Pts',(58.2147564781585,51.7076081047485,38.1674241443079));
#8155=CARTESIAN_POINT('Ctrl Pts',(58.3579947092659,51.7125230448147,38.1674241443079));
#8156=CARTESIAN_POINT('Ctrl Pts',(58.5012329403732,51.717437984881,38.1674241443079));
#8157=CARTESIAN_POINT('Ctrl Pts',(58.6444711714805,51.7223529249472,38.1674241443079));
#8158=CARTESIAN_POINT('Ctrl Pts',(56.3092895395759,45.1930336559286,19.485));
#8159=CARTESIAN_POINT('Ctrl Pts',(57.8697771708474,46.9678030684604,25.7016666666667));
#8160=CARTESIAN_POINT('Ctrl Pts',(58.7226909725045,49.3481129911418,31.9183333333333));
#8161=CARTESIAN_POINT('Ctrl Pts',(58.6448854210671,51.7100340703205,38.135));
#8162=CARTESIAN_POINT('Origin',(49.25,51.4,33.485));
#8163=CARTESIAN_POINT('Ctrl Pts',(58.6246691717864,50.7103833533795,38.135));
#8164=CARTESIAN_POINT('Ctrl Pts',(58.4511583281627,48.3535594576995,31.9183333333333));
#8165=CARTESIAN_POINT('Ctrl Pts',(57.3502400303051,46.077308992018,25.7016666666667));
#8166=CARTESIAN_POINT('Ctrl Pts',(55.6100693848792,44.4783298677615,19.485));
#8167=CARTESIAN_POINT('Ctrl Pts',(58.1967158023197,50.7536581312384,38.1674241443079));
#8168=CARTESIAN_POINT('Ctrl Pts',(58.3396657808124,50.7433309275717,38.1674241443079));
#8169=CARTESIAN_POINT('Ctrl Pts',(58.482615759305,50.733003723905,38.1674241443079));
#8170=CARTESIAN_POINT('Ctrl Pts',(58.6255657377976,50.7226765202384,38.1674241443079));
#8171=CARTESIAN_POINT('Ctrl Pts',(58.0339370852841,48.5004621209371,31.9399494295386));
#8172=CARTESIAN_POINT('Ctrl Pts',(58.174415524478,48.4540806541119,31.9399494295386));
#8173=CARTESIAN_POINT('Ctrl Pts',(58.3145059818386,48.4078577677332,31.9399494295386));
#8174=CARTESIAN_POINT('Ctrl Pts',(58.4549844210325,48.3614763009081,31.9399494295386));
#8175=CARTESIAN_POINT('Ctrl Pts',(56.9826120709555,46.3234282049337,25.7124747147693));
#8176=CARTESIAN_POINT('Ctrl Pts',(57.1062850010837,46.2422466879689,25.7124747147693));
#8177=CARTESIAN_POINT('Ctrl Pts',(57.229592491283,46.1612704301555,25.7124747147693));
#8178=CARTESIAN_POINT('Ctrl Pts',(57.3532654214112,46.0800889131907,25.7124747147693));
#8179=CARTESIAN_POINT('Ctrl Pts',(55.3191519702272,44.7949355929651,19.485));
#8180=CARTESIAN_POINT('Ctrl Pts',(55.4161244417779,44.6894003512306,19.485));
#8181=CARTESIAN_POINT('Ctrl Pts',(55.5130969133286,44.5838651094961,19.485));
#8182=CARTESIAN_POINT('Ctrl Pts',(55.6100693848792,44.4783298677615,19.485));
#8183=CARTESIAN_POINT('Ctrl Pts',(55.3394281344588,44.7728690223249,19.485));
#8184=CARTESIAN_POINT('Ctrl Pts',(57.0055693218215,46.3037950478681,25.7016666666667));
#8185=CARTESIAN_POINT('Ctrl Pts',(58.0596413213714,48.4831863674613,31.9183333333333));
#8186=CARTESIAN_POINT('Ctrl Pts',(58.225747191886,50.7397286965804,38.135));
#8187=CARTESIAN_POINT('Origin',(49.25,51.4,33.485));
#8188=CARTESIAN_POINT('Ctrl Pts',(58.0856305208608,49.6877999107578,38.135));
#8189=CARTESIAN_POINT('Ctrl Pts',(57.6550658960457,47.4664965665061,31.9183333333333));
#8190=CARTESIAN_POINT('Ctrl Pts',(56.3517893841208,45.4263287700693,25.7016666666667));
#8191=CARTESIAN_POINT('Ctrl Pts',(54.5170283169667,44.1021638338292,19.485));
#8192=CARTESIAN_POINT('Ctrl Pts',(54.4994905237932,44.1264636730544,19.485));
#8193=CARTESIAN_POINT('Ctrl Pts',(54.5833665039913,44.0102476352953,19.485));
#8194=CARTESIAN_POINT('Ctrl Pts',(54.6672424841894,43.8940315975362,19.485));
#8195=CARTESIAN_POINT('Ctrl Pts',(54.7511184643875,43.7778155597772,19.485));
#8196=CARTESIAN_POINT('Ctrl Pts',(56.3313027099371,45.4485276980744,25.7124747147693));
#8197=CARTESIAN_POINT('Ctrl Pts',(56.4445601657879,45.3533532212573,25.7124747147693));
#8198=CARTESIAN_POINT('Ctrl Pts',(56.5574788828451,45.2584255919451,25.7124747147693));
#8199=CARTESIAN_POINT('Ctrl Pts',(56.6707363386959,45.163251115128,25.7124747147693));
#8200=CARTESIAN_POINT('Ctrl Pts',(57.6315738473736,47.4866778216746,31.9399494295386));
#8201=CARTESIAN_POINT('Ctrl Pts',(57.7656162347063,47.4240833271776,31.9399494295386));
#8202=CARTESIAN_POINT('Ctrl Pts',(57.899292003582,47.3616919793464,31.9399494295386));
#8203=CARTESIAN_POINT('Ctrl Pts',(58.0333343909148,47.2990974848494,31.9399494295386));
#8204=CARTESIAN_POINT('Ctrl Pts',(58.0584405592307,49.7050497431219,38.1674241443079));
#8205=CARTESIAN_POINT('Ctrl Pts',(58.1991811858827,49.6779679504149,38.1674241443079));
#8206=CARTESIAN_POINT('Ctrl Pts',(58.3399218125347,49.6508861577079,38.1674241443079));
#8207=CARTESIAN_POINT('Ctrl Pts',(58.4806624391866,49.6238043650009,38.1674241443079));
#8208=CARTESIAN_POINT('Ctrl Pts',(54.7511184643875,43.7778155597772,19.485));
#8209=CARTESIAN_POINT('Ctrl Pts',(56.6674047599623,45.1608466326032,25.7016666666667));
#8210=CARTESIAN_POINT('Ctrl Pts',(58.0286030189835,47.2916860401396,31.9183333333333));
#8211=CARTESIAN_POINT('Ctrl Pts',(58.4783250996344,49.6117021905744,38.135));
#8212=CARTESIAN_POINT('Origin',(49.25,51.4,33.485));
#8213=CARTESIAN_POINT('Ctrl Pts',(58.2361725027673,48.641613342867,38.135));
#8214=CARTESIAN_POINT('Ctrl Pts',(57.5425692838149,46.3824897378462,31.9183333333333));
#8215=CARTESIAN_POINT('Ctrl Pts',(55.96273992666,44.4082869915853,25.7016666666667));
#8216=CARTESIAN_POINT('Ctrl Pts',(53.9103926643686,43.2366220096152,19.485));
#8217=CARTESIAN_POINT('Ctrl Pts',(57.8285783617478,48.7790317151586,38.1674241443079));
#8218=CARTESIAN_POINT('Ctrl Pts',(57.965646266821,48.737154073326,38.1674241443079));
#8219=CARTESIAN_POINT('Ctrl Pts',(58.1027141718942,48.6952764314934,38.1674241443079));
#8220=CARTESIAN_POINT('Ctrl Pts',(58.2397820769673,48.6533987896607,38.1674241443079));
#8221=CARTESIAN_POINT('Ctrl Pts',(57.1684975664017,46.6185497052421,31.9399494295386));
#8222=CARTESIAN_POINT('Ctrl Pts',(57.2951330705153,46.5420717251362,31.9399494295386));
#8223=CARTESIAN_POINT('Ctrl Pts',(57.4214256077795,46.4658346836137,31.9399494295386));
#8224=CARTESIAN_POINT('Ctrl Pts',(57.5480611118931,46.3893567035078,31.9399494295386));
#8225=CARTESIAN_POINT('Ctrl Pts',(55.6590958449142,44.730040398844,25.7124747147693));
#8226=CARTESIAN_POINT('Ctrl Pts',(55.7616034495025,44.6233744560845,25.7124747147693));
#8227=CARTESIAN_POINT('Ctrl Pts',(55.863800450962,44.5169899442352,25.7124747147693));
#8228=CARTESIAN_POINT('Ctrl Pts',(55.9663080555502,44.4103240014757,25.7124747147693));
#8229=CARTESIAN_POINT('Ctrl Pts',(53.6972205583528,43.6100249830853,19.485));
#8230=CARTESIAN_POINT('Ctrl Pts',(53.7682779270247,43.4855573252619,19.485));
#8231=CARTESIAN_POINT('Ctrl Pts',(53.8393352956967,43.3610896674385,19.485));
#8232=CARTESIAN_POINT('Ctrl Pts',(53.9103926643686,43.2366220096152,19.485));
#8233=CARTESIAN_POINT('Ctrl Pts',(53.7120780829061,43.5839997964401,19.485));
#8234=CARTESIAN_POINT('Ctrl Pts',(55.6771087211237,44.7057910171128,25.7016666666667));
#8235=CARTESIAN_POINT('Ctrl Pts',(57.1897131268263,46.5959873603538,31.9183333333333));
#8236=CARTESIAN_POINT('Ctrl Pts',(57.8537822829557,48.7589914285893,38.135));
#8237=CARTESIAN_POINT('Origin',(49.25,51.4,33.485));
#8238=CARTESIAN_POINT('Ctrl Pts',(57.4831024535346,47.7646155861627,38.135));
#8239=CARTESIAN_POINT('Ctrl Pts',(56.569046488041,45.6948145968713,31.9183333333333));
#8240=CARTESIAN_POINT('Ctrl Pts',(54.8444657957837,43.9958043732274,25.7016666666667));
#8241=CARTESIAN_POINT('Ctrl Pts',(52.7610516009064,43.1131117628043,19.485));
#8242=CARTESIAN_POINT('Ctrl Pts',(52.7493607397428,43.140704880443,19.485));
#8243=CARTESIAN_POINT('Ctrl Pts',(52.8052732727367,43.0087384599383,19.485));
#8244=CARTESIAN_POINT('Ctrl Pts',(52.8611858057306,42.8767720394336,19.485));
#8245=CARTESIAN_POINT('Ctrl Pts',(52.9170983387245,42.7448056189289,19.485));
#8246=CARTESIAN_POINT('Ctrl Pts',(54.8294324914868,44.0220054416331,25.7124747147693));
#8247=CARTESIAN_POINT('Ctrl Pts',(54.9186720329883,43.9040150328034,25.7124747147693));
#8248=CARTESIAN_POINT('Ctrl Pts',(55.0076362573224,43.7863406589689,25.7124747147693));
#8249=CARTESIAN_POINT('Ctrl Pts',(55.0968757988239,43.6683502501392,25.7124747147693));
#8250=CARTESIAN_POINT('Ctrl Pts',(56.5506341858248,45.719717338449,31.9399494295386));
#8251=CARTESIAN_POINT('Ctrl Pts',(56.6673872652749,45.6288649813959,31.9399494295386));
#8252=CARTESIAN_POINT('Ctrl Pts',(56.7838281225441,45.5382922579791,31.9399494295386));
#8253=CARTESIAN_POINT('Ctrl Pts',(56.9005812019942,45.447439900926,31.9399494295386));
#8254=CARTESIAN_POINT('Ctrl Pts',(57.4604326498185,47.7874832648711,38.1674241443079));
#8255=CARTESIAN_POINT('Ctrl Pts',(57.5916183493131,47.7297627335609,38.1674241443079));
#8256=CARTESIAN_POINT('Ctrl Pts',(57.7228040488077,47.6720422022508,38.1674241443079));
#8257=CARTESIAN_POINT('Ctrl Pts',(57.8539897483023,47.6143216709406,38.1674241443079));
#8258=CARTESIAN_POINT('Ctrl Pts',(52.9170983387245,42.7448056189289,19.485));
#8259=CARTESIAN_POINT('Ctrl Pts',(55.0930927020277,43.6667473990228,25.7016666666667));
#8260=CARTESIAN_POINT('Ctrl Pts',(56.8943192538367,45.4412671059099,31.9183333333333));
#8261=CARTESIAN_POINT('Ctrl Pts',(57.8490180235763,47.6030430302742,38.135));
#8262=CARTESIAN_POINT('Origin',(49.25,51.4,33.485));
#8263=CARTESIAN_POINT('Ctrl Pts',(57.3970716214707,46.7111603573629,38.135));
#8264=CARTESIAN_POINT('Ctrl Pts',(56.218156188823,44.6630189338356,31.9183333333333));
#8265=CARTESIAN_POINT('Ctrl Pts',(54.2386350131312,43.0898586762456,25.7016666666667));
#8266=CARTESIAN_POINT('Ctrl Pts',(51.9770243955615,42.4042600112046,19.485));
#8267=CARTESIAN_POINT('Ctrl Pts',(57.0302751810942,46.9358315930913,38.1674241443079));
#8268=CARTESIAN_POINT('Ctrl Pts',(57.1545878556418,46.86450343292,38.1674241443079));
#8269=CARTESIAN_POINT('Ctrl Pts',(57.2789005301895,46.7931752727487,38.1674241443079));
#8270=CARTESIAN_POINT('Ctrl Pts',(57.4032132047371,46.7218471125774,38.1674241443079));
#8271=CARTESIAN_POINT('Ctrl Pts',(55.9059915147736,44.976399172924,31.9399494295386));
#8272=CARTESIAN_POINT('Ctrl Pts',(56.012434050847,44.8736596048041,31.9399494295386));
#8273=CARTESIAN_POINT('Ctrl Pts',(56.1185958328444,44.7712312517379,31.9399494295386));
#8274=CARTESIAN_POINT('Ctrl Pts',(56.2250383689178,44.668491683618,31.9399494295386));
#8275=CARTESIAN_POINT('Ctrl Pts',(54.0142007911553,43.471112218482,25.7124747147693));
#8276=CARTESIAN_POINT('Ctrl Pts',(54.0904029108751,43.344310525696,25.7124747147693));
#8277=CARTESIAN_POINT('Ctrl Pts',(54.166364839204,43.217852323458,25.7124747147693));
#8278=CARTESIAN_POINT('Ctrl Pts',(54.2425669589238,43.091050630672,25.7124747147693));
#8279=CARTESIAN_POINT('Ctrl Pts',(51.8522869377068,42.8157362486563,19.485));
#8280=CARTESIAN_POINT('Ctrl Pts',(51.893866090325,42.6785775028391,19.485));
#8281=CARTESIAN_POINT('Ctrl Pts',(51.9354452429433,42.5414187570219,19.485));
#8282=CARTESIAN_POINT('Ctrl Pts',(51.9770243955615,42.4042600112046,19.485));
#8283=CARTESIAN_POINT('Ctrl Pts',(51.8609808042611,42.7870574575363,19.485));
#8284=CARTESIAN_POINT('Ctrl Pts',(54.0263660518799,43.4434625773417,25.7016666666667));
#8285=CARTESIAN_POINT('Ctrl Pts',(55.9216545627474,44.9496816068081,31.9183333333333));
#8286=CARTESIAN_POINT('Ctrl Pts',(57.0503878040921,46.9106853582602,38.135));
#8287=CARTESIAN_POINT('Origin',(49.25,51.4,33.485));
#8288=CARTESIAN_POINT('Ctrl Pts',(56.4677322507462,46.0237246161207,38.135));
#8289=CARTESIAN_POINT('Ctrl Pts',(55.1160195274495,44.209214446129,31.9183333333333));
#8290=CARTESIAN_POINT('Ctrl Pts',(53.0566123319914,42.9365572623404,25.7016666666667));
#8291=CARTESIAN_POINT('Ctrl Pts',(50.829016096702,42.5395988710242,19.485));
#8292=CARTESIAN_POINT('Ctrl Pts',(50.8237583961439,42.5691016329391,19.485));
#8293=CARTESIAN_POINT('Ctrl Pts',(50.8489037940588,42.4280021770567,19.485));
#8294=CARTESIAN_POINT('Ctrl Pts',(50.8740491919738,42.2869027211743,19.485));
#8295=CARTESIAN_POINT('Ctrl Pts',(50.8991945898887,42.1458032652919,19.485));
#8296=CARTESIAN_POINT('Ctrl Pts',(53.0477862302323,42.9654466401707,25.7124747147693));
#8297=CARTESIAN_POINT('Ctrl Pts',(53.1085330141418,42.8305568311121,25.7124747147693));
#8298=CARTESIAN_POINT('Ctrl Pts',(53.1690817080622,42.6960363972248,25.7124747147693));
#8299=CARTESIAN_POINT('Ctrl Pts',(53.2298284919717,42.5611465881662,25.7124747147693));
#8300=CARTESIAN_POINT('Ctrl Pts',(55.1036102414052,44.2375899466684,31.9399494295386));
#8301=CARTESIAN_POINT('Ctrl Pts',(55.1972195260508,44.1230354436083,31.9399494295386));
#8302=CARTESIAN_POINT('Ctrl Pts',(55.2905866409151,44.0088230391567,31.9399494295386));
#8303=CARTESIAN_POINT('Ctrl Pts',(55.3841959255607,43.8942685360966,31.9399494295386));
#8304=CARTESIAN_POINT('Ctrl Pts',(56.4507193635633,46.0510634602759,38.1674241443079));
#8305=CARTESIAN_POINT('Ctrl Pts',(56.5657719371441,45.9655985388224,38.1674241443079));
#8306=CARTESIAN_POINT('Ctrl Pts',(56.6808245107249,45.8801336173689,38.1674241443079));
#8307=CARTESIAN_POINT('Ctrl Pts',(56.7958770843057,45.7946686959154,38.1674241443079));
#8308=CARTESIAN_POINT('Ctrl Pts',(50.8991945898887,42.1458032652919,19.485));
#8309=CARTESIAN_POINT('Ctrl Pts',(53.2257835773832,42.5604257421061,25.7016666666667));
#8310=CARTESIAN_POINT('Ctrl Pts',(55.3767174014052,43.8896439204916,31.9183333333333));
#8311=CARTESIAN_POINT('Ctrl Pts',(56.7885202774438,45.7847791471477,38.135));
#8312=CARTESIAN_POINT('Origin',(49.25,51.4,33.485));
#8313=CARTESIAN_POINT('Ctrl Pts',(56.1494425498652,45.0158253704298,38.135));
#8314=CARTESIAN_POINT('Ctrl Pts',(54.5443306460371,43.2813684916655,31.9183333333333));
#8315=CARTESIAN_POINT('Ctrl Pts',(52.2643791093184,42.1881355470071,25.7016666666667));
#8316=CARTESIAN_POINT('Ctrl Pts',(49.9069117364988,42.0229819787712,19.485));
#8317=CARTESIAN_POINT('Ctrl Pts',(55.8418365152606,45.3164835156902,38.1674241443079));
#8318=CARTESIAN_POINT('Ctrl Pts',(55.9471604026964,45.2192815289717,38.1674241443079));
#8319=CARTESIAN_POINT('Ctrl Pts',(56.0524842901321,45.1220795422531,38.1674241443079));
#8320=CARTESIAN_POINT('Ctrl Pts',(56.1578081775679,45.0248775555346,38.1674241443079));
#8321=CARTESIAN_POINT('Ctrl Pts',(54.3097262555947,43.6563548086967,31.9399494295386));
#8322=CARTESIAN_POINT('Ctrl Pts',(54.3906383504037,43.5325054435113,31.9399494295386));
#8323=CARTESIAN_POINT('Ctrl Pts',(54.4713459820921,43.4090219642278,31.9399494295386));
#8324=CARTESIAN_POINT('Ctrl Pts',(54.5522580769011,43.2851725990424,31.9399494295386));
#8325=CARTESIAN_POINT('Ctrl Pts',(52.1304088161578,42.6097715796374,25.7124747147693));
#8326=CARTESIAN_POINT('Ctrl Pts',(52.1764843585341,42.4691925031789,25.7124747147693));
#8327=CARTESIAN_POINT('Ctrl Pts',(52.2224021654567,42.3290017528559,25.7124747147693));
#8328=CARTESIAN_POINT('Ctrl Pts',(52.268477707833,42.1884226763974,25.7124747147693));
#8329=CARTESIAN_POINT('Ctrl Pts',(49.8768637838002,42.4518983434836,19.485));
#8330=CARTESIAN_POINT('Ctrl Pts',(49.886879768033,42.3089262219128,19.485));
#8331=CARTESIAN_POINT('Ctrl Pts',(49.8968957522659,42.165954100342,19.485));
#8332=CARTESIAN_POINT('Ctrl Pts',(49.9069117364988,42.0229819787712,19.485));
#8333=CARTESIAN_POINT('Ctrl Pts',(49.8789580455839,42.4220040222277,19.485));
#8334=CARTESIAN_POINT('Ctrl Pts',(52.1361164444271,42.5801081475497,25.7016666666667));
#8335=CARTESIAN_POINT('Ctrl Pts',(54.319051380489,43.626821751681,31.9183333333333));
#8336=CARTESIAN_POINT('Ctrl Pts',(55.8558493091484,45.2874922698133,38.135));
#8337=CARTESIAN_POINT('Origin',(49.25,51.4,33.485));
#8338=CARTESIAN_POINT('Ctrl Pts',(55.0904348142802,44.5524225431974,38.135));
#8339=CARTESIAN_POINT('Ctrl Pts',(53.3688458533871,43.0841903091633,31.9183333333333));
#8340=CARTESIAN_POINT('Ctrl Pts',(51.0778794308441,42.3017025105788,25.7016666666667));
#8341=CARTESIAN_POINT('Ctrl Pts',(48.8178021320119,42.4103834896639,19.485));
#8342=CARTESIAN_POINT('Ctrl Pts',(48.8192412351195,42.4403165041799,19.485));
#8343=CARTESIAN_POINT('Ctrl Pts',(48.812358602706,42.2971593288178,19.485));
#8344=CARTESIAN_POINT('Ctrl Pts',(48.8054759702925,42.1540021534556,19.485));
#8345=CARTESIAN_POINT('Ctrl Pts',(48.798593337879,42.0108449780935,19.485));
#8346=CARTESIAN_POINT('Ctrl Pts',(51.0757031092197,42.3318315637977,25.7124747147693));
#8347=CARTESIAN_POINT('Ctrl Pts',(51.1049110381354,42.1868062927873,25.7124747147693));
#8348=CARTESIAN_POINT('Ctrl Pts',(51.1340080372998,42.0421852151107,25.7124747147693));
#8349=CARTESIAN_POINT('Ctrl Pts',(51.1632159662155,41.8971599441002,25.7124747147693));
#8350=CARTESIAN_POINT('Ctrl Pts',(53.3630618369338,43.1146157025816,31.9399494295386));
#8351=CARTESIAN_POINT('Ctrl Pts',(53.4288333663644,42.9821032946359,31.9399494295386));
#8352=CARTESIAN_POINT('Ctrl Pts',(53.4944449218176,42.8499782960182,31.9399494295386));
#8353=CARTESIAN_POINT('Ctrl Pts',(53.5602164512481,42.7174658880725,31.9399494295386));
#8354=CARTESIAN_POINT('Ctrl Pts',(55.0799319408336,44.5828616689962,38.1674241443079));
#8355=CARTESIAN_POINT('Ctrl Pts',(55.1730821720435,44.4739379254315,38.1674241443079));
#8356=CARTESIAN_POINT('Ctrl Pts',(55.2662324032534,44.3650141818668,38.1674241443079));
#8357=CARTESIAN_POINT('Ctrl Pts',(55.3593826344633,44.2560904383021,38.1674241443079));
#8358=CARTESIAN_POINT('Ctrl Pts',(48.798593337879,42.0108449780935,19.485));
#8359=CARTESIAN_POINT('Ctrl Pts',(51.1591120627422,41.8973572493278,25.7016666666667));
#8360=CARTESIAN_POINT('Ctrl Pts',(53.5518963555233,42.7146213494158,31.9183333333333));
#8361=CARTESIAN_POINT('Ctrl Pts',(55.3500096464809,44.2480858847034,38.135));
#8362=CARTESIAN_POINT('Origin',(49.25,51.4,33.485));
#8363=CARTESIAN_POINT('Ctrl Pts',(54.5558466192463,43.640619557415,38.135));
#8364=CARTESIAN_POINT('Ctrl Pts',(52.6050252574594,42.3068201337762,31.9183333333333));
#8365=CARTESIAN_POINT('Ctrl Pts',(50.1389696500133,41.7483337668377,25.7016666666667));
#8366=CARTESIAN_POINT('Ctrl Pts',(47.8038587799435,42.1119067849395,19.485));
#8367=CARTESIAN_POINT('Ctrl Pts',(54.3228556414397,44.002188357365,38.1674241443079));
#8368=CARTESIAN_POINT('Ctrl Pts',(54.4039093622533,43.8839866575935,38.1674241443079));
#8369=CARTESIAN_POINT('Ctrl Pts',(54.4849630830669,43.7657849578219,38.1674241443079));
#8370=CARTESIAN_POINT('Ctrl Pts',(54.5660168038805,43.6475832580504,38.1674241443079));
#8371=CARTESIAN_POINT('Ctrl Pts',(52.4597451943833,42.7246091490076,31.9399494295386));
#8372=CARTESIAN_POINT('Ctrl Pts',(52.5110695776348,42.5858603110771,31.9399494295386));
#8373=CARTESIAN_POINT('Ctrl Pts',(52.5622760413555,42.4475136828496,31.9399494295386));
#8374=CARTESIAN_POINT('Ctrl Pts',(52.613600424607,42.3087648449191,31.9399494295386));
#8375=CARTESIAN_POINT('Ctrl Pts',(50.1021811155784,42.1892096985872,25.7124747147693));
#8376=CARTESIAN_POINT('Ctrl Pts',(50.1158196605217,42.0419024603569,25.7124747147693));
#8377=CARTESIAN_POINT('Ctrl Pts',(50.1293908354629,41.8950089115556,25.7124747147693));
#8378=CARTESIAN_POINT('Ctrl Pts',(50.1430293804061,41.7477016733254,25.7124747147693));
#8379=CARTESIAN_POINT('Ctrl Pts',(47.8700070622186,42.5367556193872,19.485));
#8380=CARTESIAN_POINT('Ctrl Pts',(47.8479576347936,42.3951393412379,19.485));
#8381=CARTESIAN_POINT('Ctrl Pts',(47.8259082073685,42.2535230630887,19.485));
#8382=CARTESIAN_POINT('Ctrl Pts',(47.8038587799435,42.1119067849395,19.485));
#8383=CARTESIAN_POINT('Ctrl Pts',(47.8653967042012,42.507144794091,19.485));
#8384=CARTESIAN_POINT('Ctrl Pts',(50.101144907078,42.1590199239005,25.7016666666667));
#8385=CARTESIAN_POINT('Ctrl Pts',(52.4622647954977,42.6937415118902,31.9183333333333));
#8386=CARTESIAN_POINT('Ctrl Pts',(54.3300659462194,43.9708058425675,38.135));
#8387=CARTESIAN_POINT('Origin',(49.25,51.4,33.485));
#8388=CARTESIAN_POINT('Ctrl Pts',(53.4202735886943,43.4244865969515,38.135));
#8389=CARTESIAN_POINT('Ctrl Pts',(51.4151360494335,42.3761555938934,31.9183333333333));
#8390=CARTESIAN_POINT('Ctrl Pts',(49.0074890224746,42.1230743861185,25.7016666666667));
#8391=CARTESIAN_POINT('Ctrl Pts',(46.8282603731238,42.7319450175015,19.485));
#8392=CARTESIAN_POINT('Ctrl Pts',(46.8363241172581,42.7608073182813,19.485));
#8393=CARTESIAN_POINT('Ctrl Pts',(46.7977585784448,42.6227709219844,19.485));
#8394=CARTESIAN_POINT('Ctrl Pts',(46.7591930396315,42.4847345256874,19.485));
#8395=CARTESIAN_POINT('Ctrl Pts',(46.7206275008182,42.3466981293905,19.485));
#8396=CARTESIAN_POINT('Ctrl Pts',(49.0120716108385,42.1529323181897,25.7124747147693));
#8397=CARTESIAN_POINT('Ctrl Pts',(49.0082760772429,42.0050437578886,25.7124747147693));
#8398=CARTESIAN_POINT('Ctrl Pts',(49.0044623366147,41.8575739411425,25.7124747147693));
#8399=CARTESIAN_POINT('Ctrl Pts',(49.0006668030191,41.7096853808415,25.7124747147693));
#8400=CARTESIAN_POINT('Ctrl Pts',(51.4162673373081,42.4071052239192,31.9399494295386));
#8401=CARTESIAN_POINT('Ctrl Pts',(51.4509030523999,42.2632796365459,31.9399494295386));
#8402=CARTESIAN_POINT('Ctrl Pts',(51.4854690110815,42.1198673428988,31.9399494295386));
#8403=CARTESIAN_POINT('Ctrl Pts',(51.5201047261734,41.9760417555255,31.9399494295386));
#8404=CARTESIAN_POINT('Ctrl Pts',(53.4168073869146,43.4564996595238,38.1674241443079));
#8405=CARTESIAN_POINT('Ctrl Pts',(53.4833843341993,43.3295789851762,38.1674241443079));
#8406=CARTESIAN_POINT('Ctrl Pts',(53.5499612814841,43.2026583108285,38.1674241443079));
#8407=CARTESIAN_POINT('Ctrl Pts',(53.6165382287688,43.0757376364809,38.1674241443079));
#8408=CARTESIAN_POINT('Ctrl Pts',(46.7206275008182,42.3466981293905,19.485));
#8409=CARTESIAN_POINT('Ctrl Pts',(48.9967096975176,41.7107909436488,25.7016666666667));
#8410=CARTESIAN_POINT('Ctrl Pts',(51.5113602632207,41.975119930863,31.9183333333333));
#8411=CARTESIAN_POINT('Ctrl Pts',(53.6056190604215,43.0700194597927,38.135));
#8412=CARTESIAN_POINT('Origin',(49.25,51.4,33.485));
#8413=CARTESIAN_POINT('Ctrl Pts',(52.6961933838524,42.6545014801425,38.135));
#8414=CARTESIAN_POINT('Ctrl Pts',(50.4974848931073,41.7882417841917,31.9183333333333));
#8415=CARTESIAN_POINT('Ctrl Pts',(47.9689835404426,41.7925068334475,25.7016666666667));
#8416=CARTESIAN_POINT('Ctrl Pts',(45.7733213827216,42.6665753686106,19.485));
#8417=CARTESIAN_POINT('Ctrl Pts',(52.5495006033565,43.0588503653728,38.1674241443079));
#8418=CARTESIAN_POINT('Ctrl Pts',(52.6022197855355,42.9255760793421,38.1674241443079));
#8419=CARTESIAN_POINT('Ctrl Pts',(52.6549389677145,42.7923017933114,38.1674241443079));
#8420=CARTESIAN_POINT('Ctrl Pts',(52.7076581498935,42.6590275072807,38.1674241443079));
#8421=CARTESIAN_POINT('Ctrl Pts',(50.4488141063969,42.2278838118647,31.9399494295386));
#8422=CARTESIAN_POINT('Ctrl Pts',(50.4679771592026,42.0811929472877,31.9399494295386));
#8423=CARTESIAN_POINT('Ctrl Pts',(50.4871147490452,41.9349204477407,31.9399494295386));
#8424=CARTESIAN_POINT('Ctrl Pts',(50.5062778018509,41.7882295831636,31.9399494295386));
#8425=CARTESIAN_POINT('Ctrl Pts',(48.0312214954655,42.2305153041605,25.7124747147693));
#8426=CARTESIAN_POINT('Ctrl Pts',(48.0117391493827,42.0838665041849,25.7124747147693));
#8427=CARTESIAN_POINT('Ctrl Pts',(47.9922831769626,41.9376360128163,25.7124747147693));
#8428=CARTESIAN_POINT('Ctrl Pts',(47.9728008308798,41.7909872128406,25.7124747147693));
#8429=CARTESIAN_POINT('Ctrl Pts',(45.9323489488861,43.0660529782201,19.485));
#8430=CARTESIAN_POINT('Ctrl Pts',(45.8793397601646,42.9328937750169,19.485));
#8431=CARTESIAN_POINT('Ctrl Pts',(45.8263305714431,42.7997345718138,19.485));
#8432=CARTESIAN_POINT('Ctrl Pts',(45.7733213827216,42.6665753686106,19.485));
#8433=CARTESIAN_POINT('Ctrl Pts',(45.9212651536697,43.038210459308,19.485));
#8434=CARTESIAN_POINT('Ctrl Pts',(48.0234934100164,42.2013130282394,25.7016666666667));
#8435=CARTESIAN_POINT('Ctrl Pts',(50.4444018404104,42.1972294268627,31.9183333333333));
#8436=CARTESIAN_POINT('Ctrl Pts',(52.549546864239,43.0266502319885,38.135));
#8437=CARTESIAN_POINT('Origin',(49.25,51.4,33.485));
#8438=CARTESIAN_POINT('Ctrl Pts',(51.5409974318253,42.6964761955782,38.135));
#8439=CARTESIAN_POINT('Ctrl Pts',(49.3528572831405,42.1206141174384,31.9183333333333));
#8440=CARTESIAN_POINT('Ctrl Pts',(46.9492591271558,42.409630049006,25.7016666666667));
#8441=CARTESIAN_POINT('Ctrl Pts',(44.9601547514314,43.488159016807,19.485));
#8442=CARTESIAN_POINT('Ctrl Pts',(44.9744387867903,43.514503327571,19.485));
#8443=CARTESIAN_POINT('Ctrl Pts',(44.9061241787289,43.3885094316394,19.485));
#8444=CARTESIAN_POINT('Ctrl Pts',(44.8378095706675,43.2625155357078,19.485));
#8445=CARTESIAN_POINT('Ctrl Pts',(44.7694949626061,43.1365216397762,19.485));
#8446=CARTESIAN_POINT('Ctrl Pts',(46.9603708353923,42.4377196585396,25.7124747147693));
#8447=CARTESIAN_POINT('Ctrl Pts',(46.9237621631887,42.2943835588903,25.7124747147693));
#8448=CARTESIAN_POINT('Ctrl Pts',(46.8872289196477,42.1514597554666,25.7124747147693));
#8449=CARTESIAN_POINT('Ctrl Pts',(46.8506202474441,42.0081236558173,25.7124747147693));
#8450=CARTESIAN_POINT('Ctrl Pts',(49.3608471478451,42.1505360403879,31.9399494295386));
#8451=CARTESIAN_POINT('Ctrl Pts',(49.3626102692174,42.0026092891012,31.9399494295386));
#8452=CARTESIAN_POINT('Ctrl Pts',(49.3643973496243,41.8551009916657,31.9399494295386));
#8453=CARTESIAN_POINT('Ctrl Pts',(49.3661604709965,41.707174240379,31.9399494295386));
#8454=CARTESIAN_POINT('Ctrl Pts',(51.5447417115434,42.7284579262916,38.1674241443079));
#8455=CARTESIAN_POINT('Ctrl Pts',(51.5814069287649,42.5899046537474,38.1674241443079));
#8456=CARTESIAN_POINT('Ctrl Pts',(51.6180721459865,42.4513513812032,38.1674241443079));
#8457=CARTESIAN_POINT('Ctrl Pts',(51.654737363208,42.312798108659,38.1674241443079));
#8458=CARTESIAN_POINT('Ctrl Pts',(44.7694949626061,43.1365216397762,19.485));
#8459=CARTESIAN_POINT('Ctrl Pts',(46.8470083657077,42.0100820386688,25.7016666666667));
#8460=CARTESIAN_POINT('Ctrl Pts',(49.3574301247021,41.7082213538486,31.9183333333333));
#8461=CARTESIAN_POINT('Ctrl Pts',(51.6428195471913,42.3096530421376,38.135));
#8462=CARTESIAN_POINT('Origin',(49.25,51.4,33.485));
#8463=CARTESIAN_POINT('Ctrl Pts',(50.6637336221418,42.1069192166771,38.135));
#8464=CARTESIAN_POINT('Ctrl Pts',(48.3273904271716,41.7516371267549,31.9183333333333));
#8465=CARTESIAN_POINT('Ctrl Pts',(45.863232945213,42.318439724826,25.7016666666667));
#8466=CARTESIAN_POINT('Ctrl Pts',(43.9171191687158,43.659174330905,19.485));
#8467=CARTESIAN_POINT('Ctrl Pts',(50.6106948275064,42.5337724456684,38.1674241443079));
#8468=CARTESIAN_POINT('Ctrl Pts',(50.6324359111202,42.3921085025851,38.1674241443079));
#8469=CARTESIAN_POINT('Ctrl Pts',(50.654176994734,42.2504445595018,38.1674241443079));
#8470=CARTESIAN_POINT('Ctrl Pts',(50.6759180783478,42.1087806164185,38.1674241443079));
#8471=CARTESIAN_POINT('Ctrl Pts',(48.377769473304,42.1910866798167,31.9399494295386));
#8472=CARTESIAN_POINT('Ctrl Pts',(48.3638102801784,42.0438094810707,31.9399494295386));
#8473=CARTESIAN_POINT('Ctrl Pts',(48.3499193574764,41.8969458241123,31.9399494295386));
#8474=CARTESIAN_POINT('Ctrl Pts',(48.3359601643508,41.7496686253662,31.9399494295386));
#8475=CARTESIAN_POINT('Ctrl Pts',(46.0213765187458,42.731617160817,25.7124747147693));
#8476=CARTESIAN_POINT('Ctrl Pts',(45.9697502078207,42.5929803822787,25.7124747147693));
#8477=CARTESIAN_POINT('Ctrl Pts',(45.9182426917375,42.4547455557854,25.7124747147693));
#8478=CARTESIAN_POINT('Ctrl Pts',(45.8666163808124,42.3161087772471,25.7124747147693));
#8479=CARTESIAN_POINT('Ctrl Pts',(44.1610517125608,44.0132492402572,19.485));
#8480=CARTESIAN_POINT('Ctrl Pts',(44.0797408646125,43.8952242704731,19.485));
#8481=CARTESIAN_POINT('Ctrl Pts',(43.9984300166641,43.777199300689,19.485));
#8482=CARTESIAN_POINT('Ctrl Pts',(43.9171191687158,43.659174330905,19.485));
#8483=CARTESIAN_POINT('Ctrl Pts',(44.1440502679193,43.9885711678877,19.485));
#8484=CARTESIAN_POINT('Ctrl Pts',(46.0073440748221,42.704866707714,25.7016666666667));
#8485=CARTESIAN_POINT('Ctrl Pts',(48.3666465896573,42.1621826857956,31.9183333333333));
#8486=CARTESIAN_POINT('Ctrl Pts',(50.6035747247778,42.5023693428413,38.135));
#8487=CARTESIAN_POINT('Origin',(49.25,51.4,33.485));
#8488=CARTESIAN_POINT('Ctrl Pts',(49.5468410973524,42.404896820509,38.135));
#8489=CARTESIAN_POINT('Ctrl Pts',(47.2854208231762,42.3303797964761,31.9183333333333));
#8490=CARTESIAN_POINT('Ctrl Pts',(45.0063979862586,43.147000401752,25.7016666666667));
#8491=CARTESIAN_POINT('Ctrl Pts',(43.3071598833359,44.6411057599806,19.485));
#8492=CARTESIAN_POINT('Ctrl Pts',(43.3269479487415,44.6636110669829,19.485));
#8493=CARTESIAN_POINT('Ctrl Pts',(43.2323098511372,44.5559775314634,19.485));
#8494=CARTESIAN_POINT('Ctrl Pts',(43.1376717535329,44.4483439959438,19.485));
#8495=CARTESIAN_POINT('Ctrl Pts',(43.0430336559286,44.3407104604242,19.485));
#8496=CARTESIAN_POINT('Ctrl Pts',(45.0234816269183,43.171913158434,25.7124747147693));
#8497=CARTESIAN_POINT('Ctrl Pts',(44.9558955277955,43.0403169899922,25.7124747147693));
#8498=CARTESIAN_POINT('Ctrl Pts',(44.8884747107224,42.9091059961925,25.7124747147693));
#8499=CARTESIAN_POINT('Ctrl Pts',(44.8208886115996,42.7775098277507,25.7124747147693));
#8500=CARTESIAN_POINT('Ctrl Pts',(47.2998686195318,42.3577736021894,31.9399494295386));
#8501=CARTESIAN_POINT('Ctrl Pts',(47.2686707369167,42.2131633519872,31.9399494295386));
#8502=CARTESIAN_POINT('Ctrl Pts',(47.237589327375,42.0689557327377,31.9399494295386));
#8503=CARTESIAN_POINT('Ctrl Pts',(47.20639144476,41.9243454825355,31.9399494295386));
#8504=CARTESIAN_POINT('Ctrl Pts',(49.5576081047485,42.4352435218415,38.1674241443079));
#8505=CARTESIAN_POINT('Ctrl Pts',(49.5625230448147,42.2920052907342,38.1674241443079));
#8506=CARTESIAN_POINT('Ctrl Pts',(49.567437984881,42.1487670596268,38.1674241443079));
#8507=CARTESIAN_POINT('Ctrl Pts',(49.5723529249472,42.0055288285195,38.1674241443079));
#8508=CARTESIAN_POINT('Ctrl Pts',(43.0430336559286,44.3407104604242,19.485));
#8509=CARTESIAN_POINT('Ctrl Pts',(44.8178030684604,42.7802228291527,25.7016666666667));
#8510=CARTESIAN_POINT('Ctrl Pts',(47.1981129911418,41.9273090274955,31.9183333333333));
#8511=CARTESIAN_POINT('Ctrl Pts',(49.5600340703205,42.0051145789329,38.135));
#8512=CARTESIAN_POINT('Origin',(49.25,51.4,33.485));
#8513=CARTESIAN_POINT('Ctrl Pts',(48.5603833533795,42.0253308282136,38.135));
#8514=CARTESIAN_POINT('Ctrl Pts',(46.2035594576995,42.1988416718373,31.9183333333333));
#8515=CARTESIAN_POINT('Ctrl Pts',(43.927308992018,43.2997599696949,25.7016666666667));
#8516=CARTESIAN_POINT('Ctrl Pts',(42.3283298677616,45.0399306151208,19.485));
#8517=CARTESIAN_POINT('Ctrl Pts',(48.6036581312384,42.4532841976803,38.1674241443079));
#8518=CARTESIAN_POINT('Ctrl Pts',(48.5933309275717,42.3103342191877,38.1674241443079));
#8519=CARTESIAN_POINT('Ctrl Pts',(48.5830037239051,42.1673842406951,38.1674241443079));
#8520=CARTESIAN_POINT('Ctrl Pts',(48.5726765202384,42.0244342622024,38.1674241443079));
#8521=CARTESIAN_POINT('Ctrl Pts',(46.3504621209371,42.616062914716,31.9399494295386));
#8522=CARTESIAN_POINT('Ctrl Pts',(46.3040806541119,42.4755844755221,31.9399494295386));
#8523=CARTESIAN_POINT('Ctrl Pts',(46.2578577677332,42.3354940181614,31.9399494295386));
#8524=CARTESIAN_POINT('Ctrl Pts',(46.2114763009081,42.1950155789675,31.9399494295386));
#8525=CARTESIAN_POINT('Ctrl Pts',(44.1734282049337,43.6673879290445,25.7124747147693));
#8526=CARTESIAN_POINT('Ctrl Pts',(44.0922466879689,43.5437149989163,25.7124747147693));
#8527=CARTESIAN_POINT('Ctrl Pts',(44.0112704301555,43.420407508717,25.7124747147693));
#8528=CARTESIAN_POINT('Ctrl Pts',(43.9300889131907,43.2967345785888,25.7124747147693));
#8529=CARTESIAN_POINT('Ctrl Pts',(42.6449355929651,45.3308480297728,19.485));
#8530=CARTESIAN_POINT('Ctrl Pts',(42.5394003512306,45.2338755582221,19.485));
#8531=CARTESIAN_POINT('Ctrl Pts',(42.4338651094961,45.1369030866715,19.485));
#8532=CARTESIAN_POINT('Ctrl Pts',(42.3283298677616,45.0399306151208,19.485));
#8533=CARTESIAN_POINT('Ctrl Pts',(42.6228690223249,45.3105718655412,19.485));
#8534=CARTESIAN_POINT('Ctrl Pts',(44.1537950478682,43.6444306781785,25.7016666666667));
#8535=CARTESIAN_POINT('Ctrl Pts',(46.3331863674613,42.5903586786286,31.9183333333333));
#8536=CARTESIAN_POINT('Ctrl Pts',(48.5897286965804,42.4242528081141,38.135));
#8537=CARTESIAN_POINT('Origin',(49.25,51.4,33.485));
#8538=CARTESIAN_POINT('Ctrl Pts',(47.5377999107578,42.5643694791392,38.135));
#8539=CARTESIAN_POINT('Ctrl Pts',(45.3164965665061,42.9949341039543,31.9183333333333));
#8540=CARTESIAN_POINT('Ctrl Pts',(43.2763287700693,44.2982106158792,25.7016666666667));
#8541=CARTESIAN_POINT('Ctrl Pts',(41.9521638338292,46.1329716830333,19.485));
#8542=CARTESIAN_POINT('Ctrl Pts',(41.9764636730544,46.1505094762068,19.485));
#8543=CARTESIAN_POINT('Ctrl Pts',(41.8602476352953,46.0666334960087,19.485));
#8544=CARTESIAN_POINT('Ctrl Pts',(41.7440315975362,45.9827575158106,19.485));
#8545=CARTESIAN_POINT('Ctrl Pts',(41.6278155597772,45.8988815356125,19.485));
#8546=CARTESIAN_POINT('Ctrl Pts',(43.2985276980745,44.3186972900629,25.7124747147693));
#8547=CARTESIAN_POINT('Ctrl Pts',(43.2033532212574,44.2054398342121,25.7124747147693));
#8548=CARTESIAN_POINT('Ctrl Pts',(43.1084255919451,44.0925211171549,25.7124747147693));
#8549=CARTESIAN_POINT('Ctrl Pts',(43.013251115128,43.9792636613041,25.7124747147693));
#8550=CARTESIAN_POINT('Ctrl Pts',(45.3366778216746,43.0184261526265,31.9399494295386));
#8551=CARTESIAN_POINT('Ctrl Pts',(45.2740833271776,42.8843837652937,31.9399494295386));
#8552=CARTESIAN_POINT('Ctrl Pts',(45.2116919793464,42.750707996418,31.9399494295386));
#8553=CARTESIAN_POINT('Ctrl Pts',(45.1490974848494,42.6166656090852,31.9399494295386));
#8554=CARTESIAN_POINT('Ctrl Pts',(47.5550497431219,42.5915594407693,38.1674241443079));
#8555=CARTESIAN_POINT('Ctrl Pts',(47.5279679504149,42.4508188141173,38.1674241443079));
#8556=CARTESIAN_POINT('Ctrl Pts',(47.5008861577079,42.3100781874654,38.1674241443079));
#8557=CARTESIAN_POINT('Ctrl Pts',(47.4738043650009,42.1693375608134,38.1674241443079));
#8558=CARTESIAN_POINT('Ctrl Pts',(41.6278155597772,45.8988815356125,19.485));
#8559=CARTESIAN_POINT('Ctrl Pts',(43.0108466326032,43.9825952400377,25.7016666666667));
#8560=CARTESIAN_POINT('Ctrl Pts',(45.1416860401396,42.6213969810165,31.9183333333333));
#8561=CARTESIAN_POINT('Ctrl Pts',(47.4617021905744,42.1716749003656,38.135));
#8562=CARTESIAN_POINT('Origin',(49.25,51.4,33.485));
#8563=CARTESIAN_POINT('Ctrl Pts',(46.491613342867,42.4138274972328,38.135));
#8564=CARTESIAN_POINT('Ctrl Pts',(44.2324897378462,43.107430716185,31.9183333333333));
#8565=CARTESIAN_POINT('Ctrl Pts',(42.2582869915853,44.68726007334,25.7016666666667));
#8566=CARTESIAN_POINT('Ctrl Pts',(41.0866220096152,46.7396073356314,19.485));
#8567=CARTESIAN_POINT('Ctrl Pts',(46.6290317151586,42.8214216382522,38.1674241443079));
#8568=CARTESIAN_POINT('Ctrl Pts',(46.587154073326,42.6843537331791,38.1674241443079));
#8569=CARTESIAN_POINT('Ctrl Pts',(46.5452764314934,42.5472858281059,38.1674241443079));
#8570=CARTESIAN_POINT('Ctrl Pts',(46.5033987896607,42.4102179230327,38.1674241443079));
#8571=CARTESIAN_POINT('Ctrl Pts',(44.4685497052422,43.4815024335984,31.9399494295386));
#8572=CARTESIAN_POINT('Ctrl Pts',(44.3920717251362,43.3548669294847,31.9399494295386));
#8573=CARTESIAN_POINT('Ctrl Pts',(44.3158346836138,43.2285743922206,31.9399494295386));
#8574=CARTESIAN_POINT('Ctrl Pts',(44.2393567035078,43.1019388881069,31.9399494295386));
#8575=CARTESIAN_POINT('Ctrl Pts',(42.580040398844,44.9909041550858,25.7124747147693));
#8576=CARTESIAN_POINT('Ctrl Pts',(42.4733744560845,44.8883965504976,25.7124747147693));
#8577=CARTESIAN_POINT('Ctrl Pts',(42.3669899442353,44.7861995490381,25.7124747147693));
#8578=CARTESIAN_POINT('Ctrl Pts',(42.2603240014757,44.6836919444498,25.7124747147693));
#8579=CARTESIAN_POINT('Ctrl Pts',(41.4600249830853,46.9527794416472,19.485));
#8580=CARTESIAN_POINT('Ctrl Pts',(41.3355573252619,46.8817220729753,19.485));
#8581=CARTESIAN_POINT('Ctrl Pts',(41.2110896674386,46.8106647043033,19.485));
#8582=CARTESIAN_POINT('Ctrl Pts',(41.0866220096152,46.7396073356314,19.485));
#8583=CARTESIAN_POINT('Ctrl Pts',(41.4339997964401,46.9379219170939,19.485));
#8584=CARTESIAN_POINT('Ctrl Pts',(42.5557910171128,44.9728912788763,25.7016666666667));
#8585=CARTESIAN_POINT('Ctrl Pts',(44.4459873603539,43.4602868731737,31.9183333333333));
#8586=CARTESIAN_POINT('Ctrl Pts',(46.6089914285894,42.7962177170443,38.135));
#8587=CARTESIAN_POINT('Origin',(49.25,51.4,33.485));
#8588=CARTESIAN_POINT('Ctrl Pts',(45.6146155861627,43.1668975464654,38.135));
#8589=CARTESIAN_POINT('Ctrl Pts',(43.5448145968714,44.080953511959,31.9183333333333));
#8590=CARTESIAN_POINT('Ctrl Pts',(41.8458043732274,45.8055342042163,25.7016666666667));
#8591=CARTESIAN_POINT('Ctrl Pts',(40.9631117628043,47.8889483990936,19.485));
#8592=CARTESIAN_POINT('Ctrl Pts',(40.990704880443,47.9006392602572,19.485));
#8593=CARTESIAN_POINT('Ctrl Pts',(40.8587384599383,47.8447267272633,19.485));
#8594=CARTESIAN_POINT('Ctrl Pts',(40.7267720394336,47.7888141942694,19.485));
#8595=CARTESIAN_POINT('Ctrl Pts',(40.5948056189289,47.7329016612755,19.485));
#8596=CARTESIAN_POINT('Ctrl Pts',(41.8720054416332,45.8205675085132,25.7124747147693));
#8597=CARTESIAN_POINT('Ctrl Pts',(41.7540150328035,45.7313279670117,25.7124747147693));
#8598=CARTESIAN_POINT('Ctrl Pts',(41.6363406589689,45.6423637426776,25.7124747147693));
#8599=CARTESIAN_POINT('Ctrl Pts',(41.5183502501392,45.5531242011761,25.7124747147693));
#8600=CARTESIAN_POINT('Ctrl Pts',(43.569717338449,44.0993658141753,31.9399494295386));
#8601=CARTESIAN_POINT('Ctrl Pts',(43.478864981396,43.9826127347251,31.9399494295386));
#8602=CARTESIAN_POINT('Ctrl Pts',(43.3882922579791,43.866171877456,31.9399494295386));
#8603=CARTESIAN_POINT('Ctrl Pts',(43.2974399009261,43.7494187980058,31.9399494295386));
#8604=CARTESIAN_POINT('Ctrl Pts',(45.6374832648711,43.1895673501815,38.1674241443079));
#8605=CARTESIAN_POINT('Ctrl Pts',(45.579762733561,43.0583816506869,38.1674241443079));
#8606=CARTESIAN_POINT('Ctrl Pts',(45.5220422022508,42.9271959511923,38.1674241443079));
#8607=CARTESIAN_POINT('Ctrl Pts',(45.4643216709406,42.7960102516978,38.1674241443079));
#8608=CARTESIAN_POINT('Ctrl Pts',(40.5948056189289,47.7329016612755,19.485));
#8609=CARTESIAN_POINT('Ctrl Pts',(41.5167473990228,45.5569072979723,25.7016666666667));
#8610=CARTESIAN_POINT('Ctrl Pts',(43.2912671059099,43.7556807461633,31.9183333333333));
#8611=CARTESIAN_POINT('Ctrl Pts',(45.4530430302742,42.8009819764237,38.135));
#8612=CARTESIAN_POINT('Origin',(49.25,51.4,33.485));
#8613=CARTESIAN_POINT('Ctrl Pts',(44.5611603573629,43.2529283785293,38.135));
#8614=CARTESIAN_POINT('Ctrl Pts',(42.5130189338356,44.431843811177,31.9183333333333));
#8615=CARTESIAN_POINT('Ctrl Pts',(40.9398586762456,46.4113649868688,25.7016666666667));
#8616=CARTESIAN_POINT('Ctrl Pts',(40.2542600112046,48.6729756044385,19.485));
#8617=CARTESIAN_POINT('Ctrl Pts',(44.7858315930913,43.6197248189059,38.1674241443079));
#8618=CARTESIAN_POINT('Ctrl Pts',(44.71450343292,43.4954121443582,38.1674241443079));
#8619=CARTESIAN_POINT('Ctrl Pts',(44.6431752727487,43.3710994698106,38.1674241443079));
#8620=CARTESIAN_POINT('Ctrl Pts',(44.5718471125774,43.2467867952629,38.1674241443079));
#8621=CARTESIAN_POINT('Ctrl Pts',(42.8263991729241,44.7440084852264,31.9399494295386));
#8622=CARTESIAN_POINT('Ctrl Pts',(42.7236596048041,44.637565949153,31.9399494295386));
#8623=CARTESIAN_POINT('Ctrl Pts',(42.621231251738,44.5314041671556,31.9399494295386));
#8624=CARTESIAN_POINT('Ctrl Pts',(42.518491683618,44.4249616310822,31.9399494295386));
#8625=CARTESIAN_POINT('Ctrl Pts',(41.3211122184821,46.6357992088448,25.7124747147693));
#8626=CARTESIAN_POINT('Ctrl Pts',(41.194310525696,46.559597089125,25.7124747147693));
#8627=CARTESIAN_POINT('Ctrl Pts',(41.067852323458,46.483635160796,25.7124747147693));
#8628=CARTESIAN_POINT('Ctrl Pts',(40.941050630672,46.4074330410762,25.7124747147693));
#8629=CARTESIAN_POINT('Ctrl Pts',(40.6657362486564,48.7977130622933,19.485));
#8630=CARTESIAN_POINT('Ctrl Pts',(40.5285775028391,48.756133909675,19.485));
#8631=CARTESIAN_POINT('Ctrl Pts',(40.3914187570219,48.7145547570568,19.485));
#8632=CARTESIAN_POINT('Ctrl Pts',(40.2542600112046,48.6729756044385,19.485));
#8633=CARTESIAN_POINT('Ctrl Pts',(40.6370574575363,48.789019195739,19.485));
#8634=CARTESIAN_POINT('Ctrl Pts',(41.2934625773417,46.6236339481202,25.7016666666667));
#8635=CARTESIAN_POINT('Ctrl Pts',(42.7996816068081,44.7283454372526,31.9183333333333));
#8636=CARTESIAN_POINT('Ctrl Pts',(44.7606853582602,43.5996121959079,38.135));
#8637=CARTESIAN_POINT('Origin',(49.25,51.4,33.485));
#8638=CARTESIAN_POINT('Ctrl Pts',(43.8737246161207,44.1822677492538,38.135));
#8639=CARTESIAN_POINT('Ctrl Pts',(42.059214446129,45.5339804725506,31.9183333333333));
#8640=CARTESIAN_POINT('Ctrl Pts',(40.7865572623404,47.5933876680086,25.7016666666667));
#8641=CARTESIAN_POINT('Ctrl Pts',(40.3895988710242,49.8209839032981,19.485));
#8642=CARTESIAN_POINT('Ctrl Pts',(40.4191016329391,49.8262416038562,19.485));
#8643=CARTESIAN_POINT('Ctrl Pts',(40.2780021770567,49.8010962059412,19.485));
#8644=CARTESIAN_POINT('Ctrl Pts',(40.1369027211743,49.7759508080263,19.485));
#8645=CARTESIAN_POINT('Ctrl Pts',(39.9958032652919,49.7508054101113,19.485));
#8646=CARTESIAN_POINT('Ctrl Pts',(40.8154466401707,47.6022137697677,25.7124747147693));
#8647=CARTESIAN_POINT('Ctrl Pts',(40.6805568311122,47.5414669858583,25.7124747147693));
#8648=CARTESIAN_POINT('Ctrl Pts',(40.5460363972249,47.4809182919378,25.7124747147693));
#8649=CARTESIAN_POINT('Ctrl Pts',(40.4111465881663,47.4201715080283,25.7124747147693));
#8650=CARTESIAN_POINT('Ctrl Pts',(42.0875899466684,45.5463897585948,31.9399494295386));
#8651=CARTESIAN_POINT('Ctrl Pts',(41.9730354436083,45.4527804739493,31.9399494295386));
#8652=CARTESIAN_POINT('Ctrl Pts',(41.8588230391567,45.3594133590849,31.9399494295386));
#8653=CARTESIAN_POINT('Ctrl Pts',(41.7442685360966,45.2658040744393,31.9399494295386));
#8654=CARTESIAN_POINT('Ctrl Pts',(43.9010634602759,44.1992806364367,38.1674241443079));
#8655=CARTESIAN_POINT('Ctrl Pts',(43.8155985388224,44.0842280628559,38.1674241443079));
#8656=CARTESIAN_POINT('Ctrl Pts',(43.7301336173689,43.9691754892751,38.1674241443079));
#8657=CARTESIAN_POINT('Ctrl Pts',(43.6446686959154,43.8541229156943,38.1674241443079));
#8658=CARTESIAN_POINT('Ctrl Pts',(39.9958032652919,49.7508054101113,19.485));
#8659=CARTESIAN_POINT('Ctrl Pts',(40.4104257421061,47.4242164226169,25.7016666666667));
#8660=CARTESIAN_POINT('Ctrl Pts',(41.7396439204917,45.2732825985948,31.9183333333333));
#8661=CARTESIAN_POINT('Ctrl Pts',(43.6347791471477,43.8614797225562,38.135));
#8662=CARTESIAN_POINT('Origin',(49.25,51.4,33.485));
#8663=CARTESIAN_POINT('Ctrl Pts',(42.8658253704298,44.5005574501348,38.135));
#8664=CARTESIAN_POINT('Ctrl Pts',(41.1313684916655,46.1056693539629,31.9183333333333));
#8665=CARTESIAN_POINT('Ctrl Pts',(40.0381355470071,48.3856208906816,25.7016666666667));
#8666=CARTESIAN_POINT('Ctrl Pts',(39.8729819787712,50.7430882635012,19.485));
#8667=CARTESIAN_POINT('Ctrl Pts',(43.1664835156902,44.8081634847394,38.1674241443079));
#8668=CARTESIAN_POINT('Ctrl Pts',(43.0692815289717,44.7028395973037,38.1674241443079));
#8669=CARTESIAN_POINT('Ctrl Pts',(42.9720795422532,44.5975157098679,38.1674241443079));
#8670=CARTESIAN_POINT('Ctrl Pts',(42.8748775555346,44.4921918224321,38.1674241443079));
#8671=CARTESIAN_POINT('Ctrl Pts',(41.5063548086967,46.3402737444053,31.9399494295386));
#8672=CARTESIAN_POINT('Ctrl Pts',(41.3825054435113,46.2593616495963,31.9399494295386));
#8673=CARTESIAN_POINT('Ctrl Pts',(41.2590219642278,46.178654017908,31.9399494295386));
#8674=CARTESIAN_POINT('Ctrl Pts',(41.1351725990424,46.0977419230989,31.9399494295386));
#8675=CARTESIAN_POINT('Ctrl Pts',(40.4597715796375,48.5195911838422,25.7124747147693));
#8676=CARTESIAN_POINT('Ctrl Pts',(40.3191925031789,48.473515641466,25.7124747147693));
#8677=CARTESIAN_POINT('Ctrl Pts',(40.1790017528559,48.4275978345433,25.7124747147693));
#8678=CARTESIAN_POINT('Ctrl Pts',(40.0384226763974,48.381522292167,25.7124747147693));
#8679=CARTESIAN_POINT('Ctrl Pts',(40.3018983434836,50.7731362161999,19.485));
#8680=CARTESIAN_POINT('Ctrl Pts',(40.1589262219128,50.763120231967,19.485));
#8681=CARTESIAN_POINT('Ctrl Pts',(40.015954100342,50.7531042477341,19.485));
#8682=CARTESIAN_POINT('Ctrl Pts',(39.8729819787712,50.7430882635012,19.485));
#8683=CARTESIAN_POINT('Ctrl Pts',(40.2720040222278,50.7710419544161,19.485));
#8684=CARTESIAN_POINT('Ctrl Pts',(40.4301081475497,48.5138835555729,25.7016666666667));
#8685=CARTESIAN_POINT('Ctrl Pts',(41.4768217516809,46.330948619511,31.9183333333333));
#8686=CARTESIAN_POINT('Ctrl Pts',(43.1374922698133,44.7941506908517,38.135));
#8687=CARTESIAN_POINT('Origin',(49.25,51.4,33.485));
#8688=CARTESIAN_POINT('Ctrl Pts',(42.4024225431974,45.5595651857198,38.135));
#8689=CARTESIAN_POINT('Ctrl Pts',(40.9341903091633,47.2811541466129,31.9183333333333));
#8690=CARTESIAN_POINT('Ctrl Pts',(40.1517025105788,49.5721205691559,25.7016666666667));
#8691=CARTESIAN_POINT('Ctrl Pts',(40.260383489664,51.8321978679882,19.485));
#8692=CARTESIAN_POINT('Ctrl Pts',(40.29031650418,51.8307587648805,19.485));
#8693=CARTESIAN_POINT('Ctrl Pts',(40.1471593288178,51.837641397294,19.485));
#8694=CARTESIAN_POINT('Ctrl Pts',(40.0040021534556,51.8445240297075,19.485));
#8695=CARTESIAN_POINT('Ctrl Pts',(39.8608449780935,51.851406662121,19.485));
#8696=CARTESIAN_POINT('Ctrl Pts',(40.1818315637978,49.5742968907803,25.7124747147693));
#8697=CARTESIAN_POINT('Ctrl Pts',(40.0368062927873,49.5450889618647,25.7124747147693));
#8698=CARTESIAN_POINT('Ctrl Pts',(39.8921852151107,49.5159919627002,25.7124747147693));
#8699=CARTESIAN_POINT('Ctrl Pts',(39.7471599441003,49.4867840337845,25.7124747147693));
#8700=CARTESIAN_POINT('Ctrl Pts',(40.9646157025816,47.2869381630662,31.9399494295386));
#8701=CARTESIAN_POINT('Ctrl Pts',(40.8321032946359,47.2211666336357,31.9399494295386));
#8702=CARTESIAN_POINT('Ctrl Pts',(40.6999782960182,47.1555550781825,31.9399494295386));
#8703=CARTESIAN_POINT('Ctrl Pts',(40.5674658880725,47.0897835487519,31.9399494295386));
#8704=CARTESIAN_POINT('Ctrl Pts',(42.4328616689963,45.5700680591665,38.1674241443079));
#8705=CARTESIAN_POINT('Ctrl Pts',(42.3239379254316,45.4769178279565,38.1674241443079));
#8706=CARTESIAN_POINT('Ctrl Pts',(42.2150141818668,45.3837675967466,38.1674241443079));
#8707=CARTESIAN_POINT('Ctrl Pts',(42.1060904383021,45.2906173655367,38.1674241443079));
#8708=CARTESIAN_POINT('Ctrl Pts',(39.8608449780935,51.851406662121,19.485));
#8709=CARTESIAN_POINT('Ctrl Pts',(39.7473572493279,49.4908879372578,25.7016666666667));
#8710=CARTESIAN_POINT('Ctrl Pts',(40.5646213494158,47.0981036444767,31.9183333333333));
#8711=CARTESIAN_POINT('Ctrl Pts',(42.0980858847034,45.2999903535191,38.135));
#8712=CARTESIAN_POINT('Origin',(49.25,51.4,33.485));
#8713=CARTESIAN_POINT('Ctrl Pts',(41.490619557415,46.0941533807537,38.135));
#8714=CARTESIAN_POINT('Ctrl Pts',(40.1568201337762,48.0449747425406,31.9183333333333));
#8715=CARTESIAN_POINT('Ctrl Pts',(39.5983337668377,50.5110303499867,25.7016666666667));
#8716=CARTESIAN_POINT('Ctrl Pts',(39.9619067849395,52.8461412200566,19.485));
#8717=CARTESIAN_POINT('Ctrl Pts',(41.8521883573651,46.3271443585604,38.1674241443079));
#8718=CARTESIAN_POINT('Ctrl Pts',(41.7339866575935,46.2460906377467,38.1674241443079));
#8719=CARTESIAN_POINT('Ctrl Pts',(41.615784957822,46.1650369169331,38.1674241443079));
#8720=CARTESIAN_POINT('Ctrl Pts',(41.4975832580504,46.0839831961195,38.1674241443079));
#8721=CARTESIAN_POINT('Ctrl Pts',(40.5746091490076,48.1902548056167,31.9399494295386));
#8722=CARTESIAN_POINT('Ctrl Pts',(40.4358603110772,48.1389304223652,31.9399494295386));
#8723=CARTESIAN_POINT('Ctrl Pts',(40.2975136828496,48.0877239586445,31.9399494295386));
#8724=CARTESIAN_POINT('Ctrl Pts',(40.1587648449191,48.036399575393,31.9399494295386));
#8725=CARTESIAN_POINT('Ctrl Pts',(40.0392096985872,50.5478188844216,25.7124747147693));
#8726=CARTESIAN_POINT('Ctrl Pts',(39.8919024603569,50.5341803394783,25.7124747147693));
#8727=CARTESIAN_POINT('Ctrl Pts',(39.7450089115557,50.5206091645372,25.7124747147693));
#8728=CARTESIAN_POINT('Ctrl Pts',(39.5977016733254,50.5069706195939,25.7124747147693));
#8729=CARTESIAN_POINT('Ctrl Pts',(40.3867556193872,52.7799929377814,19.485));
#8730=CARTESIAN_POINT('Ctrl Pts',(40.245139341238,52.8020423652065,19.485));
#8731=CARTESIAN_POINT('Ctrl Pts',(40.1035230630887,52.8240917926315,19.485));
#8732=CARTESIAN_POINT('Ctrl Pts',(39.9619067849395,52.8461412200566,19.485));
#8733=CARTESIAN_POINT('Ctrl Pts',(40.357144794091,52.7846032957988,19.485));
#8734=CARTESIAN_POINT('Ctrl Pts',(40.0090199239006,50.548855092922,25.7016666666667));
#8735=CARTESIAN_POINT('Ctrl Pts',(40.5437415118902,48.1877352045024,31.9183333333333));
#8736=CARTESIAN_POINT('Ctrl Pts',(41.8208058425675,46.3199340537806,38.135));
#8737=CARTESIAN_POINT('Origin',(49.25,51.4,33.485));
#8738=CARTESIAN_POINT('Ctrl Pts',(41.2744865969515,47.2297264113057,38.135));
#8739=CARTESIAN_POINT('Ctrl Pts',(40.2261555938934,49.2348639505665,31.9183333333333));
#8740=CARTESIAN_POINT('Ctrl Pts',(39.9730743861185,51.6425109775254,25.7016666666667));
#8741=CARTESIAN_POINT('Ctrl Pts',(40.5819450175015,53.8217396268762,19.485));
#8742=CARTESIAN_POINT('Ctrl Pts',(40.6108073182813,53.8136758827419,19.485));
#8743=CARTESIAN_POINT('Ctrl Pts',(40.4727709219844,53.8522414215552,19.485));
#8744=CARTESIAN_POINT('Ctrl Pts',(40.3347345256874,53.8908069603685,19.485));
#8745=CARTESIAN_POINT('Ctrl Pts',(40.1966981293905,53.9293724991818,19.485));
#8746=CARTESIAN_POINT('Ctrl Pts',(40.0029323181897,51.6379283891615,25.7124747147693));
#8747=CARTESIAN_POINT('Ctrl Pts',(39.8550437578887,51.6417239227571,25.7124747147693));
#8748=CARTESIAN_POINT('Ctrl Pts',(39.7075739411425,51.6455376633853,25.7124747147693));
#8749=CARTESIAN_POINT('Ctrl Pts',(39.5596853808415,51.6493331969809,25.7124747147693));
#8750=CARTESIAN_POINT('Ctrl Pts',(40.2571052239192,49.2337326626919,31.9399494295386));
#8751=CARTESIAN_POINT('Ctrl Pts',(40.1132796365459,49.1990969476001,31.9399494295386));
#8752=CARTESIAN_POINT('Ctrl Pts',(39.9698673428988,49.1645309889185,31.9399494295386));
#8753=CARTESIAN_POINT('Ctrl Pts',(39.8260417555255,49.1298952738266,31.9399494295386));
#8754=CARTESIAN_POINT('Ctrl Pts',(41.3064996595238,47.2331926130854,38.1674241443079));
#8755=CARTESIAN_POINT('Ctrl Pts',(41.1795789851762,47.1666156658007,38.1674241443079));
#8756=CARTESIAN_POINT('Ctrl Pts',(41.0526583108285,47.100038718516,38.1674241443079));
#8757=CARTESIAN_POINT('Ctrl Pts',(40.9257376364809,47.0334617712312,38.1674241443079));
#8758=CARTESIAN_POINT('Ctrl Pts',(40.1966981293905,53.9293724991818,19.485));
#8759=CARTESIAN_POINT('Ctrl Pts',(39.5607909436488,51.6532903024824,25.7016666666667));
#8760=CARTESIAN_POINT('Ctrl Pts',(39.825119930863,49.1386397367793,31.9183333333333));
#8761=CARTESIAN_POINT('Ctrl Pts',(40.9200194597927,47.0443809395785,38.135));
#8762=CARTESIAN_POINT('Origin',(49.25,51.4,33.485));
#8763=CARTESIAN_POINT('Ctrl Pts',(40.5045014801425,47.9538066161476,38.135));
#8764=CARTESIAN_POINT('Ctrl Pts',(39.6382417841917,50.1525151068927,31.9183333333333));
#8765=CARTESIAN_POINT('Ctrl Pts',(39.6425068334475,52.6810164595574,25.7016666666667));
#8766=CARTESIAN_POINT('Ctrl Pts',(40.5165753686106,54.8766786172784,19.485));
#8767=CARTESIAN_POINT('Ctrl Pts',(40.9088503653728,48.1004993966435,38.1674241443079));
#8768=CARTESIAN_POINT('Ctrl Pts',(40.7755760793421,48.0477802144645,38.1674241443079));
#8769=CARTESIAN_POINT('Ctrl Pts',(40.6423017933114,47.9950610322855,38.1674241443079));
#8770=CARTESIAN_POINT('Ctrl Pts',(40.5090275072807,47.9423418501065,38.1674241443079));
#8771=CARTESIAN_POINT('Ctrl Pts',(40.0778838118648,50.2011858936031,31.9399494295386));
#8772=CARTESIAN_POINT('Ctrl Pts',(39.9311929472877,50.1820228407974,31.9399494295386));
#8773=CARTESIAN_POINT('Ctrl Pts',(39.7849204477407,50.1628852509548,31.9399494295386));
#8774=CARTESIAN_POINT('Ctrl Pts',(39.6382295831636,50.1437221981491,31.9399494295386));
#8775=CARTESIAN_POINT('Ctrl Pts',(40.0805153041606,52.6187785045345,25.7124747147693));
#8776=CARTESIAN_POINT('Ctrl Pts',(39.9338665041849,52.6382608506173,25.7124747147693));
#8777=CARTESIAN_POINT('Ctrl Pts',(39.7876360128163,52.6577168230374,25.7124747147693));
#8778=CARTESIAN_POINT('Ctrl Pts',(39.6409872128406,52.6771991691203,25.7124747147693));
#8779=CARTESIAN_POINT('Ctrl Pts',(40.9160529782201,54.7176510511139,19.485));
#8780=CARTESIAN_POINT('Ctrl Pts',(40.7828937750169,54.7706602398354,19.485));
#8781=CARTESIAN_POINT('Ctrl Pts',(40.6497345718138,54.8236694285569,19.485));
#8782=CARTESIAN_POINT('Ctrl Pts',(40.5165753686106,54.8766786172784,19.485));
#8783=CARTESIAN_POINT('Ctrl Pts',(40.888210459308,54.7287348463304,19.485));
#8784=CARTESIAN_POINT('Ctrl Pts',(40.0513130282394,52.6265065899836,25.7016666666667));
#8785=CARTESIAN_POINT('Ctrl Pts',(40.0472294268627,50.2055981595896,31.9183333333333));
#8786=CARTESIAN_POINT('Ctrl Pts',(40.8766502319885,48.100453135761,38.135));
#8787=CARTESIAN_POINT('Origin',(49.25,51.4,33.485));
#8788=CARTESIAN_POINT('Ctrl Pts',(40.5464761955782,49.1090025681747,38.135));
#8789=CARTESIAN_POINT('Ctrl Pts',(39.9706141174384,51.2971427168595,31.9183333333333));
#8790=CARTESIAN_POINT('Ctrl Pts',(40.259630049006,53.7007408728442,25.7016666666667));
#8791=CARTESIAN_POINT('Ctrl Pts',(41.338159016807,55.6898452485687,19.485));
#8792=CARTESIAN_POINT('Ctrl Pts',(41.3645033275711,55.6755612132098,19.485));
#8793=CARTESIAN_POINT('Ctrl Pts',(41.2385094316395,55.7438758212712,19.485));
#8794=CARTESIAN_POINT('Ctrl Pts',(41.1125155357078,55.8121904293325,19.485));
#8795=CARTESIAN_POINT('Ctrl Pts',(40.9865216397762,55.8805050373939,19.485));
#8796=CARTESIAN_POINT('Ctrl Pts',(40.2877196585396,53.6896291646077,25.7124747147693));
#8797=CARTESIAN_POINT('Ctrl Pts',(40.1443835588903,53.7262378368113,25.7124747147693));
#8798=CARTESIAN_POINT('Ctrl Pts',(40.0014597554666,53.7627710803523,25.7124747147693));
#8799=CARTESIAN_POINT('Ctrl Pts',(39.8581236558173,53.7993797525559,25.7124747147693));
#8800=CARTESIAN_POINT('Ctrl Pts',(40.0005360403879,51.2891528521549,31.9399494295386));
#8801=CARTESIAN_POINT('Ctrl Pts',(39.8526092891012,51.2873897307826,31.9399494295386));
#8802=CARTESIAN_POINT('Ctrl Pts',(39.7051009916657,51.2856026503758,31.9399494295386));
#8803=CARTESIAN_POINT('Ctrl Pts',(39.557174240379,51.2838395290035,31.9399494295386));
#8804=CARTESIAN_POINT('Ctrl Pts',(40.5784579262916,49.1052582884566,38.1674241443079));
#8805=CARTESIAN_POINT('Ctrl Pts',(40.4399046537474,49.0685930712351,38.1674241443079));
#8806=CARTESIAN_POINT('Ctrl Pts',(40.3013513812032,49.0319278540136,38.1674241443079));
#8807=CARTESIAN_POINT('Ctrl Pts',(40.162798108659,48.995262636792,38.1674241443079));
#8808=CARTESIAN_POINT('Ctrl Pts',(40.9865216397762,55.8805050373939,19.485));
#8809=CARTESIAN_POINT('Ctrl Pts',(39.8600820386688,53.8029916342923,25.7016666666667));
#8810=CARTESIAN_POINT('Ctrl Pts',(39.5582213538486,51.2925698752979,31.9183333333333));
#8811=CARTESIAN_POINT('Ctrl Pts',(40.1596530421376,49.0071804528088,38.135));
#8812=CARTESIAN_POINT('Origin',(49.25,51.4,33.485));
#8813=CARTESIAN_POINT('Ctrl Pts',(39.9569192166772,49.9862663778582,38.135));
#8814=CARTESIAN_POINT('Ctrl Pts',(39.6016371267549,52.3226095728285,31.9183333333333));
#8815=CARTESIAN_POINT('Ctrl Pts',(40.168439724826,54.786767054787,25.7016666666667));
#8816=CARTESIAN_POINT('Ctrl Pts',(41.509174330905,56.7328808312843,19.485));
#8817=CARTESIAN_POINT('Origin',(49.25,51.4,33.485));
#8818=CARTESIAN_POINT('Ctrl Pts',(57.5134783602239,46.9194949626061,19.485));
#8819=CARTESIAN_POINT('Ctrl Pts',(58.6399179613313,48.9970083657077,25.7016666666667));
#8820=CARTESIAN_POINT('Ctrl Pts',(58.9417786461514,51.5074301247021,31.9183333333333));
#8821=CARTESIAN_POINT('Ctrl Pts',(58.3403469578624,53.7928195471912,38.135));
#8822=CARTESIAN_POINT('Ctrl Pts',(57.135496672429,47.1244387867903,19.485));
#8823=CARTESIAN_POINT('Ctrl Pts',(57.2614905683606,47.0561241787289,19.485));
#8824=CARTESIAN_POINT('Ctrl Pts',(57.3874844642922,46.9878095706675,19.485));
#8825=CARTESIAN_POINT('Ctrl Pts',(57.5134783602239,46.9194949626061,19.485));
#8826=CARTESIAN_POINT('Ctrl Pts',(58.2122803414604,49.1103708353923,25.7124747147693));
#8827=CARTESIAN_POINT('Ctrl Pts',(58.3556164411098,49.0737621631887,25.7124747147693));
#8828=CARTESIAN_POINT('Ctrl Pts',(58.4985402445334,49.0372289196477,25.7124747147693));
#8829=CARTESIAN_POINT('Ctrl Pts',(58.6418763441828,49.0006202474441,25.7124747147693));
#8830=CARTESIAN_POINT('Ctrl Pts',(58.4994639596122,51.5108471478451,31.9399494295386));
#8831=CARTESIAN_POINT('Ctrl Pts',(58.6473907108988,51.5126102692174,31.9399494295386));
#8832=CARTESIAN_POINT('Ctrl Pts',(58.7948990083344,51.5143973496242,31.9399494295386));
#8833=CARTESIAN_POINT('Ctrl Pts',(58.942825759621,51.5161604709965,31.9399494295386));
#8834=CARTESIAN_POINT('Ctrl Pts',(57.9215420737084,53.6947417115434,38.1674241443079));
#8835=CARTESIAN_POINT('Ctrl Pts',(58.0600953462526,53.7314069287649,38.1674241443079));
#8836=CARTESIAN_POINT('Ctrl Pts',(58.1986486187968,53.7680721459865,38.1674241443079));
#8837=CARTESIAN_POINT('Ctrl Pts',(58.337201891341,53.804737363208,38.1674241443079));
#8838=CARTESIAN_POINT('Ctrl Pts',(57.9535238044219,53.6909974318253,38.135));
#8839=CARTESIAN_POINT('Ctrl Pts',(58.5293858825616,51.5028572831405,31.9183333333333));
#8840=CARTESIAN_POINT('Ctrl Pts',(58.240369950994,49.0992591271558,25.7016666666667));
#8841=CARTESIAN_POINT('Ctrl Pts',(57.1618409831931,47.1101547514313,19.485));
#8842=CARTESIAN_POINT('Origin',(49.25,51.4,33.485));
#8843=CARTESIAN_POINT('Ctrl Pts',(57.9954985198576,54.8461933838525,38.135));
#8844=CARTESIAN_POINT('Ctrl Pts',(58.8617582158083,52.6474848931073,31.9183333333333));
#8845=CARTESIAN_POINT('Ctrl Pts',(58.8574931665525,50.1189835404426,25.7016666666667));
#8846=CARTESIAN_POINT('Ctrl Pts',(57.9834246313894,47.9233213827216,19.485));
#8847=CARTESIAN_POINT('Ctrl Pts',(58.3033018706096,48.8706275008182,19.485));
#8848=CARTESIAN_POINT('Ctrl Pts',(58.9392090563512,51.1467096975176,25.7016666666667));
#8849=CARTESIAN_POINT('Ctrl Pts',(58.674880069137,53.6613602632207,31.9183333333333));
#8850=CARTESIAN_POINT('Ctrl Pts',(57.5799805402073,55.7556190604215,38.135));
#8851=CARTESIAN_POINT('Ctrl Pts',(57.5911496346272,54.6995006033565,38.1674241443079));
#8852=CARTESIAN_POINT('Ctrl Pts',(57.7244239206579,54.7522197855355,38.1674241443079));
#8853=CARTESIAN_POINT('Ctrl Pts',(57.8576982066886,54.8049389677145,38.1674241443079));
#8854=CARTESIAN_POINT('Ctrl Pts',(57.9909724927193,54.8576581498935,38.1674241443079));
#8855=CARTESIAN_POINT('Ctrl Pts',(58.4221161881353,52.5988141063969,31.9399494295386));
#8856=CARTESIAN_POINT('Ctrl Pts',(58.5688070527123,52.6179771592027,31.9399494295386));
#8857=CARTESIAN_POINT('Ctrl Pts',(58.7150795522593,52.6371147490452,31.9399494295386));
#8858=CARTESIAN_POINT('Ctrl Pts',(58.8617704168364,52.6562778018509,31.9399494295386));
#8859=CARTESIAN_POINT('Ctrl Pts',(58.4194846958395,50.1812214954655,25.7124747147693));
#8860=CARTESIAN_POINT('Ctrl Pts',(58.5661334958152,50.1617391493827,25.7124747147693));
#8861=CARTESIAN_POINT('Ctrl Pts',(58.7123639871837,50.1422831769626,25.7124747147693));
#8862=CARTESIAN_POINT('Ctrl Pts',(58.8590127871594,50.1228008308798,25.7124747147693));
#8863=CARTESIAN_POINT('Ctrl Pts',(57.5839470217799,48.0823489488861,19.485));
#8864=CARTESIAN_POINT('Ctrl Pts',(57.7171062249831,48.0293397601646,19.485));
#8865=CARTESIAN_POINT('Ctrl Pts',(57.8502654281863,47.9763305714431,19.485));
#8866=CARTESIAN_POINT('Ctrl Pts',(57.9834246313894,47.9233213827216,19.485));
#8867=CARTESIAN_POINT('Ctrl Pts',(57.611789540692,48.0712651536697,19.485));
#8868=CARTESIAN_POINT('Ctrl Pts',(58.4486869717607,50.1734934100164,25.7016666666667));
#8869=CARTESIAN_POINT('Ctrl Pts',(58.4527705731373,52.5944018404105,31.9183333333333));
#8870=CARTESIAN_POINT('Ctrl Pts',(57.6233497680115,54.699546864239,38.135));
#8871=CARTESIAN_POINT('Ctrl Pts',(57.8891926817187,48.9863241172581,19.485));
#8872=CARTESIAN_POINT('Ctrl Pts',(58.0272290780157,48.9477585784448,19.485));
#8873=CARTESIAN_POINT('Ctrl Pts',(58.1652654743126,48.9091930396315,19.485));
#8874=CARTESIAN_POINT('Ctrl Pts',(58.3033018706096,48.8706275008182,19.485));
#8875=CARTESIAN_POINT('Ctrl Pts',(58.4970676818103,51.1620716108385,25.7124747147693));
#8876=CARTESIAN_POINT('Ctrl Pts',(58.6449562421114,51.1582760772429,25.7124747147693));
#8877=CARTESIAN_POINT('Ctrl Pts',(58.7924260588575,51.1544623366147,25.7124747147693));
#8878=CARTESIAN_POINT('Ctrl Pts',(58.9403146191586,51.1506668030191,25.7124747147693));
#8879=CARTESIAN_POINT('Ctrl Pts',(58.2428947760808,53.5662673373081,31.9399494295386));
#8880=CARTESIAN_POINT('Ctrl Pts',(58.3867203634541,53.6009030523999,31.9399494295386));
#8881=CARTESIAN_POINT('Ctrl Pts',(58.5301326571013,53.6354690110816,31.9399494295386));
#8882=CARTESIAN_POINT('Ctrl Pts',(58.6739582444746,53.6701047261734,31.9399494295386));
#8883=CARTESIAN_POINT('Ctrl Pts',(57.1935003404762,55.5668073869146,38.1674241443079));
#8884=CARTESIAN_POINT('Ctrl Pts',(57.3204210148239,55.6333843341994,38.1674241443079));
#8885=CARTESIAN_POINT('Ctrl Pts',(57.4473416891715,55.6999612814841,38.1674241443079));
#8886=CARTESIAN_POINT('Ctrl Pts',(57.5742623635192,55.7665382287688,38.1674241443079));
#8887=CARTESIAN_POINT('Ctrl Pts',(57.2255134030485,55.5702735886943,38.135));
#8888=CARTESIAN_POINT('Ctrl Pts',(58.2738444061066,53.5651360494335,31.9183333333333));
#8889=CARTESIAN_POINT('Ctrl Pts',(58.5269256138816,51.1574890224746,25.7016666666667));
#8890=CARTESIAN_POINT('Ctrl Pts',(57.9180549824985,48.9782603731238,19.485));
#8891=CARTESIAN_POINT('Origin',(49.25,51.4,33.485));
#8892=CARTESIAN_POINT('Ctrl Pts',(57.0093804425851,56.7058466192463,38.135));
#8893=CARTESIAN_POINT('Ctrl Pts',(58.3431798662239,54.7550252574594,31.9183333333333));
#8894=CARTESIAN_POINT('Ctrl Pts',(58.9016662331623,52.2889696500133,25.7016666666667));
#8895=CARTESIAN_POINT('Ctrl Pts',(58.5380932150605,49.9538587799435,19.485));
#8896=CARTESIAN_POINT('Ctrl Pts',(58.6391550219066,50.948593337879,19.485));
#8897=CARTESIAN_POINT('Ctrl Pts',(58.7526427506722,53.3091120627422,25.7016666666667));
#8898=CARTESIAN_POINT('Ctrl Pts',(57.9353786505843,55.7018963555233,31.9183333333333));
#8899=CARTESIAN_POINT('Ctrl Pts',(56.4019141152966,57.5000096464809,38.135));
#8900=CARTESIAN_POINT('Ctrl Pts',(56.647811642635,56.4728556414397,38.1674241443079));
#8901=CARTESIAN_POINT('Ctrl Pts',(56.7660133424065,56.5539093622533,38.1674241443079));
#8902=CARTESIAN_POINT('Ctrl Pts',(56.8842150421781,56.6349630830669,38.1674241443079));
#8903=CARTESIAN_POINT('Ctrl Pts',(57.0024167419496,56.7160168038805,38.1674241443079));
#8904=CARTESIAN_POINT('Ctrl Pts',(57.9253908509924,54.6097451943833,31.9399494295386));
#8905=CARTESIAN_POINT('Ctrl Pts',(58.0641396889229,54.6610695776348,31.9399494295386));
#8906=CARTESIAN_POINT('Ctrl Pts',(58.2024863171504,54.7122760413555,31.9399494295386));
#8907=CARTESIAN_POINT('Ctrl Pts',(58.3412351550809,54.763600424607,31.9399494295386));
#8908=CARTESIAN_POINT('Ctrl Pts',(58.4607903014129,52.2521811155784,25.7124747147693));
#8909=CARTESIAN_POINT('Ctrl Pts',(58.6080975396431,52.2658196605217,25.7124747147693));
#8910=CARTESIAN_POINT('Ctrl Pts',(58.7549910884444,52.2793908354629,25.7124747147693));
#8911=CARTESIAN_POINT('Ctrl Pts',(58.9022983266747,52.2930293804061,25.7124747147693));
#8912=CARTESIAN_POINT('Ctrl Pts',(58.1132443806129,50.0200070622186,19.485));
#8913=CARTESIAN_POINT('Ctrl Pts',(58.2548606587621,49.9979576347936,19.485));
#8914=CARTESIAN_POINT('Ctrl Pts',(58.3964769369113,49.9759082073685,19.485));
#8915=CARTESIAN_POINT('Ctrl Pts',(58.5380932150605,49.9538587799435,19.485));
#8916=CARTESIAN_POINT('Ctrl Pts',(58.142855205909,50.0153967042012,19.485));
#8917=CARTESIAN_POINT('Ctrl Pts',(58.4909800760995,52.251144907078,25.7016666666667));
#8918=CARTESIAN_POINT('Ctrl Pts',(57.9562584881098,54.6122647954976,31.9183333333333));
#8919=CARTESIAN_POINT('Ctrl Pts',(56.6791941574325,56.4800659462194,38.135));
#8920=CARTESIAN_POINT('Ctrl Pts',(58.2096834958201,50.9692412351195,19.485));
#8921=CARTESIAN_POINT('Ctrl Pts',(58.3528406711822,50.962358602706,19.485));
#8922=CARTESIAN_POINT('Ctrl Pts',(58.4959978465444,50.9554759702925,19.485));
#8923=CARTESIAN_POINT('Ctrl Pts',(58.6391550219066,50.948593337879,19.485));
#8924=CARTESIAN_POINT('Ctrl Pts',(58.3181684362023,53.2257031092197,25.7124747147693));
#8925=CARTESIAN_POINT('Ctrl Pts',(58.4631937072128,53.2549110381354,25.7124747147693));
#8926=CARTESIAN_POINT('Ctrl Pts',(58.6078147848893,53.2840080372998,25.7124747147693));
#8927=CARTESIAN_POINT('Ctrl Pts',(58.7528400558998,53.3132159662155,25.7124747147693));
#8928=CARTESIAN_POINT('Ctrl Pts',(57.5353842974185,55.5130618369338,31.9399494295386));
#8929=CARTESIAN_POINT('Ctrl Pts',(57.6678967053642,55.5788333663644,31.9399494295386));
#8930=CARTESIAN_POINT('Ctrl Pts',(57.8000217039818,55.6444449218176,31.9399494295386));
#8931=CARTESIAN_POINT('Ctrl Pts',(57.9325341119276,55.7102164512481,31.9399494295386));
#8932=CARTESIAN_POINT('Ctrl Pts',(56.0671383310038,57.2299319408336,38.1674241443079));
#8933=CARTESIAN_POINT('Ctrl Pts',(56.1760620745685,57.3230821720435,38.1674241443079));
#8934=CARTESIAN_POINT('Ctrl Pts',(56.2849858181332,57.4162324032534,38.1674241443079));
#8935=CARTESIAN_POINT('Ctrl Pts',(56.3939095616979,57.5093826344633,38.1674241443079));
#8936=CARTESIAN_POINT('Ctrl Pts',(56.0975774568026,57.2404348142802,38.135));
#8937=CARTESIAN_POINT('Ctrl Pts',(57.5658096908368,55.5188458533871,31.9183333333333));
#8938=CARTESIAN_POINT('Ctrl Pts',(58.3482974894213,53.2278794308441,25.7016666666667));
#8939=CARTESIAN_POINT('Ctrl Pts',(58.2396165103361,50.9678021320118,19.485));
#8940=CARTESIAN_POINT('Origin',(49.25,51.4,33.485));
#8941=CARTESIAN_POINT('Ctrl Pts',(55.6341746295703,58.2994425498652,38.135));
#8942=CARTESIAN_POINT('Ctrl Pts',(57.3686315083345,56.6943306460371,31.9183333333333));
#8943=CARTESIAN_POINT('Ctrl Pts',(58.461864452993,54.4143791093184,25.7016666666667));
#8944=CARTESIAN_POINT('Ctrl Pts',(58.6270180212288,52.0569117364988,19.485));
#8945=CARTESIAN_POINT('Ctrl Pts',(58.5041967347081,53.0491945898887,19.485));
#8946=CARTESIAN_POINT('Ctrl Pts',(58.0895742578939,55.3757835773832,25.7016666666667));
#8947=CARTESIAN_POINT('Ctrl Pts',(56.7603560795084,57.5267174014052,31.9183333333333));
#8948=CARTESIAN_POINT('Ctrl Pts',(54.8652208528524,58.9385202774438,38.135));
#8949=CARTESIAN_POINT('Ctrl Pts',(55.3335164843098,57.9918365152606,38.1674241443079));
#8950=CARTESIAN_POINT('Ctrl Pts',(55.4307184710284,58.0971604026963,38.1674241443079));
#8951=CARTESIAN_POINT('Ctrl Pts',(55.5279204577469,58.2024842901321,38.1674241443079));
#8952=CARTESIAN_POINT('Ctrl Pts',(55.6251224444654,58.3078081775679,38.1674241443079));
#8953=CARTESIAN_POINT('Ctrl Pts',(56.9936451913034,56.4597262555947,31.9399494295386));
#8954=CARTESIAN_POINT('Ctrl Pts',(57.1174945564887,56.5406383504037,31.9399494295386));
#8955=CARTESIAN_POINT('Ctrl Pts',(57.2409780357723,56.621345982092,31.9399494295386));
#8956=CARTESIAN_POINT('Ctrl Pts',(57.3648274009576,56.7022580769011,31.9399494295386));
#8957=CARTESIAN_POINT('Ctrl Pts',(58.0402284203626,54.2804088161578,25.7124747147693));
#8958=CARTESIAN_POINT('Ctrl Pts',(58.1808074968211,54.3264843585341,25.7124747147693));
#8959=CARTESIAN_POINT('Ctrl Pts',(58.3209982471441,54.3724021654567,25.7124747147693));
#8960=CARTESIAN_POINT('Ctrl Pts',(58.4615773236026,54.418477707833,25.7124747147693));
#8961=CARTESIAN_POINT('Ctrl Pts',(58.1981016565164,52.0268637838001,19.485));
#8962=CARTESIAN_POINT('Ctrl Pts',(58.3410737780872,52.036879768033,19.485));
#8963=CARTESIAN_POINT('Ctrl Pts',(58.484045899658,52.0468957522659,19.485));
#8964=CARTESIAN_POINT('Ctrl Pts',(58.6270180212288,52.0569117364988,19.485));
#8965=CARTESIAN_POINT('Ctrl Pts',(58.2279959777723,52.0289580455839,19.485));
#8966=CARTESIAN_POINT('Ctrl Pts',(58.0698918524504,54.2861164444271,25.7016666666667));
#8967=CARTESIAN_POINT('Ctrl Pts',(57.0231782483191,56.469051380489,31.9183333333333));
#8968=CARTESIAN_POINT('Ctrl Pts',(55.3625077301867,58.0058493091483,38.135));
#8969=CARTESIAN_POINT('Ctrl Pts',(58.0808983670609,52.9737583961438,19.485));
#8970=CARTESIAN_POINT('Ctrl Pts',(58.2219978229433,52.9989037940588,19.485));
#8971=CARTESIAN_POINT('Ctrl Pts',(58.3630972788257,53.0240491919737,19.485));
#8972=CARTESIAN_POINT('Ctrl Pts',(58.5041967347081,53.0491945898887,19.485));
#8973=CARTESIAN_POINT('Ctrl Pts',(57.6845533598293,55.1977862302323,25.7124747147693));
#8974=CARTESIAN_POINT('Ctrl Pts',(57.8194431688879,55.2585330141417,25.7124747147693));
#8975=CARTESIAN_POINT('Ctrl Pts',(57.9539636027752,55.3190817080622,25.7124747147693));
#8976=CARTESIAN_POINT('Ctrl Pts',(58.0888534118338,55.3798284919717,25.7124747147693));
#8977=CARTESIAN_POINT('Ctrl Pts',(56.4124100533316,57.2536102414052,31.9399494295386));
#8978=CARTESIAN_POINT('Ctrl Pts',(56.5269645563917,57.3472195260507,31.9399494295386));
#8979=CARTESIAN_POINT('Ctrl Pts',(56.6411769608433,57.4405866409151,31.9399494295386));
#8980=CARTESIAN_POINT('Ctrl Pts',(56.7557314639034,57.5341959255607,31.9399494295386));
#8981=CARTESIAN_POINT('Ctrl Pts',(54.5989365397242,58.6007193635633,38.1674241443079));
#8982=CARTESIAN_POINT('Ctrl Pts',(54.6844014611777,58.7157719371441,38.1674241443079));
#8983=CARTESIAN_POINT('Ctrl Pts',(54.7698663826311,58.8308245107249,38.1674241443079));
#8984=CARTESIAN_POINT('Ctrl Pts',(54.8553313040846,58.9458770843056,38.1674241443079));
#8985=CARTESIAN_POINT('Ctrl Pts',(54.6262753838793,58.6177322507462,38.135));
#8986=CARTESIAN_POINT('Ctrl Pts',(56.440785553871,57.2660195274494,31.9183333333334));
#8987=CARTESIAN_POINT('Ctrl Pts',(57.7134427376596,55.2066123319914,25.7016666666667));
#8988=CARTESIAN_POINT('Ctrl Pts',(58.1104011289759,52.9790160967019,19.485));
#8989=CARTESIAN_POINT('Origin',(49.25,51.4,33.485));
#8990=CARTESIAN_POINT('Ctrl Pts',(53.9388396426372,59.5470716214707,38.135));
#8991=CARTESIAN_POINT('Ctrl Pts',(55.9869810661644,58.368156188823,31.9183333333333));
#8992=CARTESIAN_POINT('Ctrl Pts',(57.5601413237545,56.3886350131312,25.7016666666667));
#8993=CARTESIAN_POINT('Ctrl Pts',(58.2457399887954,54.1270243955615,19.485));
#8994=CARTESIAN_POINT('Ctrl Pts',(57.9051943810711,55.0670983387245,19.485));
#8995=CARTESIAN_POINT('Ctrl Pts',(56.9832526009772,57.2430927020277,25.7016666666667));
#8996=CARTESIAN_POINT('Ctrl Pts',(55.2087328940901,59.0443192538367,31.9183333333333));
#8997=CARTESIAN_POINT('Ctrl Pts',(53.0469569697258,59.9990180235763,38.135));
#8998=CARTESIAN_POINT('Ctrl Pts',(53.7141684069088,59.1802751810942,38.1674241443079));
#8999=CARTESIAN_POINT('Ctrl Pts',(53.7854965670801,59.3045878556418,38.1674241443079));
#9000=CARTESIAN_POINT('Ctrl Pts',(53.8568247272514,59.4289005301895,38.1674241443079));
#9001=CARTESIAN_POINT('Ctrl Pts',(53.9281528874227,59.5532132047371,38.1674241443079));
#9002=CARTESIAN_POINT('Ctrl Pts',(55.673600827076,58.0559915147736,31.9399494295386));
#9003=CARTESIAN_POINT('Ctrl Pts',(55.7763403951959,58.162434050847,31.9399494295386));
#9004=CARTESIAN_POINT('Ctrl Pts',(55.8787687482621,58.2685958328444,31.9399494295386));
#9005=CARTESIAN_POINT('Ctrl Pts',(55.981508316382,58.3750383689178,31.9399494295386));
#9006=CARTESIAN_POINT('Ctrl Pts',(57.178887781518,56.1642007911553,25.7124747147693));
#9007=CARTESIAN_POINT('Ctrl Pts',(57.3056894743041,56.2404029108751,25.7124747147693));
#9008=CARTESIAN_POINT('Ctrl Pts',(57.432147676542,56.316364839204,25.7124747147693));
#9009=CARTESIAN_POINT('Ctrl Pts',(57.5589493693281,56.3925669589238,25.7124747147693));
#9010=CARTESIAN_POINT('Ctrl Pts',(57.8342637513437,54.0022869377068,19.485));
#9011=CARTESIAN_POINT('Ctrl Pts',(57.9714224971609,54.043866090325,19.485));
#9012=CARTESIAN_POINT('Ctrl Pts',(58.1085812429782,54.0854452429433,19.485));
#9013=CARTESIAN_POINT('Ctrl Pts',(58.2457399887954,54.1270243955615,19.485));
#9014=CARTESIAN_POINT('Ctrl Pts',(57.8629425424637,54.010980804261,19.485));
#9015=CARTESIAN_POINT('Ctrl Pts',(57.2065374226583,56.1763660518799,25.7016666666667));
#9016=CARTESIAN_POINT('Ctrl Pts',(55.700318393192,58.0716545627474,31.9183333333333));
#9017=CARTESIAN_POINT('Ctrl Pts',(53.7393146417398,59.2003878040921,38.135));
#9018=CARTESIAN_POINT('Ctrl Pts',(57.509295119557,54.8993607397428,19.485));
#9019=CARTESIAN_POINT('Ctrl Pts',(57.6412615400617,54.9552732727367,19.485));
#9020=CARTESIAN_POINT('Ctrl Pts',(57.7732279605664,55.0111858057306,19.485));
#9021=CARTESIAN_POINT('Ctrl Pts',(57.9051943810711,55.0670983387245,19.485));
#9022=CARTESIAN_POINT('Ctrl Pts',(56.6279945583668,56.9794324914868,25.7124747147693));
#9023=CARTESIAN_POINT('Ctrl Pts',(56.7459849671966,57.0686720329883,25.7124747147693));
#9024=CARTESIAN_POINT('Ctrl Pts',(56.8636593410311,57.1576362573224,25.7124747147693));
#9025=CARTESIAN_POINT('Ctrl Pts',(56.9816497498608,57.2468757988239,25.7124747147693));
#9026=CARTESIAN_POINT('Ctrl Pts',(54.930282661551,58.7006341858247,31.9399494295386));
#9027=CARTESIAN_POINT('Ctrl Pts',(55.0211350186041,58.8173872652749,31.9399494295386));
#9028=CARTESIAN_POINT('Ctrl Pts',(55.1117077420209,58.933828122544,31.9399494295386));
#9029=CARTESIAN_POINT('Ctrl Pts',(55.202560099074,59.0505812019942,31.9399494295386));
#9030=CARTESIAN_POINT('Ctrl Pts',(52.8625167351289,59.6104326498185,38.1674241443079));
#9031=CARTESIAN_POINT('Ctrl Pts',(52.9202372664391,59.7416183493131,38.1674241443079));
#9032=CARTESIAN_POINT('Ctrl Pts',(52.9779577977492,59.8728040488077,38.1674241443079));
#9033=CARTESIAN_POINT('Ctrl Pts',(53.0356783290594,60.0039897483023,38.1674241443079));
#9034=CARTESIAN_POINT('Ctrl Pts',(52.8853844138373,59.6331024535346,38.135));
#9035=CARTESIAN_POINT('Ctrl Pts',(54.9551854031287,58.719046488041,31.9183333333333));
#9036=CARTESIAN_POINT('Ctrl Pts',(56.6541956267726,56.9944657957837,25.7016666666667));
#9037=CARTESIAN_POINT('Ctrl Pts',(57.5368882371957,54.9110516009064,19.485));
#9038=CARTESIAN_POINT('Origin',(49.25,51.4,33.485));
#9039=CARTESIAN_POINT('Ctrl Pts',(52.008386657133,60.3861725027672,38.135));
#9040=CARTESIAN_POINT('Ctrl Pts',(54.2675102621538,59.6925692838149,31.9183333333333));
#9041=CARTESIAN_POINT('Ctrl Pts',(56.2417130084147,58.11273992666,25.7016666666667));
#9042=CARTESIAN_POINT('Ctrl Pts',(57.4133779903848,56.0603926643686,19.485));
#9043=CARTESIAN_POINT('Ctrl Pts',(56.8721844402229,56.9011184643875,19.485));
#9044=CARTESIAN_POINT('Ctrl Pts',(55.4891533673969,58.8174047599623,25.7016666666667));
#9045=CARTESIAN_POINT('Ctrl Pts',(53.3583139598604,60.1786030189835,31.9183333333333));
#9046=CARTESIAN_POINT('Ctrl Pts',(51.0382978094256,60.6283250996344,38.135));
#9047=CARTESIAN_POINT('Ctrl Pts',(51.8709682848414,59.9785783617478,38.1674241443079));
#9048=CARTESIAN_POINT('Ctrl Pts',(51.912845926674,60.115646266821,38.1674241443079));
#9049=CARTESIAN_POINT('Ctrl Pts',(51.9547235685067,60.2527141718941,38.1674241443079));
#9050=CARTESIAN_POINT('Ctrl Pts',(51.9966012103393,60.3897820769673,38.1674241443079));
#9051=CARTESIAN_POINT('Ctrl Pts',(54.0314502947579,59.3184975664017,31.9399494295386));
#9052=CARTESIAN_POINT('Ctrl Pts',(54.1079282748638,59.4451330705154,31.9399494295386));
#9053=CARTESIAN_POINT('Ctrl Pts',(54.1841653163863,59.5714256077795,31.9399494295386));
#9054=CARTESIAN_POINT('Ctrl Pts',(54.2606432964922,59.6980611118931,31.9399494295386));
#9055=CARTESIAN_POINT('Ctrl Pts',(55.919959601156,57.8090958449142,25.7124747147693));
#9056=CARTESIAN_POINT('Ctrl Pts',(56.0266255439156,57.9116034495024,25.7124747147693));
#9057=CARTESIAN_POINT('Ctrl Pts',(56.1330100557648,58.0138004509619,25.7124747147693));
#9058=CARTESIAN_POINT('Ctrl Pts',(56.2396759985243,58.1163080555502,25.7124747147693));
#9059=CARTESIAN_POINT('Ctrl Pts',(57.0399750169148,55.8472205583528,19.485));
#9060=CARTESIAN_POINT('Ctrl Pts',(57.1644426747381,55.9182779270247,19.485));
#9061=CARTESIAN_POINT('Ctrl Pts',(57.2889103325615,55.9893352956967,19.485));
#9062=CARTESIAN_POINT('Ctrl Pts',(57.4133779903848,56.0603926643686,19.485));
#9063=CARTESIAN_POINT('Ctrl Pts',(57.06600020356,55.8620780829061,19.485));
#9064=CARTESIAN_POINT('Ctrl Pts',(55.9442089828873,57.8271087211237,25.7016666666667));
#9065=CARTESIAN_POINT('Ctrl Pts',(54.0540126396462,59.3397131268263,31.9183333333333));
#9066=CARTESIAN_POINT('Ctrl Pts',(51.8910085714107,60.0037822829558,38.135));
#9067=CARTESIAN_POINT('Ctrl Pts',(56.5235363269456,56.6494905237932,19.485));
#9068=CARTESIAN_POINT('Ctrl Pts',(56.6397523647047,56.7333665039913,19.485));
#9069=CARTESIAN_POINT('Ctrl Pts',(56.7559684024638,56.8172424841894,19.485));
#9070=CARTESIAN_POINT('Ctrl Pts',(56.8721844402229,56.9011184643875,19.485));
#9071=CARTESIAN_POINT('Ctrl Pts',(55.2014723019256,58.4813027099371,25.7124747147693));
#9072=CARTESIAN_POINT('Ctrl Pts',(55.2966467787427,58.5945601657879,25.7124747147693));
#9073=CARTESIAN_POINT('Ctrl Pts',(55.391574408055,58.7074788828451,25.7124747147693));
#9074=CARTESIAN_POINT('Ctrl Pts',(55.486748884872,58.8207363386959,25.7124747147693));
#9075=CARTESIAN_POINT('Ctrl Pts',(53.1633221783254,59.7815738473735,31.9399494295386));
#9076=CARTESIAN_POINT('Ctrl Pts',(53.2259166728224,59.9156162347063,31.9399494295386));
#9077=CARTESIAN_POINT('Ctrl Pts',(53.2883080206536,60.049292003582,31.9399494295386));
#9078=CARTESIAN_POINT('Ctrl Pts',(53.3509025151507,60.1833343909148,31.9399494295386));
#9079=CARTESIAN_POINT('Ctrl Pts',(50.9449502568781,60.2084405592307,38.1674241443079));
#9080=CARTESIAN_POINT('Ctrl Pts',(50.9720320495851,60.3491811858827,38.1674241443079));
#9081=CARTESIAN_POINT('Ctrl Pts',(50.9991138422921,60.4899218125346,38.1674241443079));
#9082=CARTESIAN_POINT('Ctrl Pts',(51.0261956349991,60.6306624391866,38.1674241443079));
#9083=CARTESIAN_POINT('Ctrl Pts',(50.9622000892422,60.2356305208608,38.135));
#9084=CARTESIAN_POINT('Ctrl Pts',(53.1835034334939,59.8050658960457,31.9183333333333));
#9085=CARTESIAN_POINT('Ctrl Pts',(55.2236712299307,58.5017893841207,25.7016666666667));
#9086=CARTESIAN_POINT('Ctrl Pts',(56.5478361661708,56.6670283169667,19.485));
#9087=CARTESIAN_POINT('Origin',(49.25,51.4,33.485));
#9088=CARTESIAN_POINT('Ctrl Pts',(49.9396166466206,60.7746691717864,38.135));
#9089=CARTESIAN_POINT('Ctrl Pts',(52.2964405423005,60.6011583281627,31.9183333333333));
#9090=CARTESIAN_POINT('Ctrl Pts',(54.572691007982,59.5002400303051,25.7016666666667));
#9091=CARTESIAN_POINT('Ctrl Pts',(56.1716701322385,57.7600693848792,19.485));
#9092=CARTESIAN_POINT('Ctrl Pts',(55.4569663440714,58.4592895395758,19.485));
#9093=CARTESIAN_POINT('Ctrl Pts',(53.6821969315396,60.0197771708473,25.7016666666667));
#9094=CARTESIAN_POINT('Ctrl Pts',(51.3018870088582,60.8726909725045,31.9183333333333));
#9095=CARTESIAN_POINT('Ctrl Pts',(48.9399659296795,60.7948854210671,38.135));
#9096=CARTESIAN_POINT('Ctrl Pts',(49.8963418687617,60.3467158023197,38.1674241443079));
#9097=CARTESIAN_POINT('Ctrl Pts',(49.9066690724283,60.4896657808123,38.1674241443079));
#9098=CARTESIAN_POINT('Ctrl Pts',(49.916996276095,60.632615759305,38.1674241443079));
#9099=CARTESIAN_POINT('Ctrl Pts',(49.9273234797617,60.7755657377976,38.1674241443079));
#9100=CARTESIAN_POINT('Ctrl Pts',(52.149537879063,60.183937085284,31.9399494295386));
#9101=CARTESIAN_POINT('Ctrl Pts',(52.1959193458881,60.3244155244779,31.9399494295386));
#9102=CARTESIAN_POINT('Ctrl Pts',(52.2421422322668,60.4645059818386,31.9399494295386));
#9103=CARTESIAN_POINT('Ctrl Pts',(52.288523699092,60.6049844210325,31.9399494295386));
#9104=CARTESIAN_POINT('Ctrl Pts',(54.3265717950663,59.1326120709555,25.7124747147693));
#9105=CARTESIAN_POINT('Ctrl Pts',(54.4077533120312,59.2562850010837,25.7124747147693));
#9106=CARTESIAN_POINT('Ctrl Pts',(54.4887295698445,59.379592491283,25.7124747147693));
#9107=CARTESIAN_POINT('Ctrl Pts',(54.5699110868094,59.5032654214112,25.7124747147693));
#9108=CARTESIAN_POINT('Ctrl Pts',(55.8550644070349,57.4691519702272,19.485));
#9109=CARTESIAN_POINT('Ctrl Pts',(55.9605996487694,57.5661244417779,19.485));
#9110=CARTESIAN_POINT('Ctrl Pts',(56.066134890504,57.6630969133285,19.485));
#9111=CARTESIAN_POINT('Ctrl Pts',(56.1716701322385,57.7600693848792,19.485));
#9112=CARTESIAN_POINT('Ctrl Pts',(55.8771309776752,57.4894281344588,19.485));
#9113=CARTESIAN_POINT('Ctrl Pts',(54.3462049521319,59.1555693218215,25.7016666666667));
#9114=CARTESIAN_POINT('Ctrl Pts',(52.1668136325387,60.2096413213714,31.9183333333333));
#9115=CARTESIAN_POINT('Ctrl Pts',(49.9102713034196,60.3757471918859,38.135));
#9116=CARTESIAN_POINT('Ctrl Pts',(55.1730520512585,58.1363889330171,19.485));
#9117=CARTESIAN_POINT('Ctrl Pts',(55.2676901488628,58.2440224685367,19.485));
#9118=CARTESIAN_POINT('Ctrl Pts',(55.3623282464671,58.3516560040562,19.485));
#9119=CARTESIAN_POINT('Ctrl Pts',(55.4569663440714,58.4592895395758,19.485));
#9120=CARTESIAN_POINT('Ctrl Pts',(53.4765183730817,59.6280868415661,25.7124747147693));
#9121=CARTESIAN_POINT('Ctrl Pts',(53.5441044722045,59.7596830100078,25.7124747147693));
#9122=CARTESIAN_POINT('Ctrl Pts',(53.6115252892776,59.8908940038076,25.7124747147693));
#9123=CARTESIAN_POINT('Ctrl Pts',(53.6791113884005,60.0224901722493,25.7124747147693));
#9124=CARTESIAN_POINT('Ctrl Pts',(51.2001313804682,60.4422263978106,31.9399494295386));
#9125=CARTESIAN_POINT('Ctrl Pts',(51.2313292630833,60.5868366480128,31.9399494295386));
#9126=CARTESIAN_POINT('Ctrl Pts',(51.262410672625,60.7310442672623,31.9399494295386));
#9127=CARTESIAN_POINT('Ctrl Pts',(51.29360855524,60.8756545174645,31.9399494295386));
#9128=CARTESIAN_POINT('Ctrl Pts',(48.9423918952515,60.3647564781585,38.1674241443079));
#9129=CARTESIAN_POINT('Ctrl Pts',(48.9374769551853,60.5079947092658,38.1674241443079));
#9130=CARTESIAN_POINT('Ctrl Pts',(48.9325620151191,60.6512329403732,38.1674241443079));
#9131=CARTESIAN_POINT('Ctrl Pts',(48.9276470750529,60.7944711714805,38.1674241443079));
#9132=CARTESIAN_POINT('Ctrl Pts',(48.9531589026476,60.3951031794911,38.135));
#9133=CARTESIAN_POINT('Ctrl Pts',(51.2145791768238,60.4696202035239,31.9183333333333));
#9134=CARTESIAN_POINT('Ctrl Pts',(53.4936020137414,59.652999598248,25.7016666666667));
#9135=CARTESIAN_POINT('Ctrl Pts',(55.1928401166641,58.1588942400194,19.485));
#9136=CARTESIAN_POINT('Origin',(49.25,51.4,33.485));
#9137=CARTESIAN_POINT('Ctrl Pts',(47.8362663778582,60.6930807833229,38.135));
#9138=CARTESIAN_POINT('Ctrl Pts',(50.1726095728284,61.0483628732452,31.9183333333333));
#9139=CARTESIAN_POINT('Ctrl Pts',(52.636767054787,60.481560275174,25.7016666666667));
#9140=CARTESIAN_POINT('Ctrl Pts',(54.5828808312842,59.1408256690951,19.485));
#9141=CARTESIAN_POINT('Ctrl Pts',(53.7305050373939,59.6634783602238,19.485));
#9142=CARTESIAN_POINT('Ctrl Pts',(51.6529916342923,60.7899179613313,25.7016666666667));
#9143=CARTESIAN_POINT('Ctrl Pts',(49.1425698752979,61.0917786461514,31.9183333333333));
#9144=CARTESIAN_POINT('Ctrl Pts',(46.8571804528088,60.4903469578624,38.135));
#9145=CARTESIAN_POINT('Ctrl Pts',(47.8893051724936,60.2662275543316,38.1674241443079));
#9146=CARTESIAN_POINT('Ctrl Pts',(47.8675640888798,60.4078914974149,38.1674241443079));
#9147=CARTESIAN_POINT('Ctrl Pts',(47.845823005266,60.5495554404982,38.1674241443079));
#9148=CARTESIAN_POINT('Ctrl Pts',(47.8240819216522,60.6912193835815,38.1674241443079));
#9149=CARTESIAN_POINT('Ctrl Pts',(50.122230526696,60.6089133201833,31.9399494295386));
#9150=CARTESIAN_POINT('Ctrl Pts',(50.1361897198217,60.7561905189294,31.9399494295386));
#9151=CARTESIAN_POINT('Ctrl Pts',(50.1500806425236,60.9030541758877,31.9399494295386));
#9152=CARTESIAN_POINT('Ctrl Pts',(50.1640398356492,61.0503313746338,31.9399494295386));
#9153=CARTESIAN_POINT('Ctrl Pts',(52.4786234812542,60.0683828391831,25.7124747147693));
#9154=CARTESIAN_POINT('Ctrl Pts',(52.5302497921793,60.2070196177213,25.7124747147693));
#9155=CARTESIAN_POINT('Ctrl Pts',(52.5817573082626,60.3452544442147,25.7124747147693));
#9156=CARTESIAN_POINT('Ctrl Pts',(52.6333836191876,60.4838912227529,25.7124747147693));
#9157=CARTESIAN_POINT('Ctrl Pts',(54.3389482874392,58.7867507597428,19.485));
#9158=CARTESIAN_POINT('Ctrl Pts',(54.4202591353876,58.9047757295269,19.485));
#9159=CARTESIAN_POINT('Ctrl Pts',(54.5015699833359,59.022800699311,19.485));
#9160=CARTESIAN_POINT('Ctrl Pts',(54.5828808312842,59.1408256690951,19.485));
#9161=CARTESIAN_POINT('Ctrl Pts',(54.3559497320807,58.8114288321123,19.485));
#9162=CARTESIAN_POINT('Ctrl Pts',(52.4926559251779,60.095133292286,25.7016666666667));
#9163=CARTESIAN_POINT('Ctrl Pts',(50.1333534103427,60.6378173142044,31.9183333333333));
#9164=CARTESIAN_POINT('Ctrl Pts',(47.8964252752222,60.2976306571588,38.135));
#9165=CARTESIAN_POINT('Ctrl Pts',(53.5255612132097,59.285496672429,19.485));
#9166=CARTESIAN_POINT('Ctrl Pts',(53.5938758212711,59.4114905683606,19.485));
#9167=CARTESIAN_POINT('Ctrl Pts',(53.6621904293325,59.5374844642922,19.485));
#9168=CARTESIAN_POINT('Ctrl Pts',(53.7305050373939,59.6634783602238,19.485));
#9169=CARTESIAN_POINT('Ctrl Pts',(51.5396291646077,60.3622803414604,25.7124747147693));
#9170=CARTESIAN_POINT('Ctrl Pts',(51.5762378368113,60.5056164411097,25.7124747147693));
#9171=CARTESIAN_POINT('Ctrl Pts',(51.6127710803523,60.6485402445334,25.7124747147693));
#9172=CARTESIAN_POINT('Ctrl Pts',(51.6493797525559,60.7918763441828,25.7124747147693));
#9173=CARTESIAN_POINT('Ctrl Pts',(49.1391528521549,60.6494639596121,31.9399494295386));
#9174=CARTESIAN_POINT('Ctrl Pts',(49.1373897307826,60.7973907108988,31.9399494295386));
#9175=CARTESIAN_POINT('Ctrl Pts',(49.1356026503758,60.9448990083344,31.9399494295386));
#9176=CARTESIAN_POINT('Ctrl Pts',(49.1338395290035,61.092825759621,31.9399494295386));
#9177=CARTESIAN_POINT('Ctrl Pts',(46.9552582884566,60.0715420737084,38.1674241443079));
#9178=CARTESIAN_POINT('Ctrl Pts',(46.9185930712351,60.2100953462526,38.1674241443079));
#9179=CARTESIAN_POINT('Ctrl Pts',(46.8819278540136,60.3486486187968,38.1674241443079));
#9180=CARTESIAN_POINT('Ctrl Pts',(46.845262636792,60.487201891341,38.1674241443079));
#9181=CARTESIAN_POINT('Ctrl Pts',(46.9590025681747,60.1035238044219,38.135));
#9182=CARTESIAN_POINT('Ctrl Pts',(49.1471427168595,60.6793858825616,31.9183333333334));
#9183=CARTESIAN_POINT('Ctrl Pts',(51.5507408728442,60.390369950994,25.7016666666667));
#9184=CARTESIAN_POINT('Ctrl Pts',(53.5398452485687,59.3118409831931,19.485));
#9185=CARTESIAN_POINT('Origin',(49.25,51.4,33.485));
#9186=CARTESIAN_POINT('Ctrl Pts',(45.8038066161476,60.1454985198576,38.135));
#9187=CARTESIAN_POINT('Ctrl Pts',(48.0025151068927,61.0117582158083,31.9183333333333));
#9188=CARTESIAN_POINT('Ctrl Pts',(50.5310164595574,61.0074931665525,25.7016666666667));
#9189=CARTESIAN_POINT('Ctrl Pts',(52.7266786172784,60.1334246313894,19.485));
#9190=CARTESIAN_POINT('Ctrl Pts',(51.7793724991818,60.4533018706096,19.485));
#9191=CARTESIAN_POINT('Ctrl Pts',(49.5032903024824,61.0892090563512,25.7016666666667));
#9192=CARTESIAN_POINT('Ctrl Pts',(46.9886397367793,60.824880069137,31.9183333333333));
#9193=CARTESIAN_POINT('Ctrl Pts',(44.8943809395785,59.7299805402073,38.135));
#9194=CARTESIAN_POINT('Ctrl Pts',(45.9504993966435,59.7411496346272,38.1674241443079));
#9195=CARTESIAN_POINT('Ctrl Pts',(45.8977802144645,59.8744239206579,38.1674241443079));
#9196=CARTESIAN_POINT('Ctrl Pts',(45.8450610322855,60.0076982066886,38.1674241443079));
#9197=CARTESIAN_POINT('Ctrl Pts',(45.7923418501065,60.1409724927193,38.1674241443079));
#9198=CARTESIAN_POINT('Ctrl Pts',(48.0511858936031,60.5721161881353,31.9399494295386));
#9199=CARTESIAN_POINT('Ctrl Pts',(48.0320228407974,60.7188070527123,31.9399494295386));
#9200=CARTESIAN_POINT('Ctrl Pts',(48.0128852509548,60.8650795522593,31.9399494295386));
#9201=CARTESIAN_POINT('Ctrl Pts',(47.9937221981491,61.0117704168364,31.9399494295386));
#9202=CARTESIAN_POINT('Ctrl Pts',(50.4687785045345,60.5694846958395,25.7124747147693));
#9203=CARTESIAN_POINT('Ctrl Pts',(50.4882608506173,60.7161334958152,25.7124747147693));
#9204=CARTESIAN_POINT('Ctrl Pts',(50.5077168230375,60.8623639871837,25.7124747147693));
#9205=CARTESIAN_POINT('Ctrl Pts',(50.5271991691203,61.0090127871594,25.7124747147693));
#9206=CARTESIAN_POINT('Ctrl Pts',(52.5676510511139,59.7339470217799,19.485));
#9207=CARTESIAN_POINT('Ctrl Pts',(52.6206602398354,59.8671062249831,19.485));
#9208=CARTESIAN_POINT('Ctrl Pts',(52.6736694285569,60.0002654281863,19.485));
#9209=CARTESIAN_POINT('Ctrl Pts',(52.7266786172784,60.1334246313894,19.485));
#9210=CARTESIAN_POINT('Ctrl Pts',(52.5787348463304,59.761789540692,19.485));
#9211=CARTESIAN_POINT('Ctrl Pts',(50.4765065899836,60.5986869717606,25.7016666666667));
#9212=CARTESIAN_POINT('Ctrl Pts',(48.0555981595896,60.6027705731373,31.9183333333333));
#9213=CARTESIAN_POINT('Ctrl Pts',(45.950453135761,59.7733497680115,38.135));
#9214=CARTESIAN_POINT('Ctrl Pts',(51.6636758827419,60.0391926817187,19.485));
#9215=CARTESIAN_POINT('Ctrl Pts',(51.7022414215552,60.1772290780157,19.485));
#9216=CARTESIAN_POINT('Ctrl Pts',(51.7408069603685,60.3152654743126,19.485));
#9217=CARTESIAN_POINT('Ctrl Pts',(51.7793724991818,60.4533018706096,19.485));
#9218=CARTESIAN_POINT('Ctrl Pts',(49.4879283891615,60.6470676818103,25.7124747147693));
#9219=CARTESIAN_POINT('Ctrl Pts',(49.4917239227571,60.7949562421114,25.7124747147693));
#9220=CARTESIAN_POINT('Ctrl Pts',(49.4955376633853,60.9424260588575,25.7124747147693));
#9221=CARTESIAN_POINT('Ctrl Pts',(49.4993331969809,61.0903146191586,25.7124747147693));
#9222=CARTESIAN_POINT('Ctrl Pts',(47.0837326626919,60.3928947760808,31.9399494295386));
#9223=CARTESIAN_POINT('Ctrl Pts',(47.0490969476001,60.5367203634541,31.9399494295386));
#9224=CARTESIAN_POINT('Ctrl Pts',(47.0145309889185,60.6801326571013,31.9399494295386));
#9225=CARTESIAN_POINT('Ctrl Pts',(46.9798952738266,60.8239582444746,31.9399494295386));
#9226=CARTESIAN_POINT('Ctrl Pts',(45.0831926130854,59.3435003404762,38.1674241443079));
#9227=CARTESIAN_POINT('Ctrl Pts',(45.0166156658007,59.4704210148239,38.1674241443079));
#9228=CARTESIAN_POINT('Ctrl Pts',(44.950038718516,59.5973416891715,38.1674241443079));
#9229=CARTESIAN_POINT('Ctrl Pts',(44.8834617712313,59.7242623635192,38.1674241443079));
#9230=CARTESIAN_POINT('Ctrl Pts',(45.0797264113057,59.3755134030485,38.135));
#9231=CARTESIAN_POINT('Ctrl Pts',(47.0848639505665,60.4238444061067,31.9183333333333));
#9232=CARTESIAN_POINT('Ctrl Pts',(49.4925109775254,60.6769256138816,25.7016666666667));
#9233=CARTESIAN_POINT('Ctrl Pts',(51.6717396268762,60.0680549824985,19.485));
#9234=CARTESIAN_POINT('Origin',(49.25,51.4,33.485));
#9235=CARTESIAN_POINT('Ctrl Pts',(43.9441533807537,59.159380442585,38.135));
#9236=CARTESIAN_POINT('Ctrl Pts',(45.8949747425406,60.4931798662239,31.9183333333333));
#9237=CARTESIAN_POINT('Ctrl Pts',(48.3610303499867,61.0516662331623,25.7016666666667));
#9238=CARTESIAN_POINT('Ctrl Pts',(50.6961412200566,60.6880932150605,19.485));
#9239=CARTESIAN_POINT('Ctrl Pts',(49.701406662121,60.7891550219066,19.485));
#9240=CARTESIAN_POINT('Ctrl Pts',(47.3408879372578,60.9026427506722,25.7016666666667));
#9241=CARTESIAN_POINT('Ctrl Pts',(44.9481036444767,60.0853786505843,31.9183333333333));
#9242=CARTESIAN_POINT('Ctrl Pts',(43.1499903535191,58.5519141152966,38.135));
#9243=CARTESIAN_POINT('Ctrl Pts',(44.1771443585604,58.797811642635,38.1674241443079));
#9244=CARTESIAN_POINT('Ctrl Pts',(44.0960906377467,58.9160133424065,38.1674241443079));
#9245=CARTESIAN_POINT('Ctrl Pts',(44.0150369169331,59.0342150421781,38.1674241443079));
#9246=CARTESIAN_POINT('Ctrl Pts',(43.9339831961195,59.1524167419496,38.1674241443079));
#9247=CARTESIAN_POINT('Ctrl Pts',(46.0402548056167,60.0753908509924,31.9399494295386));
#9248=CARTESIAN_POINT('Ctrl Pts',(45.9889304223652,60.2141396889229,31.9399494295386));
#9249=CARTESIAN_POINT('Ctrl Pts',(45.9377239586445,60.3524863171504,31.9399494295386));
#9250=CARTESIAN_POINT('Ctrl Pts',(45.886399575393,60.4912351550809,31.9399494295386));
#9251=CARTESIAN_POINT('Ctrl Pts',(48.3978188844216,60.6107903014128,25.7124747147693));
#9252=CARTESIAN_POINT('Ctrl Pts',(48.3841803394783,60.7580975396431,25.7124747147693));
#9253=CARTESIAN_POINT('Ctrl Pts',(48.3706091645372,60.9049910884444,25.7124747147693));
#9254=CARTESIAN_POINT('Ctrl Pts',(48.3569706195939,61.0522983266747,25.7124747147693));
#9255=CARTESIAN_POINT('Ctrl Pts',(50.6299929377814,60.2632443806129,19.485));
#9256=CARTESIAN_POINT('Ctrl Pts',(50.6520423652065,60.4048606587621,19.485));
#9257=CARTESIAN_POINT('Ctrl Pts',(50.6740917926315,60.5464769369113,19.485));
#9258=CARTESIAN_POINT('Ctrl Pts',(50.6961412200566,60.6880932150605,19.485));
#9259=CARTESIAN_POINT('Ctrl Pts',(50.6346032957989,60.292855205909,19.485));
#9260=CARTESIAN_POINT('Ctrl Pts',(48.398855092922,60.6409800760994,25.7016666666667));
#9261=CARTESIAN_POINT('Ctrl Pts',(46.0377352045024,60.1062584881098,31.9183333333333));
#9262=CARTESIAN_POINT('Ctrl Pts',(44.1699340537806,58.8291941574325,38.135));
#9263=CARTESIAN_POINT('Ctrl Pts',(49.6807587648806,60.3596834958201,19.485));
#9264=CARTESIAN_POINT('Ctrl Pts',(49.687641397294,60.5028406711822,19.485));
#9265=CARTESIAN_POINT('Ctrl Pts',(49.6945240297075,60.6459978465444,19.485));
#9266=CARTESIAN_POINT('Ctrl Pts',(49.701406662121,60.7891550219066,19.485));
#9267=CARTESIAN_POINT('Ctrl Pts',(47.4242968907804,60.4681684362023,25.7124747147693));
#9268=CARTESIAN_POINT('Ctrl Pts',(47.3950889618647,60.6131937072127,25.7124747147693));
#9269=CARTESIAN_POINT('Ctrl Pts',(47.3659919627002,60.7578147848893,25.7124747147693));
#9270=CARTESIAN_POINT('Ctrl Pts',(47.3367840337846,60.9028400558998,25.7124747147693));
#9271=CARTESIAN_POINT('Ctrl Pts',(45.1369381630662,59.6853842974184,31.9399494295386));
#9272=CARTESIAN_POINT('Ctrl Pts',(45.0711666336357,59.8178967053641,31.9399494295386));
#9273=CARTESIAN_POINT('Ctrl Pts',(45.0055550781825,59.9500217039818,31.9399494295386));
#9274=CARTESIAN_POINT('Ctrl Pts',(44.939783548752,60.0825341119275,31.9399494295386));
#9275=CARTESIAN_POINT('Ctrl Pts',(43.4200680591665,58.2171383310038,38.1674241443079));
#9276=CARTESIAN_POINT('Ctrl Pts',(43.3269178279566,58.3260620745685,38.1674241443079));
#9277=CARTESIAN_POINT('Ctrl Pts',(43.2337675967466,58.4349858181332,38.1674241443079));
#9278=CARTESIAN_POINT('Ctrl Pts',(43.1406173655367,58.5439095616979,38.1674241443079));
#9279=CARTESIAN_POINT('Ctrl Pts',(43.4095651857198,58.2475774568026,38.135));
#9280=CARTESIAN_POINT('Ctrl Pts',(45.1311541466129,59.7158096908367,31.9183333333333));
#9281=CARTESIAN_POINT('Ctrl Pts',(47.4221205691559,60.4982974894213,25.7016666666667));
#9282=CARTESIAN_POINT('Ctrl Pts',(49.6821978679882,60.3896165103361,19.485));
#9283=CARTESIAN_POINT('Origin',(49.25,51.4,33.485));
#9284=CARTESIAN_POINT('Ctrl Pts',(42.3505574501348,57.7841746295702,38.135));
#9285=CARTESIAN_POINT('Ctrl Pts',(43.9556693539629,59.5186315083345,31.9183333333333));
#9286=CARTESIAN_POINT('Ctrl Pts',(46.2356208906817,60.6118644529929,25.7016666666667));
#9287=CARTESIAN_POINT('Ctrl Pts',(48.5930882635013,60.7770180212288,19.485));
#9288=CARTESIAN_POINT('Ctrl Pts',(47.6008054101113,60.6541967347081,19.485));
#9289=CARTESIAN_POINT('Ctrl Pts',(45.2742164226169,60.2395742578939,25.7016666666667));
#9290=CARTESIAN_POINT('Ctrl Pts',(43.1232825985948,58.9103560795084,31.9183333333333));
#9291=CARTESIAN_POINT('Ctrl Pts',(41.7114797225562,57.0152208528523,38.135));
#9292=CARTESIAN_POINT('Ctrl Pts',(42.6581634847394,57.4835164843098,38.1674241443079));
#9293=CARTESIAN_POINT('Ctrl Pts',(42.5528395973037,57.5807184710283,38.1674241443079));
#9294=CARTESIAN_POINT('Ctrl Pts',(42.4475157098679,57.6779204577469,38.1674241443079));
#9295=CARTESIAN_POINT('Ctrl Pts',(42.3421918224321,57.7751224444654,38.1674241443079));
#9296=CARTESIAN_POINT('Ctrl Pts',(44.1902737444053,59.1436451913033,31.9399494295386));
#9297=CARTESIAN_POINT('Ctrl Pts',(44.1093616495963,59.2674945564887,31.9399494295386));
#9298=CARTESIAN_POINT('Ctrl Pts',(44.028654017908,59.3909780357722,31.9399494295386));
#9299=CARTESIAN_POINT('Ctrl Pts',(43.947741923099,59.5148274009576,31.9399494295386));
#9300=CARTESIAN_POINT('Ctrl Pts',(46.3695911838422,60.1902284203626,25.7124747147693));
#9301=CARTESIAN_POINT('Ctrl Pts',(46.323515641466,60.3308074968211,25.7124747147693));
#9302=CARTESIAN_POINT('Ctrl Pts',(46.2775978345433,60.4709982471441,25.7124747147693));
#9303=CARTESIAN_POINT('Ctrl Pts',(46.231522292167,60.6115773236026,25.7124747147693));
#9304=CARTESIAN_POINT('Ctrl Pts',(48.6231362161999,60.3481016565164,19.485));
#9305=CARTESIAN_POINT('Ctrl Pts',(48.613120231967,60.4910737780872,19.485));
#9306=CARTESIAN_POINT('Ctrl Pts',(48.6031042477341,60.634045899658,19.485));
#9307=CARTESIAN_POINT('Ctrl Pts',(48.5930882635013,60.7770180212288,19.485));
#9308=CARTESIAN_POINT('Ctrl Pts',(48.6210419544161,60.3779959777723,19.485));
#9309=CARTESIAN_POINT('Ctrl Pts',(46.363883555573,60.2198918524503,25.7016666666667));
#9310=CARTESIAN_POINT('Ctrl Pts',(44.180948619511,59.1731782483191,31.9183333333333));
#9311=CARTESIAN_POINT('Ctrl Pts',(42.6441506908517,57.5125077301867,38.135));
#9312=CARTESIAN_POINT('Ctrl Pts',(47.6762416038562,60.2308983670609,19.485));
#9313=CARTESIAN_POINT('Ctrl Pts',(47.6510962059412,60.3719978229433,19.485));
#9314=CARTESIAN_POINT('Ctrl Pts',(47.6259508080263,60.5130972788257,19.485));
#9315=CARTESIAN_POINT('Ctrl Pts',(47.6008054101113,60.6541967347081,19.485));
#9316=CARTESIAN_POINT('Ctrl Pts',(45.4522137697677,59.8345533598293,25.7124747147693));
#9317=CARTESIAN_POINT('Ctrl Pts',(45.3914669858583,59.9694431688879,25.7124747147693));
#9318=CARTESIAN_POINT('Ctrl Pts',(45.3309182919378,60.1039636027752,25.7124747147693));
#9319=CARTESIAN_POINT('Ctrl Pts',(45.2701715080284,60.2388534118338,25.7124747147693));
#9320=CARTESIAN_POINT('Ctrl Pts',(43.3963897585949,58.5624100533316,31.9399494295386));
#9321=CARTESIAN_POINT('Ctrl Pts',(43.3027804739493,58.6769645563917,31.9399494295386));
#9322=CARTESIAN_POINT('Ctrl Pts',(43.2094133590849,58.7911769608433,31.9399494295386));
#9323=CARTESIAN_POINT('Ctrl Pts',(43.1158040744393,58.9057314639034,31.9399494295386));
#9324=CARTESIAN_POINT('Ctrl Pts',(42.0492806364367,56.7489365397241,38.1674241443079));
#9325=CARTESIAN_POINT('Ctrl Pts',(41.9342280628559,56.8344014611776,38.1674241443079));
#9326=CARTESIAN_POINT('Ctrl Pts',(41.8191754892752,56.9198663826311,38.1674241443079));
#9327=CARTESIAN_POINT('Ctrl Pts',(41.7041229156944,57.0053313040846,38.1674241443079));
#9328=CARTESIAN_POINT('Ctrl Pts',(42.0322677492538,56.7762753838793,38.135));
#9329=CARTESIAN_POINT('Ctrl Pts',(43.3839804725506,58.590785553871,31.9183333333333));
#9330=CARTESIAN_POINT('Ctrl Pts',(45.4433876680086,59.8634427376596,25.7016666666667));
#9331=CARTESIAN_POINT('Ctrl Pts',(47.6709839032981,60.2604011289758,19.485));
#9332=CARTESIAN_POINT('Origin',(49.25,51.4,33.485));
#9333=CARTESIAN_POINT('Ctrl Pts',(41.1029283785293,56.0888396426372,38.135));
#9334=CARTESIAN_POINT('Ctrl Pts',(42.2818438111771,58.1369810661644,31.9183333333333));
#9335=CARTESIAN_POINT('Ctrl Pts',(44.2613649868688,59.7101413237545,25.7016666666667));
#9336=CARTESIAN_POINT('Ctrl Pts',(46.5229756044385,60.3957399887954,19.485));
#9337=CARTESIAN_POINT('Ctrl Pts',(45.5829016612755,60.0551943810711,19.485));
#9338=CARTESIAN_POINT('Ctrl Pts',(43.4069072979723,59.1332526009772,25.7016666666667));
#9339=CARTESIAN_POINT('Ctrl Pts',(41.6056807461633,57.3587328940901,31.9183333333333));
#9340=CARTESIAN_POINT('Ctrl Pts',(40.6509819764237,55.1969569697258,38.135));
#9341=CARTESIAN_POINT('Ctrl Pts',(41.4697248189059,55.8641684069087,38.1674241443079));
#9342=CARTESIAN_POINT('Ctrl Pts',(41.3454121443582,55.9354965670801,38.1674241443079));
#9343=CARTESIAN_POINT('Ctrl Pts',(41.2210994698106,56.0068247272513,38.1674241443079));
#9344=CARTESIAN_POINT('Ctrl Pts',(41.0967867952629,56.0781528874227,38.1674241443079));
#9345=CARTESIAN_POINT('Ctrl Pts',(42.5940084852264,57.823600827076,31.9399494295386));
#9346=CARTESIAN_POINT('Ctrl Pts',(42.487565949153,57.9263403951959,31.9399494295386));
#9347=CARTESIAN_POINT('Ctrl Pts',(42.3814041671556,58.0287687482621,31.9399494295386));
#9348=CARTESIAN_POINT('Ctrl Pts',(42.2749616310823,58.131508316382,31.9399494295386));
#9349=CARTESIAN_POINT('Ctrl Pts',(44.4857992088448,59.328887781518,25.7124747147693));
#9350=CARTESIAN_POINT('Ctrl Pts',(44.409597089125,59.455689474304,25.7124747147693));
#9351=CARTESIAN_POINT('Ctrl Pts',(44.333635160796,59.582147676542,25.7124747147693));
#9352=CARTESIAN_POINT('Ctrl Pts',(44.2574330410762,59.708949369328,25.7124747147693));
#9353=CARTESIAN_POINT('Ctrl Pts',(46.6477130622933,59.9842637513437,19.485));
#9354=CARTESIAN_POINT('Ctrl Pts',(46.606133909675,60.1214224971609,19.485));
#9355=CARTESIAN_POINT('Ctrl Pts',(46.5645547570568,60.2585812429782,19.485));
#9356=CARTESIAN_POINT('Ctrl Pts',(46.5229756044385,60.3957399887954,19.485));
#9357=CARTESIAN_POINT('Ctrl Pts',(46.639019195739,60.0129425424637,19.485));
#9358=CARTESIAN_POINT('Ctrl Pts',(44.4736339481202,59.3565374226583,25.7016666666667));
#9359=CARTESIAN_POINT('Ctrl Pts',(42.5783454372526,57.8503183931919,31.9183333333333));
#9360=CARTESIAN_POINT('Ctrl Pts',(41.449612195908,55.8893146417399,38.135));
#9361=CARTESIAN_POINT('Ctrl Pts',(45.7506392602572,59.659295119557,19.485));
#9362=CARTESIAN_POINT('Ctrl Pts',(45.6947267272633,59.7912615400617,19.485));
#9363=CARTESIAN_POINT('Ctrl Pts',(45.6388141942694,59.9232279605664,19.485));
#9364=CARTESIAN_POINT('Ctrl Pts',(45.5829016612755,60.0551943810711,19.485));
#9365=CARTESIAN_POINT('Ctrl Pts',(43.6705675085132,58.7779945583668,25.7124747147693));
#9366=CARTESIAN_POINT('Ctrl Pts',(43.5813279670117,58.8959849671965,25.7124747147693));
#9367=CARTESIAN_POINT('Ctrl Pts',(43.4923637426776,59.0136593410311,25.7124747147693));
#9368=CARTESIAN_POINT('Ctrl Pts',(43.4031242011761,59.1316497498608,25.7124747147693));
#9369=CARTESIAN_POINT('Ctrl Pts',(41.9493658141753,57.080282661551,31.9399494295386));
#9370=CARTESIAN_POINT('Ctrl Pts',(41.8326127347251,57.1711350186041,31.9399494295386));
#9371=CARTESIAN_POINT('Ctrl Pts',(41.716171877456,57.2617077420209,31.9399494295386));
#9372=CARTESIAN_POINT('Ctrl Pts',(41.5994187980058,57.352560099074,31.9399494295386));
#9373=CARTESIAN_POINT('Ctrl Pts',(41.0395673501815,55.0125167351289,38.1674241443079));
#9374=CARTESIAN_POINT('Ctrl Pts',(40.908381650687,55.0702372664391,38.1674241443079));
#9375=CARTESIAN_POINT('Ctrl Pts',(40.7771959511924,55.1279577977492,38.1674241443079));
#9376=CARTESIAN_POINT('Ctrl Pts',(40.6460102516978,55.1856783290594,38.1674241443079));
#9377=CARTESIAN_POINT('Ctrl Pts',(41.0168975464655,55.0353844138373,38.135));
#9378=CARTESIAN_POINT('Ctrl Pts',(41.930953511959,57.1051854031287,31.9183333333333));
#9379=CARTESIAN_POINT('Ctrl Pts',(43.6555342042163,58.8041956267726,25.7016666666667));
#9380=CARTESIAN_POINT('Ctrl Pts',(45.7389483990936,59.6868882371957,19.485));
#9381=CARTESIAN_POINT('Origin',(49.25,51.4,33.485));
#9382=CARTESIAN_POINT('Ctrl Pts',(40.2638274972328,54.158386657133,38.135));
#9383=CARTESIAN_POINT('Ctrl Pts',(40.9574307161851,56.4175102621538,31.9183333333333));
#9384=CARTESIAN_POINT('Ctrl Pts',(42.53726007334,58.3917130084147,25.7016666666667));
#9385=CARTESIAN_POINT('Ctrl Pts',(44.5896073356314,59.5633779903848,19.485));
#9386=CARTESIAN_POINT('Ctrl Pts',(43.7488815356126,59.0221844402229,19.485));
#9387=CARTESIAN_POINT('Ctrl Pts',(41.8325952400378,57.6391533673969,25.7016666666667));
#9388=CARTESIAN_POINT('Ctrl Pts',(40.4713969810166,55.5083139598604,31.9183333333333));
#9389=CARTESIAN_POINT('Ctrl Pts',(40.0216749003656,53.1882978094256,38.135));
#9390=CARTESIAN_POINT('Ctrl Pts',(40.6714216382522,54.0209682848414,38.1674241443079));
#9391=CARTESIAN_POINT('Ctrl Pts',(40.5343537331791,54.062845926674,38.1674241443079));
#9392=CARTESIAN_POINT('Ctrl Pts',(40.3972858281059,54.1047235685067,38.1674241443079));
#9393=CARTESIAN_POINT('Ctrl Pts',(40.2602179230327,54.1466012103393,38.1674241443079));
#9394=CARTESIAN_POINT('Ctrl Pts',(41.3315024335984,56.1814502947579,31.9399494295386));
#9395=CARTESIAN_POINT('Ctrl Pts',(41.2048669294847,56.2579282748638,31.9399494295386));
#9396=CARTESIAN_POINT('Ctrl Pts',(41.0785743922206,56.3341653163863,31.9399494295386));
#9397=CARTESIAN_POINT('Ctrl Pts',(40.9519388881069,56.4106432964922,31.9399494295386));
#9398=CARTESIAN_POINT('Ctrl Pts',(42.8409041550859,58.069959601156,25.7124747147693));
#9399=CARTESIAN_POINT('Ctrl Pts',(42.7383965504976,58.1766255439155,25.7124747147693));
#9400=CARTESIAN_POINT('Ctrl Pts',(42.6361995490381,58.2830100557648,25.7124747147693));
#9401=CARTESIAN_POINT('Ctrl Pts',(42.5336919444498,58.3896759985243,25.7124747147693));
#9402=CARTESIAN_POINT('Ctrl Pts',(44.8027794416472,59.1899750169148,19.485));
#9403=CARTESIAN_POINT('Ctrl Pts',(44.7317220729753,59.3144426747381,19.485));
#9404=CARTESIAN_POINT('Ctrl Pts',(44.6606647043034,59.4389103325615,19.485));
#9405=CARTESIAN_POINT('Ctrl Pts',(44.5896073356314,59.5633779903848,19.485));
#9406=CARTESIAN_POINT('Ctrl Pts',(44.7879219170939,59.21600020356,19.485));
#9407=CARTESIAN_POINT('Ctrl Pts',(42.8228912788764,58.0942089828873,25.7016666666667));
#9408=CARTESIAN_POINT('Ctrl Pts',(41.3102868731737,56.2040126396462,31.9183333333333));
#9409=CARTESIAN_POINT('Ctrl Pts',(40.6462177170443,54.0410085714107,38.135));
#9410=CARTESIAN_POINT('Ctrl Pts',(44.0005094762069,58.6735363269456,19.485));
#9411=CARTESIAN_POINT('Ctrl Pts',(43.9166334960088,58.7897523647047,19.485));
#9412=CARTESIAN_POINT('Ctrl Pts',(43.8327575158107,58.9059684024638,19.485));
#9413=CARTESIAN_POINT('Ctrl Pts',(43.7488815356126,59.0221844402229,19.485));
#9414=CARTESIAN_POINT('Ctrl Pts',(42.168697290063,57.3514723019256,25.7124747147693));
#9415=CARTESIAN_POINT('Ctrl Pts',(42.0554398342122,57.4466467787427,25.7124747147693));
#9416=CARTESIAN_POINT('Ctrl Pts',(41.9425211171549,57.541574408055,25.7124747147693));
#9417=CARTESIAN_POINT('Ctrl Pts',(41.8292636613041,57.636748884872,25.7124747147693));
#9418=CARTESIAN_POINT('Ctrl Pts',(40.8684261526265,55.3133221783254,31.9399494295386));
#9419=CARTESIAN_POINT('Ctrl Pts',(40.7343837652937,55.3759166728224,31.9399494295386));
#9420=CARTESIAN_POINT('Ctrl Pts',(40.600707996418,55.4383080206536,31.9399494295386));
#9421=CARTESIAN_POINT('Ctrl Pts',(40.4666656090853,55.5009025151506,31.9399494295386));
#9422=CARTESIAN_POINT('Ctrl Pts',(40.4415594407693,53.0949502568781,38.1674241443079));
#9423=CARTESIAN_POINT('Ctrl Pts',(40.3008188141174,53.1220320495851,38.1674241443079));
#9424=CARTESIAN_POINT('Ctrl Pts',(40.1600781874654,53.1491138422921,38.1674241443079));
#9425=CARTESIAN_POINT('Ctrl Pts',(40.0193375608134,53.1761956349991,38.1674241443079));
#9426=CARTESIAN_POINT('Ctrl Pts',(40.4143694791392,53.1122000892422,38.135));
#9427=CARTESIAN_POINT('Ctrl Pts',(40.8449341039543,55.3335034334939,31.9183333333333));
#9428=CARTESIAN_POINT('Ctrl Pts',(42.1482106158793,57.3736712299307,25.7016666666667));
#9429=CARTESIAN_POINT('Ctrl Pts',(43.9829716830333,58.6978361661708,19.485));
#9430=CARTESIAN_POINT('Origin',(49.25,51.4,33.485));
#9431=CARTESIAN_POINT('Ctrl Pts',(39.8753308282136,52.0896166466205,38.135));
#9432=CARTESIAN_POINT('Ctrl Pts',(40.0488416718374,54.4464405423006,31.9183333333333));
#9433=CARTESIAN_POINT('Ctrl Pts',(41.1497599696949,56.722691007982,25.7016666666667));
#9434=CARTESIAN_POINT('Ctrl Pts',(42.8899306151208,58.3216701322385,19.485));
#9435=CARTESIAN_POINT('Ctrl Pts',(42.1907104604242,57.6069663440714,19.485));
#9436=CARTESIAN_POINT('Ctrl Pts',(40.6302228291527,55.8321969315396,25.7016666666667));
#9437=CARTESIAN_POINT('Ctrl Pts',(39.7773090274955,53.4518870088582,31.9183333333333));
#9438=CARTESIAN_POINT('Ctrl Pts',(39.8551145789329,51.0899659296795,38.135));
#9439=CARTESIAN_POINT('Ctrl Pts',(40.3032841976803,52.0463418687616,38.1674241443079));
#9440=CARTESIAN_POINT('Ctrl Pts',(40.1603342191877,52.0566690724283,38.1674241443079));
#9441=CARTESIAN_POINT('Ctrl Pts',(40.0173842406951,52.066996276095,38.1674241443079));
#9442=CARTESIAN_POINT('Ctrl Pts',(39.8744342622025,52.0773234797617,38.1674241443079));
#9443=CARTESIAN_POINT('Ctrl Pts',(40.466062914716,54.299537879063,31.9399494295386));
#9444=CARTESIAN_POINT('Ctrl Pts',(40.3255844755221,54.3459193458881,31.9399494295386));
#9445=CARTESIAN_POINT('Ctrl Pts',(40.1854940181614,54.3921422322668,31.9399494295386));
#9446=CARTESIAN_POINT('Ctrl Pts',(40.0450155789675,54.4385236990919,31.9399494295386));
#9447=CARTESIAN_POINT('Ctrl Pts',(41.5173879290445,56.4765717950663,25.7124747147693));
#9448=CARTESIAN_POINT('Ctrl Pts',(41.3937149989164,56.5577533120312,25.7124747147693));
#9449=CARTESIAN_POINT('Ctrl Pts',(41.270407508717,56.6387295698445,25.7124747147693));
#9450=CARTESIAN_POINT('Ctrl Pts',(41.1467345785889,56.7199110868093,25.7124747147693));
#9451=CARTESIAN_POINT('Ctrl Pts',(43.1808480297728,58.0050644070349,19.485));
#9452=CARTESIAN_POINT('Ctrl Pts',(43.0838755582222,58.1105996487694,19.485));
#9453=CARTESIAN_POINT('Ctrl Pts',(42.9869030866715,58.216134890504,19.485));
#9454=CARTESIAN_POINT('Ctrl Pts',(42.8899306151208,58.3216701322385,19.485));
#9455=CARTESIAN_POINT('Ctrl Pts',(43.1605718655412,58.0271309776751,19.485));
#9456=CARTESIAN_POINT('Ctrl Pts',(41.4944306781785,56.4962049521319,25.7016666666667));
#9457=CARTESIAN_POINT('Ctrl Pts',(40.4403586786286,54.3168136325387,31.9183333333333));
#9458=CARTESIAN_POINT('Ctrl Pts',(40.2742528081141,52.0602713034196,38.135));
#9459=CARTESIAN_POINT('Ctrl Pts',(42.513611066983,57.3230520512585,19.485));
#9460=CARTESIAN_POINT('Ctrl Pts',(42.4059775314634,57.4176901488628,19.485));
#9461=CARTESIAN_POINT('Ctrl Pts',(42.2983439959438,57.5123282464671,19.485));
#9462=CARTESIAN_POINT('Ctrl Pts',(42.1907104604242,57.6069663440714,19.485));
#9463=CARTESIAN_POINT('Ctrl Pts',(41.021913158434,55.6265183730817,25.7124747147693));
#9464=CARTESIAN_POINT('Ctrl Pts',(40.8903169899922,55.6941044722045,25.7124747147693));
#9465=CARTESIAN_POINT('Ctrl Pts',(40.7591059961925,55.7615252892776,25.7124747147693));
#9466=CARTESIAN_POINT('Ctrl Pts',(40.6275098277507,55.8291113884005,25.7124747147693));
#9467=CARTESIAN_POINT('Ctrl Pts',(40.2077736021894,53.3501313804682,31.9399494295386));
#9468=CARTESIAN_POINT('Ctrl Pts',(40.0631633519872,53.3813292630833,31.9399494295386));
#9469=CARTESIAN_POINT('Ctrl Pts',(39.9189557327377,53.412410672625,31.9399494295386));
#9470=CARTESIAN_POINT('Ctrl Pts',(39.7743454825356,53.44360855524,31.9399494295386));
#9471=CARTESIAN_POINT('Ctrl Pts',(40.2852435218415,51.0923918952515,38.1674241443079));
#9472=CARTESIAN_POINT('Ctrl Pts',(40.1420052907342,51.0874769551853,38.1674241443079));
#9473=CARTESIAN_POINT('Ctrl Pts',(39.9987670596269,51.0825620151191,38.1674241443079));
#9474=CARTESIAN_POINT('Ctrl Pts',(39.8555288285195,51.0776470750528,38.1674241443079));
#9475=CARTESIAN_POINT('Ctrl Pts',(40.254896820509,51.1031589026476,38.135));
#9476=CARTESIAN_POINT('Ctrl Pts',(40.1803797964761,53.3645791768238,31.9183333333333));
#9477=CARTESIAN_POINT('Ctrl Pts',(40.997000401752,55.6436020137414,25.7016666666667));
#9478=CARTESIAN_POINT('Ctrl Pts',(42.4911057599806,57.3428401166641,19.485));
#9479=CARTESIAN_POINT('Ctrl Pts',(40.3837724456684,50.0393051724936,38.1674241443079));
#9480=CARTESIAN_POINT('Ctrl Pts',(40.2421085025851,50.0175640888798,38.1674241443079));
#9481=CARTESIAN_POINT('Ctrl Pts',(40.1004445595018,49.995823005266,38.1674241443079));
#9482=CARTESIAN_POINT('Ctrl Pts',(39.9587806164185,49.9740819216522,38.1674241443079));
#9483=CARTESIAN_POINT('Ctrl Pts',(40.0410866798168,52.272230526696,31.9399494295386));
#9484=CARTESIAN_POINT('Ctrl Pts',(39.8938094810707,52.2861897198217,31.9399494295386));
#9485=CARTESIAN_POINT('Ctrl Pts',(39.7469458241123,52.3000806425236,31.9399494295386));
#9486=CARTESIAN_POINT('Ctrl Pts',(39.5996686253662,52.3140398356492,31.9399494295386));
#9487=CARTESIAN_POINT('Ctrl Pts',(40.581617160817,54.6286234812542,25.7124747147693));
#9488=CARTESIAN_POINT('Ctrl Pts',(40.4429803822787,54.6802497921793,25.7124747147693));
#9489=CARTESIAN_POINT('Ctrl Pts',(40.3047455557854,54.7317573082626,25.7124747147693));
#9490=CARTESIAN_POINT('Ctrl Pts',(40.1661087772471,54.7833836191876,25.7124747147693));
#9491=CARTESIAN_POINT('Ctrl Pts',(41.8632492402572,56.4889482874392,19.485));
#9492=CARTESIAN_POINT('Ctrl Pts',(41.7452242704731,56.5702591353876,19.485));
#9493=CARTESIAN_POINT('Ctrl Pts',(41.6271993006891,56.6515699833359,19.485));
#9494=CARTESIAN_POINT('Ctrl Pts',(41.509174330905,56.7328808312843,19.485));
#9495=CARTESIAN_POINT('Ctrl Pts',(41.8385711678878,56.5059497320807,19.485));
#9496=CARTESIAN_POINT('Ctrl Pts',(40.554866707714,54.6426559251779,25.7016666666667));
#9497=CARTESIAN_POINT('Ctrl Pts',(40.0121826857957,52.2833534103428,31.9183333333333));
#9498=CARTESIAN_POINT('Ctrl Pts',(40.3523693428413,50.0464252752222,38.135));
#9499=CARTESIAN_POINT('Origin',(49.25,51.4,33.485));
#9500=CARTESIAN_POINT('Origin',(49.25,51.4,33.485));
#9501=CARTESIAN_POINT('Origin',(49.25,51.4,33.485));
#9502=CARTESIAN_POINT('Origin',(49.25,51.4,33.485));
#9503=CARTESIAN_POINT('Origin',(49.25,51.4,33.485));
#9504=CARTESIAN_POINT('Origin',(49.25,51.4,33.485));
#9505=CARTESIAN_POINT('Origin',(49.25,51.4,33.485));
#9506=CARTESIAN_POINT('Origin',(49.25,51.4,33.485));
#9507=CARTESIAN_POINT('Origin',(49.25,51.4,33.485));
#9508=CARTESIAN_POINT('Origin',(49.25,51.4,33.485));
#9509=CARTESIAN_POINT('Origin',(49.25,51.4,33.485));
#9510=CARTESIAN_POINT('Origin',(49.25,51.4,33.485));
#9511=CARTESIAN_POINT('Origin',(49.25,51.4,33.485));
#9512=CARTESIAN_POINT('Origin',(49.25,51.4,33.485));
#9513=CARTESIAN_POINT('Origin',(49.25,51.4,33.635));
#9514=CARTESIAN_POINT('',(51.6147410006169,49.67,33.635));
#9515=CARTESIAN_POINT('',(46.8852589993832,49.67,33.635));
#9516=CARTESIAN_POINT('',(48.127502783968,49.67,33.635));
#9517=CARTESIAN_POINT('Origin',(49.25,51.4,33.635));
#9518=CARTESIAN_POINT('Origin',(47.005005567936,49.67,33.485));
#9519=CARTESIAN_POINT('',(51.6147410006169,49.67,27.485));
#9520=CARTESIAN_POINT('',(51.6147410006169,49.67,33.485));
#9521=CARTESIAN_POINT('',(46.8852589993832,49.67,27.485));
#9522=CARTESIAN_POINT('',(48.127502783968,49.67,27.485));
#9523=CARTESIAN_POINT('',(46.8852589993832,49.67,33.485));
#9524=CARTESIAN_POINT('Origin',(49.25,51.4,33.485));
#9525=CARTESIAN_POINT('Origin',(49.25,51.4,27.485));
#9526=CARTESIAN_POINT('Origin',(49.25,51.4,27.485));
#9527=UNCERTAINTY_MEASURE_WITH_UNIT(LENGTH_MEASURE(0.01),#9531,
'DISTANCE_ACCURACY_VALUE',
'Maximum model space distance between geometric entities at asserted c
onnectivities');
#9528=UNCERTAINTY_MEASURE_WITH_UNIT(LENGTH_MEASURE(0.01),#9531,
'DISTANCE_ACCURACY_VALUE',
'Maximum model space distance between geometric entities at asserted c
onnectivities');
#9529=(
GEOMETRIC_REPRESENTATION_CONTEXT(3)
GLOBAL_UNCERTAINTY_ASSIGNED_CONTEXT((#9527))
GLOBAL_UNIT_ASSIGNED_CONTEXT((#9531,#9533,#9534))
REPRESENTATION_CONTEXT('','3D')
);
#9530=(
GEOMETRIC_REPRESENTATION_CONTEXT(3)
GLOBAL_UNCERTAINTY_ASSIGNED_CONTEXT((#9528))
GLOBAL_UNIT_ASSIGNED_CONTEXT((#9531,#9533,#9534))
REPRESENTATION_CONTEXT('','3D')
);
#9531=(
LENGTH_UNIT()
NAMED_UNIT(*)
SI_UNIT(.MILLI.,.METRE.)
);
#9532=(
LENGTH_UNIT()
NAMED_UNIT(*)
SI_UNIT($,.METRE.)
);
#9533=(
NAMED_UNIT(*)
PLANE_ANGLE_UNIT()
SI_UNIT($,.RADIAN.)
);
#9534=(
NAMED_UNIT(*)
SI_UNIT($,.STERADIAN.)
SOLID_ANGLE_UNIT()
);
#9535=SHAPE_DEFINITION_REPRESENTATION(#9536,#9537);
#9536=PRODUCT_DEFINITION_SHAPE('',$,#9539);
#9537=SHAPE_REPRESENTATION('',(#4082),#9529);
#9538=PRODUCT_DEFINITION_CONTEXT('part definition',#9543,'design');
#9539=PRODUCT_DEFINITION('Encoder Cap','Encoder Cap',#9540,#9538);
#9540=PRODUCT_DEFINITION_FORMATION('',$,#9545);
#9541=PRODUCT_RELATED_PRODUCT_CATEGORY('Encoder Cap','Encoder Cap',(#9545));
#9542=APPLICATION_PROTOCOL_DEFINITION('international standard',
'automotive_design',2009,#9543);
#9543=APPLICATION_CONTEXT(
'Core Data for Automotive Mechanical Design Process');
#9544=PRODUCT_CONTEXT('part definition',#9543,'mechanical');
#9545=PRODUCT('Encoder Cap','Encoder Cap',$,(#9544));
#9546=PRESENTATION_STYLE_ASSIGNMENT((#9547));
#9547=SURFACE_STYLE_USAGE(.BOTH.,#9548);
#9548=SURFACE_SIDE_STYLE('',(#9549));
#9549=SURFACE_STYLE_FILL_AREA(#9550);
#9550=FILL_AREA_STYLE('Steel - Satin',(#9551));
#9551=FILL_AREA_STYLE_COLOUR('Steel - Satin',#9552);
#9552=COLOUR_RGB('Steel - Satin',0.627450980392157,0.627450980392157,0.627450980392157);
ENDSEC;
END-ISO-10303-21;
