ISO-10303-21;
HEADER;
/* Generated by software containing ST-Developer
 * from STEP Tools, Inc. (www.steptools.com) 
 */

FILE_DESCRIPTION(
/* description */ (''),
/* implementation_level */ '2;1');

FILE_NAME(
/* name */ 'Plate.step',
/* time_stamp */ '2026-08-29T11:54:43+02:00',
/* author */ (''),
/* organization */ (''),
/* preprocessor_version */ 'ST-DEVELOPER v20.1',
/* originating_system */ 'Autodesk Translation Framework v15.8.0.0',
/* authorisation */ '');

FILE_SCHEMA (('AUTOMOTIVE_DESIGN { 1 0 10303 214 3 1 1 }'));
ENDSEC;

DATA;
#10=MECHANICAL_DESIGN_GEOMETRIC_PRESENTATION_REPRESENTATION('',(#302,#303),
#15847);
#11=ITEM_DEFINED_TRANSFORMATION($,$,#9045,#9597);
#12=(
REPRESENTATION_RELATIONSHIP($,$,#15858,#15857)
REPRESENTATION_RELATIONSHIP_WITH_TRANSFORMATION(#11)
SHAPE_REPRESENTATION_RELATIONSHIP()
);
#13=CONTEXT_DEPENDENT_SHAPE_REPRESENTATION(#12,#15856);
#14=NEXT_ASSEMBLY_USAGE_OCCURRENCE('plate v2:1','plate v2:1',
'plate v2:1',#15860,#15861,'plate v2:1');
#15=B_SPLINE_CURVE_WITH_KNOTS('',3,(#13293,#13294,#13295,#13296,#13297),
 .UNSPECIFIED.,.F.,.F.,(4,1,4),(0.,0.0491394869175316,0.094095443990579),
 .UNSPECIFIED.);
#16=B_SPLINE_CURVE_WITH_KNOTS('',3,(#13301,#13302,#13303,#13304,#13305),
 .UNSPECIFIED.,.F.,.F.,(4,1,4),(0.,0.0491394869175316,0.094095443990579),
 .UNSPECIFIED.);
#17=B_SPLINE_CURVE_WITH_KNOTS('',3,(#13318,#13319,#13320,#13321,#13322),
 .UNSPECIFIED.,.F.,.F.,(4,1,4),(0.,0.0200249940447609,0.0396568085276685),
 .UNSPECIFIED.);
#18=B_SPLINE_CURVE_WITH_KNOTS('',3,(#13325,#13326,#13327,#13328,#13329),
 .UNSPECIFIED.,.F.,.F.,(4,1,4),(0.,0.0200249940447609,0.0396568085276685),
 .UNSPECIFIED.);
#19=B_SPLINE_CURVE_WITH_KNOTS('',3,(#13341,#13342,#13343,#13344,#13345),
 .UNSPECIFIED.,.F.,.F.,(4,1,4),(0.,0.0185773880811004,0.0382366356522443),
 .UNSPECIFIED.);
#20=B_SPLINE_CURVE_WITH_KNOTS('',3,(#13348,#13349,#13350,#13351,#13352),
 .UNSPECIFIED.,.F.,.F.,(4,1,4),(0.,0.0185773880811004,0.0382366356522443),
 .UNSPECIFIED.);
#21=B_SPLINE_CURVE_WITH_KNOTS('',3,(#13370,#13371,#13372,#13373,#13374),
 .UNSPECIFIED.,.F.,.F.,(4,1,4),(0.,0.0402084113966741,0.0895177382387904),
 .UNSPECIFIED.);
#22=B_SPLINE_CURVE_WITH_KNOTS('',3,(#13377,#13378,#13379,#13380,#13381),
 .UNSPECIFIED.,.F.,.F.,(4,1,4),(0.,0.0402084113966741,0.0895177382387904),
 .UNSPECIFIED.);
#23=B_SPLINE_CURVE_WITH_KNOTS('',3,(#13393,#13394,#13395,#13396,#13397),
 .UNSPECIFIED.,.F.,.F.,(4,1,4),(0.,0.026571971520552,0.0587798406362384),
 .UNSPECIFIED.);
#24=B_SPLINE_CURVE_WITH_KNOTS('',3,(#13400,#13401,#13402,#13403,#13404),
 .UNSPECIFIED.,.F.,.F.,(4,1,4),(0.,0.026571971520552,0.0587798406362384),
 .UNSPECIFIED.);
#25=B_SPLINE_CURVE_WITH_KNOTS('',3,(#13416,#13417,#13418,#13419,#13420),
 .UNSPECIFIED.,.F.,.F.,(4,1,4),(0.,0.035645792704106,0.0699649695193277),
 .UNSPECIFIED.);
#26=B_SPLINE_CURVE_WITH_KNOTS('',3,(#13423,#13424,#13425,#13426,#13427),
 .UNSPECIFIED.,.F.,.F.,(4,1,4),(0.,0.035645792704106,0.0699649695193277),
 .UNSPECIFIED.);
#27=B_SPLINE_CURVE_WITH_KNOTS('',3,(#13439,#13440,#13441,#13442,#13443),
 .UNSPECIFIED.,.F.,.F.,(4,1,4),(0.,0.0609934957885913,0.106731439067537),
 .UNSPECIFIED.);
#28=B_SPLINE_CURVE_WITH_KNOTS('',3,(#13446,#13447,#13448,#13449,#13450),
 .UNSPECIFIED.,.F.,.F.,(4,1,4),(0.,0.0609934957885913,0.106731439067537),
 .UNSPECIFIED.);
#29=B_SPLINE_CURVE_WITH_KNOTS('',3,(#13461,#13462,#13463,#13464,#13465),
 .UNSPECIFIED.,.F.,.F.,(4,1,4),(0.,0.0505771342804726,0.116054531553163),
 .UNSPECIFIED.);
#30=B_SPLINE_CURVE_WITH_KNOTS('',3,(#13466,#13467,#13468,#13469,#13470),
 .UNSPECIFIED.,.F.,.F.,(4,1,4),(0.,0.0505771342804726,0.116054531553163),
 .UNSPECIFIED.);
#31=B_SPLINE_CURVE_WITH_KNOTS('',3,(#13483,#13484,#13485,#13486,#13487),
 .UNSPECIFIED.,.F.,.F.,(4,1,4),(0.,0.0312094256026905,0.0655079944922067),
 .UNSPECIFIED.);
#32=B_SPLINE_CURVE_WITH_KNOTS('',3,(#13491,#13492,#13493,#13494,#13495),
 .UNSPECIFIED.,.F.,.F.,(4,1,4),(0.,0.0312094256026905,0.0655079944922067),
 .UNSPECIFIED.);
#33=B_SPLINE_CURVE_WITH_KNOTS('',3,(#13508,#13509,#13510,#13511,#13512),
 .UNSPECIFIED.,.F.,.F.,(4,1,4),(0.,0.0283229857907259,0.0574061895774907),
 .UNSPECIFIED.);
#34=B_SPLINE_CURVE_WITH_KNOTS('',3,(#13515,#13516,#13517,#13518,#13519),
 .UNSPECIFIED.,.F.,.F.,(4,1,4),(0.,0.0283229857907259,0.0574061895774907),
 .UNSPECIFIED.);
#35=B_SPLINE_CURVE_WITH_KNOTS('',3,(#13531,#13532,#13533,#13534,#13535),
 .UNSPECIFIED.,.F.,.F.,(4,1,4),(0.,0.0311302053852989,0.0600552479133252),
 .UNSPECIFIED.);
#36=B_SPLINE_CURVE_WITH_KNOTS('',3,(#13538,#13539,#13540,#13541,#13542),
 .UNSPECIFIED.,.F.,.F.,(4,1,4),(0.,0.0311302053852989,0.0600552479133252),
 .UNSPECIFIED.);
#37=B_SPLINE_CURVE_WITH_KNOTS('',3,(#13554,#13555,#13556,#13557,#13558),
 .UNSPECIFIED.,.F.,.F.,(4,1,4),(0.,0.0368829919223034,0.0737412282566208),
 .UNSPECIFIED.);
#38=B_SPLINE_CURVE_WITH_KNOTS('',3,(#13561,#13562,#13563,#13564,#13565),
 .UNSPECIFIED.,.F.,.F.,(4,1,4),(0.,0.0368829919223034,0.0737412282566208),
 .UNSPECIFIED.);
#39=B_SPLINE_CURVE_WITH_KNOTS('',3,(#13577,#13578,#13579,#13580,#13581),
 .UNSPECIFIED.,.F.,.F.,(4,1,4),(0.,0.0457246479012898,0.0856948847575103),
 .UNSPECIFIED.);
#40=B_SPLINE_CURVE_WITH_KNOTS('',3,(#13584,#13585,#13586,#13587,#13588),
 .UNSPECIFIED.,.F.,.F.,(4,1,4),(0.,0.0457246479012898,0.0856948847575103),
 .UNSPECIFIED.);
#41=B_SPLINE_CURVE_WITH_KNOTS('',3,(#13630,#13631,#13632,#13633,#13634),
 .UNSPECIFIED.,.F.,.F.,(4,1,4),(0.,0.0178926997084942,0.035776805940973),
 .UNSPECIFIED.);
#42=B_SPLINE_CURVE_WITH_KNOTS('',3,(#13637,#13638,#13639,#13640,#13641),
 .UNSPECIFIED.,.F.,.F.,(4,1,4),(0.,0.0178926997084942,0.035776805940973),
 .UNSPECIFIED.);
#43=B_SPLINE_CURVE_WITH_KNOTS('',3,(#13653,#13654,#13655,#13656,#13657),
 .UNSPECIFIED.,.F.,.F.,(4,1,4),(0.,0.0182282664413186,0.0362428861751114),
 .UNSPECIFIED.);
#44=B_SPLINE_CURVE_WITH_KNOTS('',3,(#13660,#13661,#13662,#13663,#13664),
 .UNSPECIFIED.,.F.,.F.,(4,1,4),(0.,0.0182282664413186,0.0362428861751114),
 .UNSPECIFIED.);
#45=B_SPLINE_CURVE_WITH_KNOTS('',3,(#13676,#13677,#13678,#13679,#13680),
 .UNSPECIFIED.,.F.,.F.,(4,1,4),(0.,0.0379735096985701,0.0786185858794375),
 .UNSPECIFIED.);
#46=B_SPLINE_CURVE_WITH_KNOTS('',3,(#13683,#13684,#13685,#13686,#13687),
 .UNSPECIFIED.,.F.,.F.,(4,1,4),(0.,0.0379735096985701,0.0786185858794375),
 .UNSPECIFIED.);
#47=B_SPLINE_CURVE_WITH_KNOTS('',3,(#13699,#13700,#13701,#13702,#13703),
 .UNSPECIFIED.,.F.,.F.,(4,1,4),(0.,0.0356229662541337,0.0718548288234669),
 .UNSPECIFIED.);
#48=B_SPLINE_CURVE_WITH_KNOTS('',3,(#13706,#13707,#13708,#13709,#13710),
 .UNSPECIFIED.,.F.,.F.,(4,1,4),(0.,0.0356229662541337,0.0718548288234669),
 .UNSPECIFIED.);
#49=B_SPLINE_CURVE_WITH_KNOTS('',3,(#13722,#13723,#13724,#13725,#13726),
 .UNSPECIFIED.,.F.,.F.,(4,1,4),(0.,0.0386621893513487,0.0751102200391812),
 .UNSPECIFIED.);
#50=B_SPLINE_CURVE_WITH_KNOTS('',3,(#13729,#13730,#13731,#13732,#13733),
 .UNSPECIFIED.,.F.,.F.,(4,1,4),(0.,0.0386621893513487,0.0751102200391812),
 .UNSPECIFIED.);
#51=B_SPLINE_CURVE_WITH_KNOTS('',3,(#13745,#13746,#13747,#13748,#13749),
 .UNSPECIFIED.,.F.,.F.,(4,1,4),(0.,0.0463623432334629,0.0883702787939064),
 .UNSPECIFIED.);
#52=B_SPLINE_CURVE_WITH_KNOTS('',3,(#13752,#13753,#13754,#13755,#13756),
 .UNSPECIFIED.,.F.,.F.,(4,1,4),(0.,0.0463623432334629,0.0883702787939064),
 .UNSPECIFIED.);
#53=B_SPLINE_CURVE_WITH_KNOTS('',3,(#13767,#13768,#13769,#13770,#13771),
 .UNSPECIFIED.,.F.,.F.,(4,1,4),(0.,0.0376408515558089,0.0786283812222056),
 .UNSPECIFIED.);
#54=B_SPLINE_CURVE_WITH_KNOTS('',3,(#13772,#13773,#13774,#13775,#13776),
 .UNSPECIFIED.,.F.,.F.,(4,1,4),(0.,0.0376408515558089,0.0786283812222056),
 .UNSPECIFIED.);
#55=B_SPLINE_CURVE_WITH_KNOTS('',3,(#13790,#13791,#13792,#13793,#13794),
 .UNSPECIFIED.,.F.,.F.,(4,1,4),(0.,0.0539153273587301,0.098226120244657),
 .UNSPECIFIED.);
#56=B_SPLINE_CURVE_WITH_KNOTS('',3,(#13798,#13799,#13800,#13801,#13802),
 .UNSPECIFIED.,.F.,.F.,(4,1,4),(0.,0.0539153273587301,0.098226120244657),
 .UNSPECIFIED.);
#57=B_SPLINE_CURVE_WITH_KNOTS('',3,(#13833,#13834,#13835,#13836,#13837),
 .UNSPECIFIED.,.F.,.F.,(4,1,4),(0.,0.0424297976357016,0.0931897579467721),
 .UNSPECIFIED.);
#58=B_SPLINE_CURVE_WITH_KNOTS('',3,(#13840,#13841,#13842,#13843,#13844),
 .UNSPECIFIED.,.F.,.F.,(4,1,4),(0.,0.0424297976357016,0.0931897579467721),
 .UNSPECIFIED.);
#59=B_SPLINE_CURVE_WITH_KNOTS('',3,(#13856,#13857,#13858,#13859,#13860),
 .UNSPECIFIED.,.F.,.F.,(4,1,4),(0.,0.0432845158094923,0.082506419007781),
 .UNSPECIFIED.);
#60=B_SPLINE_CURVE_WITH_KNOTS('',3,(#13863,#13864,#13865,#13866,#13867),
 .UNSPECIFIED.,.F.,.F.,(4,1,4),(0.,0.0432845158094923,0.082506419007781),
 .UNSPECIFIED.);
#61=B_SPLINE_CURVE_WITH_KNOTS('',3,(#13878,#13879,#13880,#13881,#13882),
 .UNSPECIFIED.,.F.,.F.,(4,1,4),(0.,0.0412692261751722,0.0887461357408904),
 .UNSPECIFIED.);
#62=B_SPLINE_CURVE_WITH_KNOTS('',3,(#13883,#13884,#13885,#13886,#13887),
 .UNSPECIFIED.,.F.,.F.,(4,1,4),(0.,0.0412692261751722,0.0887461357408904),
 .UNSPECIFIED.);
#63=B_SPLINE_CURVE_WITH_KNOTS('',3,(#13900,#13901,#13902,#13903,#13904),
 .UNSPECIFIED.,.F.,.F.,(4,1,4),(0.,0.0313145066534235,0.0632258477458106),
 .UNSPECIFIED.);
#64=B_SPLINE_CURVE_WITH_KNOTS('',3,(#13908,#13909,#13910,#13911,#13912),
 .UNSPECIFIED.,.F.,.F.,(4,1,4),(0.,0.0313145066534235,0.0632258477458106),
 .UNSPECIFIED.);
#65=B_SPLINE_CURVE_WITH_KNOTS('',3,(#13925,#13926,#13927,#13928,#13929),
 .UNSPECIFIED.,.F.,.F.,(4,1,4),(0.,0.0337519735020402,0.065810548651554),
 .UNSPECIFIED.);
#66=B_SPLINE_CURVE_WITH_KNOTS('',3,(#13932,#13933,#13934,#13935,#13936),
 .UNSPECIFIED.,.F.,.F.,(4,1,4),(0.,0.0337519735020402,0.065810548651554),
 .UNSPECIFIED.);
#67=B_SPLINE_CURVE_WITH_KNOTS('',3,(#13948,#13949,#13950,#13951,#13952),
 .UNSPECIFIED.,.F.,.F.,(4,1,4),(0.,0.0364007447370844,0.0717557455217109),
 .UNSPECIFIED.);
#68=B_SPLINE_CURVE_WITH_KNOTS('',3,(#13955,#13956,#13957,#13958,#13959),
 .UNSPECIFIED.,.F.,.F.,(4,1,4),(0.,0.0364007447370844,0.0717557455217109),
 .UNSPECIFIED.);
#69=B_SPLINE_CURVE_WITH_KNOTS('',3,(#14001,#14002,#14003,#14004,#14005),
 .UNSPECIFIED.,.F.,.F.,(4,1,4),(0.,0.0425825247010469,0.0911156549088812),
 .UNSPECIFIED.);
#70=B_SPLINE_CURVE_WITH_KNOTS('',3,(#14008,#14009,#14010,#14011,#14012),
 .UNSPECIFIED.,.F.,.F.,(4,1,4),(0.,0.0425825247010469,0.0911156549088812),
 .UNSPECIFIED.);
#71=B_SPLINE_CURVE_WITH_KNOTS('',3,(#14024,#14025,#14026,#14027,#14028),
 .UNSPECIFIED.,.F.,.F.,(4,1,4),(0.,0.0348484613884963,0.07297880313756),
 .UNSPECIFIED.);
#72=B_SPLINE_CURVE_WITH_KNOTS('',3,(#14031,#14032,#14033,#14034,#14035),
 .UNSPECIFIED.,.F.,.F.,(4,1,4),(0.,0.0348484613884963,0.07297880313756),
 .UNSPECIFIED.);
#73=B_SPLINE_CURVE_WITH_KNOTS('',3,(#14047,#14048,#14049,#14050,#14051),
 .UNSPECIFIED.,.F.,.F.,(4,1,4),(0.,0.0319947651971857,0.0648368029245404),
 .UNSPECIFIED.);
#74=B_SPLINE_CURVE_WITH_KNOTS('',3,(#14054,#14055,#14056,#14057,#14058),
 .UNSPECIFIED.,.F.,.F.,(4,1,4),(0.,0.0319947651971857,0.0648368029245404),
 .UNSPECIFIED.);
#75=B_SPLINE_CURVE_WITH_KNOTS('',3,(#14070,#14071,#14072,#14073,#14074),
 .UNSPECIFIED.,.F.,.F.,(4,1,4),(0.,0.0305957775408564,0.061973545502469),
 .UNSPECIFIED.);
#76=B_SPLINE_CURVE_WITH_KNOTS('',3,(#14077,#14078,#14079,#14080,#14081),
 .UNSPECIFIED.,.F.,.F.,(4,1,4),(0.,0.0305957775408564,0.061973545502469),
 .UNSPECIFIED.);
#77=B_SPLINE_CURVE_WITH_KNOTS('',3,(#14092,#14093,#14094,#14095,#14096),
 .UNSPECIFIED.,.F.,.F.,(4,1,4),(0.,0.0342126383575179,0.0729445051562905),
 .UNSPECIFIED.);
#78=B_SPLINE_CURVE_WITH_KNOTS('',3,(#14097,#14098,#14099,#14100,#14101),
 .UNSPECIFIED.,.F.,.F.,(4,1,4),(0.,0.0342126383575179,0.0729445051562905),
 .UNSPECIFIED.);
#79=B_SPLINE_CURVE_WITH_KNOTS('',3,(#14115,#14116,#14117,#14118,#14119),
 .UNSPECIFIED.,.F.,.F.,(4,1,4),(0.,0.0353960760738743,0.076793758859526),
 .UNSPECIFIED.);
#80=B_SPLINE_CURVE_WITH_KNOTS('',3,(#14123,#14124,#14125,#14126,#14127),
 .UNSPECIFIED.,.F.,.F.,(4,1,4),(0.,0.0353960760738743,0.076793758859526),
 .UNSPECIFIED.);
#81=B_SPLINE_CURVE_WITH_KNOTS('',3,(#14140,#14141,#14142,#14143,#14144),
 .UNSPECIFIED.,.F.,.F.,(4,1,4),(0.,0.0248733820127033,0.0547435115988518),
 .UNSPECIFIED.);
#82=B_SPLINE_CURVE_WITH_KNOTS('',3,(#14147,#14148,#14149,#14150,#14151),
 .UNSPECIFIED.,.F.,.F.,(4,1,4),(0.,0.0248733820127033,0.0547435115988518),
 .UNSPECIFIED.);
#83=B_SPLINE_CURVE_WITH_KNOTS('',3,(#14163,#14164,#14165,#14166,#14167),
 .UNSPECIFIED.,.F.,.F.,(4,1,4),(0.,0.014010437961317,0.0303093734688876),
 .UNSPECIFIED.);
#84=B_SPLINE_CURVE_WITH_KNOTS('',3,(#14170,#14171,#14172,#14173,#14174),
 .UNSPECIFIED.,.F.,.F.,(4,1,4),(0.,0.014010437961317,0.0303093734688876),
 .UNSPECIFIED.);
#85=B_SPLINE_CURVE_WITH_KNOTS('',3,(#14186,#14187,#14188,#14189,#14190),
 .UNSPECIFIED.,.F.,.F.,(4,1,4),(0.,0.0112618875006158,0.0236021003881504),
 .UNSPECIFIED.);
#86=B_SPLINE_CURVE_WITH_KNOTS('',3,(#14193,#14194,#14195,#14196,#14197),
 .UNSPECIFIED.,.F.,.F.,(4,1,4),(0.,0.0112618875006158,0.0236021003881504),
 .UNSPECIFIED.);
#87=B_SPLINE_CURVE_WITH_KNOTS('',3,(#14209,#14210,#14211,#14212,#14213),
 .UNSPECIFIED.,.F.,.F.,(4,1,4),(0.,0.0105674810617246,0.0212624471388244),
 .UNSPECIFIED.);
#88=B_SPLINE_CURVE_WITH_KNOTS('',3,(#14216,#14217,#14218,#14219,#14220),
 .UNSPECIFIED.,.F.,.F.,(4,1,4),(0.,0.0105674810617246,0.0212624471388244),
 .UNSPECIFIED.);
#89=B_SPLINE_CURVE_WITH_KNOTS('',3,(#14232,#14233,#14234,#14235,#14236),
 .UNSPECIFIED.,.F.,.F.,(4,1,4),(0.,0.0108890875934935,0.0215823817752095),
 .UNSPECIFIED.);
#90=B_SPLINE_CURVE_WITH_KNOTS('',3,(#14239,#14240,#14241,#14242,#14243),
 .UNSPECIFIED.,.F.,.F.,(4,1,4),(0.,0.0108890875934935,0.0215823817752095),
 .UNSPECIFIED.);
#91=B_SPLINE_CURVE_WITH_KNOTS('',3,(#14255,#14256,#14257,#14258,#14259),
 .UNSPECIFIED.,.F.,.F.,(4,1,4),(0.,0.014249390858226,0.0295666740967489),
 .UNSPECIFIED.);
#92=B_SPLINE_CURVE_WITH_KNOTS('',3,(#14262,#14263,#14264,#14265,#14266),
 .UNSPECIFIED.,.F.,.F.,(4,1,4),(0.,0.014249390858226,0.0295666740967489),
 .UNSPECIFIED.);
#93=B_SPLINE_CURVE_WITH_KNOTS('',3,(#14278,#14279,#14280,#14281,#14282),
 .UNSPECIFIED.,.F.,.F.,(4,1,4),(0.,0.014201920629884,0.0280290783559464),
 .UNSPECIFIED.);
#94=B_SPLINE_CURVE_WITH_KNOTS('',3,(#14285,#14286,#14287,#14288,#14289),
 .UNSPECIFIED.,.F.,.F.,(4,1,4),(0.,0.014201920629884,0.0280290783559464),
 .UNSPECIFIED.);
#95=B_SPLINE_CURVE_WITH_KNOTS('',3,(#14301,#14302,#14303,#14304,#14305),
 .UNSPECIFIED.,.F.,.F.,(4,1,4),(0.,0.0174289287328877,0.0328484561931464),
 .UNSPECIFIED.);
#96=B_SPLINE_CURVE_WITH_KNOTS('',3,(#14308,#14309,#14310,#14311,#14312),
 .UNSPECIFIED.,.F.,.F.,(4,1,4),(0.,0.0174289287328877,0.0328484561931464),
 .UNSPECIFIED.);
#97=B_SPLINE_CURVE_WITH_KNOTS('',3,(#14324,#14325,#14326,#14327,#14328),
 .UNSPECIFIED.,.F.,.F.,(4,1,4),(0.,0.0231779726428465,0.0432295435011856),
 .UNSPECIFIED.);
#98=B_SPLINE_CURVE_WITH_KNOTS('',3,(#14331,#14332,#14333,#14334,#14335),
 .UNSPECIFIED.,.F.,.F.,(4,1,4),(0.,0.0231779726428465,0.0432295435011856),
 .UNSPECIFIED.);
#99=B_SPLINE_CURVE_WITH_KNOTS('',3,(#14365,#14366,#14367,#14368,#14369),
 .UNSPECIFIED.,.F.,.F.,(4,1,4),(0.,0.0269594569578908,0.0571008862678511),
 .UNSPECIFIED.);
#100=B_SPLINE_CURVE_WITH_KNOTS('',3,(#14372,#14373,#14374,#14375,#14376),
 .UNSPECIFIED.,.F.,.F.,(4,1,4),(0.,0.0269594569578908,0.0571008862678511),
 .UNSPECIFIED.);
#101=B_SPLINE_CURVE_WITH_KNOTS('',3,(#14388,#14389,#14390,#14391,#14392),
 .UNSPECIFIED.,.F.,.F.,(4,1,4),(0.,0.0245863523709298,0.0496760539478138),
 .UNSPECIFIED.);
#102=B_SPLINE_CURVE_WITH_KNOTS('',3,(#14395,#14396,#14397,#14398,#14399),
 .UNSPECIFIED.,.F.,.F.,(4,1,4),(0.,0.0245863523709298,0.0496760539478138),
 .UNSPECIFIED.);
#103=B_SPLINE_CURVE_WITH_KNOTS('',3,(#14411,#14412,#14413,#14414,#14415),
 .UNSPECIFIED.,.F.,.F.,(4,1,4),(0.,0.0275250841694168,0.0529818568396353),
 .UNSPECIFIED.);
#104=B_SPLINE_CURVE_WITH_KNOTS('',3,(#14418,#14419,#14420,#14421,#14422),
 .UNSPECIFIED.,.F.,.F.,(4,1,4),(0.,0.0275250841694168,0.0529818568396353),
 .UNSPECIFIED.);
#105=B_SPLINE_CURVE_WITH_KNOTS('',3,(#14434,#14435,#14436,#14437,#14438),
 .UNSPECIFIED.,.F.,.F.,(4,1,4),(0.,0.0331463061644624,0.0633445856676117),
 .UNSPECIFIED.);
#106=B_SPLINE_CURVE_WITH_KNOTS('',3,(#14441,#14442,#14443,#14444,#14445),
 .UNSPECIFIED.,.F.,.F.,(4,1,4),(0.,0.0331463061644624,0.0633445856676117),
 .UNSPECIFIED.);
#107=B_SPLINE_CURVE_WITH_KNOTS('',3,(#14457,#14458,#14459,#14460,#14461),
 .UNSPECIFIED.,.F.,.F.,(4,1,4),(0.,0.0189067593244372,0.037946266768264),
 .UNSPECIFIED.);
#108=B_SPLINE_CURVE_WITH_KNOTS('',3,(#14464,#14465,#14466,#14467,#14468),
 .UNSPECIFIED.,.F.,.F.,(4,1,4),(0.,0.0189067593244372,0.037946266768264),
 .UNSPECIFIED.);
#109=B_SPLINE_CURVE_WITH_KNOTS('',3,(#14480,#14481,#14482,#14483,#14484),
 .UNSPECIFIED.,.F.,.F.,(4,1,4),(0.,0.0178698372851364,0.0363938429486992),
 .UNSPECIFIED.);
#110=B_SPLINE_CURVE_WITH_KNOTS('',3,(#14487,#14488,#14489,#14490,#14491),
 .UNSPECIFIED.,.F.,.F.,(4,1,4),(0.,0.0178698372851364,0.0363938429486992),
 .UNSPECIFIED.);
#111=B_SPLINE_CURVE_WITH_KNOTS('',3,(#14503,#14504,#14505,#14506,#14507),
 .UNSPECIFIED.,.F.,.F.,(4,1,4),(0.,0.0164582400756752,0.0336420338752697),
 .UNSPECIFIED.);
#112=B_SPLINE_CURVE_WITH_KNOTS('',3,(#14510,#14511,#14512,#14513,#14514),
 .UNSPECIFIED.,.F.,.F.,(4,1,4),(0.,0.0164582400756752,0.0336420338752697),
 .UNSPECIFIED.);
#113=B_SPLINE_CURVE_WITH_KNOTS('',3,(#14526,#14527,#14528,#14529,#14530),
 .UNSPECIFIED.,.F.,.F.,(4,1,4),(0.,0.014093884686489,0.0295248433443597),
 .UNSPECIFIED.);
#114=B_SPLINE_CURVE_WITH_KNOTS('',3,(#14533,#14534,#14535,#14536,#14537),
 .UNSPECIFIED.,.F.,.F.,(4,1,4),(0.,0.014093884686489,0.0295248433443597),
 .UNSPECIFIED.);
#115=B_SPLINE_CURVE_WITH_KNOTS('',3,(#14555,#14556,#14557,#14558,#14559),
 .UNSPECIFIED.,.F.,.F.,(4,1,4),(0.,0.0332713748993514,0.0684682171669937),
 .UNSPECIFIED.);
#116=B_SPLINE_CURVE_WITH_KNOTS('',3,(#14562,#14563,#14564,#14565,#14566),
 .UNSPECIFIED.,.F.,.F.,(4,1,4),(0.,0.0332713748993514,0.0684682171669937),
 .UNSPECIFIED.);
#117=B_SPLINE_CURVE_WITH_KNOTS('',3,(#14578,#14579,#14580,#14581,#14582),
 .UNSPECIFIED.,.F.,.F.,(4,1,4),(0.,0.0323291695407778,0.064593079652397),
 .UNSPECIFIED.);
#118=B_SPLINE_CURVE_WITH_KNOTS('',3,(#14585,#14586,#14587,#14588,#14589),
 .UNSPECIFIED.,.F.,.F.,(4,1,4),(0.,0.0323291695407778,0.064593079652397),
 .UNSPECIFIED.);
#119=B_SPLINE_CURVE_WITH_KNOTS('',3,(#14601,#14602,#14603,#14604,#14605),
 .UNSPECIFIED.,.F.,.F.,(4,1,4),(0.,0.0315324748491033,0.0708872883222237),
 .UNSPECIFIED.);
#120=B_SPLINE_CURVE_WITH_KNOTS('',3,(#14608,#14609,#14610,#14611,#14612),
 .UNSPECIFIED.,.F.,.F.,(4,1,4),(0.,0.0315324748491033,0.0708872883222237),
 .UNSPECIFIED.);
#121=B_SPLINE_CURVE_WITH_KNOTS('',3,(#14624,#14625,#14626,#14627,#14628),
 .UNSPECIFIED.,.F.,.F.,(4,1,4),(0.,0.0311332154690761,0.0600615487715702),
 .UNSPECIFIED.);
#122=B_SPLINE_CURVE_WITH_KNOTS('',3,(#14631,#14632,#14633,#14634,#14635),
 .UNSPECIFIED.,.F.,.F.,(4,1,4),(0.,0.0311332154690761,0.0600615487715702),
 .UNSPECIFIED.);
#123=B_SPLINE_CURVE_WITH_KNOTS('',3,(#14659,#14660,#14661,#14662,#14663),
 .UNSPECIFIED.,.F.,.F.,(4,1,4),(0.,0.058691118702435,0.133023414417488),
 .UNSPECIFIED.);
#124=B_SPLINE_CURVE_WITH_KNOTS('',3,(#14666,#14667,#14668,#14669,#14670),
 .UNSPECIFIED.,.F.,.F.,(4,1,4),(0.,0.058691118702435,0.133023414417488),
 .UNSPECIFIED.);
#125=B_SPLINE_CURVE_WITH_KNOTS('',3,(#14682,#14683,#14684,#14685,#14686),
 .UNSPECIFIED.,.F.,.F.,(4,1,4),(0.,0.0526133964244631,0.10321746745169),
 .UNSPECIFIED.);
#126=B_SPLINE_CURVE_WITH_KNOTS('',3,(#14689,#14690,#14691,#14692,#14693),
 .UNSPECIFIED.,.F.,.F.,(4,1,4),(0.,0.0526133964244631,0.10321746745169),
 .UNSPECIFIED.);
#127=B_SPLINE_CURVE_WITH_KNOTS('',3,(#14705,#14706,#14707,#14708,#14709),
 .UNSPECIFIED.,.F.,.F.,(4,1,4),(0.,0.0214216424902046,0.0439663600301716),
 .UNSPECIFIED.);
#128=B_SPLINE_CURVE_WITH_KNOTS('',3,(#14712,#14713,#14714,#14715,#14716),
 .UNSPECIFIED.,.F.,.F.,(4,1,4),(0.,0.0214216424902046,0.0439663600301716),
 .UNSPECIFIED.);
#129=B_SPLINE_CURVE_WITH_KNOTS('',3,(#14728,#14729,#14730,#14731,#14732),
 .UNSPECIFIED.,.F.,.F.,(4,1,4),(0.,0.0206954745279726,0.0413975839928015),
 .UNSPECIFIED.);
#130=B_SPLINE_CURVE_WITH_KNOTS('',3,(#14735,#14736,#14737,#14738,#14739),
 .UNSPECIFIED.,.F.,.F.,(4,1,4),(0.,0.0206954745279726,0.0413975839928015),
 .UNSPECIFIED.);
#131=B_SPLINE_CURVE_WITH_KNOTS('',3,(#14751,#14752,#14753,#14754,#14755),
 .UNSPECIFIED.,.F.,.F.,(4,1,4),(0.,0.0235096926183658,0.0451346855623195),
 .UNSPECIFIED.);
#132=B_SPLINE_CURVE_WITH_KNOTS('',3,(#14758,#14759,#14760,#14761,#14762),
 .UNSPECIFIED.,.F.,.F.,(4,1,4),(0.,0.0235096926183658,0.0451346855623195),
 .UNSPECIFIED.);
#133=B_SPLINE_CURVE_WITH_KNOTS('',3,(#14774,#14775,#14776,#14777,#14778),
 .UNSPECIFIED.,.F.,.F.,(4,1,4),(0.,0.0305813424562642,0.0570713006707459),
 .UNSPECIFIED.);
#134=B_SPLINE_CURVE_WITH_KNOTS('',3,(#14781,#14782,#14783,#14784,#14785),
 .UNSPECIFIED.,.F.,.F.,(4,1,4),(0.,0.0305813424562642,0.0570713006707459),
 .UNSPECIFIED.);
#135=B_SPLINE_CURVE_WITH_KNOTS('',3,(#14797,#14798,#14799,#14800,#14801),
 .UNSPECIFIED.,.F.,.F.,(4,1,4),(0.,0.0347112833574552,0.0696460079487901),
 .UNSPECIFIED.);
#136=B_SPLINE_CURVE_WITH_KNOTS('',3,(#14804,#14805,#14806,#14807,#14808),
 .UNSPECIFIED.,.F.,.F.,(4,1,4),(0.,0.0347112833574552,0.0696460079487901),
 .UNSPECIFIED.);
#137=B_SPLINE_CURVE_WITH_KNOTS('',3,(#14820,#14821,#14822,#14823,#14824),
 .UNSPECIFIED.,.F.,.F.,(4,1,4),(0.,0.0413653985096053,0.0781933653698358),
 .UNSPECIFIED.);
#138=B_SPLINE_CURVE_WITH_KNOTS('',3,(#14827,#14828,#14829,#14830,#14831),
 .UNSPECIFIED.,.F.,.F.,(4,1,4),(0.,0.0413653985096053,0.0781933653698358),
 .UNSPECIFIED.);
#139=B_SPLINE_CURVE_WITH_KNOTS('',3,(#14854,#14855,#14856,#14857,#14858),
 .UNSPECIFIED.,.F.,.F.,(4,1,4),(0.,0.176831956871085,0.367135916631744),
 .UNSPECIFIED.);
#140=B_SPLINE_CURVE_WITH_KNOTS('',3,(#14862,#14863,#14864,#14865,#14866),
 .UNSPECIFIED.,.F.,.F.,(4,1,4),(0.,0.176831956871085,0.367135916631744),
 .UNSPECIFIED.);
#141=B_SPLINE_CURVE_WITH_KNOTS('',3,(#14879,#14880,#14881,#14882,#14883),
 .UNSPECIFIED.,.F.,.F.,(4,1,4),(0.,0.0867389226564375,0.173302156052095),
 .UNSPECIFIED.);
#142=B_SPLINE_CURVE_WITH_KNOTS('',3,(#14886,#14887,#14888,#14889,#14890),
 .UNSPECIFIED.,.F.,.F.,(4,1,4),(0.,0.0867389226564375,0.173302156052095),
 .UNSPECIFIED.);
#143=B_SPLINE_CURVE_WITH_KNOTS('',3,(#14902,#14903,#14904,#14905,#14906),
 .UNSPECIFIED.,.F.,.F.,(4,1,4),(0.,0.0996795026580907,0.190944130578202),
 .UNSPECIFIED.);
#144=B_SPLINE_CURVE_WITH_KNOTS('',3,(#14909,#14910,#14911,#14912,#14913),
 .UNSPECIFIED.,.F.,.F.,(4,1,4),(0.,0.0996795026580907,0.190944130578202),
 .UNSPECIFIED.);
#145=B_SPLINE_CURVE_WITH_KNOTS('',3,(#14931,#14932,#14933,#14934,#14935),
 .UNSPECIFIED.,.F.,.F.,(4,1,4),(0.,0.0615828826628631,0.129244643274298),
 .UNSPECIFIED.);
#146=B_SPLINE_CURVE_WITH_KNOTS('',3,(#14938,#14939,#14940,#14941,#14942),
 .UNSPECIFIED.,.F.,.F.,(4,1,4),(0.,0.0615828826628631,0.129244643274298),
 .UNSPECIFIED.);
#147=B_SPLINE_CURVE_WITH_KNOTS('',3,(#14954,#14955,#14956,#14957,#14958),
 .UNSPECIFIED.,.F.,.F.,(4,1,4),(0.,0.0525023327766812,0.109072950370293),
 .UNSPECIFIED.);
#148=B_SPLINE_CURVE_WITH_KNOTS('',3,(#14961,#14962,#14963,#14964,#14965),
 .UNSPECIFIED.,.F.,.F.,(4,1,4),(0.,0.0525023327766812,0.109072950370293),
 .UNSPECIFIED.);
#149=B_SPLINE_CURVE_WITH_KNOTS('',3,(#14977,#14978,#14979,#14980,#14981),
 .UNSPECIFIED.,.F.,.F.,(4,1,4),(0.,0.046322392232927,0.0954290965805221),
 .UNSPECIFIED.);
#150=B_SPLINE_CURVE_WITH_KNOTS('',3,(#14984,#14985,#14986,#14987,#14988),
 .UNSPECIFIED.,.F.,.F.,(4,1,4),(0.,0.046322392232927,0.0954290965805221),
 .UNSPECIFIED.);
#151=B_SPLINE_CURVE_WITH_KNOTS('',3,(#15000,#15001,#15002,#15003,#15004),
 .UNSPECIFIED.,.F.,.F.,(4,1,4),(0.,0.0421336855968989,0.0861994030661047),
 .UNSPECIFIED.);
#152=B_SPLINE_CURVE_WITH_KNOTS('',3,(#15007,#15008,#15009,#15010,#15011),
 .UNSPECIFIED.,.F.,.F.,(4,1,4),(0.,0.0421336855968989,0.0861994030661047),
 .UNSPECIFIED.);
#153=B_SPLINE_CURVE_WITH_KNOTS('',3,(#15023,#15024,#15025,#15026,#15027),
 .UNSPECIFIED.,.F.,.F.,(4,1,4),(0.,0.217399281773332,0.413319829360622),
 .UNSPECIFIED.);
#154=B_SPLINE_CURVE_WITH_KNOTS('',3,(#15030,#15031,#15032,#15033,#15034),
 .UNSPECIFIED.,.F.,.F.,(4,1,4),(0.,0.217399281773332,0.413319829360622),
 .UNSPECIFIED.);
#155=B_SPLINE_CURVE_WITH_KNOTS('',3,(#15051,#15052,#15053,#15054,#15055),
 .UNSPECIFIED.,.F.,.F.,(4,1,4),(0.,0.010047297919259,0.020210459935843),
 .UNSPECIFIED.);
#156=B_SPLINE_CURVE_WITH_KNOTS('',3,(#15059,#15060,#15061,#15062,#15063),
 .UNSPECIFIED.,.F.,.F.,(4,1,4),(0.,0.010047297919259,0.020210459935843),
 .UNSPECIFIED.);
#157=B_SPLINE_CURVE_WITH_KNOTS('',3,(#15076,#15077,#15078,#15079,#15080),
 .UNSPECIFIED.,.F.,.F.,(4,1,4),(0.,0.0100562848643094,0.0200862132961209),
 .UNSPECIFIED.);
#158=B_SPLINE_CURVE_WITH_KNOTS('',3,(#15083,#15084,#15085,#15086,#15087),
 .UNSPECIFIED.,.F.,.F.,(4,1,4),(0.,0.0100562848643094,0.0200862132961209),
 .UNSPECIFIED.);
#159=B_SPLINE_CURVE_WITH_KNOTS('',3,(#15099,#15100,#15101,#15102,#15103),
 .UNSPECIFIED.,.F.,.F.,(4,1,4),(0.,0.0107109263305202,0.0209663640065262),
 .UNSPECIFIED.);
#160=B_SPLINE_CURVE_WITH_KNOTS('',3,(#15106,#15107,#15108,#15109,#15110),
 .UNSPECIFIED.,.F.,.F.,(4,1,4),(0.,0.0107109263305202,0.0209663640065262),
 .UNSPECIFIED.);
#161=B_SPLINE_CURVE_WITH_KNOTS('',3,(#15122,#15123,#15124,#15125,#15126),
 .UNSPECIFIED.,.F.,.F.,(4,1,4),(0.,0.0103011696046122,0.0207740690790055),
 .UNSPECIFIED.);
#162=B_SPLINE_CURVE_WITH_KNOTS('',3,(#15129,#15130,#15131,#15132,#15133),
 .UNSPECIFIED.,.F.,.F.,(4,1,4),(0.,0.0103011696046122,0.0207740690790055),
 .UNSPECIFIED.);
#163=B_SPLINE_CURVE_WITH_KNOTS('',3,(#15145,#15146,#15147,#15148,#15149),
 .UNSPECIFIED.,.F.,.F.,(4,1,4),(0.,0.0100670995406854,0.0202498230335359),
 .UNSPECIFIED.);
#164=B_SPLINE_CURVE_WITH_KNOTS('',3,(#15152,#15153,#15154,#15155,#15156),
 .UNSPECIFIED.,.F.,.F.,(4,1,4),(0.,0.0100670995406854,0.0202498230335359),
 .UNSPECIFIED.);
#165=B_SPLINE_CURVE_WITH_KNOTS('',3,(#15168,#15169,#15170,#15171,#15172),
 .UNSPECIFIED.,.F.,.F.,(4,1,4),(0.,0.0101631620165841,0.020210479084488),
 .UNSPECIFIED.);
#166=B_SPLINE_CURVE_WITH_KNOTS('',3,(#15175,#15176,#15177,#15178,#15179),
 .UNSPECIFIED.,.F.,.F.,(4,1,4),(0.,0.0101631620165841,0.020210479084488),
 .UNSPECIFIED.);
#167=B_SPLINE_CURVE_WITH_KNOTS('',3,(#15191,#15192,#15193,#15194,#15195),
 .UNSPECIFIED.,.F.,.F.,(4,1,4),(0.,0.0107585210219188,0.0211512069044193),
 .UNSPECIFIED.);
#168=B_SPLINE_CURVE_WITH_KNOTS('',3,(#15198,#15199,#15200,#15201,#15202),
 .UNSPECIFIED.,.F.,.F.,(4,1,4),(0.,0.0107585210219188,0.0211512069044193),
 .UNSPECIFIED.);
#169=B_SPLINE_CURVE_WITH_KNOTS('',3,(#15214,#15215,#15216,#15217,#15218),
 .UNSPECIFIED.,.F.,.F.,(4,1,4),(0.,0.0103926945215388,0.0211512127616979),
 .UNSPECIFIED.);
#170=B_SPLINE_CURVE_WITH_KNOTS('',3,(#15221,#15222,#15223,#15224,#15225),
 .UNSPECIFIED.,.F.,.F.,(4,1,4),(0.,0.0103926945215388,0.0211512127616979),
 .UNSPECIFIED.);
#171=B_SPLINE_CURVE_WITH_KNOTS('',3,(#15237,#15238,#15239,#15240,#15241),
 .UNSPECIFIED.,.F.,.F.,(4,1,4),(0.,0.0100473170679039,0.020210479084488),
 .UNSPECIFIED.);
#172=B_SPLINE_CURVE_WITH_KNOTS('',3,(#15244,#15245,#15246,#15247,#15248),
 .UNSPECIFIED.,.F.,.F.,(4,1,4),(0.,0.0100473170679039,0.020210479084488),
 .UNSPECIFIED.);
#173=B_SPLINE_CURVE_WITH_KNOTS('',3,(#15260,#15261,#15262,#15263,#15264),
 .UNSPECIFIED.,.F.,.F.,(4,1,4),(0.,0.0101827638000526,0.0202498214380477),
 .UNSPECIFIED.);
#174=B_SPLINE_CURVE_WITH_KNOTS('',3,(#15267,#15268,#15269,#15270,#15271),
 .UNSPECIFIED.,.F.,.F.,(4,1,4),(0.,0.0101827638000526,0.0202498214380477),
 .UNSPECIFIED.);
#175=B_SPLINE_CURVE_WITH_KNOTS('',3,(#15283,#15284,#15285,#15286,#15287),
 .UNSPECIFIED.,.F.,.F.,(4,1,4),(0.,0.0104729009032162,0.0207740835816045),
 .UNSPECIFIED.);
#176=B_SPLINE_CURVE_WITH_KNOTS('',3,(#15290,#15291,#15292,#15293,#15294),
 .UNSPECIFIED.,.F.,.F.,(4,1,4),(0.,0.0104729009032162,0.0207740835816045),
 .UNSPECIFIED.);
#177=B_SPLINE_CURVE_WITH_KNOTS('',3,(#15306,#15307,#15308,#15309,#15310),
 .UNSPECIFIED.,.F.,.F.,(4,1,4),(0.,0.0102554508080818,0.0209663785356724),
 .UNSPECIFIED.);
#178=B_SPLINE_CURVE_WITH_KNOTS('',3,(#15313,#15314,#15315,#15316,#15317),
 .UNSPECIFIED.,.F.,.F.,(4,1,4),(0.,0.0102554508080818,0.0209663785356724),
 .UNSPECIFIED.);
#179=B_SPLINE_CURVE_WITH_KNOTS('',3,(#15329,#15330,#15331,#15332,#15333),
 .UNSPECIFIED.,.F.,.F.,(4,1,4),(0.,0.010029909676263,0.0200862087121093),
 .UNSPECIFIED.);
#180=B_SPLINE_CURVE_WITH_KNOTS('',3,(#15336,#15337,#15338,#15339,#15340),
 .UNSPECIFIED.,.F.,.F.,(4,1,4),(0.,0.010029909676263,0.0200862087121093),
 .UNSPECIFIED.);
#181=B_SPLINE_CURVE_WITH_KNOTS('',3,(#15352,#15353,#15354,#15355,#15356),
 .UNSPECIFIED.,.F.,.F.,(4,1,4),(0.,0.0101631620165841,0.020210459935843),
 .UNSPECIFIED.);
#182=B_SPLINE_CURVE_WITH_KNOTS('',3,(#15359,#15360,#15361,#15362,#15363),
 .UNSPECIFIED.,.F.,.F.,(4,1,4),(0.,0.0101631620165841,0.020210459935843),
 .UNSPECIFIED.);
#183=B_SPLINE_CURVE_WITH_KNOTS('',3,(#15375,#15376,#15377,#15378,#15379),
 .UNSPECIFIED.,.F.,.F.,(4,1,4),(0.,0.0107585210219188,0.0211512069044193),
 .UNSPECIFIED.);
#184=B_SPLINE_CURVE_WITH_KNOTS('',3,(#15382,#15383,#15384,#15385,#15386),
 .UNSPECIFIED.,.F.,.F.,(4,1,4),(0.,0.0107585210219188,0.0211512069044193),
 .UNSPECIFIED.);
#185=B_SPLINE_CURVE_WITH_KNOTS('',3,(#15397,#15398,#15399,#15400,#15401),
 .UNSPECIFIED.,.F.,.F.,(4,1,4),(0.,0.0103926858825006,0.0211512069044193),
 .UNSPECIFIED.);
#186=B_SPLINE_CURVE_WITH_KNOTS('',3,(#15402,#15403,#15404,#15405,#15406),
 .UNSPECIFIED.,.F.,.F.,(4,1,4),(0.,0.0103926858825006,0.0211512069044193),
 .UNSPECIFIED.);
#187=B_SPLINE_CURVE_WITH_KNOTS('',3,(#15420,#15421,#15422,#15423,#15424),
 .UNSPECIFIED.,.F.,.F.,(4,1,4),(0.,0.0921524075367821,0.191032624468891),
 .UNSPECIFIED.);
#188=B_SPLINE_CURVE_WITH_KNOTS('',3,(#15428,#15429,#15430,#15431,#15432),
 .UNSPECIFIED.,.F.,.F.,(4,1,4),(0.,0.0921524075367821,0.191032624468891),
 .UNSPECIFIED.);
#189=B_SPLINE_CURVE_WITH_KNOTS('',3,(#15445,#15446,#15447,#15448,#15449),
 .UNSPECIFIED.,.F.,.F.,(4,1,4),(0.,0.0875345899366586,0.17572550135804),
 .UNSPECIFIED.);
#190=B_SPLINE_CURVE_WITH_KNOTS('',3,(#15452,#15453,#15454,#15455,#15456),
 .UNSPECIFIED.,.F.,.F.,(4,1,4),(0.,0.0875345899366586,0.17572550135804),
 .UNSPECIFIED.);
#191=B_SPLINE_CURVE_WITH_KNOTS('',3,(#15468,#15469,#15470,#15471,#15472),
 .UNSPECIFIED.,.F.,.F.,(4,1,4),(0.,0.19039395310427,0.364721960815371),
 .UNSPECIFIED.);
#192=B_SPLINE_CURVE_WITH_KNOTS('',3,(#15475,#15476,#15477,#15478,#15479),
 .UNSPECIFIED.,.F.,.F.,(4,1,4),(0.,0.19039395310427,0.364721960815371),
 .UNSPECIFIED.);
#193=B_SPLINE_CURVE_WITH_KNOTS('',3,(#15497,#15498,#15499,#15500,#15501),
 .UNSPECIFIED.,.F.,.F.,(4,1,4),(0.,0.0596909369944838,0.124038651669999),
 .UNSPECIFIED.);
#194=B_SPLINE_CURVE_WITH_KNOTS('',3,(#15504,#15505,#15506,#15507,#15508),
 .UNSPECIFIED.,.F.,.F.,(4,1,4),(0.,0.0596909369944838,0.124038651669999),
 .UNSPECIFIED.);
#195=B_SPLINE_CURVE_WITH_KNOTS('',3,(#15520,#15521,#15522,#15523,#15524),
 .UNSPECIFIED.,.F.,.F.,(4,1,4),(0.,0.0522318669132942,0.107882254887407),
 .UNSPECIFIED.);
#196=B_SPLINE_CURVE_WITH_KNOTS('',3,(#15527,#15528,#15529,#15530,#15531),
 .UNSPECIFIED.,.F.,.F.,(4,1,4),(0.,0.0522318669132942,0.107882254887407),
 .UNSPECIFIED.);
#197=B_SPLINE_CURVE_WITH_KNOTS('',3,(#15543,#15544,#15545,#15546,#15547),
 .UNSPECIFIED.,.F.,.F.,(4,1,4),(0.,0.0477419379671946,0.0973559384772187),
 .UNSPECIFIED.);
#198=B_SPLINE_CURVE_WITH_KNOTS('',3,(#15550,#15551,#15552,#15553,#15554),
 .UNSPECIFIED.,.F.,.F.,(4,1,4),(0.,0.0477419379671946,0.0973559384772187),
 .UNSPECIFIED.);
#199=B_SPLINE_CURVE_WITH_KNOTS('',3,(#15566,#15567,#15568,#15569,#15570),
 .UNSPECIFIED.,.F.,.F.,(4,1,4),(0.,0.0463007306566627,0.0929788020737914),
 .UNSPECIFIED.);
#200=B_SPLINE_CURVE_WITH_KNOTS('',3,(#15573,#15574,#15575,#15576,#15577),
 .UNSPECIFIED.,.F.,.F.,(4,1,4),(0.,0.0463007306566627,0.0929788020737914),
 .UNSPECIFIED.);
#201=B_SPLINE_CURVE_WITH_KNOTS('',3,(#15589,#15590,#15591,#15592,#15593),
 .UNSPECIFIED.,.F.,.F.,(4,1,4),(0.,0.216944135926729,0.411187728251867),
 .UNSPECIFIED.);
#202=B_SPLINE_CURVE_WITH_KNOTS('',3,(#15596,#15597,#15598,#15599,#15600),
 .UNSPECIFIED.,.F.,.F.,(4,1,4),(0.,0.216944135926729,0.411187728251867),
 .UNSPECIFIED.);
#203=B_SPLINE_SURFACE_WITH_KNOTS('',3,1,((#13281,#13282),(#13283,#13284),
(#13285,#13286),(#13287,#13288),(#13289,#13290)),.UNSPECIFIED.,.F.,.F.,
 .F.,(4,1,4),(2,2),(0.,0.0491394869175316,0.094095443990579),(0.,0.04),
 .UNSPECIFIED.);
#204=B_SPLINE_SURFACE_WITH_KNOTS('',3,1,((#13307,#13308),(#13309,#13310),
(#13311,#13312),(#13313,#13314),(#13315,#13316)),.UNSPECIFIED.,.F.,.F.,
 .F.,(4,1,4),(2,2),(0.,0.0200249940447609,0.0396568085276685),(0.,0.04),
 .UNSPECIFIED.);
#205=B_SPLINE_SURFACE_WITH_KNOTS('',3,1,((#13330,#13331),(#13332,#13333),
(#13334,#13335),(#13336,#13337),(#13338,#13339)),.UNSPECIFIED.,.F.,.F.,
 .F.,(4,1,4),(2,2),(0.,0.0185773880811004,0.0382366356522443),(0.,0.04),
 .UNSPECIFIED.);
#206=B_SPLINE_SURFACE_WITH_KNOTS('',3,1,((#13359,#13360),(#13361,#13362),
(#13363,#13364),(#13365,#13366),(#13367,#13368)),.UNSPECIFIED.,.F.,.F.,
 .F.,(4,1,4),(2,2),(0.,0.0402084113966741,0.0895177382387904),(0.,0.04),
 .UNSPECIFIED.);
#207=B_SPLINE_SURFACE_WITH_KNOTS('',3,1,((#13382,#13383),(#13384,#13385),
(#13386,#13387),(#13388,#13389),(#13390,#13391)),.UNSPECIFIED.,.F.,.F.,
 .F.,(4,1,4),(2,2),(0.,0.026571971520552,0.0587798406362384),(0.,0.04),
 .UNSPECIFIED.);
#208=B_SPLINE_SURFACE_WITH_KNOTS('',3,1,((#13405,#13406),(#13407,#13408),
(#13409,#13410),(#13411,#13412),(#13413,#13414)),.UNSPECIFIED.,.F.,.F.,
 .F.,(4,1,4),(2,2),(0.,0.035645792704106,0.0699649695193277),(0.,0.04),
 .UNSPECIFIED.);
#209=B_SPLINE_SURFACE_WITH_KNOTS('',3,1,((#13428,#13429),(#13430,#13431),
(#13432,#13433),(#13434,#13435),(#13436,#13437)),.UNSPECIFIED.,.F.,.F.,
 .F.,(4,1,4),(2,2),(0.,0.0609934957885913,0.106731439067537),(0.,0.04),
 .UNSPECIFIED.);
#210=B_SPLINE_SURFACE_WITH_KNOTS('',3,1,((#13451,#13452),(#13453,#13454),
(#13455,#13456),(#13457,#13458),(#13459,#13460)),.UNSPECIFIED.,.F.,.F.,
 .F.,(4,1,4),(2,2),(0.,0.0505771342804726,0.116054531553163),(0.,0.04),
 .UNSPECIFIED.);
#211=B_SPLINE_SURFACE_WITH_KNOTS('',3,1,((#13471,#13472),(#13473,#13474),
(#13475,#13476),(#13477,#13478),(#13479,#13480)),.UNSPECIFIED.,.F.,.F.,
 .F.,(4,1,4),(2,2),(0.,0.0312094256026905,0.0655079944922067),(0.,0.04),
 .UNSPECIFIED.);
#212=B_SPLINE_SURFACE_WITH_KNOTS('',3,1,((#13497,#13498),(#13499,#13500),
(#13501,#13502),(#13503,#13504),(#13505,#13506)),.UNSPECIFIED.,.F.,.F.,
 .F.,(4,1,4),(2,2),(0.,0.0283229857907259,0.0574061895774907),(0.,0.04),
 .UNSPECIFIED.);
#213=B_SPLINE_SURFACE_WITH_KNOTS('',3,1,((#13520,#13521),(#13522,#13523),
(#13524,#13525),(#13526,#13527),(#13528,#13529)),.UNSPECIFIED.,.F.,.F.,
 .F.,(4,1,4),(2,2),(0.,0.0311302053852989,0.0600552479133252),(0.,0.04),
 .UNSPECIFIED.);
#214=B_SPLINE_SURFACE_WITH_KNOTS('',3,1,((#13543,#13544),(#13545,#13546),
(#13547,#13548),(#13549,#13550),(#13551,#13552)),.UNSPECIFIED.,.F.,.F.,
 .F.,(4,1,4),(2,2),(0.,0.0368829919223034,0.0737412282566208),(0.,0.04),
 .UNSPECIFIED.);
#215=B_SPLINE_SURFACE_WITH_KNOTS('',3,1,((#13566,#13567),(#13568,#13569),
(#13570,#13571),(#13572,#13573),(#13574,#13575)),.UNSPECIFIED.,.F.,.F.,
 .F.,(4,1,4),(2,2),(0.,0.0457246479012898,0.0856948847575103),(0.,0.04),
 .UNSPECIFIED.);
#216=B_SPLINE_SURFACE_WITH_KNOTS('',3,1,((#13619,#13620),(#13621,#13622),
(#13623,#13624),(#13625,#13626),(#13627,#13628)),.UNSPECIFIED.,.F.,.F.,
 .F.,(4,1,4),(2,2),(0.,0.0178926997084942,0.035776805940973),(0.,0.04),
 .UNSPECIFIED.);
#217=B_SPLINE_SURFACE_WITH_KNOTS('',3,1,((#13642,#13643),(#13644,#13645),
(#13646,#13647),(#13648,#13649),(#13650,#13651)),.UNSPECIFIED.,.F.,.F.,
 .F.,(4,1,4),(2,2),(0.,0.0182282664413186,0.0362428861751114),(0.,0.04),
 .UNSPECIFIED.);
#218=B_SPLINE_SURFACE_WITH_KNOTS('',3,1,((#13665,#13666),(#13667,#13668),
(#13669,#13670),(#13671,#13672),(#13673,#13674)),.UNSPECIFIED.,.F.,.F.,
 .F.,(4,1,4),(2,2),(0.,0.0379735096985701,0.0786185858794375),(0.,0.04),
 .UNSPECIFIED.);
#219=B_SPLINE_SURFACE_WITH_KNOTS('',3,1,((#13688,#13689),(#13690,#13691),
(#13692,#13693),(#13694,#13695),(#13696,#13697)),.UNSPECIFIED.,.F.,.F.,
 .F.,(4,1,4),(2,2),(0.,0.0356229662541337,0.0718548288234669),(0.,0.04),
 .UNSPECIFIED.);
#220=B_SPLINE_SURFACE_WITH_KNOTS('',3,1,((#13711,#13712),(#13713,#13714),
(#13715,#13716),(#13717,#13718),(#13719,#13720)),.UNSPECIFIED.,.F.,.F.,
 .F.,(4,1,4),(2,2),(0.,0.0386621893513487,0.0751102200391812),(0.,0.04),
 .UNSPECIFIED.);
#221=B_SPLINE_SURFACE_WITH_KNOTS('',3,1,((#13734,#13735),(#13736,#13737),
(#13738,#13739),(#13740,#13741),(#13742,#13743)),.UNSPECIFIED.,.F.,.F.,
 .F.,(4,1,4),(2,2),(0.,0.0463623432334629,0.0883702787939064),(0.,0.04),
 .UNSPECIFIED.);
#222=B_SPLINE_SURFACE_WITH_KNOTS('',3,1,((#13757,#13758),(#13759,#13760),
(#13761,#13762),(#13763,#13764),(#13765,#13766)),.UNSPECIFIED.,.F.,.F.,
 .F.,(4,1,4),(2,2),(0.,0.0376408515558089,0.0786283812222056),(0.,0.04),
 .UNSPECIFIED.);
#223=B_SPLINE_SURFACE_WITH_KNOTS('',3,1,((#13778,#13779),(#13780,#13781),
(#13782,#13783),(#13784,#13785),(#13786,#13787)),.UNSPECIFIED.,.F.,.F.,
 .F.,(4,1,4),(2,2),(0.,0.0539153273587301,0.098226120244657),(0.,0.04),
 .UNSPECIFIED.);
#224=B_SPLINE_SURFACE_WITH_KNOTS('',3,1,((#13822,#13823),(#13824,#13825),
(#13826,#13827),(#13828,#13829),(#13830,#13831)),.UNSPECIFIED.,.F.,.F.,
 .F.,(4,1,4),(2,2),(0.,0.0424297976357016,0.0931897579467721),(0.,0.04),
 .UNSPECIFIED.);
#225=B_SPLINE_SURFACE_WITH_KNOTS('',3,1,((#13845,#13846),(#13847,#13848),
(#13849,#13850),(#13851,#13852),(#13853,#13854)),.UNSPECIFIED.,.F.,.F.,
 .F.,(4,1,4),(2,2),(0.,0.0432845158094923,0.082506419007781),(0.,0.04),
 .UNSPECIFIED.);
#226=B_SPLINE_SURFACE_WITH_KNOTS('',3,1,((#13868,#13869),(#13870,#13871),
(#13872,#13873),(#13874,#13875),(#13876,#13877)),.UNSPECIFIED.,.F.,.F.,
 .F.,(4,1,4),(2,2),(0.,0.0412692261751722,0.0887461357408904),(0.,0.04),
 .UNSPECIFIED.);
#227=B_SPLINE_SURFACE_WITH_KNOTS('',3,1,((#13888,#13889),(#13890,#13891),
(#13892,#13893),(#13894,#13895),(#13896,#13897)),.UNSPECIFIED.,.F.,.F.,
 .F.,(4,1,4),(2,2),(0.,0.0313145066534235,0.0632258477458106),(0.,0.04),
 .UNSPECIFIED.);
#228=B_SPLINE_SURFACE_WITH_KNOTS('',3,1,((#13914,#13915),(#13916,#13917),
(#13918,#13919),(#13920,#13921),(#13922,#13923)),.UNSPECIFIED.,.F.,.F.,
 .F.,(4,1,4),(2,2),(0.,0.0337519735020402,0.065810548651554),(0.,0.04),
 .UNSPECIFIED.);
#229=B_SPLINE_SURFACE_WITH_KNOTS('',3,1,((#13937,#13938),(#13939,#13940),
(#13941,#13942),(#13943,#13944),(#13945,#13946)),.UNSPECIFIED.,.F.,.F.,
 .F.,(4,1,4),(2,2),(0.,0.0364007447370844,0.0717557455217109),(0.,0.04),
 .UNSPECIFIED.);
#230=B_SPLINE_SURFACE_WITH_KNOTS('',3,1,((#13990,#13991),(#13992,#13993),
(#13994,#13995),(#13996,#13997),(#13998,#13999)),.UNSPECIFIED.,.F.,.F.,
 .F.,(4,1,4),(2,2),(0.,0.0425825247010469,0.0911156549088812),(0.,0.04),
 .UNSPECIFIED.);
#231=B_SPLINE_SURFACE_WITH_KNOTS('',3,1,((#14013,#14014),(#14015,#14016),
(#14017,#14018),(#14019,#14020),(#14021,#14022)),.UNSPECIFIED.,.F.,.F.,
 .F.,(4,1,4),(2,2),(0.,0.0348484613884963,0.07297880313756),(0.,0.04),
 .UNSPECIFIED.);
#232=B_SPLINE_SURFACE_WITH_KNOTS('',3,1,((#14036,#14037),(#14038,#14039),
(#14040,#14041),(#14042,#14043),(#14044,#14045)),.UNSPECIFIED.,.F.,.F.,
 .F.,(4,1,4),(2,2),(0.,0.0319947651971857,0.0648368029245404),(0.,0.04),
 .UNSPECIFIED.);
#233=B_SPLINE_SURFACE_WITH_KNOTS('',3,1,((#14059,#14060),(#14061,#14062),
(#14063,#14064),(#14065,#14066),(#14067,#14068)),.UNSPECIFIED.,.F.,.F.,
 .F.,(4,1,4),(2,2),(0.,0.0305957775408564,0.061973545502469),(0.,0.04),
 .UNSPECIFIED.);
#234=B_SPLINE_SURFACE_WITH_KNOTS('',3,1,((#14082,#14083),(#14084,#14085),
(#14086,#14087),(#14088,#14089),(#14090,#14091)),.UNSPECIFIED.,.F.,.F.,
 .F.,(4,1,4),(2,2),(0.,0.0342126383575179,0.0729445051562905),(0.,0.04),
 .UNSPECIFIED.);
#235=B_SPLINE_SURFACE_WITH_KNOTS('',3,1,((#14103,#14104),(#14105,#14106),
(#14107,#14108),(#14109,#14110),(#14111,#14112)),.UNSPECIFIED.,.F.,.F.,
 .F.,(4,1,4),(2,2),(0.,0.0353960760738743,0.076793758859526),(0.,0.04),
 .UNSPECIFIED.);
#236=B_SPLINE_SURFACE_WITH_KNOTS('',3,1,((#14129,#14130),(#14131,#14132),
(#14133,#14134),(#14135,#14136),(#14137,#14138)),.UNSPECIFIED.,.F.,.F.,
 .F.,(4,1,4),(2,2),(0.,0.0248733820127033,0.0547435115988518),(0.,0.04),
 .UNSPECIFIED.);
#237=B_SPLINE_SURFACE_WITH_KNOTS('',3,1,((#14152,#14153),(#14154,#14155),
(#14156,#14157),(#14158,#14159),(#14160,#14161)),.UNSPECIFIED.,.F.,.F.,
 .F.,(4,1,4),(2,2),(0.,0.014010437961317,0.0303093734688876),(0.,0.04),
 .UNSPECIFIED.);
#238=B_SPLINE_SURFACE_WITH_KNOTS('',3,1,((#14175,#14176),(#14177,#14178),
(#14179,#14180),(#14181,#14182),(#14183,#14184)),.UNSPECIFIED.,.F.,.F.,
 .F.,(4,1,4),(2,2),(0.,0.0112618875006158,0.0236021003881504),(0.,0.04),
 .UNSPECIFIED.);
#239=B_SPLINE_SURFACE_WITH_KNOTS('',3,1,((#14198,#14199),(#14200,#14201),
(#14202,#14203),(#14204,#14205),(#14206,#14207)),.UNSPECIFIED.,.F.,.F.,
 .F.,(4,1,4),(2,2),(0.,0.0105674810617246,0.0212624471388244),(0.,0.04),
 .UNSPECIFIED.);
#240=B_SPLINE_SURFACE_WITH_KNOTS('',3,1,((#14221,#14222),(#14223,#14224),
(#14225,#14226),(#14227,#14228),(#14229,#14230)),.UNSPECIFIED.,.F.,.F.,
 .F.,(4,1,4),(2,2),(0.,0.0108890875934935,0.0215823817752095),(0.,0.04),
 .UNSPECIFIED.);
#241=B_SPLINE_SURFACE_WITH_KNOTS('',3,1,((#14244,#14245),(#14246,#14247),
(#14248,#14249),(#14250,#14251),(#14252,#14253)),.UNSPECIFIED.,.F.,.F.,
 .F.,(4,1,4),(2,2),(0.,0.014249390858226,0.0295666740967489),(0.,0.04),
 .UNSPECIFIED.);
#242=B_SPLINE_SURFACE_WITH_KNOTS('',3,1,((#14267,#14268),(#14269,#14270),
(#14271,#14272),(#14273,#14274),(#14275,#14276)),.UNSPECIFIED.,.F.,.F.,
 .F.,(4,1,4),(2,2),(0.,0.014201920629884,0.0280290783559464),(0.,0.04),
 .UNSPECIFIED.);
#243=B_SPLINE_SURFACE_WITH_KNOTS('',3,1,((#14290,#14291),(#14292,#14293),
(#14294,#14295),(#14296,#14297),(#14298,#14299)),.UNSPECIFIED.,.F.,.F.,
 .F.,(4,1,4),(2,2),(0.,0.0174289287328877,0.0328484561931464),(0.,0.04),
 .UNSPECIFIED.);
#244=B_SPLINE_SURFACE_WITH_KNOTS('',3,1,((#14313,#14314),(#14315,#14316),
(#14317,#14318),(#14319,#14320),(#14321,#14322)),.UNSPECIFIED.,.F.,.F.,
 .F.,(4,1,4),(2,2),(0.,0.0231779726428465,0.0432295435011856),(0.,0.04),
 .UNSPECIFIED.);
#245=B_SPLINE_SURFACE_WITH_KNOTS('',3,1,((#14354,#14355),(#14356,#14357),
(#14358,#14359),(#14360,#14361),(#14362,#14363)),.UNSPECIFIED.,.F.,.F.,
 .F.,(4,1,4),(2,2),(0.,0.0269594569578908,0.0571008862678511),(0.,0.04),
 .UNSPECIFIED.);
#246=B_SPLINE_SURFACE_WITH_KNOTS('',3,1,((#14377,#14378),(#14379,#14380),
(#14381,#14382),(#14383,#14384),(#14385,#14386)),.UNSPECIFIED.,.F.,.F.,
 .F.,(4,1,4),(2,2),(0.,0.0245863523709298,0.0496760539478138),(0.,0.04),
 .UNSPECIFIED.);
#247=B_SPLINE_SURFACE_WITH_KNOTS('',3,1,((#14400,#14401),(#14402,#14403),
(#14404,#14405),(#14406,#14407),(#14408,#14409)),.UNSPECIFIED.,.F.,.F.,
 .F.,(4,1,4),(2,2),(0.,0.0275250841694168,0.0529818568396353),(0.,0.04),
 .UNSPECIFIED.);
#248=B_SPLINE_SURFACE_WITH_KNOTS('',3,1,((#14423,#14424),(#14425,#14426),
(#14427,#14428),(#14429,#14430),(#14431,#14432)),.UNSPECIFIED.,.F.,.F.,
 .F.,(4,1,4),(2,2),(0.,0.0331463061644624,0.0633445856676117),(0.,0.04),
 .UNSPECIFIED.);
#249=B_SPLINE_SURFACE_WITH_KNOTS('',3,1,((#14446,#14447),(#14448,#14449),
(#14450,#14451),(#14452,#14453),(#14454,#14455)),.UNSPECIFIED.,.F.,.F.,
 .F.,(4,1,4),(2,2),(0.,0.0189067593244372,0.037946266768264),(0.,0.04),
 .UNSPECIFIED.);
#250=B_SPLINE_SURFACE_WITH_KNOTS('',3,1,((#14469,#14470),(#14471,#14472),
(#14473,#14474),(#14475,#14476),(#14477,#14478)),.UNSPECIFIED.,.F.,.F.,
 .F.,(4,1,4),(2,2),(0.,0.0178698372851364,0.0363938429486992),(0.,0.04),
 .UNSPECIFIED.);
#251=B_SPLINE_SURFACE_WITH_KNOTS('',3,1,((#14492,#14493),(#14494,#14495),
(#14496,#14497),(#14498,#14499),(#14500,#14501)),.UNSPECIFIED.,.F.,.F.,
 .F.,(4,1,4),(2,2),(0.,0.0164582400756752,0.0336420338752697),(0.,0.04),
 .UNSPECIFIED.);
#252=B_SPLINE_SURFACE_WITH_KNOTS('',3,1,((#14515,#14516),(#14517,#14518),
(#14519,#14520),(#14521,#14522),(#14523,#14524)),.UNSPECIFIED.,.F.,.F.,
 .F.,(4,1,4),(2,2),(0.,0.014093884686489,0.0295248433443597),(0.,0.04),
 .UNSPECIFIED.);
#253=B_SPLINE_SURFACE_WITH_KNOTS('',3,1,((#14544,#14545),(#14546,#14547),
(#14548,#14549),(#14550,#14551),(#14552,#14553)),.UNSPECIFIED.,.F.,.F.,
 .F.,(4,1,4),(2,2),(0.,0.0332713748993514,0.0684682171669937),(0.,0.04),
 .UNSPECIFIED.);
#254=B_SPLINE_SURFACE_WITH_KNOTS('',3,1,((#14567,#14568),(#14569,#14570),
(#14571,#14572),(#14573,#14574),(#14575,#14576)),.UNSPECIFIED.,.F.,.F.,
 .F.,(4,1,4),(2,2),(0.,0.0323291695407778,0.064593079652397),(0.,0.04),
 .UNSPECIFIED.);
#255=B_SPLINE_SURFACE_WITH_KNOTS('',3,1,((#14590,#14591),(#14592,#14593),
(#14594,#14595),(#14596,#14597),(#14598,#14599)),.UNSPECIFIED.,.F.,.F.,
 .F.,(4,1,4),(2,2),(0.,0.0315324748491033,0.0708872883222237),(0.,0.04),
 .UNSPECIFIED.);
#256=B_SPLINE_SURFACE_WITH_KNOTS('',3,1,((#14613,#14614),(#14615,#14616),
(#14617,#14618),(#14619,#14620),(#14621,#14622)),.UNSPECIFIED.,.F.,.F.,
 .F.,(4,1,4),(2,2),(0.,0.0311332154690761,0.0600615487715702),(0.,0.04),
 .UNSPECIFIED.);
#257=B_SPLINE_SURFACE_WITH_KNOTS('',3,1,((#14648,#14649),(#14650,#14651),
(#14652,#14653),(#14654,#14655),(#14656,#14657)),.UNSPECIFIED.,.F.,.F.,
 .F.,(4,1,4),(2,2),(0.,0.058691118702435,0.133023414417488),(0.,0.04),
 .UNSPECIFIED.);
#258=B_SPLINE_SURFACE_WITH_KNOTS('',3,1,((#14671,#14672),(#14673,#14674),
(#14675,#14676),(#14677,#14678),(#14679,#14680)),.UNSPECIFIED.,.F.,.F.,
 .F.,(4,1,4),(2,2),(0.,0.0526133964244631,0.10321746745169),(0.,0.04),
 .UNSPECIFIED.);
#259=B_SPLINE_SURFACE_WITH_KNOTS('',3,1,((#14694,#14695),(#14696,#14697),
(#14698,#14699),(#14700,#14701),(#14702,#14703)),.UNSPECIFIED.,.F.,.F.,
 .F.,(4,1,4),(2,2),(0.,0.0214216424902046,0.0439663600301716),(0.,0.04),
 .UNSPECIFIED.);
#260=B_SPLINE_SURFACE_WITH_KNOTS('',3,1,((#14717,#14718),(#14719,#14720),
(#14721,#14722),(#14723,#14724),(#14725,#14726)),.UNSPECIFIED.,.F.,.F.,
 .F.,(4,1,4),(2,2),(0.,0.0206954745279726,0.0413975839928015),(0.,0.04),
 .UNSPECIFIED.);
#261=B_SPLINE_SURFACE_WITH_KNOTS('',3,1,((#14740,#14741),(#14742,#14743),
(#14744,#14745),(#14746,#14747),(#14748,#14749)),.UNSPECIFIED.,.F.,.F.,
 .F.,(4,1,4),(2,2),(0.,0.0235096926183658,0.0451346855623195),(0.,0.04),
 .UNSPECIFIED.);
#262=B_SPLINE_SURFACE_WITH_KNOTS('',3,1,((#14763,#14764),(#14765,#14766),
(#14767,#14768),(#14769,#14770),(#14771,#14772)),.UNSPECIFIED.,.F.,.F.,
 .F.,(4,1,4),(2,2),(0.,0.0305813424562642,0.0570713006707459),(0.,0.04),
 .UNSPECIFIED.);
#263=B_SPLINE_SURFACE_WITH_KNOTS('',3,1,((#14786,#14787),(#14788,#14789),
(#14790,#14791),(#14792,#14793),(#14794,#14795)),.UNSPECIFIED.,.F.,.F.,
 .F.,(4,1,4),(2,2),(0.,0.0347112833574552,0.0696460079487901),(0.,0.04),
 .UNSPECIFIED.);
#264=B_SPLINE_SURFACE_WITH_KNOTS('',3,1,((#14809,#14810),(#14811,#14812),
(#14813,#14814),(#14815,#14816),(#14817,#14818)),.UNSPECIFIED.,.F.,.F.,
 .F.,(4,1,4),(2,2),(0.,0.0413653985096053,0.0781933653698358),(0.,0.04),
 .UNSPECIFIED.);
#265=B_SPLINE_SURFACE_WITH_KNOTS('',3,1,((#14842,#14843),(#14844,#14845),
(#14846,#14847),(#14848,#14849),(#14850,#14851)),.UNSPECIFIED.,.F.,.F.,
 .F.,(4,1,4),(2,2),(0.,0.176831956871085,0.367135916631744),(0.,0.04),
 .UNSPECIFIED.);
#266=B_SPLINE_SURFACE_WITH_KNOTS('',3,1,((#14868,#14869),(#14870,#14871),
(#14872,#14873),(#14874,#14875),(#14876,#14877)),.UNSPECIFIED.,.F.,.F.,
 .F.,(4,1,4),(2,2),(0.,0.0867389226564375,0.173302156052095),(0.,0.04),
 .UNSPECIFIED.);
#267=B_SPLINE_SURFACE_WITH_KNOTS('',3,1,((#14891,#14892),(#14893,#14894),
(#14895,#14896),(#14897,#14898),(#14899,#14900)),.UNSPECIFIED.,.F.,.F.,
 .F.,(4,1,4),(2,2),(0.,0.0996795026580907,0.190944130578202),(0.,0.04),
 .UNSPECIFIED.);
#268=B_SPLINE_SURFACE_WITH_KNOTS('',3,1,((#14920,#14921),(#14922,#14923),
(#14924,#14925),(#14926,#14927),(#14928,#14929)),.UNSPECIFIED.,.F.,.F.,
 .F.,(4,1,4),(2,2),(0.,0.0615828826628631,0.129244643274298),(0.,0.04),
 .UNSPECIFIED.);
#269=B_SPLINE_SURFACE_WITH_KNOTS('',3,1,((#14943,#14944),(#14945,#14946),
(#14947,#14948),(#14949,#14950),(#14951,#14952)),.UNSPECIFIED.,.F.,.F.,
 .F.,(4,1,4),(2,2),(0.,0.0525023327766812,0.109072950370293),(0.,0.04),
 .UNSPECIFIED.);
#270=B_SPLINE_SURFACE_WITH_KNOTS('',3,1,((#14966,#14967),(#14968,#14969),
(#14970,#14971),(#14972,#14973),(#14974,#14975)),.UNSPECIFIED.,.F.,.F.,
 .F.,(4,1,4),(2,2),(0.,0.046322392232927,0.0954290965805221),(0.,0.04),
 .UNSPECIFIED.);
#271=B_SPLINE_SURFACE_WITH_KNOTS('',3,1,((#14989,#14990),(#14991,#14992),
(#14993,#14994),(#14995,#14996),(#14997,#14998)),.UNSPECIFIED.,.F.,.F.,
 .F.,(4,1,4),(2,2),(0.,0.0421336855968989,0.0861994030661047),(0.,0.04),
 .UNSPECIFIED.);
#272=B_SPLINE_SURFACE_WITH_KNOTS('',3,1,((#15012,#15013),(#15014,#15015),
(#15016,#15017),(#15018,#15019),(#15020,#15021)),.UNSPECIFIED.,.F.,.F.,
 .F.,(4,1,4),(2,2),(0.,0.217399281773332,0.413319829360622),(0.,0.04),
 .UNSPECIFIED.);
#273=B_SPLINE_SURFACE_WITH_KNOTS('',3,1,((#15039,#15040),(#15041,#15042),
(#15043,#15044),(#15045,#15046),(#15047,#15048)),.UNSPECIFIED.,.F.,.F.,
 .F.,(4,1,4),(2,2),(0.,0.010047297919259,0.020210459935843),(0.,0.04),
 .UNSPECIFIED.);
#274=B_SPLINE_SURFACE_WITH_KNOTS('',3,1,((#15065,#15066),(#15067,#15068),
(#15069,#15070),(#15071,#15072),(#15073,#15074)),.UNSPECIFIED.,.F.,.F.,
 .F.,(4,1,4),(2,2),(0.,0.0100562848643094,0.0200862132961209),(0.,0.04),
 .UNSPECIFIED.);
#275=B_SPLINE_SURFACE_WITH_KNOTS('',3,1,((#15088,#15089),(#15090,#15091),
(#15092,#15093),(#15094,#15095),(#15096,#15097)),.UNSPECIFIED.,.F.,.F.,
 .F.,(4,1,4),(2,2),(0.,0.0107109263305202,0.0209663640065262),(0.,0.04),
 .UNSPECIFIED.);
#276=B_SPLINE_SURFACE_WITH_KNOTS('',3,1,((#15111,#15112),(#15113,#15114),
(#15115,#15116),(#15117,#15118),(#15119,#15120)),.UNSPECIFIED.,.F.,.F.,
 .F.,(4,1,4),(2,2),(0.,0.0103011696046122,0.0207740690790055),(0.,0.04),
 .UNSPECIFIED.);
#277=B_SPLINE_SURFACE_WITH_KNOTS('',3,1,((#15134,#15135),(#15136,#15137),
(#15138,#15139),(#15140,#15141),(#15142,#15143)),.UNSPECIFIED.,.F.,.F.,
 .F.,(4,1,4),(2,2),(0.,0.0100670995406854,0.0202498230335359),(0.,0.04),
 .UNSPECIFIED.);
#278=B_SPLINE_SURFACE_WITH_KNOTS('',3,1,((#15157,#15158),(#15159,#15160),
(#15161,#15162),(#15163,#15164),(#15165,#15166)),.UNSPECIFIED.,.F.,.F.,
 .F.,(4,1,4),(2,2),(0.,0.0101631620165841,0.020210479084488),(0.,0.04),
 .UNSPECIFIED.);
#279=B_SPLINE_SURFACE_WITH_KNOTS('',3,1,((#15180,#15181),(#15182,#15183),
(#15184,#15185),(#15186,#15187),(#15188,#15189)),.UNSPECIFIED.,.F.,.F.,
 .F.,(4,1,4),(2,2),(0.,0.0107585210219188,0.0211512069044193),(0.,0.04),
 .UNSPECIFIED.);
#280=B_SPLINE_SURFACE_WITH_KNOTS('',3,1,((#15203,#15204),(#15205,#15206),
(#15207,#15208),(#15209,#15210),(#15211,#15212)),.UNSPECIFIED.,.F.,.F.,
 .F.,(4,1,4),(2,2),(0.,0.0103926945215388,0.0211512127616979),(0.,0.04),
 .UNSPECIFIED.);
#281=B_SPLINE_SURFACE_WITH_KNOTS('',3,1,((#15226,#15227),(#15228,#15229),
(#15230,#15231),(#15232,#15233),(#15234,#15235)),.UNSPECIFIED.,.F.,.F.,
 .F.,(4,1,4),(2,2),(0.,0.0100473170679039,0.020210479084488),(0.,0.04),
 .UNSPECIFIED.);
#282=B_SPLINE_SURFACE_WITH_KNOTS('',3,1,((#15249,#15250),(#15251,#15252),
(#15253,#15254),(#15255,#15256),(#15257,#15258)),.UNSPECIFIED.,.F.,.F.,
 .F.,(4,1,4),(2,2),(0.,0.0101827638000526,0.0202498214380477),(0.,0.04),
 .UNSPECIFIED.);
#283=B_SPLINE_SURFACE_WITH_KNOTS('',3,1,((#15272,#15273),(#15274,#15275),
(#15276,#15277),(#15278,#15279),(#15280,#15281)),.UNSPECIFIED.,.F.,.F.,
 .F.,(4,1,4),(2,2),(0.,0.0104729009032162,0.0207740835816045),(0.,0.04),
 .UNSPECIFIED.);
#284=B_SPLINE_SURFACE_WITH_KNOTS('',3,1,((#15295,#15296),(#15297,#15298),
(#15299,#15300),(#15301,#15302),(#15303,#15304)),.UNSPECIFIED.,.F.,.F.,
 .F.,(4,1,4),(2,2),(0.,0.0102554508080818,0.0209663785356724),(0.,0.04),
 .UNSPECIFIED.);
#285=B_SPLINE_SURFACE_WITH_KNOTS('',3,1,((#15318,#15319),(#15320,#15321),
(#15322,#15323),(#15324,#15325),(#15326,#15327)),.UNSPECIFIED.,.F.,.F.,
 .F.,(4,1,4),(2,2),(0.,0.010029909676263,0.0200862087121093),(0.,0.04),
 .UNSPECIFIED.);
#286=B_SPLINE_SURFACE_WITH_KNOTS('',3,1,((#15341,#15342),(#15343,#15344),
(#15345,#15346),(#15347,#15348),(#15349,#15350)),.UNSPECIFIED.,.F.,.F.,
 .F.,(4,1,4),(2,2),(0.,0.0101631620165841,0.020210459935843),(0.,0.04),
 .UNSPECIFIED.);
#287=B_SPLINE_SURFACE_WITH_KNOTS('',3,1,((#15364,#15365),(#15366,#15367),
(#15368,#15369),(#15370,#15371),(#15372,#15373)),.UNSPECIFIED.,.F.,.F.,
 .F.,(4,1,4),(2,2),(0.,0.0107585210219188,0.0211512069044193),(0.,0.04),
 .UNSPECIFIED.);
#288=B_SPLINE_SURFACE_WITH_KNOTS('',3,1,((#15387,#15388),(#15389,#15390),
(#15391,#15392),(#15393,#15394),(#15395,#15396)),.UNSPECIFIED.,.F.,.F.,
 .F.,(4,1,4),(2,2),(0.,0.0103926858825006,0.0211512069044193),(0.,0.04),
 .UNSPECIFIED.);
#289=B_SPLINE_SURFACE_WITH_KNOTS('',3,1,((#15408,#15409),(#15410,#15411),
(#15412,#15413),(#15414,#15415),(#15416,#15417)),.UNSPECIFIED.,.F.,.F.,
 .F.,(4,1,4),(2,2),(0.,0.0921524075367821,0.191032624468891),(0.,0.04),
 .UNSPECIFIED.);
#290=B_SPLINE_SURFACE_WITH_KNOTS('',3,1,((#15434,#15435),(#15436,#15437),
(#15438,#15439),(#15440,#15441),(#15442,#15443)),.UNSPECIFIED.,.F.,.F.,
 .F.,(4,1,4),(2,2),(0.,0.0875345899366586,0.17572550135804),(0.,0.04),
 .UNSPECIFIED.);
#291=B_SPLINE_SURFACE_WITH_KNOTS('',3,1,((#15457,#15458),(#15459,#15460),
(#15461,#15462),(#15463,#15464),(#15465,#15466)),.UNSPECIFIED.,.F.,.F.,
 .F.,(4,1,4),(2,2),(0.,0.19039395310427,0.364721960815371),(0.,0.04),
 .UNSPECIFIED.);
#292=B_SPLINE_SURFACE_WITH_KNOTS('',3,1,((#15486,#15487),(#15488,#15489),
(#15490,#15491),(#15492,#15493),(#15494,#15495)),.UNSPECIFIED.,.F.,.F.,
 .F.,(4,1,4),(2,2),(0.,0.0596909369944838,0.124038651669999),(0.,0.04),
 .UNSPECIFIED.);
#293=B_SPLINE_SURFACE_WITH_KNOTS('',3,1,((#15509,#15510),(#15511,#15512),
(#15513,#15514),(#15515,#15516),(#15517,#15518)),.UNSPECIFIED.,.F.,.F.,
 .F.,(4,1,4),(2,2),(0.,0.0522318669132942,0.107882254887407),(0.,0.04),
 .UNSPECIFIED.);
#294=B_SPLINE_SURFACE_WITH_KNOTS('',3,1,((#15532,#15533),(#15534,#15535),
(#15536,#15537),(#15538,#15539),(#15540,#15541)),.UNSPECIFIED.,.F.,.F.,
 .F.,(4,1,4),(2,2),(0.,0.0477419379671946,0.0973559384772187),(0.,0.04),
 .UNSPECIFIED.);
#295=B_SPLINE_SURFACE_WITH_KNOTS('',3,1,((#15555,#15556),(#15557,#15558),
(#15559,#15560),(#15561,#15562),(#15563,#15564)),.UNSPECIFIED.,.F.,.F.,
 .F.,(4,1,4),(2,2),(0.,0.0463007306566627,0.0929788020737914),(0.,0.04),
 .UNSPECIFIED.);
#296=B_SPLINE_SURFACE_WITH_KNOTS('',3,1,((#15578,#15579),(#15580,#15581),
(#15582,#15583),(#15584,#15585),(#15586,#15587)),.UNSPECIFIED.,.F.,.F.,
 .F.,(4,1,4),(2,2),(0.,0.216944135926729,0.411187728251867),(0.,0.04),
 .UNSPECIFIED.);
#297=CONICAL_SURFACE('',#9469,0.749999999999993,0.785398163397457);
#298=SHAPE_REPRESENTATION_RELATIONSHIP('SRR','None',#15858,#300);
#299=SHAPE_REPRESENTATION_RELATIONSHIP('SRR','None',#15857,#301);
#300=ADVANCED_BREP_SHAPE_REPRESENTATION('',(#304),#15846);
#301=ADVANCED_BREP_SHAPE_REPRESENTATION('',(#305),#15845);
#302=STYLED_ITEM('',(#15872),#304);
#303=STYLED_ITEM('',(#15871),#305);
#304=MANIFOLD_SOLID_BREP('Body1',#9030);
#305=MANIFOLD_SOLID_BREP('Body6',#9031);
#306=FACE_BOUND('',#1171,.T.);
#307=FACE_BOUND('',#1174,.T.);
#308=FACE_BOUND('',#1177,.T.);
#309=FACE_BOUND('',#1180,.T.);
#310=FACE_BOUND('',#1187,.T.);
#311=FACE_BOUND('',#1188,.T.);
#312=FACE_BOUND('',#1189,.T.);
#313=FACE_BOUND('',#1190,.T.);
#314=FACE_BOUND('',#1191,.T.);
#315=FACE_BOUND('',#1192,.T.);
#316=FACE_BOUND('',#1193,.T.);
#317=FACE_BOUND('',#1194,.T.);
#318=FACE_BOUND('',#1195,.T.);
#319=FACE_BOUND('',#1196,.T.);
#320=FACE_BOUND('',#1197,.T.);
#321=FACE_BOUND('',#1198,.T.);
#322=FACE_BOUND('',#1199,.T.);
#323=FACE_BOUND('',#1200,.T.);
#324=FACE_BOUND('',#1201,.T.);
#325=FACE_BOUND('',#1202,.T.);
#326=FACE_BOUND('',#1203,.T.);
#327=FACE_BOUND('',#1204,.T.);
#328=FACE_BOUND('',#1205,.T.);
#329=FACE_BOUND('',#1206,.T.);
#330=FACE_BOUND('',#1207,.T.);
#331=FACE_BOUND('',#1222,.T.);
#332=FACE_BOUND('',#1232,.T.);
#333=FACE_BOUND('',#1249,.T.);
#334=FACE_BOUND('',#1259,.T.);
#335=FACE_BOUND('',#1269,.T.);
#336=FACE_BOUND('',#1279,.T.);
#337=FACE_BOUND('',#1289,.T.);
#338=FACE_BOUND('',#1357,.T.);
#339=FACE_BOUND('',#1358,.T.);
#340=FACE_BOUND('',#1359,.T.);
#341=FACE_BOUND('',#1360,.T.);
#342=FACE_BOUND('',#1361,.T.);
#343=FACE_BOUND('',#1362,.T.);
#344=FACE_BOUND('',#1363,.T.);
#345=FACE_BOUND('',#1364,.T.);
#346=FACE_BOUND('',#1365,.T.);
#347=FACE_BOUND('',#1366,.T.);
#348=FACE_BOUND('',#1367,.T.);
#349=FACE_BOUND('',#1368,.T.);
#350=FACE_BOUND('',#1369,.T.);
#351=FACE_BOUND('',#1370,.T.);
#352=FACE_BOUND('',#1371,.T.);
#353=FACE_BOUND('',#1372,.T.);
#354=FACE_BOUND('',#1373,.T.);
#355=FACE_BOUND('',#1374,.T.);
#356=FACE_BOUND('',#1375,.T.);
#357=FACE_BOUND('',#1376,.T.);
#358=FACE_BOUND('',#1377,.T.);
#359=FACE_BOUND('',#1378,.T.);
#360=FACE_BOUND('',#1396,.T.);
#361=FACE_BOUND('',#1397,.T.);
#362=FACE_BOUND('',#1398,.T.);
#363=FACE_BOUND('',#1399,.T.);
#364=FACE_BOUND('',#1400,.T.);
#365=FACE_BOUND('',#1401,.T.);
#366=FACE_BOUND('',#1402,.T.);
#367=FACE_BOUND('',#1462,.T.);
#368=FACE_BOUND('',#1502,.T.);
#369=FACE_BOUND('',#1524,.T.);
#370=FACE_BOUND('',#1564,.T.);
#371=FACE_BOUND('',#1641,.T.);
#372=FACE_BOUND('',#1642,.T.);
#373=FACE_BOUND('',#1643,.T.);
#374=FACE_BOUND('',#1644,.T.);
#375=FACE_BOUND('',#1645,.T.);
#376=FACE_BOUND('',#1646,.T.);
#377=FACE_BOUND('',#1647,.T.);
#378=FACE_BOUND('',#1648,.T.);
#379=FACE_BOUND('',#1649,.T.);
#380=FACE_BOUND('',#1651,.T.);
#381=FACE_BOUND('',#1652,.T.);
#382=FACE_BOUND('',#1653,.T.);
#383=FACE_BOUND('',#1654,.T.);
#384=FACE_BOUND('',#1655,.T.);
#385=FACE_BOUND('',#1656,.T.);
#386=FACE_BOUND('',#1657,.T.);
#387=FACE_BOUND('',#1658,.T.);
#388=FACE_BOUND('',#1659,.T.);
#389=FACE_BOUND('',#1674,.T.);
#390=CIRCLE('',#9056,0.5);
#391=CIRCLE('',#9057,0.5);
#392=CIRCLE('',#9060,0.5);
#393=CIRCLE('',#9061,0.5);
#394=CIRCLE('',#9064,0.5);
#395=CIRCLE('',#9065,0.5);
#396=CIRCLE('',#9068,0.5);
#397=CIRCLE('',#9069,0.5);
#398=CIRCLE('',#9105,2.);
#399=CIRCLE('',#9106,2.);
#400=CIRCLE('',#9111,2.87000000000001);
#401=CIRCLE('',#9112,2.87000000000001);
#402=CIRCLE('',#9114,1.7);
#403=CIRCLE('',#9116,2.87);
#404=CIRCLE('',#9117,2.87);
#405=CIRCLE('',#9119,1.7);
#406=CIRCLE('',#9121,2.87000000000001);
#407=CIRCLE('',#9122,2.87000000000001);
#408=CIRCLE('',#9124,1.7);
#409=CIRCLE('',#9126,2.87);
#410=CIRCLE('',#9127,2.87);
#411=CIRCLE('',#9129,1.7);
#412=CIRCLE('',#9131,1.7);
#413=CIRCLE('',#9133,1.7);
#414=CIRCLE('',#9135,1.7);
#415=CIRCLE('',#9137,1.7);
#416=CIRCLE('',#9139,3.);
#417=CIRCLE('',#9140,3.);
#418=CIRCLE('',#9142,3.);
#419=CIRCLE('',#9143,3.);
#420=CIRCLE('',#9144,3.);
#421=CIRCLE('',#9145,1.99999999999999);
#422=CIRCLE('',#9146,2.);
#423=CIRCLE('',#9147,2.);
#424=CIRCLE('',#9148,2.);
#425=CIRCLE('',#9149,2.);
#426=CIRCLE('',#9150,2.);
#427=CIRCLE('',#9151,1.99999999999999);
#428=CIRCLE('',#9152,2.);
#429=CIRCLE('',#9153,2.);
#430=CIRCLE('',#9154,2.);
#431=CIRCLE('',#9155,2.);
#432=CIRCLE('',#9156,2.);
#433=CIRCLE('',#9157,2.00000000000001);
#434=CIRCLE('',#9158,2.);
#435=CIRCLE('',#9159,2.);
#436=CIRCLE('',#9160,2.);
#437=CIRCLE('',#9161,2.00000000000001);
#438=CIRCLE('',#9162,2.);
#439=CIRCLE('',#9163,2.);
#440=CIRCLE('',#9164,2.);
#441=CIRCLE('',#9165,2.);
#442=CIRCLE('',#9166,2.);
#443=CIRCLE('',#9167,2.);
#444=CIRCLE('',#9168,2.);
#445=CIRCLE('',#9169,2.00000000000001);
#446=CIRCLE('',#9170,2.);
#447=CIRCLE('',#9171,2.);
#448=CIRCLE('',#9172,2.);
#449=CIRCLE('',#9173,2.);
#450=CIRCLE('',#9174,2.);
#451=CIRCLE('',#9175,2.);
#452=CIRCLE('',#9178,3.);
#453=CIRCLE('',#9180,3.);
#454=CIRCLE('',#9183,3.);
#455=CIRCLE('',#9186,2.);
#456=CIRCLE('',#9189,2.);
#457=CIRCLE('',#9192,2.);
#458=CIRCLE('',#9195,2.);
#459=CIRCLE('',#9197,0.499999999999998);
#460=CIRCLE('',#9198,0.5);
#461=CIRCLE('',#9199,0.499999999999998);
#462=CIRCLE('',#9200,0.5);
#463=CIRCLE('',#9203,2.);
#464=CIRCLE('',#9206,2.);
#465=CIRCLE('',#9209,2.00000000000001);
#466=CIRCLE('',#9212,2.);
#467=CIRCLE('',#9214,0.5);
#468=CIRCLE('',#9215,0.499999999999998);
#469=CIRCLE('',#9216,0.5);
#470=CIRCLE('',#9217,0.499999999999998);
#471=CIRCLE('',#9220,2.);
#472=CIRCLE('',#9223,2.);
#473=CIRCLE('',#9226,1.99999999999999);
#474=CIRCLE('',#9228,0.499999999999998);
#475=CIRCLE('',#9229,0.499999999999998);
#476=CIRCLE('',#9230,0.499999999999998);
#477=CIRCLE('',#9231,0.499999999999998);
#478=CIRCLE('',#9234,2.);
#479=CIRCLE('',#9237,2.);
#480=CIRCLE('',#9240,2.);
#481=CIRCLE('',#9243,2.);
#482=CIRCLE('',#9245,0.499999999999998);
#483=CIRCLE('',#9246,0.499999999999998);
#484=CIRCLE('',#9247,0.499999999999998);
#485=CIRCLE('',#9248,0.499999999999998);
#486=CIRCLE('',#9251,2.);
#487=CIRCLE('',#9254,2.);
#488=CIRCLE('',#9257,2.00000000000001);
#489=CIRCLE('',#9260,2.);
#490=CIRCLE('',#9262,0.499999999999998);
#491=CIRCLE('',#9263,0.5);
#492=CIRCLE('',#9264,0.499999999999998);
#493=CIRCLE('',#9265,0.5);
#494=CIRCLE('',#9268,2.);
#495=CIRCLE('',#9271,2.);
#496=CIRCLE('',#9274,2.00000000000001);
#497=CIRCLE('',#9277,2.);
#498=CIRCLE('',#9279,0.5);
#499=CIRCLE('',#9280,0.5);
#500=CIRCLE('',#9281,0.5);
#501=CIRCLE('',#9282,0.5);
#502=CIRCLE('',#9285,2.);
#503=CIRCLE('',#9288,2.);
#504=CIRCLE('',#9291,2.);
#505=CIRCLE('',#9294,2.);
#506=CIRCLE('',#9296,0.499999999999998);
#507=CIRCLE('',#9297,0.499999999999998);
#508=CIRCLE('',#9298,0.499999999999998);
#509=CIRCLE('',#9299,0.499999999999998);
#510=CIRCLE('',#9302,1.99999999999999);
#511=CIRCLE('',#9305,2.);
#512=CIRCLE('',#9308,2.);
#513=CIRCLE('',#9311,2.);
#514=CIRCLE('',#9313,0.499999999999998);
#515=CIRCLE('',#9314,0.499999999999998);
#516=CIRCLE('',#9315,0.499999999999998);
#517=CIRCLE('',#9316,0.499999999999998);
#518=CIRCLE('',#9319,0.5);
#519=CIRCLE('',#9322,0.499999999999998);
#520=CIRCLE('',#9325,0.499999999999998);
#521=CIRCLE('',#9328,0.5);
#522=CIRCLE('',#9331,0.499999999999998);
#523=CIRCLE('',#9334,0.499999999999998);
#524=CIRCLE('',#9337,0.499999999999998);
#525=CIRCLE('',#9340,0.499999999999998);
#526=CIRCLE('',#9343,0.5);
#527=CIRCLE('',#9346,0.499999999999998);
#528=CIRCLE('',#9349,0.5);
#529=CIRCLE('',#9352,0.5);
#530=CIRCLE('',#9355,0.499999999999998);
#531=CIRCLE('',#9358,0.499999999999998);
#532=CIRCLE('',#9361,0.499999999999998);
#533=CIRCLE('',#9364,0.499999999999998);
#534=CIRCLE('',#9368,0.499999999999998);
#535=CIRCLE('',#9371,0.499999999999998);
#536=CIRCLE('',#9374,0.499999999999998);
#537=CIRCLE('',#9377,0.5);
#538=CIRCLE('',#9380,0.5);
#539=CIRCLE('',#9383,0.5);
#540=CIRCLE('',#9386,0.5);
#541=CIRCLE('',#9389,0.499999999999998);
#542=CIRCLE('',#9392,0.499999999999998);
#543=CIRCLE('',#9395,0.499999999999998);
#544=CIRCLE('',#9398,0.499999999999998);
#545=CIRCLE('',#9401,0.499999999999998);
#546=CIRCLE('',#9404,0.499999999999998);
#547=CIRCLE('',#9407,0.5);
#548=CIRCLE('',#9410,0.499999999999998);
#549=CIRCLE('',#9413,0.499999999999998);
#550=CIRCLE('',#9470,0.499999999999989);
#551=CIRCLE('',#9471,0.999999999999996);
#552=CYLINDRICAL_SURFACE('',#9055,0.5);
#553=CYLINDRICAL_SURFACE('',#9059,0.5);
#554=CYLINDRICAL_SURFACE('',#9063,0.5);
#555=CYLINDRICAL_SURFACE('',#9067,0.5);
#556=CYLINDRICAL_SURFACE('',#9104,2.);
#557=CYLINDRICAL_SURFACE('',#9110,2.87000000000001);
#558=CYLINDRICAL_SURFACE('',#9115,2.87);
#559=CYLINDRICAL_SURFACE('',#9120,2.87000000000001);
#560=CYLINDRICAL_SURFACE('',#9125,2.87);
#561=CYLINDRICAL_SURFACE('',#9130,1.7);
#562=CYLINDRICAL_SURFACE('',#9132,1.7);
#563=CYLINDRICAL_SURFACE('',#9134,1.7);
#564=CYLINDRICAL_SURFACE('',#9136,1.7);
#565=CYLINDRICAL_SURFACE('',#9138,3.);
#566=CYLINDRICAL_SURFACE('',#9177,3.);
#567=CYLINDRICAL_SURFACE('',#9179,3.);
#568=CYLINDRICAL_SURFACE('',#9182,3.);
#569=CYLINDRICAL_SURFACE('',#9185,2.);
#570=CYLINDRICAL_SURFACE('',#9188,2.);
#571=CYLINDRICAL_SURFACE('',#9191,2.);
#572=CYLINDRICAL_SURFACE('',#9194,2.);
#573=CYLINDRICAL_SURFACE('',#9202,2.);
#574=CYLINDRICAL_SURFACE('',#9205,2.);
#575=CYLINDRICAL_SURFACE('',#9208,2.00000000000001);
#576=CYLINDRICAL_SURFACE('',#9211,2.);
#577=CYLINDRICAL_SURFACE('',#9219,2.);
#578=CYLINDRICAL_SURFACE('',#9222,2.);
#579=CYLINDRICAL_SURFACE('',#9225,1.99999999999999);
#580=CYLINDRICAL_SURFACE('',#9233,2.);
#581=CYLINDRICAL_SURFACE('',#9236,2.);
#582=CYLINDRICAL_SURFACE('',#9239,2.);
#583=CYLINDRICAL_SURFACE('',#9242,2.);
#584=CYLINDRICAL_SURFACE('',#9250,2.);
#585=CYLINDRICAL_SURFACE('',#9253,2.);
#586=CYLINDRICAL_SURFACE('',#9256,2.00000000000001);
#587=CYLINDRICAL_SURFACE('',#9259,2.);
#588=CYLINDRICAL_SURFACE('',#9267,2.);
#589=CYLINDRICAL_SURFACE('',#9270,2.);
#590=CYLINDRICAL_SURFACE('',#9273,2.00000000000001);
#591=CYLINDRICAL_SURFACE('',#9276,2.);
#592=CYLINDRICAL_SURFACE('',#9284,2.);
#593=CYLINDRICAL_SURFACE('',#9287,2.);
#594=CYLINDRICAL_SURFACE('',#9290,2.);
#595=CYLINDRICAL_SURFACE('',#9293,2.);
#596=CYLINDRICAL_SURFACE('',#9301,1.99999999999999);
#597=CYLINDRICAL_SURFACE('',#9304,2.);
#598=CYLINDRICAL_SURFACE('',#9307,2.);
#599=CYLINDRICAL_SURFACE('',#9310,2.);
#600=CYLINDRICAL_SURFACE('',#9318,0.5);
#601=CYLINDRICAL_SURFACE('',#9321,0.499999999999998);
#602=CYLINDRICAL_SURFACE('',#9324,0.499999999999998);
#603=CYLINDRICAL_SURFACE('',#9327,0.5);
#604=CYLINDRICAL_SURFACE('',#9330,0.499999999999998);
#605=CYLINDRICAL_SURFACE('',#9333,0.499999999999998);
#606=CYLINDRICAL_SURFACE('',#9336,0.499999999999998);
#607=CYLINDRICAL_SURFACE('',#9339,0.499999999999998);
#608=CYLINDRICAL_SURFACE('',#9342,0.5);
#609=CYLINDRICAL_SURFACE('',#9345,0.499999999999998);
#610=CYLINDRICAL_SURFACE('',#9348,0.5);
#611=CYLINDRICAL_SURFACE('',#9351,0.5);
#612=CYLINDRICAL_SURFACE('',#9354,0.499999999999998);
#613=CYLINDRICAL_SURFACE('',#9357,0.499999999999998);
#614=CYLINDRICAL_SURFACE('',#9360,0.499999999999998);
#615=CYLINDRICAL_SURFACE('',#9363,0.499999999999998);
#616=CYLINDRICAL_SURFACE('',#9367,0.499999999999998);
#617=CYLINDRICAL_SURFACE('',#9370,0.499999999999998);
#618=CYLINDRICAL_SURFACE('',#9373,0.499999999999998);
#619=CYLINDRICAL_SURFACE('',#9376,0.5);
#620=CYLINDRICAL_SURFACE('',#9379,0.5);
#621=CYLINDRICAL_SURFACE('',#9382,0.5);
#622=CYLINDRICAL_SURFACE('',#9385,0.5);
#623=CYLINDRICAL_SURFACE('',#9388,0.499999999999998);
#624=CYLINDRICAL_SURFACE('',#9391,0.499999999999998);
#625=CYLINDRICAL_SURFACE('',#9394,0.499999999999998);
#626=CYLINDRICAL_SURFACE('',#9397,0.499999999999998);
#627=CYLINDRICAL_SURFACE('',#9400,0.499999999999998);
#628=CYLINDRICAL_SURFACE('',#9403,0.499999999999998);
#629=CYLINDRICAL_SURFACE('',#9406,0.5);
#630=CYLINDRICAL_SURFACE('',#9409,0.499999999999998);
#631=CYLINDRICAL_SURFACE('',#9412,0.499999999999998);
#632=FACE_OUTER_BOUND('',#1115,.T.);
#633=FACE_OUTER_BOUND('',#1116,.T.);
#634=FACE_OUTER_BOUND('',#1117,.T.);
#635=FACE_OUTER_BOUND('',#1118,.T.);
#636=FACE_OUTER_BOUND('',#1119,.T.);
#637=FACE_OUTER_BOUND('',#1120,.T.);
#638=FACE_OUTER_BOUND('',#1121,.T.);
#639=FACE_OUTER_BOUND('',#1122,.T.);
#640=FACE_OUTER_BOUND('',#1123,.T.);
#641=FACE_OUTER_BOUND('',#1124,.T.);
#642=FACE_OUTER_BOUND('',#1125,.T.);
#643=FACE_OUTER_BOUND('',#1126,.T.);
#644=FACE_OUTER_BOUND('',#1127,.T.);
#645=FACE_OUTER_BOUND('',#1128,.T.);
#646=FACE_OUTER_BOUND('',#1129,.T.);
#647=FACE_OUTER_BOUND('',#1130,.T.);
#648=FACE_OUTER_BOUND('',#1131,.T.);
#649=FACE_OUTER_BOUND('',#1132,.T.);
#650=FACE_OUTER_BOUND('',#1133,.T.);
#651=FACE_OUTER_BOUND('',#1134,.T.);
#652=FACE_OUTER_BOUND('',#1135,.T.);
#653=FACE_OUTER_BOUND('',#1136,.T.);
#654=FACE_OUTER_BOUND('',#1137,.T.);
#655=FACE_OUTER_BOUND('',#1138,.T.);
#656=FACE_OUTER_BOUND('',#1139,.T.);
#657=FACE_OUTER_BOUND('',#1140,.T.);
#658=FACE_OUTER_BOUND('',#1141,.T.);
#659=FACE_OUTER_BOUND('',#1142,.T.);
#660=FACE_OUTER_BOUND('',#1143,.T.);
#661=FACE_OUTER_BOUND('',#1144,.T.);
#662=FACE_OUTER_BOUND('',#1145,.T.);
#663=FACE_OUTER_BOUND('',#1146,.T.);
#664=FACE_OUTER_BOUND('',#1147,.T.);
#665=FACE_OUTER_BOUND('',#1148,.T.);
#666=FACE_OUTER_BOUND('',#1149,.T.);
#667=FACE_OUTER_BOUND('',#1150,.T.);
#668=FACE_OUTER_BOUND('',#1151,.T.);
#669=FACE_OUTER_BOUND('',#1152,.T.);
#670=FACE_OUTER_BOUND('',#1153,.T.);
#671=FACE_OUTER_BOUND('',#1154,.T.);
#672=FACE_OUTER_BOUND('',#1155,.T.);
#673=FACE_OUTER_BOUND('',#1156,.T.);
#674=FACE_OUTER_BOUND('',#1157,.T.);
#675=FACE_OUTER_BOUND('',#1158,.T.);
#676=FACE_OUTER_BOUND('',#1159,.T.);
#677=FACE_OUTER_BOUND('',#1160,.T.);
#678=FACE_OUTER_BOUND('',#1161,.T.);
#679=FACE_OUTER_BOUND('',#1162,.T.);
#680=FACE_OUTER_BOUND('',#1163,.T.);
#681=FACE_OUTER_BOUND('',#1164,.T.);
#682=FACE_OUTER_BOUND('',#1165,.T.);
#683=FACE_OUTER_BOUND('',#1166,.T.);
#684=FACE_OUTER_BOUND('',#1167,.T.);
#685=FACE_OUTER_BOUND('',#1168,.T.);
#686=FACE_OUTER_BOUND('',#1169,.T.);
#687=FACE_OUTER_BOUND('',#1170,.T.);
#688=FACE_OUTER_BOUND('',#1172,.T.);
#689=FACE_OUTER_BOUND('',#1173,.T.);
#690=FACE_OUTER_BOUND('',#1175,.T.);
#691=FACE_OUTER_BOUND('',#1176,.T.);
#692=FACE_OUTER_BOUND('',#1178,.T.);
#693=FACE_OUTER_BOUND('',#1179,.T.);
#694=FACE_OUTER_BOUND('',#1181,.T.);
#695=FACE_OUTER_BOUND('',#1182,.T.);
#696=FACE_OUTER_BOUND('',#1183,.T.);
#697=FACE_OUTER_BOUND('',#1184,.T.);
#698=FACE_OUTER_BOUND('',#1185,.T.);
#699=FACE_OUTER_BOUND('',#1186,.T.);
#700=FACE_OUTER_BOUND('',#1208,.T.);
#701=FACE_OUTER_BOUND('',#1209,.T.);
#702=FACE_OUTER_BOUND('',#1210,.T.);
#703=FACE_OUTER_BOUND('',#1211,.T.);
#704=FACE_OUTER_BOUND('',#1212,.T.);
#705=FACE_OUTER_BOUND('',#1213,.T.);
#706=FACE_OUTER_BOUND('',#1214,.T.);
#707=FACE_OUTER_BOUND('',#1215,.T.);
#708=FACE_OUTER_BOUND('',#1216,.T.);
#709=FACE_OUTER_BOUND('',#1217,.T.);
#710=FACE_OUTER_BOUND('',#1218,.T.);
#711=FACE_OUTER_BOUND('',#1219,.T.);
#712=FACE_OUTER_BOUND('',#1220,.T.);
#713=FACE_OUTER_BOUND('',#1221,.T.);
#714=FACE_OUTER_BOUND('',#1223,.T.);
#715=FACE_OUTER_BOUND('',#1224,.T.);
#716=FACE_OUTER_BOUND('',#1225,.T.);
#717=FACE_OUTER_BOUND('',#1226,.T.);
#718=FACE_OUTER_BOUND('',#1227,.T.);
#719=FACE_OUTER_BOUND('',#1228,.T.);
#720=FACE_OUTER_BOUND('',#1229,.T.);
#721=FACE_OUTER_BOUND('',#1230,.T.);
#722=FACE_OUTER_BOUND('',#1231,.T.);
#723=FACE_OUTER_BOUND('',#1233,.T.);
#724=FACE_OUTER_BOUND('',#1234,.T.);
#725=FACE_OUTER_BOUND('',#1235,.T.);
#726=FACE_OUTER_BOUND('',#1236,.T.);
#727=FACE_OUTER_BOUND('',#1237,.T.);
#728=FACE_OUTER_BOUND('',#1238,.T.);
#729=FACE_OUTER_BOUND('',#1239,.T.);
#730=FACE_OUTER_BOUND('',#1240,.T.);
#731=FACE_OUTER_BOUND('',#1241,.T.);
#732=FACE_OUTER_BOUND('',#1242,.T.);
#733=FACE_OUTER_BOUND('',#1243,.T.);
#734=FACE_OUTER_BOUND('',#1244,.T.);
#735=FACE_OUTER_BOUND('',#1245,.T.);
#736=FACE_OUTER_BOUND('',#1246,.T.);
#737=FACE_OUTER_BOUND('',#1247,.T.);
#738=FACE_OUTER_BOUND('',#1248,.T.);
#739=FACE_OUTER_BOUND('',#1250,.T.);
#740=FACE_OUTER_BOUND('',#1251,.T.);
#741=FACE_OUTER_BOUND('',#1252,.T.);
#742=FACE_OUTER_BOUND('',#1253,.T.);
#743=FACE_OUTER_BOUND('',#1254,.T.);
#744=FACE_OUTER_BOUND('',#1255,.T.);
#745=FACE_OUTER_BOUND('',#1256,.T.);
#746=FACE_OUTER_BOUND('',#1257,.T.);
#747=FACE_OUTER_BOUND('',#1258,.T.);
#748=FACE_OUTER_BOUND('',#1260,.T.);
#749=FACE_OUTER_BOUND('',#1261,.T.);
#750=FACE_OUTER_BOUND('',#1262,.T.);
#751=FACE_OUTER_BOUND('',#1263,.T.);
#752=FACE_OUTER_BOUND('',#1264,.T.);
#753=FACE_OUTER_BOUND('',#1265,.T.);
#754=FACE_OUTER_BOUND('',#1266,.T.);
#755=FACE_OUTER_BOUND('',#1267,.T.);
#756=FACE_OUTER_BOUND('',#1268,.T.);
#757=FACE_OUTER_BOUND('',#1270,.T.);
#758=FACE_OUTER_BOUND('',#1271,.T.);
#759=FACE_OUTER_BOUND('',#1272,.T.);
#760=FACE_OUTER_BOUND('',#1273,.T.);
#761=FACE_OUTER_BOUND('',#1274,.T.);
#762=FACE_OUTER_BOUND('',#1275,.T.);
#763=FACE_OUTER_BOUND('',#1276,.T.);
#764=FACE_OUTER_BOUND('',#1277,.T.);
#765=FACE_OUTER_BOUND('',#1278,.T.);
#766=FACE_OUTER_BOUND('',#1280,.T.);
#767=FACE_OUTER_BOUND('',#1281,.T.);
#768=FACE_OUTER_BOUND('',#1282,.T.);
#769=FACE_OUTER_BOUND('',#1283,.T.);
#770=FACE_OUTER_BOUND('',#1284,.T.);
#771=FACE_OUTER_BOUND('',#1285,.T.);
#772=FACE_OUTER_BOUND('',#1286,.T.);
#773=FACE_OUTER_BOUND('',#1287,.T.);
#774=FACE_OUTER_BOUND('',#1288,.T.);
#775=FACE_OUTER_BOUND('',#1290,.T.);
#776=FACE_OUTER_BOUND('',#1291,.T.);
#777=FACE_OUTER_BOUND('',#1292,.T.);
#778=FACE_OUTER_BOUND('',#1293,.T.);
#779=FACE_OUTER_BOUND('',#1294,.T.);
#780=FACE_OUTER_BOUND('',#1295,.T.);
#781=FACE_OUTER_BOUND('',#1296,.T.);
#782=FACE_OUTER_BOUND('',#1297,.T.);
#783=FACE_OUTER_BOUND('',#1298,.T.);
#784=FACE_OUTER_BOUND('',#1299,.T.);
#785=FACE_OUTER_BOUND('',#1300,.T.);
#786=FACE_OUTER_BOUND('',#1301,.T.);
#787=FACE_OUTER_BOUND('',#1302,.T.);
#788=FACE_OUTER_BOUND('',#1303,.T.);
#789=FACE_OUTER_BOUND('',#1304,.T.);
#790=FACE_OUTER_BOUND('',#1305,.T.);
#791=FACE_OUTER_BOUND('',#1306,.T.);
#792=FACE_OUTER_BOUND('',#1307,.T.);
#793=FACE_OUTER_BOUND('',#1308,.T.);
#794=FACE_OUTER_BOUND('',#1309,.T.);
#795=FACE_OUTER_BOUND('',#1310,.T.);
#796=FACE_OUTER_BOUND('',#1311,.T.);
#797=FACE_OUTER_BOUND('',#1312,.T.);
#798=FACE_OUTER_BOUND('',#1313,.T.);
#799=FACE_OUTER_BOUND('',#1314,.T.);
#800=FACE_OUTER_BOUND('',#1315,.T.);
#801=FACE_OUTER_BOUND('',#1316,.T.);
#802=FACE_OUTER_BOUND('',#1317,.T.);
#803=FACE_OUTER_BOUND('',#1318,.T.);
#804=FACE_OUTER_BOUND('',#1319,.T.);
#805=FACE_OUTER_BOUND('',#1320,.T.);
#806=FACE_OUTER_BOUND('',#1321,.T.);
#807=FACE_OUTER_BOUND('',#1322,.T.);
#808=FACE_OUTER_BOUND('',#1323,.T.);
#809=FACE_OUTER_BOUND('',#1324,.T.);
#810=FACE_OUTER_BOUND('',#1325,.T.);
#811=FACE_OUTER_BOUND('',#1326,.T.);
#812=FACE_OUTER_BOUND('',#1327,.T.);
#813=FACE_OUTER_BOUND('',#1328,.T.);
#814=FACE_OUTER_BOUND('',#1329,.T.);
#815=FACE_OUTER_BOUND('',#1330,.T.);
#816=FACE_OUTER_BOUND('',#1331,.T.);
#817=FACE_OUTER_BOUND('',#1332,.T.);
#818=FACE_OUTER_BOUND('',#1333,.T.);
#819=FACE_OUTER_BOUND('',#1334,.T.);
#820=FACE_OUTER_BOUND('',#1335,.T.);
#821=FACE_OUTER_BOUND('',#1336,.T.);
#822=FACE_OUTER_BOUND('',#1337,.T.);
#823=FACE_OUTER_BOUND('',#1338,.T.);
#824=FACE_OUTER_BOUND('',#1339,.T.);
#825=FACE_OUTER_BOUND('',#1340,.T.);
#826=FACE_OUTER_BOUND('',#1341,.T.);
#827=FACE_OUTER_BOUND('',#1342,.T.);
#828=FACE_OUTER_BOUND('',#1343,.T.);
#829=FACE_OUTER_BOUND('',#1344,.T.);
#830=FACE_OUTER_BOUND('',#1345,.T.);
#831=FACE_OUTER_BOUND('',#1346,.T.);
#832=FACE_OUTER_BOUND('',#1347,.T.);
#833=FACE_OUTER_BOUND('',#1348,.T.);
#834=FACE_OUTER_BOUND('',#1349,.T.);
#835=FACE_OUTER_BOUND('',#1350,.T.);
#836=FACE_OUTER_BOUND('',#1351,.T.);
#837=FACE_OUTER_BOUND('',#1352,.T.);
#838=FACE_OUTER_BOUND('',#1353,.T.);
#839=FACE_OUTER_BOUND('',#1354,.T.);
#840=FACE_OUTER_BOUND('',#1355,.T.);
#841=FACE_OUTER_BOUND('',#1356,.T.);
#842=FACE_OUTER_BOUND('',#1379,.T.);
#843=FACE_OUTER_BOUND('',#1380,.T.);
#844=FACE_OUTER_BOUND('',#1381,.T.);
#845=FACE_OUTER_BOUND('',#1382,.T.);
#846=FACE_OUTER_BOUND('',#1383,.T.);
#847=FACE_OUTER_BOUND('',#1384,.T.);
#848=FACE_OUTER_BOUND('',#1385,.T.);
#849=FACE_OUTER_BOUND('',#1386,.T.);
#850=FACE_OUTER_BOUND('',#1387,.T.);
#851=FACE_OUTER_BOUND('',#1388,.T.);
#852=FACE_OUTER_BOUND('',#1389,.T.);
#853=FACE_OUTER_BOUND('',#1390,.T.);
#854=FACE_OUTER_BOUND('',#1391,.T.);
#855=FACE_OUTER_BOUND('',#1392,.T.);
#856=FACE_OUTER_BOUND('',#1393,.T.);
#857=FACE_OUTER_BOUND('',#1394,.T.);
#858=FACE_OUTER_BOUND('',#1395,.T.);
#859=FACE_OUTER_BOUND('',#1403,.T.);
#860=FACE_OUTER_BOUND('',#1404,.T.);
#861=FACE_OUTER_BOUND('',#1405,.T.);
#862=FACE_OUTER_BOUND('',#1406,.T.);
#863=FACE_OUTER_BOUND('',#1407,.T.);
#864=FACE_OUTER_BOUND('',#1408,.T.);
#865=FACE_OUTER_BOUND('',#1409,.T.);
#866=FACE_OUTER_BOUND('',#1410,.T.);
#867=FACE_OUTER_BOUND('',#1411,.T.);
#868=FACE_OUTER_BOUND('',#1412,.T.);
#869=FACE_OUTER_BOUND('',#1413,.T.);
#870=FACE_OUTER_BOUND('',#1414,.T.);
#871=FACE_OUTER_BOUND('',#1415,.T.);
#872=FACE_OUTER_BOUND('',#1416,.T.);
#873=FACE_OUTER_BOUND('',#1417,.T.);
#874=FACE_OUTER_BOUND('',#1418,.T.);
#875=FACE_OUTER_BOUND('',#1419,.T.);
#876=FACE_OUTER_BOUND('',#1420,.T.);
#877=FACE_OUTER_BOUND('',#1421,.T.);
#878=FACE_OUTER_BOUND('',#1422,.T.);
#879=FACE_OUTER_BOUND('',#1423,.T.);
#880=FACE_OUTER_BOUND('',#1424,.T.);
#881=FACE_OUTER_BOUND('',#1425,.T.);
#882=FACE_OUTER_BOUND('',#1426,.T.);
#883=FACE_OUTER_BOUND('',#1427,.T.);
#884=FACE_OUTER_BOUND('',#1428,.T.);
#885=FACE_OUTER_BOUND('',#1429,.T.);
#886=FACE_OUTER_BOUND('',#1430,.T.);
#887=FACE_OUTER_BOUND('',#1431,.T.);
#888=FACE_OUTER_BOUND('',#1432,.T.);
#889=FACE_OUTER_BOUND('',#1433,.T.);
#890=FACE_OUTER_BOUND('',#1434,.T.);
#891=FACE_OUTER_BOUND('',#1435,.T.);
#892=FACE_OUTER_BOUND('',#1436,.T.);
#893=FACE_OUTER_BOUND('',#1437,.T.);
#894=FACE_OUTER_BOUND('',#1438,.T.);
#895=FACE_OUTER_BOUND('',#1439,.T.);
#896=FACE_OUTER_BOUND('',#1440,.T.);
#897=FACE_OUTER_BOUND('',#1441,.T.);
#898=FACE_OUTER_BOUND('',#1442,.T.);
#899=FACE_OUTER_BOUND('',#1443,.T.);
#900=FACE_OUTER_BOUND('',#1444,.T.);
#901=FACE_OUTER_BOUND('',#1445,.T.);
#902=FACE_OUTER_BOUND('',#1446,.T.);
#903=FACE_OUTER_BOUND('',#1447,.T.);
#904=FACE_OUTER_BOUND('',#1448,.T.);
#905=FACE_OUTER_BOUND('',#1449,.T.);
#906=FACE_OUTER_BOUND('',#1450,.T.);
#907=FACE_OUTER_BOUND('',#1451,.T.);
#908=FACE_OUTER_BOUND('',#1452,.T.);
#909=FACE_OUTER_BOUND('',#1453,.T.);
#910=FACE_OUTER_BOUND('',#1454,.T.);
#911=FACE_OUTER_BOUND('',#1455,.T.);
#912=FACE_OUTER_BOUND('',#1456,.T.);
#913=FACE_OUTER_BOUND('',#1457,.T.);
#914=FACE_OUTER_BOUND('',#1458,.T.);
#915=FACE_OUTER_BOUND('',#1459,.T.);
#916=FACE_OUTER_BOUND('',#1460,.T.);
#917=FACE_OUTER_BOUND('',#1461,.T.);
#918=FACE_OUTER_BOUND('',#1463,.T.);
#919=FACE_OUTER_BOUND('',#1464,.T.);
#920=FACE_OUTER_BOUND('',#1465,.T.);
#921=FACE_OUTER_BOUND('',#1466,.T.);
#922=FACE_OUTER_BOUND('',#1467,.T.);
#923=FACE_OUTER_BOUND('',#1468,.T.);
#924=FACE_OUTER_BOUND('',#1469,.T.);
#925=FACE_OUTER_BOUND('',#1470,.T.);
#926=FACE_OUTER_BOUND('',#1471,.T.);
#927=FACE_OUTER_BOUND('',#1472,.T.);
#928=FACE_OUTER_BOUND('',#1473,.T.);
#929=FACE_OUTER_BOUND('',#1474,.T.);
#930=FACE_OUTER_BOUND('',#1475,.T.);
#931=FACE_OUTER_BOUND('',#1476,.T.);
#932=FACE_OUTER_BOUND('',#1477,.T.);
#933=FACE_OUTER_BOUND('',#1478,.T.);
#934=FACE_OUTER_BOUND('',#1479,.T.);
#935=FACE_OUTER_BOUND('',#1480,.T.);
#936=FACE_OUTER_BOUND('',#1481,.T.);
#937=FACE_OUTER_BOUND('',#1482,.T.);
#938=FACE_OUTER_BOUND('',#1483,.T.);
#939=FACE_OUTER_BOUND('',#1484,.T.);
#940=FACE_OUTER_BOUND('',#1485,.T.);
#941=FACE_OUTER_BOUND('',#1486,.T.);
#942=FACE_OUTER_BOUND('',#1487,.T.);
#943=FACE_OUTER_BOUND('',#1488,.T.);
#944=FACE_OUTER_BOUND('',#1489,.T.);
#945=FACE_OUTER_BOUND('',#1490,.T.);
#946=FACE_OUTER_BOUND('',#1491,.T.);
#947=FACE_OUTER_BOUND('',#1492,.T.);
#948=FACE_OUTER_BOUND('',#1493,.T.);
#949=FACE_OUTER_BOUND('',#1494,.T.);
#950=FACE_OUTER_BOUND('',#1495,.T.);
#951=FACE_OUTER_BOUND('',#1496,.T.);
#952=FACE_OUTER_BOUND('',#1497,.T.);
#953=FACE_OUTER_BOUND('',#1498,.T.);
#954=FACE_OUTER_BOUND('',#1499,.T.);
#955=FACE_OUTER_BOUND('',#1500,.T.);
#956=FACE_OUTER_BOUND('',#1501,.T.);
#957=FACE_OUTER_BOUND('',#1503,.T.);
#958=FACE_OUTER_BOUND('',#1504,.T.);
#959=FACE_OUTER_BOUND('',#1505,.T.);
#960=FACE_OUTER_BOUND('',#1506,.T.);
#961=FACE_OUTER_BOUND('',#1507,.T.);
#962=FACE_OUTER_BOUND('',#1508,.T.);
#963=FACE_OUTER_BOUND('',#1509,.T.);
#964=FACE_OUTER_BOUND('',#1510,.T.);
#965=FACE_OUTER_BOUND('',#1511,.T.);
#966=FACE_OUTER_BOUND('',#1512,.T.);
#967=FACE_OUTER_BOUND('',#1513,.T.);
#968=FACE_OUTER_BOUND('',#1514,.T.);
#969=FACE_OUTER_BOUND('',#1515,.T.);
#970=FACE_OUTER_BOUND('',#1516,.T.);
#971=FACE_OUTER_BOUND('',#1517,.T.);
#972=FACE_OUTER_BOUND('',#1518,.T.);
#973=FACE_OUTER_BOUND('',#1519,.T.);
#974=FACE_OUTER_BOUND('',#1520,.T.);
#975=FACE_OUTER_BOUND('',#1521,.T.);
#976=FACE_OUTER_BOUND('',#1522,.T.);
#977=FACE_OUTER_BOUND('',#1523,.T.);
#978=FACE_OUTER_BOUND('',#1525,.T.);
#979=FACE_OUTER_BOUND('',#1526,.T.);
#980=FACE_OUTER_BOUND('',#1527,.T.);
#981=FACE_OUTER_BOUND('',#1528,.T.);
#982=FACE_OUTER_BOUND('',#1529,.T.);
#983=FACE_OUTER_BOUND('',#1530,.T.);
#984=FACE_OUTER_BOUND('',#1531,.T.);
#985=FACE_OUTER_BOUND('',#1532,.T.);
#986=FACE_OUTER_BOUND('',#1533,.T.);
#987=FACE_OUTER_BOUND('',#1534,.T.);
#988=FACE_OUTER_BOUND('',#1535,.T.);
#989=FACE_OUTER_BOUND('',#1536,.T.);
#990=FACE_OUTER_BOUND('',#1537,.T.);
#991=FACE_OUTER_BOUND('',#1538,.T.);
#992=FACE_OUTER_BOUND('',#1539,.T.);
#993=FACE_OUTER_BOUND('',#1540,.T.);
#994=FACE_OUTER_BOUND('',#1541,.T.);
#995=FACE_OUTER_BOUND('',#1542,.T.);
#996=FACE_OUTER_BOUND('',#1543,.T.);
#997=FACE_OUTER_BOUND('',#1544,.T.);
#998=FACE_OUTER_BOUND('',#1545,.T.);
#999=FACE_OUTER_BOUND('',#1546,.T.);
#1000=FACE_OUTER_BOUND('',#1547,.T.);
#1001=FACE_OUTER_BOUND('',#1548,.T.);
#1002=FACE_OUTER_BOUND('',#1549,.T.);
#1003=FACE_OUTER_BOUND('',#1550,.T.);
#1004=FACE_OUTER_BOUND('',#1551,.T.);
#1005=FACE_OUTER_BOUND('',#1552,.T.);
#1006=FACE_OUTER_BOUND('',#1553,.T.);
#1007=FACE_OUTER_BOUND('',#1554,.T.);
#1008=FACE_OUTER_BOUND('',#1555,.T.);
#1009=FACE_OUTER_BOUND('',#1556,.T.);
#1010=FACE_OUTER_BOUND('',#1557,.T.);
#1011=FACE_OUTER_BOUND('',#1558,.T.);
#1012=FACE_OUTER_BOUND('',#1559,.T.);
#1013=FACE_OUTER_BOUND('',#1560,.T.);
#1014=FACE_OUTER_BOUND('',#1561,.T.);
#1015=FACE_OUTER_BOUND('',#1562,.T.);
#1016=FACE_OUTER_BOUND('',#1563,.T.);
#1017=FACE_OUTER_BOUND('',#1565,.T.);
#1018=FACE_OUTER_BOUND('',#1566,.T.);
#1019=FACE_OUTER_BOUND('',#1567,.T.);
#1020=FACE_OUTER_BOUND('',#1568,.T.);
#1021=FACE_OUTER_BOUND('',#1569,.T.);
#1022=FACE_OUTER_BOUND('',#1570,.T.);
#1023=FACE_OUTER_BOUND('',#1571,.T.);
#1024=FACE_OUTER_BOUND('',#1572,.T.);
#1025=FACE_OUTER_BOUND('',#1573,.T.);
#1026=FACE_OUTER_BOUND('',#1574,.T.);
#1027=FACE_OUTER_BOUND('',#1575,.T.);
#1028=FACE_OUTER_BOUND('',#1576,.T.);
#1029=FACE_OUTER_BOUND('',#1577,.T.);
#1030=FACE_OUTER_BOUND('',#1578,.T.);
#1031=FACE_OUTER_BOUND('',#1579,.T.);
#1032=FACE_OUTER_BOUND('',#1580,.T.);
#1033=FACE_OUTER_BOUND('',#1581,.T.);
#1034=FACE_OUTER_BOUND('',#1582,.T.);
#1035=FACE_OUTER_BOUND('',#1583,.T.);
#1036=FACE_OUTER_BOUND('',#1584,.T.);
#1037=FACE_OUTER_BOUND('',#1585,.T.);
#1038=FACE_OUTER_BOUND('',#1586,.T.);
#1039=FACE_OUTER_BOUND('',#1587,.T.);
#1040=FACE_OUTER_BOUND('',#1588,.T.);
#1041=FACE_OUTER_BOUND('',#1589,.T.);
#1042=FACE_OUTER_BOUND('',#1590,.T.);
#1043=FACE_OUTER_BOUND('',#1591,.T.);
#1044=FACE_OUTER_BOUND('',#1592,.T.);
#1045=FACE_OUTER_BOUND('',#1593,.T.);
#1046=FACE_OUTER_BOUND('',#1594,.T.);
#1047=FACE_OUTER_BOUND('',#1595,.T.);
#1048=FACE_OUTER_BOUND('',#1596,.T.);
#1049=FACE_OUTER_BOUND('',#1597,.T.);
#1050=FACE_OUTER_BOUND('',#1598,.T.);
#1051=FACE_OUTER_BOUND('',#1599,.T.);
#1052=FACE_OUTER_BOUND('',#1600,.T.);
#1053=FACE_OUTER_BOUND('',#1601,.T.);
#1054=FACE_OUTER_BOUND('',#1602,.T.);
#1055=FACE_OUTER_BOUND('',#1603,.T.);
#1056=FACE_OUTER_BOUND('',#1604,.T.);
#1057=FACE_OUTER_BOUND('',#1605,.T.);
#1058=FACE_OUTER_BOUND('',#1606,.T.);
#1059=FACE_OUTER_BOUND('',#1607,.T.);
#1060=FACE_OUTER_BOUND('',#1608,.T.);
#1061=FACE_OUTER_BOUND('',#1609,.T.);
#1062=FACE_OUTER_BOUND('',#1610,.T.);
#1063=FACE_OUTER_BOUND('',#1611,.T.);
#1064=FACE_OUTER_BOUND('',#1612,.T.);
#1065=FACE_OUTER_BOUND('',#1613,.T.);
#1066=FACE_OUTER_BOUND('',#1614,.T.);
#1067=FACE_OUTER_BOUND('',#1615,.T.);
#1068=FACE_OUTER_BOUND('',#1616,.T.);
#1069=FACE_OUTER_BOUND('',#1617,.T.);
#1070=FACE_OUTER_BOUND('',#1618,.T.);
#1071=FACE_OUTER_BOUND('',#1619,.T.);
#1072=FACE_OUTER_BOUND('',#1620,.T.);
#1073=FACE_OUTER_BOUND('',#1621,.T.);
#1074=FACE_OUTER_BOUND('',#1622,.T.);
#1075=FACE_OUTER_BOUND('',#1623,.T.);
#1076=FACE_OUTER_BOUND('',#1624,.T.);
#1077=FACE_OUTER_BOUND('',#1625,.T.);
#1078=FACE_OUTER_BOUND('',#1626,.T.);
#1079=FACE_OUTER_BOUND('',#1627,.T.);
#1080=FACE_OUTER_BOUND('',#1628,.T.);
#1081=FACE_OUTER_BOUND('',#1629,.T.);
#1082=FACE_OUTER_BOUND('',#1630,.T.);
#1083=FACE_OUTER_BOUND('',#1631,.T.);
#1084=FACE_OUTER_BOUND('',#1632,.T.);
#1085=FACE_OUTER_BOUND('',#1633,.T.);
#1086=FACE_OUTER_BOUND('',#1634,.T.);
#1087=FACE_OUTER_BOUND('',#1635,.T.);
#1088=FACE_OUTER_BOUND('',#1636,.T.);
#1089=FACE_OUTER_BOUND('',#1637,.T.);
#1090=FACE_OUTER_BOUND('',#1638,.T.);
#1091=FACE_OUTER_BOUND('',#1639,.T.);
#1092=FACE_OUTER_BOUND('',#1640,.T.);
#1093=FACE_OUTER_BOUND('',#1650,.T.);
#1094=FACE_OUTER_BOUND('',#1660,.T.);
#1095=FACE_OUTER_BOUND('',#1661,.T.);
#1096=FACE_OUTER_BOUND('',#1662,.T.);
#1097=FACE_OUTER_BOUND('',#1663,.T.);
#1098=FACE_OUTER_BOUND('',#1664,.T.);
#1099=FACE_OUTER_BOUND('',#1665,.T.);
#1100=FACE_OUTER_BOUND('',#1666,.T.);
#1101=FACE_OUTER_BOUND('',#1667,.T.);
#1102=FACE_OUTER_BOUND('',#1668,.T.);
#1103=FACE_OUTER_BOUND('',#1669,.T.);
#1104=FACE_OUTER_BOUND('',#1670,.T.);
#1105=FACE_OUTER_BOUND('',#1671,.T.);
#1106=FACE_OUTER_BOUND('',#1672,.T.);
#1107=FACE_OUTER_BOUND('',#1673,.T.);
#1108=FACE_OUTER_BOUND('',#1675,.T.);
#1109=FACE_OUTER_BOUND('',#1676,.T.);
#1110=FACE_OUTER_BOUND('',#1677,.T.);
#1111=FACE_OUTER_BOUND('',#1678,.T.);
#1112=FACE_OUTER_BOUND('',#1679,.T.);
#1113=FACE_OUTER_BOUND('',#1680,.T.);
#1114=FACE_OUTER_BOUND('',#1681,.T.);
#1115=EDGE_LOOP('',(#5669,#5670,#5671,#5672));
#1116=EDGE_LOOP('',(#5673,#5674,#5675,#5676));
#1117=EDGE_LOOP('',(#5677,#5678,#5679,#5680,#5681,#5682));
#1118=EDGE_LOOP('',(#5683,#5684,#5685,#5686));
#1119=EDGE_LOOP('',(#5687,#5688,#5689,#5690));
#1120=EDGE_LOOP('',(#5691,#5692,#5693,#5694,#5695,#5696));
#1121=EDGE_LOOP('',(#5697,#5698,#5699,#5700));
#1122=EDGE_LOOP('',(#5701,#5702,#5703,#5704));
#1123=EDGE_LOOP('',(#5705,#5706,#5707,#5708,#5709,#5710));
#1124=EDGE_LOOP('',(#5711,#5712,#5713,#5714));
#1125=EDGE_LOOP('',(#5715,#5716,#5717,#5718));
#1126=EDGE_LOOP('',(#5719,#5720,#5721,#5722));
#1127=EDGE_LOOP('',(#5723,#5724,#5725,#5726));
#1128=EDGE_LOOP('',(#5727,#5728,#5729,#5730));
#1129=EDGE_LOOP('',(#5731,#5732,#5733,#5734));
#1130=EDGE_LOOP('',(#5735,#5736,#5737,#5738));
#1131=EDGE_LOOP('',(#5739,#5740,#5741,#5742));
#1132=EDGE_LOOP('',(#5743,#5744,#5745,#5746));
#1133=EDGE_LOOP('',(#5747,#5748,#5749,#5750));
#1134=EDGE_LOOP('',(#5751,#5752,#5753,#5754));
#1135=EDGE_LOOP('',(#5755,#5756,#5757,#5758));
#1136=EDGE_LOOP('',(#5759,#5760,#5761,#5762));
#1137=EDGE_LOOP('',(#5763,#5764,#5765,#5766));
#1138=EDGE_LOOP('',(#5767,#5768,#5769,#5770));
#1139=EDGE_LOOP('',(#5771,#5772,#5773,#5774));
#1140=EDGE_LOOP('',(#5775,#5776,#5777,#5778));
#1141=EDGE_LOOP('',(#5779,#5780,#5781,#5782));
#1142=EDGE_LOOP('',(#5783,#5784,#5785,#5786));
#1143=EDGE_LOOP('',(#5787,#5788,#5789,#5790));
#1144=EDGE_LOOP('',(#5791,#5792,#5793,#5794));
#1145=EDGE_LOOP('',(#5795,#5796,#5797,#5798));
#1146=EDGE_LOOP('',(#5799,#5800,#5801,#5802));
#1147=EDGE_LOOP('',(#5803,#5804,#5805,#5806));
#1148=EDGE_LOOP('',(#5807,#5808,#5809,#5810));
#1149=EDGE_LOOP('',(#5811,#5812,#5813,#5814));
#1150=EDGE_LOOP('',(#5815,#5816,#5817,#5818));
#1151=EDGE_LOOP('',(#5819,#5820,#5821,#5822));
#1152=EDGE_LOOP('',(#5823,#5824,#5825,#5826));
#1153=EDGE_LOOP('',(#5827,#5828,#5829,#5830));
#1154=EDGE_LOOP('',(#5831,#5832,#5833,#5834));
#1155=EDGE_LOOP('',(#5835,#5836,#5837,#5838));
#1156=EDGE_LOOP('',(#5839,#5840,#5841,#5842));
#1157=EDGE_LOOP('',(#5843,#5844,#5845,#5846));
#1158=EDGE_LOOP('',(#5847,#5848,#5849,#5850));
#1159=EDGE_LOOP('',(#5851,#5852,#5853,#5854));
#1160=EDGE_LOOP('',(#5855,#5856,#5857,#5858));
#1161=EDGE_LOOP('',(#5859,#5860,#5861,#5862));
#1162=EDGE_LOOP('',(#5863,#5864,#5865,#5866));
#1163=EDGE_LOOP('',(#5867,#5868,#5869,#5870));
#1164=EDGE_LOOP('',(#5871,#5872,#5873,#5874,#5875,#5876));
#1165=EDGE_LOOP('',(#5877,#5878,#5879,#5880));
#1166=EDGE_LOOP('',(#5881,#5882,#5883,#5884));
#1167=EDGE_LOOP('',(#5885,#5886,#5887,#5888));
#1168=EDGE_LOOP('',(#5889,#5890,#5891,#5892));
#1169=EDGE_LOOP('',(#5893,#5894,#5895,#5896));
#1170=EDGE_LOOP('',(#5897));
#1171=EDGE_LOOP('',(#5898));
#1172=EDGE_LOOP('',(#5899,#5900,#5901,#5902));
#1173=EDGE_LOOP('',(#5903));
#1174=EDGE_LOOP('',(#5904));
#1175=EDGE_LOOP('',(#5905,#5906,#5907,#5908));
#1176=EDGE_LOOP('',(#5909));
#1177=EDGE_LOOP('',(#5910));
#1178=EDGE_LOOP('',(#5911,#5912,#5913,#5914));
#1179=EDGE_LOOP('',(#5915));
#1180=EDGE_LOOP('',(#5916));
#1181=EDGE_LOOP('',(#5917,#5918,#5919,#5920));
#1182=EDGE_LOOP('',(#5921,#5922,#5923,#5924));
#1183=EDGE_LOOP('',(#5925,#5926,#5927,#5928));
#1184=EDGE_LOOP('',(#5929,#5930,#5931,#5932));
#1185=EDGE_LOOP('',(#5933,#5934,#5935,#5936));
#1186=EDGE_LOOP('',(#5937,#5938,#5939,#5940,#5941,#5942,#5943,#5944));
#1187=EDGE_LOOP('',(#5945,#5946,#5947,#5948));
#1188=EDGE_LOOP('',(#5949,#5950,#5951,#5952));
#1189=EDGE_LOOP('',(#5953,#5954,#5955,#5956));
#1190=EDGE_LOOP('',(#5957,#5958,#5959,#5960));
#1191=EDGE_LOOP('',(#5961,#5962,#5963,#5964));
#1192=EDGE_LOOP('',(#5965,#5966,#5967,#5968));
#1193=EDGE_LOOP('',(#5969,#5970,#5971,#5972,#5973,#5974,#5975,#5976,#5977,
#5978,#5979,#5980));
#1194=EDGE_LOOP('',(#5981));
#1195=EDGE_LOOP('',(#5982));
#1196=EDGE_LOOP('',(#5983));
#1197=EDGE_LOOP('',(#5984));
#1198=EDGE_LOOP('',(#5985,#5986,#5987,#5988,#5989,#5990,#5991,#5992));
#1199=EDGE_LOOP('',(#5993,#5994,#5995,#5996,#5997,#5998,#5999,#6000));
#1200=EDGE_LOOP('',(#6001,#6002,#6003,#6004,#6005,#6006,#6007,#6008));
#1201=EDGE_LOOP('',(#6009,#6010,#6011,#6012,#6013,#6014,#6015,#6016));
#1202=EDGE_LOOP('',(#6017,#6018,#6019,#6020,#6021,#6022,#6023,#6024));
#1203=EDGE_LOOP('',(#6025,#6026,#6027,#6028,#6029,#6030,#6031,#6032));
#1204=EDGE_LOOP('',(#6033,#6034,#6035,#6036,#6037,#6038,#6039,#6040));
#1205=EDGE_LOOP('',(#6041,#6042,#6043,#6044));
#1206=EDGE_LOOP('',(#6045,#6046,#6047,#6048));
#1207=EDGE_LOOP('',(#6049,#6050,#6051,#6052,#6053,#6054,#6055,#6056));
#1208=EDGE_LOOP('',(#6057,#6058,#6059,#6060));
#1209=EDGE_LOOP('',(#6061,#6062,#6063,#6064));
#1210=EDGE_LOOP('',(#6065,#6066,#6067,#6068));
#1211=EDGE_LOOP('',(#6069,#6070,#6071,#6072));
#1212=EDGE_LOOP('',(#6073,#6074,#6075,#6076));
#1213=EDGE_LOOP('',(#6077,#6078,#6079,#6080));
#1214=EDGE_LOOP('',(#6081,#6082,#6083,#6084));
#1215=EDGE_LOOP('',(#6085,#6086,#6087,#6088));
#1216=EDGE_LOOP('',(#6089,#6090,#6091,#6092));
#1217=EDGE_LOOP('',(#6093,#6094,#6095,#6096));
#1218=EDGE_LOOP('',(#6097,#6098,#6099,#6100));
#1219=EDGE_LOOP('',(#6101,#6102,#6103,#6104));
#1220=EDGE_LOOP('',(#6105,#6106,#6107,#6108));
#1221=EDGE_LOOP('',(#6109,#6110,#6111,#6112,#6113,#6114,#6115,#6116));
#1222=EDGE_LOOP('',(#6117,#6118,#6119,#6120,#6121,#6122,#6123,#6124));
#1223=EDGE_LOOP('',(#6125,#6126,#6127,#6128));
#1224=EDGE_LOOP('',(#6129,#6130,#6131,#6132));
#1225=EDGE_LOOP('',(#6133,#6134,#6135,#6136));
#1226=EDGE_LOOP('',(#6137,#6138,#6139,#6140));
#1227=EDGE_LOOP('',(#6141,#6142,#6143,#6144));
#1228=EDGE_LOOP('',(#6145,#6146,#6147,#6148));
#1229=EDGE_LOOP('',(#6149,#6150,#6151,#6152));
#1230=EDGE_LOOP('',(#6153,#6154,#6155,#6156));
#1231=EDGE_LOOP('',(#6157,#6158,#6159,#6160,#6161,#6162,#6163,#6164));
#1232=EDGE_LOOP('',(#6165,#6166,#6167,#6168,#6169,#6170,#6171,#6172));
#1233=EDGE_LOOP('',(#6173,#6174,#6175,#6176));
#1234=EDGE_LOOP('',(#6177,#6178,#6179,#6180));
#1235=EDGE_LOOP('',(#6181,#6182,#6183,#6184));
#1236=EDGE_LOOP('',(#6185,#6186,#6187,#6188));
#1237=EDGE_LOOP('',(#6189,#6190,#6191,#6192));
#1238=EDGE_LOOP('',(#6193,#6194,#6195,#6196));
#1239=EDGE_LOOP('',(#6197,#6198,#6199,#6200,#6201,#6202,#6203,#6204,#6205,
#6206,#6207,#6208,#6209,#6210,#6211,#6212,#6213,#6214,#6215,#6216,#6217,
#6218));
#1240=EDGE_LOOP('',(#6219,#6220,#6221,#6222));
#1241=EDGE_LOOP('',(#6223,#6224,#6225,#6226));
#1242=EDGE_LOOP('',(#6227,#6228,#6229,#6230));
#1243=EDGE_LOOP('',(#6231,#6232,#6233,#6234));
#1244=EDGE_LOOP('',(#6235,#6236,#6237,#6238));
#1245=EDGE_LOOP('',(#6239,#6240,#6241,#6242));
#1246=EDGE_LOOP('',(#6243,#6244,#6245,#6246));
#1247=EDGE_LOOP('',(#6247,#6248,#6249,#6250));
#1248=EDGE_LOOP('',(#6251,#6252,#6253,#6254,#6255,#6256,#6257,#6258));
#1249=EDGE_LOOP('',(#6259,#6260,#6261,#6262,#6263,#6264,#6265,#6266));
#1250=EDGE_LOOP('',(#6267,#6268,#6269,#6270));
#1251=EDGE_LOOP('',(#6271,#6272,#6273,#6274));
#1252=EDGE_LOOP('',(#6275,#6276,#6277,#6278));
#1253=EDGE_LOOP('',(#6279,#6280,#6281,#6282));
#1254=EDGE_LOOP('',(#6283,#6284,#6285,#6286));
#1255=EDGE_LOOP('',(#6287,#6288,#6289,#6290));
#1256=EDGE_LOOP('',(#6291,#6292,#6293,#6294));
#1257=EDGE_LOOP('',(#6295,#6296,#6297,#6298));
#1258=EDGE_LOOP('',(#6299,#6300,#6301,#6302,#6303,#6304,#6305,#6306));
#1259=EDGE_LOOP('',(#6307,#6308,#6309,#6310,#6311,#6312,#6313,#6314));
#1260=EDGE_LOOP('',(#6315,#6316,#6317,#6318));
#1261=EDGE_LOOP('',(#6319,#6320,#6321,#6322));
#1262=EDGE_LOOP('',(#6323,#6324,#6325,#6326));
#1263=EDGE_LOOP('',(#6327,#6328,#6329,#6330));
#1264=EDGE_LOOP('',(#6331,#6332,#6333,#6334));
#1265=EDGE_LOOP('',(#6335,#6336,#6337,#6338));
#1266=EDGE_LOOP('',(#6339,#6340,#6341,#6342));
#1267=EDGE_LOOP('',(#6343,#6344,#6345,#6346));
#1268=EDGE_LOOP('',(#6347,#6348,#6349,#6350,#6351,#6352,#6353,#6354));
#1269=EDGE_LOOP('',(#6355,#6356,#6357,#6358,#6359,#6360,#6361,#6362));
#1270=EDGE_LOOP('',(#6363,#6364,#6365,#6366));
#1271=EDGE_LOOP('',(#6367,#6368,#6369,#6370));
#1272=EDGE_LOOP('',(#6371,#6372,#6373,#6374));
#1273=EDGE_LOOP('',(#6375,#6376,#6377,#6378));
#1274=EDGE_LOOP('',(#6379,#6380,#6381,#6382));
#1275=EDGE_LOOP('',(#6383,#6384,#6385,#6386));
#1276=EDGE_LOOP('',(#6387,#6388,#6389,#6390));
#1277=EDGE_LOOP('',(#6391,#6392,#6393,#6394));
#1278=EDGE_LOOP('',(#6395,#6396,#6397,#6398,#6399,#6400,#6401,#6402));
#1279=EDGE_LOOP('',(#6403,#6404,#6405,#6406,#6407,#6408,#6409,#6410));
#1280=EDGE_LOOP('',(#6411,#6412,#6413,#6414));
#1281=EDGE_LOOP('',(#6415,#6416,#6417,#6418));
#1282=EDGE_LOOP('',(#6419,#6420,#6421,#6422));
#1283=EDGE_LOOP('',(#6423,#6424,#6425,#6426));
#1284=EDGE_LOOP('',(#6427,#6428,#6429,#6430));
#1285=EDGE_LOOP('',(#6431,#6432,#6433,#6434));
#1286=EDGE_LOOP('',(#6435,#6436,#6437,#6438));
#1287=EDGE_LOOP('',(#6439,#6440,#6441,#6442));
#1288=EDGE_LOOP('',(#6443,#6444,#6445,#6446,#6447,#6448,#6449,#6450));
#1289=EDGE_LOOP('',(#6451,#6452,#6453,#6454,#6455,#6456,#6457,#6458));
#1290=EDGE_LOOP('',(#6459,#6460,#6461,#6462));
#1291=EDGE_LOOP('',(#6463,#6464,#6465,#6466));
#1292=EDGE_LOOP('',(#6467,#6468,#6469,#6470));
#1293=EDGE_LOOP('',(#6471,#6472,#6473,#6474));
#1294=EDGE_LOOP('',(#6475,#6476,#6477,#6478));
#1295=EDGE_LOOP('',(#6479,#6480,#6481,#6482));
#1296=EDGE_LOOP('',(#6483,#6484,#6485,#6486));
#1297=EDGE_LOOP('',(#6487,#6488,#6489,#6490));
#1298=EDGE_LOOP('',(#6491,#6492,#6493,#6494));
#1299=EDGE_LOOP('',(#6495,#6496,#6497,#6498));
#1300=EDGE_LOOP('',(#6499,#6500,#6501,#6502));
#1301=EDGE_LOOP('',(#6503,#6504,#6505,#6506));
#1302=EDGE_LOOP('',(#6507,#6508,#6509,#6510));
#1303=EDGE_LOOP('',(#6511,#6512,#6513,#6514));
#1304=EDGE_LOOP('',(#6515,#6516,#6517,#6518));
#1305=EDGE_LOOP('',(#6519,#6520,#6521,#6522));
#1306=EDGE_LOOP('',(#6523,#6524,#6525,#6526));
#1307=EDGE_LOOP('',(#6527,#6528,#6529,#6530));
#1308=EDGE_LOOP('',(#6531,#6532,#6533,#6534));
#1309=EDGE_LOOP('',(#6535,#6536,#6537,#6538));
#1310=EDGE_LOOP('',(#6539,#6540,#6541,#6542));
#1311=EDGE_LOOP('',(#6543,#6544,#6545,#6546));
#1312=EDGE_LOOP('',(#6547,#6548,#6549,#6550));
#1313=EDGE_LOOP('',(#6551,#6552,#6553,#6554));
#1314=EDGE_LOOP('',(#6555,#6556,#6557,#6558));
#1315=EDGE_LOOP('',(#6559,#6560,#6561,#6562));
#1316=EDGE_LOOP('',(#6563,#6564,#6565,#6566));
#1317=EDGE_LOOP('',(#6567,#6568,#6569,#6570));
#1318=EDGE_LOOP('',(#6571,#6572,#6573,#6574));
#1319=EDGE_LOOP('',(#6575,#6576,#6577,#6578));
#1320=EDGE_LOOP('',(#6579,#6580,#6581,#6582));
#1321=EDGE_LOOP('',(#6583,#6584,#6585,#6586));
#1322=EDGE_LOOP('',(#6587,#6588,#6589,#6590));
#1323=EDGE_LOOP('',(#6591,#6592,#6593,#6594));
#1324=EDGE_LOOP('',(#6595,#6596,#6597,#6598));
#1325=EDGE_LOOP('',(#6599,#6600,#6601,#6602));
#1326=EDGE_LOOP('',(#6603,#6604,#6605,#6606));
#1327=EDGE_LOOP('',(#6607,#6608,#6609,#6610));
#1328=EDGE_LOOP('',(#6611,#6612,#6613,#6614));
#1329=EDGE_LOOP('',(#6615,#6616,#6617,#6618));
#1330=EDGE_LOOP('',(#6619,#6620,#6621,#6622));
#1331=EDGE_LOOP('',(#6623,#6624,#6625,#6626));
#1332=EDGE_LOOP('',(#6627,#6628,#6629,#6630));
#1333=EDGE_LOOP('',(#6631,#6632,#6633,#6634));
#1334=EDGE_LOOP('',(#6635,#6636,#6637,#6638));
#1335=EDGE_LOOP('',(#6639,#6640,#6641,#6642));
#1336=EDGE_LOOP('',(#6643,#6644,#6645,#6646));
#1337=EDGE_LOOP('',(#6647,#6648,#6649,#6650));
#1338=EDGE_LOOP('',(#6651,#6652,#6653,#6654));
#1339=EDGE_LOOP('',(#6655,#6656,#6657,#6658));
#1340=EDGE_LOOP('',(#6659,#6660,#6661,#6662));
#1341=EDGE_LOOP('',(#6663,#6664,#6665,#6666));
#1342=EDGE_LOOP('',(#6667,#6668,#6669,#6670));
#1343=EDGE_LOOP('',(#6671,#6672,#6673,#6674));
#1344=EDGE_LOOP('',(#6675,#6676,#6677,#6678));
#1345=EDGE_LOOP('',(#6679,#6680,#6681,#6682));
#1346=EDGE_LOOP('',(#6683,#6684,#6685,#6686));
#1347=EDGE_LOOP('',(#6687,#6688,#6689,#6690));
#1348=EDGE_LOOP('',(#6691,#6692,#6693,#6694));
#1349=EDGE_LOOP('',(#6695,#6696,#6697,#6698));
#1350=EDGE_LOOP('',(#6699,#6700,#6701,#6702));
#1351=EDGE_LOOP('',(#6703,#6704,#6705,#6706));
#1352=EDGE_LOOP('',(#6707,#6708,#6709,#6710,#6711));
#1353=EDGE_LOOP('',(#6712,#6713,#6714,#6715));
#1354=EDGE_LOOP('',(#6716,#6717,#6718,#6719,#6720));
#1355=EDGE_LOOP('',(#6721,#6722,#6723,#6724));
#1356=EDGE_LOOP('',(#6725,#6726,#6727,#6728,#6729,#6730,#6731,#6732));
#1357=EDGE_LOOP('',(#6733,#6734,#6735,#6736));
#1358=EDGE_LOOP('',(#6737,#6738,#6739,#6740));
#1359=EDGE_LOOP('',(#6741,#6742,#6743,#6744));
#1360=EDGE_LOOP('',(#6745,#6746,#6747,#6748));
#1361=EDGE_LOOP('',(#6749,#6750,#6751,#6752));
#1362=EDGE_LOOP('',(#6753,#6754,#6755,#6756));
#1363=EDGE_LOOP('',(#6757,#6758,#6759,#6760));
#1364=EDGE_LOOP('',(#6761,#6762,#6763,#6764,#6765,#6766,#6767,#6768));
#1365=EDGE_LOOP('',(#6769,#6770,#6771,#6772,#6773,#6774,#6775,#6776));
#1366=EDGE_LOOP('',(#6777,#6778,#6779,#6780,#6781,#6782,#6783,#6784));
#1367=EDGE_LOOP('',(#6785,#6786,#6787,#6788,#6789,#6790,#6791,#6792));
#1368=EDGE_LOOP('',(#6793,#6794,#6795,#6796,#6797,#6798,#6799,#6800));
#1369=EDGE_LOOP('',(#6801,#6802,#6803,#6804,#6805,#6806,#6807,#6808));
#1370=EDGE_LOOP('',(#6809,#6810,#6811,#6812,#6813,#6814,#6815,#6816));
#1371=EDGE_LOOP('',(#6817,#6818,#6819,#6820,#6821,#6822,#6823,#6824));
#1372=EDGE_LOOP('',(#6825));
#1373=EDGE_LOOP('',(#6826));
#1374=EDGE_LOOP('',(#6827));
#1375=EDGE_LOOP('',(#6828));
#1376=EDGE_LOOP('',(#6829,#6830,#6831,#6832));
#1377=EDGE_LOOP('',(#6833,#6834,#6835,#6836));
#1378=EDGE_LOOP('',(#6837,#6838,#6839,#6840,#6841,#6842,#6843,#6844));
#1379=EDGE_LOOP('',(#6845,#6846,#6847));
#1380=EDGE_LOOP('',(#6848,#6849,#6850,#6851));
#1381=EDGE_LOOP('',(#6852,#6853,#6854));
#1382=EDGE_LOOP('',(#6855,#6856,#6857,#6858));
#1383=EDGE_LOOP('',(#6859,#6860,#6861,#6862));
#1384=EDGE_LOOP('',(#6863,#6864,#6865,#6866));
#1385=EDGE_LOOP('',(#6867,#6868,#6869,#6870));
#1386=EDGE_LOOP('',(#6871,#6872,#6873,#6874));
#1387=EDGE_LOOP('',(#6875,#6876,#6877,#6878));
#1388=EDGE_LOOP('',(#6879,#6880,#6881,#6882));
#1389=EDGE_LOOP('',(#6883,#6884,#6885,#6886));
#1390=EDGE_LOOP('',(#6887,#6888,#6889,#6890));
#1391=EDGE_LOOP('',(#6891,#6892,#6893,#6894));
#1392=EDGE_LOOP('',(#6895,#6896,#6897,#6898));
#1393=EDGE_LOOP('',(#6899,#6900,#6901,#6902));
#1394=EDGE_LOOP('',(#6903,#6904,#6905,#6906));
#1395=EDGE_LOOP('',(#6907,#6908,#6909,#6910));
#1396=EDGE_LOOP('',(#6911,#6912,#6913,#6914));
#1397=EDGE_LOOP('',(#6915,#6916,#6917,#6918));
#1398=EDGE_LOOP('',(#6919,#6920,#6921,#6922));
#1399=EDGE_LOOP('',(#6923,#6924,#6925,#6926));
#1400=EDGE_LOOP('',(#6927,#6928,#6929,#6930));
#1401=EDGE_LOOP('',(#6931,#6932,#6933,#6934));
#1402=EDGE_LOOP('',(#6935,#6936,#6937,#6938));
#1403=EDGE_LOOP('',(#6939,#6940,#6941,#6942));
#1404=EDGE_LOOP('',(#6943,#6944,#6945,#6946));
#1405=EDGE_LOOP('',(#6947,#6948,#6949,#6950));
#1406=EDGE_LOOP('',(#6951,#6952,#6953,#6954));
#1407=EDGE_LOOP('',(#6955,#6956,#6957,#6958));
#1408=EDGE_LOOP('',(#6959,#6960,#6961,#6962));
#1409=EDGE_LOOP('',(#6963,#6964,#6965,#6966));
#1410=EDGE_LOOP('',(#6967,#6968,#6969,#6970));
#1411=EDGE_LOOP('',(#6971,#6972,#6973,#6974));
#1412=EDGE_LOOP('',(#6975,#6976,#6977,#6978));
#1413=EDGE_LOOP('',(#6979,#6980,#6981,#6982));
#1414=EDGE_LOOP('',(#6983,#6984,#6985,#6986));
#1415=EDGE_LOOP('',(#6987,#6988,#6989,#6990));
#1416=EDGE_LOOP('',(#6991,#6992,#6993,#6994));
#1417=EDGE_LOOP('',(#6995,#6996,#6997,#6998));
#1418=EDGE_LOOP('',(#6999,#7000,#7001,#7002));
#1419=EDGE_LOOP('',(#7003,#7004,#7005,#7006));
#1420=EDGE_LOOP('',(#7007,#7008,#7009,#7010));
#1421=EDGE_LOOP('',(#7011,#7012,#7013,#7014));
#1422=EDGE_LOOP('',(#7015,#7016,#7017,#7018));
#1423=EDGE_LOOP('',(#7019,#7020,#7021,#7022));
#1424=EDGE_LOOP('',(#7023,#7024,#7025,#7026));
#1425=EDGE_LOOP('',(#7027,#7028,#7029,#7030));
#1426=EDGE_LOOP('',(#7031,#7032,#7033,#7034));
#1427=EDGE_LOOP('',(#7035,#7036,#7037,#7038));
#1428=EDGE_LOOP('',(#7039,#7040,#7041,#7042));
#1429=EDGE_LOOP('',(#7043,#7044,#7045,#7046));
#1430=EDGE_LOOP('',(#7047,#7048,#7049,#7050));
#1431=EDGE_LOOP('',(#7051,#7052,#7053,#7054));
#1432=EDGE_LOOP('',(#7055,#7056,#7057,#7058));
#1433=EDGE_LOOP('',(#7059,#7060,#7061,#7062));
#1434=EDGE_LOOP('',(#7063,#7064,#7065,#7066));
#1435=EDGE_LOOP('',(#7067,#7068,#7069,#7070));
#1436=EDGE_LOOP('',(#7071,#7072,#7073,#7074));
#1437=EDGE_LOOP('',(#7075,#7076,#7077,#7078));
#1438=EDGE_LOOP('',(#7079,#7080,#7081,#7082));
#1439=EDGE_LOOP('',(#7083,#7084,#7085,#7086));
#1440=EDGE_LOOP('',(#7087));
#1441=EDGE_LOOP('',(#7088,#7089,#7090));
#1442=EDGE_LOOP('',(#7091,#7092,#7093,#7094));
#1443=EDGE_LOOP('',(#7095,#7096,#7097));
#1444=EDGE_LOOP('',(#7098,#7099,#7100,#7101));
#1445=EDGE_LOOP('',(#7102,#7103,#7104));
#1446=EDGE_LOOP('',(#7105,#7106,#7107,#7108));
#1447=EDGE_LOOP('',(#7109,#7110,#7111,#7112));
#1448=EDGE_LOOP('',(#7113,#7114,#7115));
#1449=EDGE_LOOP('',(#7116,#7117,#7118,#7119));
#1450=EDGE_LOOP('',(#7120,#7121,#7122,#7123));
#1451=EDGE_LOOP('',(#7124,#7125,#7126,#7127));
#1452=EDGE_LOOP('',(#7128,#7129,#7130,#7131));
#1453=EDGE_LOOP('',(#7132,#7133,#7134,#7135));
#1454=EDGE_LOOP('',(#7136,#7137,#7138,#7139));
#1455=EDGE_LOOP('',(#7140,#7141,#7142,#7143));
#1456=EDGE_LOOP('',(#7144,#7145,#7146,#7147));
#1457=EDGE_LOOP('',(#7148,#7149,#7150,#7151));
#1458=EDGE_LOOP('',(#7152,#7153,#7154,#7155));
#1459=EDGE_LOOP('',(#7156,#7157,#7158,#7159));
#1460=EDGE_LOOP('',(#7160,#7161,#7162,#7163));
#1461=EDGE_LOOP('',(#7164,#7165,#7166,#7167));
#1462=EDGE_LOOP('',(#7168));
#1463=EDGE_LOOP('',(#7169,#7170,#7171,#7172));
#1464=EDGE_LOOP('',(#7173,#7174,#7175,#7176));
#1465=EDGE_LOOP('',(#7177,#7178,#7179,#7180));
#1466=EDGE_LOOP('',(#7181,#7182,#7183,#7184));
#1467=EDGE_LOOP('',(#7185,#7186,#7187,#7188));
#1468=EDGE_LOOP('',(#7189,#7190,#7191,#7192));
#1469=EDGE_LOOP('',(#7193,#7194,#7195,#7196));
#1470=EDGE_LOOP('',(#7197,#7198,#7199,#7200));
#1471=EDGE_LOOP('',(#7201,#7202,#7203,#7204));
#1472=EDGE_LOOP('',(#7205,#7206,#7207,#7208));
#1473=EDGE_LOOP('',(#7209,#7210,#7211,#7212));
#1474=EDGE_LOOP('',(#7213,#7214,#7215,#7216,#7217,#7218,#7219,#7220,#7221,
#7222));
#1475=EDGE_LOOP('',(#7223,#7224,#7225,#7226));
#1476=EDGE_LOOP('',(#7227,#7228,#7229,#7230));
#1477=EDGE_LOOP('',(#7231,#7232,#7233,#7234));
#1478=EDGE_LOOP('',(#7235,#7236,#7237,#7238));
#1479=EDGE_LOOP('',(#7239,#7240,#7241,#7242));
#1480=EDGE_LOOP('',(#7243,#7244,#7245,#7246));
#1481=EDGE_LOOP('',(#7247,#7248,#7249,#7250));
#1482=EDGE_LOOP('',(#7251,#7252,#7253,#7254));
#1483=EDGE_LOOP('',(#7255,#7256,#7257,#7258));
#1484=EDGE_LOOP('',(#7259,#7260,#7261,#7262));
#1485=EDGE_LOOP('',(#7263,#7264,#7265,#7266));
#1486=EDGE_LOOP('',(#7267,#7268,#7269,#7270));
#1487=EDGE_LOOP('',(#7271,#7272,#7273,#7274));
#1488=EDGE_LOOP('',(#7275,#7276,#7277,#7278));
#1489=EDGE_LOOP('',(#7279,#7280,#7281,#7282));
#1490=EDGE_LOOP('',(#7283,#7284,#7285,#7286));
#1491=EDGE_LOOP('',(#7287,#7288,#7289,#7290));
#1492=EDGE_LOOP('',(#7291,#7292,#7293,#7294));
#1493=EDGE_LOOP('',(#7295,#7296,#7297,#7298));
#1494=EDGE_LOOP('',(#7299,#7300,#7301,#7302));
#1495=EDGE_LOOP('',(#7303,#7304,#7305,#7306));
#1496=EDGE_LOOP('',(#7307,#7308,#7309,#7310));
#1497=EDGE_LOOP('',(#7311,#7312,#7313,#7314));
#1498=EDGE_LOOP('',(#7315,#7316,#7317,#7318));
#1499=EDGE_LOOP('',(#7319,#7320,#7321,#7322));
#1500=EDGE_LOOP('',(#7323,#7324,#7325,#7326));
#1501=EDGE_LOOP('',(#7327,#7328,#7329,#7330,#7331,#7332,#7333,#7334,#7335,
#7336,#7337,#7338,#7339,#7340,#7341,#7342,#7343));
#1502=EDGE_LOOP('',(#7344,#7345,#7346,#7347,#7348,#7349,#7350,#7351,#7352));
#1503=EDGE_LOOP('',(#7353,#7354,#7355,#7356));
#1504=EDGE_LOOP('',(#7357,#7358,#7359,#7360));
#1505=EDGE_LOOP('',(#7361,#7362,#7363,#7364));
#1506=EDGE_LOOP('',(#7365,#7366,#7367,#7368));
#1507=EDGE_LOOP('',(#7369,#7370,#7371,#7372));
#1508=EDGE_LOOP('',(#7373,#7374,#7375,#7376));
#1509=EDGE_LOOP('',(#7377,#7378,#7379,#7380));
#1510=EDGE_LOOP('',(#7381,#7382,#7383,#7384));
#1511=EDGE_LOOP('',(#7385,#7386,#7387,#7388));
#1512=EDGE_LOOP('',(#7389,#7390,#7391,#7392));
#1513=EDGE_LOOP('',(#7393,#7394,#7395,#7396));
#1514=EDGE_LOOP('',(#7397,#7398,#7399,#7400));
#1515=EDGE_LOOP('',(#7401,#7402,#7403,#7404));
#1516=EDGE_LOOP('',(#7405,#7406,#7407,#7408));
#1517=EDGE_LOOP('',(#7409,#7410,#7411,#7412));
#1518=EDGE_LOOP('',(#7413,#7414,#7415,#7416));
#1519=EDGE_LOOP('',(#7417,#7418,#7419,#7420));
#1520=EDGE_LOOP('',(#7421,#7422,#7423,#7424));
#1521=EDGE_LOOP('',(#7425,#7426,#7427,#7428));
#1522=EDGE_LOOP('',(#7429,#7430,#7431,#7432));
#1523=EDGE_LOOP('',(#7433,#7434,#7435,#7436,#7437,#7438,#7439,#7440,#7441,
#7442,#7443,#7444,#7445));
#1524=EDGE_LOOP('',(#7446,#7447,#7448,#7449,#7450,#7451,#7452));
#1525=EDGE_LOOP('',(#7453,#7454,#7455,#7456));
#1526=EDGE_LOOP('',(#7457,#7458,#7459,#7460));
#1527=EDGE_LOOP('',(#7461,#7462,#7463,#7464));
#1528=EDGE_LOOP('',(#7465,#7466,#7467,#7468));
#1529=EDGE_LOOP('',(#7469,#7470,#7471,#7472));
#1530=EDGE_LOOP('',(#7473,#7474,#7475,#7476));
#1531=EDGE_LOOP('',(#7477,#7478,#7479,#7480));
#1532=EDGE_LOOP('',(#7481,#7482,#7483,#7484));
#1533=EDGE_LOOP('',(#7485,#7486,#7487,#7488));
#1534=EDGE_LOOP('',(#7489,#7490,#7491,#7492));
#1535=EDGE_LOOP('',(#7493,#7494,#7495,#7496));
#1536=EDGE_LOOP('',(#7497,#7498,#7499,#7500));
#1537=EDGE_LOOP('',(#7501,#7502,#7503,#7504));
#1538=EDGE_LOOP('',(#7505,#7506,#7507,#7508));
#1539=EDGE_LOOP('',(#7509,#7510,#7511,#7512));
#1540=EDGE_LOOP('',(#7513,#7514,#7515,#7516));
#1541=EDGE_LOOP('',(#7517,#7518,#7519,#7520));
#1542=EDGE_LOOP('',(#7521,#7522,#7523,#7524));
#1543=EDGE_LOOP('',(#7525,#7526,#7527,#7528));
#1544=EDGE_LOOP('',(#7529,#7530,#7531,#7532));
#1545=EDGE_LOOP('',(#7533,#7534,#7535,#7536));
#1546=EDGE_LOOP('',(#7537,#7538,#7539,#7540));
#1547=EDGE_LOOP('',(#7541,#7542,#7543,#7544));
#1548=EDGE_LOOP('',(#7545,#7546,#7547,#7548));
#1549=EDGE_LOOP('',(#7549,#7550,#7551,#7552));
#1550=EDGE_LOOP('',(#7553,#7554,#7555,#7556));
#1551=EDGE_LOOP('',(#7557,#7558,#7559,#7560));
#1552=EDGE_LOOP('',(#7561,#7562,#7563,#7564));
#1553=EDGE_LOOP('',(#7565,#7566,#7567,#7568));
#1554=EDGE_LOOP('',(#7569,#7570,#7571,#7572));
#1555=EDGE_LOOP('',(#7573,#7574,#7575,#7576));
#1556=EDGE_LOOP('',(#7577,#7578,#7579,#7580));
#1557=EDGE_LOOP('',(#7581,#7582,#7583,#7584));
#1558=EDGE_LOOP('',(#7585,#7586,#7587,#7588));
#1559=EDGE_LOOP('',(#7589,#7590,#7591,#7592));
#1560=EDGE_LOOP('',(#7593,#7594,#7595,#7596));
#1561=EDGE_LOOP('',(#7597,#7598,#7599,#7600));
#1562=EDGE_LOOP('',(#7601,#7602,#7603,#7604));
#1563=EDGE_LOOP('',(#7605,#7606,#7607,#7608,#7609,#7610,#7611,#7612,#7613,
#7614,#7615,#7616,#7617,#7618,#7619,#7620,#7621,#7622,#7623,#7624,#7625,
#7626,#7627,#7628,#7629,#7630));
#1564=EDGE_LOOP('',(#7631,#7632,#7633,#7634,#7635,#7636,#7637,#7638,#7639,
#7640,#7641,#7642));
#1565=EDGE_LOOP('',(#7643,#7644,#7645,#7646));
#1566=EDGE_LOOP('',(#7647,#7648,#7649,#7650));
#1567=EDGE_LOOP('',(#7651,#7652,#7653,#7654));
#1568=EDGE_LOOP('',(#7655,#7656,#7657,#7658));
#1569=EDGE_LOOP('',(#7659,#7660,#7661,#7662));
#1570=EDGE_LOOP('',(#7663,#7664,#7665,#7666));
#1571=EDGE_LOOP('',(#7667,#7668,#7669,#7670));
#1572=EDGE_LOOP('',(#7671,#7672,#7673,#7674));
#1573=EDGE_LOOP('',(#7675,#7676,#7677,#7678));
#1574=EDGE_LOOP('',(#7679,#7680,#7681,#7682));
#1575=EDGE_LOOP('',(#7683,#7684,#7685,#7686,#7687,#7688,#7689,#7690,#7691,
#7692));
#1576=EDGE_LOOP('',(#7693,#7694,#7695,#7696));
#1577=EDGE_LOOP('',(#7697,#7698,#7699,#7700));
#1578=EDGE_LOOP('',(#7701,#7702,#7703,#7704));
#1579=EDGE_LOOP('',(#7705,#7706,#7707,#7708));
#1580=EDGE_LOOP('',(#7709,#7710,#7711,#7712));
#1581=EDGE_LOOP('',(#7713,#7714,#7715,#7716));
#1582=EDGE_LOOP('',(#7717,#7718,#7719,#7720));
#1583=EDGE_LOOP('',(#7721,#7722,#7723,#7724));
#1584=EDGE_LOOP('',(#7725,#7726,#7727,#7728));
#1585=EDGE_LOOP('',(#7729,#7730,#7731,#7732));
#1586=EDGE_LOOP('',(#7733,#7734,#7735,#7736));
#1587=EDGE_LOOP('',(#7737,#7738,#7739,#7740));
#1588=EDGE_LOOP('',(#7741,#7742,#7743,#7744));
#1589=EDGE_LOOP('',(#7745,#7746,#7747,#7748));
#1590=EDGE_LOOP('',(#7749,#7750,#7751,#7752));
#1591=EDGE_LOOP('',(#7753,#7754,#7755,#7756));
#1592=EDGE_LOOP('',(#7757,#7758,#7759,#7760,#7761,#7762,#7763,#7764,#7765,
#7766,#7767,#7768,#7769,#7770,#7771,#7772));
#1593=EDGE_LOOP('',(#7773,#7774,#7775,#7776));
#1594=EDGE_LOOP('',(#7777,#7778,#7779,#7780));
#1595=EDGE_LOOP('',(#7781,#7782,#7783,#7784));
#1596=EDGE_LOOP('',(#7785,#7786,#7787,#7788));
#1597=EDGE_LOOP('',(#7789,#7790,#7791,#7792));
#1598=EDGE_LOOP('',(#7793,#7794,#7795,#7796));
#1599=EDGE_LOOP('',(#7797,#7798,#7799,#7800));
#1600=EDGE_LOOP('',(#7801,#7802,#7803,#7804));
#1601=EDGE_LOOP('',(#7805,#7806,#7807,#7808));
#1602=EDGE_LOOP('',(#7809,#7810,#7811,#7812));
#1603=EDGE_LOOP('',(#7813,#7814,#7815,#7816,#7817,#7818,#7819,#7820,#7821,
#7822));
#1604=EDGE_LOOP('',(#7823,#7824,#7825,#7826,#7827,#7828,#7829,#7830,#7831,
#7832,#7833,#7834));
#1605=EDGE_LOOP('',(#7835,#7836,#7837,#7838,#7839,#7840,#7841));
#1606=EDGE_LOOP('',(#7842,#7843,#7844,#7845,#7846,#7847,#7848,#7849,#7850));
#1607=EDGE_LOOP('',(#7851,#7852,#7853,#7854));
#1608=EDGE_LOOP('',(#7855,#7856,#7857,#7858));
#1609=EDGE_LOOP('',(#7859,#7860,#7861,#7862));
#1610=EDGE_LOOP('',(#7863,#7864,#7865,#7866));
#1611=EDGE_LOOP('',(#7867,#7868,#7869,#7870));
#1612=EDGE_LOOP('',(#7871,#7872,#7873,#7874));
#1613=EDGE_LOOP('',(#7875,#7876,#7877,#7878));
#1614=EDGE_LOOP('',(#7879,#7880,#7881,#7882));
#1615=EDGE_LOOP('',(#7883,#7884,#7885,#7886));
#1616=EDGE_LOOP('',(#7887,#7888,#7889,#7890));
#1617=EDGE_LOOP('',(#7891,#7892,#7893,#7894));
#1618=EDGE_LOOP('',(#7895,#7896,#7897,#7898));
#1619=EDGE_LOOP('',(#7899,#7900,#7901));
#1620=EDGE_LOOP('',(#7902,#7903,#7904,#7905));
#1621=EDGE_LOOP('',(#7906,#7907,#7908));
#1622=EDGE_LOOP('',(#7909,#7910,#7911,#7912));
#1623=EDGE_LOOP('',(#7913,#7914,#7915));
#1624=EDGE_LOOP('',(#7916,#7917,#7918,#7919));
#1625=EDGE_LOOP('',(#7920,#7921,#7922,#7923));
#1626=EDGE_LOOP('',(#7924,#7925,#7926));
#1627=EDGE_LOOP('',(#7927,#7928,#7929,#7930));
#1628=EDGE_LOOP('',(#7931,#7932,#7933));
#1629=EDGE_LOOP('',(#7934,#7935,#7936,#7937));
#1630=EDGE_LOOP('',(#7938,#7939,#7940,#7941));
#1631=EDGE_LOOP('',(#7942,#7943,#7944));
#1632=EDGE_LOOP('',(#7945,#7946,#7947,#7948));
#1633=EDGE_LOOP('',(#7949,#7950,#7951,#7952));
#1634=EDGE_LOOP('',(#7953,#7954,#7955,#7956));
#1635=EDGE_LOOP('',(#7957,#7958,#7959,#7960));
#1636=EDGE_LOOP('',(#7961,#7962,#7963,#7964));
#1637=EDGE_LOOP('',(#7965,#7966,#7967,#7968));
#1638=EDGE_LOOP('',(#7969,#7970,#7971,#7972));
#1639=EDGE_LOOP('',(#7973,#7974,#7975,#7976));
#1640=EDGE_LOOP('',(#7977,#7978,#7979,#7980,#7981,#7982,#7983,#7984,#7985,
#7986,#7987,#7988));
#1641=EDGE_LOOP('',(#7989,#7990,#7991,#7992));
#1642=EDGE_LOOP('',(#7993,#7994,#7995,#7996));
#1643=EDGE_LOOP('',(#7997,#7998,#7999,#8000));
#1644=EDGE_LOOP('',(#8001,#8002,#8003,#8004));
#1645=EDGE_LOOP('',(#8005,#8006,#8007,#8008));
#1646=EDGE_LOOP('',(#8009,#8010,#8011,#8012));
#1647=EDGE_LOOP('',(#8013,#8014,#8015,#8016));
#1648=EDGE_LOOP('',(#8017,#8018,#8019,#8020));
#1649=EDGE_LOOP('',(#8021,#8022,#8023,#8024));
#1650=EDGE_LOOP('',(#8025,#8026,#8027,#8028,#8029,#8030));
#1651=EDGE_LOOP('',(#8031,#8032,#8033,#8034,#8035,#8036,#8037,#8038));
#1652=EDGE_LOOP('',(#8039,#8040,#8041,#8042,#8043,#8044,#8045,#8046));
#1653=EDGE_LOOP('',(#8047,#8048,#8049,#8050,#8051,#8052,#8053,#8054,#8055,
#8056));
#1654=EDGE_LOOP('',(#8057,#8058,#8059,#8060,#8061,#8062,#8063,#8064,#8065,
#8066,#8067,#8068,#8069,#8070,#8071,#8072));
#1655=EDGE_LOOP('',(#8073,#8074,#8075,#8076,#8077,#8078,#8079,#8080,#8081,
#8082));
#1656=EDGE_LOOP('',(#8083,#8084,#8085,#8086,#8087,#8088,#8089,#8090,#8091,
#8092,#8093,#8094,#8095,#8096,#8097,#8098,#8099,#8100,#8101,#8102,#8103,
#8104,#8105,#8106,#8107,#8108));
#1657=EDGE_LOOP('',(#8109,#8110,#8111,#8112,#8113,#8114,#8115,#8116,#8117,
#8118,#8119,#8120,#8121));
#1658=EDGE_LOOP('',(#8122,#8123,#8124,#8125,#8126,#8127,#8128,#8129,#8130,
#8131,#8132,#8133,#8134,#8135,#8136,#8137,#8138));
#1659=EDGE_LOOP('',(#8139,#8140,#8141,#8142,#8143,#8144,#8145,#8146,#8147,
#8148));
#1660=EDGE_LOOP('',(#8149,#8150,#8151,#8152));
#1661=EDGE_LOOP('',(#8153,#8154,#8155,#8156));
#1662=EDGE_LOOP('',(#8157,#8158,#8159,#8160));
#1663=EDGE_LOOP('',(#8161,#8162,#8163,#8164));
#1664=EDGE_LOOP('',(#8165,#8166,#8167,#8168));
#1665=EDGE_LOOP('',(#8169,#8170,#8171,#8172));
#1666=EDGE_LOOP('',(#8173,#8174,#8175,#8176));
#1667=EDGE_LOOP('',(#8177,#8178,#8179,#8180));
#1668=EDGE_LOOP('',(#8181,#8182,#8183,#8184));
#1669=EDGE_LOOP('',(#8185,#8186,#8187,#8188));
#1670=EDGE_LOOP('',(#8189,#8190,#8191,#8192));
#1671=EDGE_LOOP('',(#8193,#8194,#8195,#8196));
#1672=EDGE_LOOP('',(#8197,#8198,#8199,#8200));
#1673=EDGE_LOOP('',(#8201,#8202,#8203,#8204));
#1674=EDGE_LOOP('',(#8205,#8206,#8207,#8208));
#1675=EDGE_LOOP('',(#8209,#8210,#8211,#8212));
#1676=EDGE_LOOP('',(#8213,#8214,#8215,#8216));
#1677=EDGE_LOOP('',(#8217,#8218,#8219,#8220,#8221,#8222));
#1678=EDGE_LOOP('',(#8223,#8224,#8225,#8226));
#1679=EDGE_LOOP('',(#8227,#8228,#8229,#8230));
#1680=EDGE_LOOP('',(#8231,#8232,#8233,#8234));
#1681=EDGE_LOOP('',(#8235,#8236,#8237,#8238));
#1682=LINE('',#11646,#2617);
#1683=LINE('',#11648,#2618);
#1684=LINE('',#11650,#2619);
#1685=LINE('',#11651,#2620);
#1686=LINE('',#11654,#2621);
#1687=LINE('',#11656,#2622);
#1688=LINE('',#11657,#2623);
#1689=LINE('',#11660,#2624);
#1690=LINE('',#11662,#2625);
#1691=LINE('',#11664,#2626);
#1692=LINE('',#11666,#2627);
#1693=LINE('',#11667,#2628);
#1694=LINE('',#11670,#2629);
#1695=LINE('',#11672,#2630);
#1696=LINE('',#11673,#2631);
#1697=LINE('',#11676,#2632);
#1698=LINE('',#11678,#2633);
#1699=LINE('',#11679,#2634);
#1700=LINE('',#11682,#2635);
#1701=LINE('',#11684,#2636);
#1702=LINE('',#11686,#2637);
#1703=LINE('',#11688,#2638);
#1704=LINE('',#11689,#2639);
#1705=LINE('',#11692,#2640);
#1706=LINE('',#11693,#2641);
#1707=LINE('',#11696,#2642);
#1708=LINE('',#11697,#2643);
#1709=LINE('',#11700,#2644);
#1710=LINE('',#11701,#2645);
#1711=LINE('',#11707,#2646);
#1712=LINE('',#11710,#2647);
#1713=LINE('',#11713,#2648);
#1714=LINE('',#11715,#2649);
#1715=LINE('',#11716,#2650);
#1716=LINE('',#11721,#2651);
#1717=LINE('',#11725,#2652);
#1718=LINE('',#11727,#2653);
#1719=LINE('',#11728,#2654);
#1720=LINE('',#11733,#2655);
#1721=LINE('',#11737,#2656);
#1722=LINE('',#11739,#2657);
#1723=LINE('',#11740,#2658);
#1724=LINE('',#11745,#2659);
#1725=LINE('',#11748,#2660);
#1726=LINE('',#11749,#2661);
#1727=LINE('',#11753,#2662);
#1728=LINE('',#11755,#2663);
#1729=LINE('',#11757,#2664);
#1730=LINE('',#11758,#2665);
#1731=LINE('',#11761,#2666);
#1732=LINE('',#11763,#2667);
#1733=LINE('',#11764,#2668);
#1734=LINE('',#11767,#2669);
#1735=LINE('',#11769,#2670);
#1736=LINE('',#11770,#2671);
#1737=LINE('',#11772,#2672);
#1738=LINE('',#11773,#2673);
#1739=LINE('',#11777,#2674);
#1740=LINE('',#11779,#2675);
#1741=LINE('',#11781,#2676);
#1742=LINE('',#11782,#2677);
#1743=LINE('',#11785,#2678);
#1744=LINE('',#11787,#2679);
#1745=LINE('',#11788,#2680);
#1746=LINE('',#11791,#2681);
#1747=LINE('',#11793,#2682);
#1748=LINE('',#11794,#2683);
#1749=LINE('',#11796,#2684);
#1750=LINE('',#11797,#2685);
#1751=LINE('',#11801,#2686);
#1752=LINE('',#11803,#2687);
#1753=LINE('',#11805,#2688);
#1754=LINE('',#11806,#2689);
#1755=LINE('',#11809,#2690);
#1756=LINE('',#11811,#2691);
#1757=LINE('',#11812,#2692);
#1758=LINE('',#11815,#2693);
#1759=LINE('',#11817,#2694);
#1760=LINE('',#11818,#2695);
#1761=LINE('',#11820,#2696);
#1762=LINE('',#11821,#2697);
#1763=LINE('',#11825,#2698);
#1764=LINE('',#11827,#2699);
#1765=LINE('',#11829,#2700);
#1766=LINE('',#11830,#2701);
#1767=LINE('',#11833,#2702);
#1768=LINE('',#11835,#2703);
#1769=LINE('',#11836,#2704);
#1770=LINE('',#11839,#2705);
#1771=LINE('',#11841,#2706);
#1772=LINE('',#11842,#2707);
#1773=LINE('',#11844,#2708);
#1774=LINE('',#11845,#2709);
#1775=LINE('',#11849,#2710);
#1776=LINE('',#11851,#2711);
#1777=LINE('',#11853,#2712);
#1778=LINE('',#11854,#2713);
#1779=LINE('',#11857,#2714);
#1780=LINE('',#11859,#2715);
#1781=LINE('',#11860,#2716);
#1782=LINE('',#11863,#2717);
#1783=LINE('',#11865,#2718);
#1784=LINE('',#11866,#2719);
#1785=LINE('',#11868,#2720);
#1786=LINE('',#11869,#2721);
#1787=LINE('',#11873,#2722);
#1788=LINE('',#11875,#2723);
#1789=LINE('',#11877,#2724);
#1790=LINE('',#11878,#2725);
#1791=LINE('',#11881,#2726);
#1792=LINE('',#11883,#2727);
#1793=LINE('',#11884,#2728);
#1794=LINE('',#11887,#2729);
#1795=LINE('',#11889,#2730);
#1796=LINE('',#11890,#2731);
#1797=LINE('',#11892,#2732);
#1798=LINE('',#11893,#2733);
#1799=LINE('',#11897,#2734);
#1800=LINE('',#11899,#2735);
#1801=LINE('',#11901,#2736);
#1802=LINE('',#11902,#2737);
#1803=LINE('',#11905,#2738);
#1804=LINE('',#11907,#2739);
#1805=LINE('',#11908,#2740);
#1806=LINE('',#11911,#2741);
#1807=LINE('',#11913,#2742);
#1808=LINE('',#11914,#2743);
#1809=LINE('',#11916,#2744);
#1810=LINE('',#11917,#2745);
#1811=LINE('',#11921,#2746);
#1812=LINE('',#11923,#2747);
#1813=LINE('',#11925,#2748);
#1814=LINE('',#11926,#2749);
#1815=LINE('',#11929,#2750);
#1816=LINE('',#11931,#2751);
#1817=LINE('',#11932,#2752);
#1818=LINE('',#11935,#2753);
#1819=LINE('',#11937,#2754);
#1820=LINE('',#11938,#2755);
#1821=LINE('',#11940,#2756);
#1822=LINE('',#11941,#2757);
#1823=LINE('',#11944,#2758);
#1824=LINE('',#11946,#2759);
#1825=LINE('',#11948,#2760);
#1826=LINE('',#11949,#2761);
#1827=LINE('',#11954,#2762);
#1828=LINE('',#11958,#2763);
#1829=LINE('',#11960,#2764);
#1830=LINE('',#11961,#2765);
#1831=LINE('',#11964,#2766);
#1832=LINE('',#11966,#2767);
#1833=LINE('',#11967,#2768);
#1834=LINE('',#11969,#2769);
#1835=LINE('',#11970,#2770);
#1836=LINE('',#11975,#2771);
#1837=LINE('',#11984,#2772);
#1838=LINE('',#11993,#2773);
#1839=LINE('',#12002,#2774);
#1840=LINE('',#12010,#2775);
#1841=LINE('',#12014,#2776);
#1842=LINE('',#12018,#2777);
#1843=LINE('',#12022,#2778);
#1844=LINE('',#12028,#2779);
#1845=LINE('',#12031,#2780);
#1846=LINE('',#12034,#2781);
#1847=LINE('',#12038,#2782);
#1848=LINE('',#12042,#2783);
#1849=LINE('',#12045,#2784);
#1850=LINE('',#12049,#2785);
#1851=LINE('',#12053,#2786);
#1852=LINE('',#12056,#2787);
#1853=LINE('',#12059,#2788);
#1854=LINE('',#12063,#2789);
#1855=LINE('',#12067,#2790);
#1856=LINE('',#12071,#2791);
#1857=LINE('',#12075,#2792);
#1858=LINE('',#12079,#2793);
#1859=LINE('',#12083,#2794);
#1860=LINE('',#12087,#2795);
#1861=LINE('',#12091,#2796);
#1862=LINE('',#12095,#2797);
#1863=LINE('',#12099,#2798);
#1864=LINE('',#12103,#2799);
#1865=LINE('',#12107,#2800);
#1866=LINE('',#12111,#2801);
#1867=LINE('',#12115,#2802);
#1868=LINE('',#12119,#2803);
#1869=LINE('',#12123,#2804);
#1870=LINE('',#12127,#2805);
#1871=LINE('',#12131,#2806);
#1872=LINE('',#12135,#2807);
#1873=LINE('',#12139,#2808);
#1874=LINE('',#12143,#2809);
#1875=LINE('',#12147,#2810);
#1876=LINE('',#12151,#2811);
#1877=LINE('',#12155,#2812);
#1878=LINE('',#12159,#2813);
#1879=LINE('',#12163,#2814);
#1880=LINE('',#12167,#2815);
#1881=LINE('',#12171,#2816);
#1882=LINE('',#12172,#2817);
#1883=LINE('',#12176,#2818);
#1884=LINE('',#12181,#2819);
#1885=LINE('',#12182,#2820);
#1886=LINE('',#12185,#2821);
#1887=LINE('',#12186,#2822);
#1888=LINE('',#12190,#2823);
#1889=LINE('',#12193,#2824);
#1890=LINE('',#12195,#2825);
#1891=LINE('',#12196,#2826);
#1892=LINE('',#12199,#2827);
#1893=LINE('',#12203,#2828);
#1894=LINE('',#12204,#2829);
#1895=LINE('',#12207,#2830);
#1896=LINE('',#12211,#2831);
#1897=LINE('',#12212,#2832);
#1898=LINE('',#12215,#2833);
#1899=LINE('',#12219,#2834);
#1900=LINE('',#12220,#2835);
#1901=LINE('',#12228,#2836);
#1902=LINE('',#12232,#2837);
#1903=LINE('',#12236,#2838);
#1904=LINE('',#12239,#2839);
#1905=LINE('',#12242,#2840);
#1906=LINE('',#12244,#2841);
#1907=LINE('',#12245,#2842);
#1908=LINE('',#12248,#2843);
#1909=LINE('',#12252,#2844);
#1910=LINE('',#12253,#2845);
#1911=LINE('',#12256,#2846);
#1912=LINE('',#12260,#2847);
#1913=LINE('',#12261,#2848);
#1914=LINE('',#12264,#2849);
#1915=LINE('',#12268,#2850);
#1916=LINE('',#12269,#2851);
#1917=LINE('',#12277,#2852);
#1918=LINE('',#12281,#2853);
#1919=LINE('',#12285,#2854);
#1920=LINE('',#12288,#2855);
#1921=LINE('',#12291,#2856);
#1922=LINE('',#12292,#2857);
#1923=LINE('',#12295,#2858);
#1924=LINE('',#12299,#2859);
#1925=LINE('',#12300,#2860);
#1926=LINE('',#12303,#2861);
#1927=LINE('',#12307,#2862);
#1928=LINE('',#12308,#2863);
#1929=LINE('',#12315,#2864);
#1930=LINE('',#12319,#2865);
#1931=LINE('',#12323,#2866);
#1932=LINE('',#12327,#2867);
#1933=LINE('',#12329,#2868);
#1934=LINE('',#12330,#2869);
#1935=LINE('',#12333,#2870);
#1936=LINE('',#12337,#2871);
#1937=LINE('',#12338,#2872);
#1938=LINE('',#12341,#2873);
#1939=LINE('',#12345,#2874);
#1940=LINE('',#12346,#2875);
#1941=LINE('',#12349,#2876);
#1942=LINE('',#12353,#2877);
#1943=LINE('',#12354,#2878);
#1944=LINE('',#12362,#2879);
#1945=LINE('',#12366,#2880);
#1946=LINE('',#12370,#2881);
#1947=LINE('',#12373,#2882);
#1948=LINE('',#12376,#2883);
#1949=LINE('',#12378,#2884);
#1950=LINE('',#12379,#2885);
#1951=LINE('',#12382,#2886);
#1952=LINE('',#12386,#2887);
#1953=LINE('',#12387,#2888);
#1954=LINE('',#12390,#2889);
#1955=LINE('',#12394,#2890);
#1956=LINE('',#12395,#2891);
#1957=LINE('',#12398,#2892);
#1958=LINE('',#12402,#2893);
#1959=LINE('',#12403,#2894);
#1960=LINE('',#12411,#2895);
#1961=LINE('',#12415,#2896);
#1962=LINE('',#12419,#2897);
#1963=LINE('',#12422,#2898);
#1964=LINE('',#12425,#2899);
#1965=LINE('',#12427,#2900);
#1966=LINE('',#12428,#2901);
#1967=LINE('',#12431,#2902);
#1968=LINE('',#12435,#2903);
#1969=LINE('',#12436,#2904);
#1970=LINE('',#12439,#2905);
#1971=LINE('',#12443,#2906);
#1972=LINE('',#12444,#2907);
#1973=LINE('',#12447,#2908);
#1974=LINE('',#12451,#2909);
#1975=LINE('',#12452,#2910);
#1976=LINE('',#12460,#2911);
#1977=LINE('',#12464,#2912);
#1978=LINE('',#12468,#2913);
#1979=LINE('',#12471,#2914);
#1980=LINE('',#12474,#2915);
#1981=LINE('',#12476,#2916);
#1982=LINE('',#12477,#2917);
#1983=LINE('',#12480,#2918);
#1984=LINE('',#12484,#2919);
#1985=LINE('',#12485,#2920);
#1986=LINE('',#12488,#2921);
#1987=LINE('',#12492,#2922);
#1988=LINE('',#12493,#2923);
#1989=LINE('',#12496,#2924);
#1990=LINE('',#12500,#2925);
#1991=LINE('',#12501,#2926);
#1992=LINE('',#12509,#2927);
#1993=LINE('',#12513,#2928);
#1994=LINE('',#12517,#2929);
#1995=LINE('',#12520,#2930);
#1996=LINE('',#12523,#2931);
#1997=LINE('',#12525,#2932);
#1998=LINE('',#12526,#2933);
#1999=LINE('',#12529,#2934);
#2000=LINE('',#12533,#2935);
#2001=LINE('',#12534,#2936);
#2002=LINE('',#12537,#2937);
#2003=LINE('',#12541,#2938);
#2004=LINE('',#12542,#2939);
#2005=LINE('',#12545,#2940);
#2006=LINE('',#12549,#2941);
#2007=LINE('',#12550,#2942);
#2008=LINE('',#12558,#2943);
#2009=LINE('',#12562,#2944);
#2010=LINE('',#12566,#2945);
#2011=LINE('',#12569,#2946);
#2012=LINE('',#12572,#2947);
#2013=LINE('',#12574,#2948);
#2014=LINE('',#12575,#2949);
#2015=LINE('',#12578,#2950);
#2016=LINE('',#12582,#2951);
#2017=LINE('',#12583,#2952);
#2018=LINE('',#12586,#2953);
#2019=LINE('',#12590,#2954);
#2020=LINE('',#12592,#2955);
#2021=LINE('',#12593,#2956);
#2022=LINE('',#12596,#2957);
#2023=LINE('',#12600,#2958);
#2024=LINE('',#12601,#2959);
#2025=LINE('',#12604,#2960);
#2026=LINE('',#12608,#2961);
#2027=LINE('',#12610,#2962);
#2028=LINE('',#12611,#2963);
#2029=LINE('',#12614,#2964);
#2030=LINE('',#12618,#2965);
#2031=LINE('',#12619,#2966);
#2032=LINE('',#12622,#2967);
#2033=LINE('',#12626,#2968);
#2034=LINE('',#12628,#2969);
#2035=LINE('',#12629,#2970);
#2036=LINE('',#12632,#2971);
#2037=LINE('',#12636,#2972);
#2038=LINE('',#12637,#2973);
#2039=LINE('',#12640,#2974);
#2040=LINE('',#12644,#2975);
#2041=LINE('',#12646,#2976);
#2042=LINE('',#12647,#2977);
#2043=LINE('',#12650,#2978);
#2044=LINE('',#12654,#2979);
#2045=LINE('',#12655,#2980);
#2046=LINE('',#12658,#2981);
#2047=LINE('',#12662,#2982);
#2048=LINE('',#12664,#2983);
#2049=LINE('',#12665,#2984);
#2050=LINE('',#12668,#2985);
#2051=LINE('',#12672,#2986);
#2052=LINE('',#12673,#2987);
#2053=LINE('',#12676,#2988);
#2054=LINE('',#12680,#2989);
#2055=LINE('',#12682,#2990);
#2056=LINE('',#12683,#2991);
#2057=LINE('',#12686,#2992);
#2058=LINE('',#12690,#2993);
#2059=LINE('',#12691,#2994);
#2060=LINE('',#12694,#2995);
#2061=LINE('',#12698,#2996);
#2062=LINE('',#12700,#2997);
#2063=LINE('',#12701,#2998);
#2064=LINE('',#12704,#2999);
#2065=LINE('',#12708,#3000);
#2066=LINE('',#12709,#3001);
#2067=LINE('',#12712,#3002);
#2068=LINE('',#12715,#3003);
#2069=LINE('',#12717,#3004);
#2070=LINE('',#12721,#3005);
#2071=LINE('',#12724,#3006);
#2072=LINE('',#12725,#3007);
#2073=LINE('',#12729,#3008);
#2074=LINE('',#12731,#3009);
#2075=LINE('',#12735,#3010);
#2076=LINE('',#12738,#3011);
#2077=LINE('',#12739,#3012);
#2078=LINE('',#12743,#3013);
#2079=LINE('',#12745,#3014);
#2080=LINE('',#12749,#3015);
#2081=LINE('',#12752,#3016);
#2082=LINE('',#12753,#3017);
#2083=LINE('',#12757,#3018);
#2084=LINE('',#12759,#3019);
#2085=LINE('',#12763,#3020);
#2086=LINE('',#12766,#3021);
#2087=LINE('',#12767,#3022);
#2088=LINE('',#12771,#3023);
#2089=LINE('',#12773,#3024);
#2090=LINE('',#12777,#3025);
#2091=LINE('',#12780,#3026);
#2092=LINE('',#12781,#3027);
#2093=LINE('',#12785,#3028);
#2094=LINE('',#12787,#3029);
#2095=LINE('',#12791,#3030);
#2096=LINE('',#12794,#3031);
#2097=LINE('',#12795,#3032);
#2098=LINE('',#12799,#3033);
#2099=LINE('',#12801,#3034);
#2100=LINE('',#12805,#3035);
#2101=LINE('',#12808,#3036);
#2102=LINE('',#12809,#3037);
#2103=LINE('',#12813,#3038);
#2104=LINE('',#12815,#3039);
#2105=LINE('',#12819,#3040);
#2106=LINE('',#12822,#3041);
#2107=LINE('',#12823,#3042);
#2108=LINE('',#12827,#3043);
#2109=LINE('',#12829,#3044);
#2110=LINE('',#12834,#3045);
#2111=LINE('',#12836,#3046);
#2112=LINE('',#12837,#3047);
#2113=LINE('',#12841,#3048);
#2114=LINE('',#12842,#3049);
#2115=LINE('',#12843,#3050);
#2116=LINE('',#12847,#3051);
#2117=LINE('',#12849,#3052);
#2118=LINE('',#12850,#3053);
#2119=LINE('',#12854,#3054);
#2120=LINE('',#12855,#3055);
#2121=LINE('',#12856,#3056);
#2122=LINE('',#12858,#3057);
#2123=LINE('',#12859,#3058);
#2124=LINE('',#12862,#3059);
#2125=LINE('',#12864,#3060);
#2126=LINE('',#12865,#3061);
#2127=LINE('',#12868,#3062);
#2128=LINE('',#12870,#3063);
#2129=LINE('',#12871,#3064);
#2130=LINE('',#12873,#3065);
#2131=LINE('',#12874,#3066);
#2132=LINE('',#12876,#3067);
#2133=LINE('',#12881,#3068);
#2134=LINE('',#12883,#3069);
#2135=LINE('',#12885,#3070);
#2136=LINE('',#12886,#3071);
#2137=LINE('',#12889,#3072);
#2138=LINE('',#12891,#3073);
#2139=LINE('',#12892,#3074);
#2140=LINE('',#12895,#3075);
#2141=LINE('',#12897,#3076);
#2142=LINE('',#12898,#3077);
#2143=LINE('',#12900,#3078);
#2144=LINE('',#12901,#3079);
#2145=LINE('',#12904,#3080);
#2146=LINE('',#12906,#3081);
#2147=LINE('',#12907,#3082);
#2148=LINE('',#12910,#3083);
#2149=LINE('',#12911,#3084);
#2150=LINE('',#12915,#3085);
#2151=LINE('',#12917,#3086);
#2152=LINE('',#12919,#3087);
#2153=LINE('',#12920,#3088);
#2154=LINE('',#12923,#3089);
#2155=LINE('',#12925,#3090);
#2156=LINE('',#12927,#3091);
#2157=LINE('',#12928,#3092);
#2158=LINE('',#12931,#3093);
#2159=LINE('',#12933,#3094);
#2160=LINE('',#12935,#3095);
#2161=LINE('',#12936,#3096);
#2162=LINE('',#12939,#3097);
#2163=LINE('',#12941,#3098);
#2164=LINE('',#12943,#3099);
#2165=LINE('',#12944,#3100);
#2166=LINE('',#12947,#3101);
#2167=LINE('',#12949,#3102);
#2168=LINE('',#12951,#3103);
#2169=LINE('',#12952,#3104);
#2170=LINE('',#12955,#3105);
#2171=LINE('',#12957,#3106);
#2172=LINE('',#12959,#3107);
#2173=LINE('',#12960,#3108);
#2174=LINE('',#12963,#3109);
#2175=LINE('',#12965,#3110);
#2176=LINE('',#12967,#3111);
#2177=LINE('',#12968,#3112);
#2178=LINE('',#12971,#3113);
#2179=LINE('',#12973,#3114);
#2180=LINE('',#12974,#3115);
#2181=LINE('',#12977,#3116);
#2182=LINE('',#12978,#3117);
#2183=LINE('',#12981,#3118);
#2184=LINE('',#12982,#3119);
#2185=LINE('',#12984,#3120);
#2186=LINE('',#12987,#3121);
#2187=LINE('',#12989,#3122);
#2188=LINE('',#12990,#3123);
#2189=LINE('',#12993,#3124);
#2190=LINE('',#12994,#3125);
#2191=LINE('',#12997,#3126);
#2192=LINE('',#12999,#3127);
#2193=LINE('',#13000,#3128);
#2194=LINE('',#13003,#3129);
#2195=LINE('',#13004,#3130);
#2196=LINE('',#13007,#3131);
#2197=LINE('',#13008,#3132);
#2198=LINE('',#13010,#3133);
#2199=LINE('',#13013,#3134);
#2200=LINE('',#13015,#3135);
#2201=LINE('',#13016,#3136);
#2202=LINE('',#13019,#3137);
#2203=LINE('',#13020,#3138);
#2204=LINE('',#13023,#3139);
#2205=LINE('',#13025,#3140);
#2206=LINE('',#13026,#3141);
#2207=LINE('',#13029,#3142);
#2208=LINE('',#13030,#3143);
#2209=LINE('',#13033,#3144);
#2210=LINE('',#13034,#3145);
#2211=LINE('',#13036,#3146);
#2212=LINE('',#13039,#3147);
#2213=LINE('',#13041,#3148);
#2214=LINE('',#13042,#3149);
#2215=LINE('',#13045,#3150);
#2216=LINE('',#13046,#3151);
#2217=LINE('',#13049,#3152);
#2218=LINE('',#13051,#3153);
#2219=LINE('',#13052,#3154);
#2220=LINE('',#13055,#3155);
#2221=LINE('',#13056,#3156);
#2222=LINE('',#13059,#3157);
#2223=LINE('',#13060,#3158);
#2224=LINE('',#13062,#3159);
#2225=LINE('',#13065,#3160);
#2226=LINE('',#13067,#3161);
#2227=LINE('',#13068,#3162);
#2228=LINE('',#13071,#3163);
#2229=LINE('',#13072,#3164);
#2230=LINE('',#13075,#3165);
#2231=LINE('',#13077,#3166);
#2232=LINE('',#13078,#3167);
#2233=LINE('',#13081,#3168);
#2234=LINE('',#13082,#3169);
#2235=LINE('',#13085,#3170);
#2236=LINE('',#13086,#3171);
#2237=LINE('',#13088,#3172);
#2238=LINE('',#13091,#3173);
#2239=LINE('',#13093,#3174);
#2240=LINE('',#13094,#3175);
#2241=LINE('',#13097,#3176);
#2242=LINE('',#13098,#3177);
#2243=LINE('',#13101,#3178);
#2244=LINE('',#13103,#3179);
#2245=LINE('',#13104,#3180);
#2246=LINE('',#13107,#3181);
#2247=LINE('',#13108,#3182);
#2248=LINE('',#13111,#3183);
#2249=LINE('',#13112,#3184);
#2250=LINE('',#13114,#3185);
#2251=LINE('',#13117,#3186);
#2252=LINE('',#13119,#3187);
#2253=LINE('',#13120,#3188);
#2254=LINE('',#13123,#3189);
#2255=LINE('',#13124,#3190);
#2256=LINE('',#13129,#3191);
#2257=LINE('',#13134,#3192);
#2258=LINE('',#13136,#3193);
#2259=LINE('',#13137,#3194);
#2260=LINE('',#13141,#3195);
#2261=LINE('',#13142,#3196);
#2262=LINE('',#13143,#3197);
#2263=LINE('',#13146,#3198);
#2264=LINE('',#13148,#3199);
#2265=LINE('',#13149,#3200);
#2266=LINE('',#13153,#3201);
#2267=LINE('',#13154,#3202);
#2268=LINE('',#13155,#3203);
#2269=LINE('',#13158,#3204);
#2270=LINE('',#13160,#3205);
#2271=LINE('',#13161,#3206);
#2272=LINE('',#13165,#3207);
#2273=LINE('',#13166,#3208);
#2274=LINE('',#13167,#3209);
#2275=LINE('',#13169,#3210);
#2276=LINE('',#13172,#3211);
#2277=LINE('',#13174,#3212);
#2278=LINE('',#13175,#3213);
#2279=LINE('',#13179,#3214);
#2280=LINE('',#13180,#3215);
#2281=LINE('',#13181,#3216);
#2282=LINE('',#13183,#3217);
#2283=LINE('',#13185,#3218);
#2284=LINE('',#13187,#3219);
#2285=LINE('',#13189,#3220);
#2286=LINE('',#13191,#3221);
#2287=LINE('',#13194,#3222);
#2288=LINE('',#13195,#3223);
#2289=LINE('',#13198,#3224);
#2290=LINE('',#13199,#3225);
#2291=LINE('',#13202,#3226);
#2292=LINE('',#13203,#3227);
#2293=LINE('',#13205,#3228);
#2294=LINE('',#13207,#3229);
#2295=LINE('',#13209,#3230);
#2296=LINE('',#13214,#3231);
#2297=LINE('',#13216,#3232);
#2298=LINE('',#13218,#3233);
#2299=LINE('',#13219,#3234);
#2300=LINE('',#13223,#3235);
#2301=LINE('',#13225,#3236);
#2302=LINE('',#13227,#3237);
#2303=LINE('',#13228,#3238);
#2304=LINE('',#13231,#3239);
#2305=LINE('',#13233,#3240);
#2306=LINE('',#13234,#3241);
#2307=LINE('',#13237,#3242);
#2308=LINE('',#13239,#3243);
#2309=LINE('',#13240,#3244);
#2310=LINE('',#13243,#3245);
#2311=LINE('',#13245,#3246);
#2312=LINE('',#13246,#3247);
#2313=LINE('',#13249,#3248);
#2314=LINE('',#13251,#3249);
#2315=LINE('',#13252,#3250);
#2316=LINE('',#13255,#3251);
#2317=LINE('',#13257,#3252);
#2318=LINE('',#13258,#3253);
#2319=LINE('',#13261,#3254);
#2320=LINE('',#13263,#3255);
#2321=LINE('',#13264,#3256);
#2322=LINE('',#13267,#3257);
#2323=LINE('',#13269,#3258);
#2324=LINE('',#13270,#3259);
#2325=LINE('',#13273,#3260);
#2326=LINE('',#13275,#3261);
#2327=LINE('',#13276,#3262);
#2328=LINE('',#13278,#3263);
#2329=LINE('',#13279,#3264);
#2330=LINE('',#13299,#3265);
#2331=LINE('',#13306,#3266);
#2332=LINE('',#13324,#3267);
#2333=LINE('',#13347,#3268);
#2334=LINE('',#13355,#3269);
#2335=LINE('',#13357,#3270);
#2336=LINE('',#13358,#3271);
#2337=LINE('',#13376,#3272);
#2338=LINE('',#13399,#3273);
#2339=LINE('',#13422,#3274);
#2340=LINE('',#13445,#3275);
#2341=LINE('',#13489,#3276);
#2342=LINE('',#13496,#3277);
#2343=LINE('',#13514,#3278);
#2344=LINE('',#13537,#3279);
#2345=LINE('',#13560,#3280);
#2346=LINE('',#13583,#3281);
#2347=LINE('',#13591,#3282);
#2348=LINE('',#13593,#3283);
#2349=LINE('',#13594,#3284);
#2350=LINE('',#13597,#3285);
#2351=LINE('',#13599,#3286);
#2352=LINE('',#13600,#3287);
#2353=LINE('',#13603,#3288);
#2354=LINE('',#13605,#3289);
#2355=LINE('',#13606,#3290);
#2356=LINE('',#13609,#3291);
#2357=LINE('',#13611,#3292);
#2358=LINE('',#13612,#3293);
#2359=LINE('',#13615,#3294);
#2360=LINE('',#13617,#3295);
#2361=LINE('',#13618,#3296);
#2362=LINE('',#13636,#3297);
#2363=LINE('',#13659,#3298);
#2364=LINE('',#13682,#3299);
#2365=LINE('',#13705,#3300);
#2366=LINE('',#13728,#3301);
#2367=LINE('',#13751,#3302);
#2368=LINE('',#13796,#3303);
#2369=LINE('',#13803,#3304);
#2370=LINE('',#13806,#3305);
#2371=LINE('',#13808,#3306);
#2372=LINE('',#13809,#3307);
#2373=LINE('',#13812,#3308);
#2374=LINE('',#13814,#3309);
#2375=LINE('',#13815,#3310);
#2376=LINE('',#13818,#3311);
#2377=LINE('',#13820,#3312);
#2378=LINE('',#13821,#3313);
#2379=LINE('',#13839,#3314);
#2380=LINE('',#13862,#3315);
#2381=LINE('',#13906,#3316);
#2382=LINE('',#13913,#3317);
#2383=LINE('',#13931,#3318);
#2384=LINE('',#13954,#3319);
#2385=LINE('',#13962,#3320);
#2386=LINE('',#13964,#3321);
#2387=LINE('',#13965,#3322);
#2388=LINE('',#13968,#3323);
#2389=LINE('',#13970,#3324);
#2390=LINE('',#13971,#3325);
#2391=LINE('',#13974,#3326);
#2392=LINE('',#13976,#3327);
#2393=LINE('',#13977,#3328);
#2394=LINE('',#13980,#3329);
#2395=LINE('',#13982,#3330);
#2396=LINE('',#13983,#3331);
#2397=LINE('',#13986,#3332);
#2398=LINE('',#13988,#3333);
#2399=LINE('',#13989,#3334);
#2400=LINE('',#14007,#3335);
#2401=LINE('',#14030,#3336);
#2402=LINE('',#14053,#3337);
#2403=LINE('',#14076,#3338);
#2404=LINE('',#14121,#3339);
#2405=LINE('',#14128,#3340);
#2406=LINE('',#14146,#3341);
#2407=LINE('',#14169,#3342);
#2408=LINE('',#14192,#3343);
#2409=LINE('',#14215,#3344);
#2410=LINE('',#14238,#3345);
#2411=LINE('',#14261,#3346);
#2412=LINE('',#14284,#3347);
#2413=LINE('',#14307,#3348);
#2414=LINE('',#14330,#3349);
#2415=LINE('',#14338,#3350);
#2416=LINE('',#14340,#3351);
#2417=LINE('',#14341,#3352);
#2418=LINE('',#14343,#3353);
#2419=LINE('',#14344,#3354);
#2420=LINE('',#14348,#3355);
#2421=LINE('',#14350,#3356);
#2422=LINE('',#14352,#3357);
#2423=LINE('',#14353,#3358);
#2424=LINE('',#14371,#3359);
#2425=LINE('',#14394,#3360);
#2426=LINE('',#14417,#3361);
#2427=LINE('',#14440,#3362);
#2428=LINE('',#14463,#3363);
#2429=LINE('',#14486,#3364);
#2430=LINE('',#14509,#3365);
#2431=LINE('',#14532,#3366);
#2432=LINE('',#14540,#3367);
#2433=LINE('',#14542,#3368);
#2434=LINE('',#14543,#3369);
#2435=LINE('',#14561,#3370);
#2436=LINE('',#14584,#3371);
#2437=LINE('',#14607,#3372);
#2438=LINE('',#14630,#3373);
#2439=LINE('',#14638,#3374);
#2440=LINE('',#14640,#3375);
#2441=LINE('',#14641,#3376);
#2442=LINE('',#14644,#3377);
#2443=LINE('',#14646,#3378);
#2444=LINE('',#14647,#3379);
#2445=LINE('',#14665,#3380);
#2446=LINE('',#14688,#3381);
#2447=LINE('',#14711,#3382);
#2448=LINE('',#14734,#3383);
#2449=LINE('',#14757,#3384);
#2450=LINE('',#14780,#3385);
#2451=LINE('',#14803,#3386);
#2452=LINE('',#14826,#3387);
#2453=LINE('',#14834,#3388);
#2454=LINE('',#14836,#3389);
#2455=LINE('',#14837,#3390);
#2456=LINE('',#14839,#3391);
#2457=LINE('',#14840,#3392);
#2458=LINE('',#14860,#3393);
#2459=LINE('',#14867,#3394);
#2460=LINE('',#14885,#3395);
#2461=LINE('',#14908,#3396);
#2462=LINE('',#14916,#3397);
#2463=LINE('',#14918,#3398);
#2464=LINE('',#14919,#3399);
#2465=LINE('',#14937,#3400);
#2466=LINE('',#14960,#3401);
#2467=LINE('',#14983,#3402);
#2468=LINE('',#15006,#3403);
#2469=LINE('',#15029,#3404);
#2470=LINE('',#15036,#3405);
#2471=LINE('',#15037,#3406);
#2472=LINE('',#15057,#3407);
#2473=LINE('',#15064,#3408);
#2474=LINE('',#15082,#3409);
#2475=LINE('',#15105,#3410);
#2476=LINE('',#15128,#3411);
#2477=LINE('',#15151,#3412);
#2478=LINE('',#15174,#3413);
#2479=LINE('',#15197,#3414);
#2480=LINE('',#15220,#3415);
#2481=LINE('',#15243,#3416);
#2482=LINE('',#15266,#3417);
#2483=LINE('',#15289,#3418);
#2484=LINE('',#15312,#3419);
#2485=LINE('',#15335,#3420);
#2486=LINE('',#15358,#3421);
#2487=LINE('',#15381,#3422);
#2488=LINE('',#15426,#3423);
#2489=LINE('',#15433,#3424);
#2490=LINE('',#15451,#3425);
#2491=LINE('',#15474,#3426);
#2492=LINE('',#15482,#3427);
#2493=LINE('',#15484,#3428);
#2494=LINE('',#15485,#3429);
#2495=LINE('',#15503,#3430);
#2496=LINE('',#15526,#3431);
#2497=LINE('',#15549,#3432);
#2498=LINE('',#15572,#3433);
#2499=LINE('',#15595,#3434);
#2500=LINE('',#15602,#3435);
#2501=LINE('',#15603,#3436);
#2502=LINE('',#15610,#3437);
#2503=LINE('',#15611,#3438);
#2504=LINE('',#15613,#3439);
#2505=LINE('',#15616,#3440);
#2506=LINE('',#15617,#3441);
#2507=LINE('',#15619,#3442);
#2508=LINE('',#15622,#3443);
#2509=LINE('',#15623,#3444);
#2510=LINE('',#15625,#3445);
#2511=LINE('',#15628,#3446);
#2512=LINE('',#15629,#3447);
#2513=LINE('',#15631,#3448);
#2514=LINE('',#15634,#3449);
#2515=LINE('',#15635,#3450);
#2516=LINE('',#15637,#3451);
#2517=LINE('',#15640,#3452);
#2518=LINE('',#15641,#3453);
#2519=LINE('',#15643,#3454);
#2520=LINE('',#15647,#3455);
#2521=LINE('',#15649,#3456);
#2522=LINE('',#15650,#3457);
#2523=LINE('',#15654,#3458);
#2524=LINE('',#15655,#3459);
#2525=LINE('',#15656,#3460);
#2526=LINE('',#15660,#3461);
#2527=LINE('',#15662,#3462);
#2528=LINE('',#15663,#3463);
#2529=LINE('',#15667,#3464);
#2530=LINE('',#15668,#3465);
#2531=LINE('',#15669,#3466);
#2532=LINE('',#15673,#3467);
#2533=LINE('',#15675,#3468);
#2534=LINE('',#15676,#3469);
#2535=LINE('',#15680,#3470);
#2536=LINE('',#15681,#3471);
#2537=LINE('',#15682,#3472);
#2538=LINE('',#15684,#3473);
#2539=LINE('',#15685,#3474);
#2540=LINE('',#15689,#3475);
#2541=LINE('',#15691,#3476);
#2542=LINE('',#15692,#3477);
#2543=LINE('',#15696,#3478);
#2544=LINE('',#15697,#3479);
#2545=LINE('',#15698,#3480);
#2546=LINE('',#15702,#3481);
#2547=LINE('',#15704,#3482);
#2548=LINE('',#15705,#3483);
#2549=LINE('',#15709,#3484);
#2550=LINE('',#15710,#3485);
#2551=LINE('',#15711,#3486);
#2552=LINE('',#15713,#3487);
#2553=LINE('',#15714,#3488);
#2554=LINE('',#15718,#3489);
#2555=LINE('',#15720,#3490);
#2556=LINE('',#15721,#3491);
#2557=LINE('',#15725,#3492);
#2558=LINE('',#15726,#3493);
#2559=LINE('',#15727,#3494);
#2560=LINE('',#15729,#3495);
#2561=LINE('',#15730,#3496);
#2562=LINE('',#15732,#3497);
#2563=LINE('',#15733,#3498);
#2564=LINE('',#15735,#3499);
#2565=LINE('',#15736,#3500);
#2566=LINE('',#15738,#3501);
#2567=LINE('',#15739,#3502);
#2568=LINE('',#15741,#3503);
#2569=LINE('',#15743,#3504);
#2570=LINE('',#15745,#3505);
#2571=LINE('',#15747,#3506);
#2572=LINE('',#15748,#3507);
#2573=LINE('',#15749,#3508);
#2574=LINE('',#15752,#3509);
#2575=LINE('',#15754,#3510);
#2576=LINE('',#15756,#3511);
#2577=LINE('',#15757,#3512);
#2578=LINE('',#15760,#3513);
#2579=LINE('',#15762,#3514);
#2580=LINE('',#15764,#3515);
#2581=LINE('',#15765,#3516);
#2582=LINE('',#15767,#3517);
#2583=LINE('',#15769,#3518);
#2584=LINE('',#15770,#3519);
#2585=LINE('',#15773,#3520);
#2586=LINE('',#15775,#3521);
#2587=LINE('',#15776,#3522);
#2588=LINE('',#15779,#3523);
#2589=LINE('',#15781,#3524);
#2590=LINE('',#15782,#3525);
#2591=LINE('',#15785,#3526);
#2592=LINE('',#15786,#3527);
#2593=LINE('',#15789,#3528);
#2594=LINE('',#15790,#3529);
#2595=LINE('',#15792,#3530);
#2596=LINE('',#15796,#3531);
#2597=LINE('',#15798,#3532);
#2598=LINE('',#15799,#3533);
#2599=LINE('',#15802,#3534);
#2600=LINE('',#15803,#3535);
#2601=LINE('',#15806,#3536);
#2602=LINE('',#15807,#3537);
#2603=LINE('',#15809,#3538);
#2604=LINE('',#15813,#3539);
#2605=LINE('',#15814,#3540);
#2606=LINE('',#15817,#3541);
#2607=LINE('',#15818,#3542);
#2608=LINE('',#15820,#3543);
#2609=LINE('',#15824,#3544);
#2610=LINE('',#15826,#3545);
#2611=LINE('',#15828,#3546);
#2612=LINE('',#15829,#3547);
#2613=LINE('',#15831,#3548);
#2614=LINE('',#15832,#3549);
#2615=LINE('',#15834,#3550);
#2616=LINE('',#15836,#3551);
#2617=VECTOR('',#9604,10.);
#2618=VECTOR('',#9605,10.);
#2619=VECTOR('',#9606,10.);
#2620=VECTOR('',#9607,10.);
#2621=VECTOR('',#9610,10.);
#2622=VECTOR('',#9611,10.);
#2623=VECTOR('',#9612,10.);
#2624=VECTOR('',#9615,10.);
#2625=VECTOR('',#9616,10.);
#2626=VECTOR('',#9617,10.);
#2627=VECTOR('',#9618,10.);
#2628=VECTOR('',#9619,10.);
#2629=VECTOR('',#9622,10.);
#2630=VECTOR('',#9623,10.);
#2631=VECTOR('',#9624,10.);
#2632=VECTOR('',#9627,10.);
#2633=VECTOR('',#9628,10.);
#2634=VECTOR('',#9629,10.);
#2635=VECTOR('',#9632,10.);
#2636=VECTOR('',#9633,10.);
#2637=VECTOR('',#9634,10.);
#2638=VECTOR('',#9635,10.);
#2639=VECTOR('',#9636,10.);
#2640=VECTOR('',#9639,10.);
#2641=VECTOR('',#9640,10.);
#2642=VECTOR('',#9643,10.);
#2643=VECTOR('',#9644,10.);
#2644=VECTOR('',#9647,10.);
#2645=VECTOR('',#9648,10.);
#2646=VECTOR('',#9653,10.);
#2647=VECTOR('',#9656,10.);
#2648=VECTOR('',#9659,10.);
#2649=VECTOR('',#9660,10.);
#2650=VECTOR('',#9661,10.);
#2651=VECTOR('',#9666,10.);
#2652=VECTOR('',#9671,10.);
#2653=VECTOR('',#9672,10.);
#2654=VECTOR('',#9673,10.);
#2655=VECTOR('',#9678,10.);
#2656=VECTOR('',#9683,10.);
#2657=VECTOR('',#9684,10.);
#2658=VECTOR('',#9685,10.);
#2659=VECTOR('',#9690,10.);
#2660=VECTOR('',#9695,10.);
#2661=VECTOR('',#9696,10.);
#2662=VECTOR('',#9699,10.);
#2663=VECTOR('',#9700,10.);
#2664=VECTOR('',#9701,10.);
#2665=VECTOR('',#9702,10.);
#2666=VECTOR('',#9705,10.);
#2667=VECTOR('',#9706,10.);
#2668=VECTOR('',#9707,10.);
#2669=VECTOR('',#9710,10.);
#2670=VECTOR('',#9711,10.);
#2671=VECTOR('',#9712,10.);
#2672=VECTOR('',#9715,10.);
#2673=VECTOR('',#9716,10.);
#2674=VECTOR('',#9719,10.);
#2675=VECTOR('',#9720,10.);
#2676=VECTOR('',#9721,10.);
#2677=VECTOR('',#9722,10.);
#2678=VECTOR('',#9725,10.);
#2679=VECTOR('',#9726,10.);
#2680=VECTOR('',#9727,10.);
#2681=VECTOR('',#9730,10.);
#2682=VECTOR('',#9731,10.);
#2683=VECTOR('',#9732,10.);
#2684=VECTOR('',#9735,10.);
#2685=VECTOR('',#9736,10.);
#2686=VECTOR('',#9739,10.);
#2687=VECTOR('',#9740,10.);
#2688=VECTOR('',#9741,10.);
#2689=VECTOR('',#9742,10.);
#2690=VECTOR('',#9745,10.);
#2691=VECTOR('',#9746,10.);
#2692=VECTOR('',#9747,10.);
#2693=VECTOR('',#9750,10.);
#2694=VECTOR('',#9751,10.);
#2695=VECTOR('',#9752,10.);
#2696=VECTOR('',#9755,10.);
#2697=VECTOR('',#9756,10.);
#2698=VECTOR('',#9759,10.);
#2699=VECTOR('',#9760,10.);
#2700=VECTOR('',#9761,10.);
#2701=VECTOR('',#9762,10.);
#2702=VECTOR('',#9765,10.);
#2703=VECTOR('',#9766,10.);
#2704=VECTOR('',#9767,10.);
#2705=VECTOR('',#9770,10.);
#2706=VECTOR('',#9771,10.);
#2707=VECTOR('',#9772,10.);
#2708=VECTOR('',#9775,10.);
#2709=VECTOR('',#9776,10.);
#2710=VECTOR('',#9779,10.);
#2711=VECTOR('',#9780,10.);
#2712=VECTOR('',#9781,10.);
#2713=VECTOR('',#9782,10.);
#2714=VECTOR('',#9785,10.);
#2715=VECTOR('',#9786,10.);
#2716=VECTOR('',#9787,10.);
#2717=VECTOR('',#9790,10.);
#2718=VECTOR('',#9791,10.);
#2719=VECTOR('',#9792,10.);
#2720=VECTOR('',#9795,10.);
#2721=VECTOR('',#9796,10.);
#2722=VECTOR('',#9799,10.);
#2723=VECTOR('',#9800,10.);
#2724=VECTOR('',#9801,10.);
#2725=VECTOR('',#9802,10.);
#2726=VECTOR('',#9805,10.);
#2727=VECTOR('',#9806,10.);
#2728=VECTOR('',#9807,10.);
#2729=VECTOR('',#9810,10.);
#2730=VECTOR('',#9811,10.);
#2731=VECTOR('',#9812,10.);
#2732=VECTOR('',#9815,10.);
#2733=VECTOR('',#9816,10.);
#2734=VECTOR('',#9819,10.);
#2735=VECTOR('',#9820,10.);
#2736=VECTOR('',#9821,10.);
#2737=VECTOR('',#9822,10.);
#2738=VECTOR('',#9825,10.);
#2739=VECTOR('',#9826,10.);
#2740=VECTOR('',#9827,10.);
#2741=VECTOR('',#9830,10.);
#2742=VECTOR('',#9831,10.);
#2743=VECTOR('',#9832,10.);
#2744=VECTOR('',#9835,10.);
#2745=VECTOR('',#9836,10.);
#2746=VECTOR('',#9839,10.);
#2747=VECTOR('',#9840,10.);
#2748=VECTOR('',#9841,10.);
#2749=VECTOR('',#9842,10.);
#2750=VECTOR('',#9845,10.);
#2751=VECTOR('',#9846,10.);
#2752=VECTOR('',#9847,10.);
#2753=VECTOR('',#9850,10.);
#2754=VECTOR('',#9851,10.);
#2755=VECTOR('',#9852,10.);
#2756=VECTOR('',#9855,10.);
#2757=VECTOR('',#9856,10.);
#2758=VECTOR('',#9859,10.);
#2759=VECTOR('',#9860,10.);
#2760=VECTOR('',#9861,10.);
#2761=VECTOR('',#9862,10.);
#2762=VECTOR('',#9867,10.);
#2763=VECTOR('',#9872,10.);
#2764=VECTOR('',#9873,10.);
#2765=VECTOR('',#9874,10.);
#2766=VECTOR('',#9877,10.);
#2767=VECTOR('',#9878,10.);
#2768=VECTOR('',#9879,10.);
#2769=VECTOR('',#9882,10.);
#2770=VECTOR('',#9883,10.);
#2771=VECTOR('',#9888,2.87000000000001);
#2772=VECTOR('',#9899,2.87);
#2773=VECTOR('',#9910,2.87000000000001);
#2774=VECTOR('',#9921,2.87);
#2775=VECTOR('',#9932,1.7);
#2776=VECTOR('',#9937,1.7);
#2777=VECTOR('',#9942,1.7);
#2778=VECTOR('',#9947,1.7);
#2779=VECTOR('',#9952,10.);
#2780=VECTOR('',#9955,10.);
#2781=VECTOR('',#9958,10.);
#2782=VECTOR('',#9961,10.);
#2783=VECTOR('',#9964,10.);
#2784=VECTOR('',#9967,10.);
#2785=VECTOR('',#9970,10.);
#2786=VECTOR('',#9973,10.);
#2787=VECTOR('',#9976,10.);
#2788=VECTOR('',#9977,10.);
#2789=VECTOR('',#9980,10.);
#2790=VECTOR('',#9983,10.);
#2791=VECTOR('',#9986,10.);
#2792=VECTOR('',#9989,10.);
#2793=VECTOR('',#9992,10.);
#2794=VECTOR('',#9995,10.);
#2795=VECTOR('',#9998,10.);
#2796=VECTOR('',#10001,10.);
#2797=VECTOR('',#10004,10.);
#2798=VECTOR('',#10007,10.);
#2799=VECTOR('',#10010,10.);
#2800=VECTOR('',#10013,10.);
#2801=VECTOR('',#10016,10.);
#2802=VECTOR('',#10019,10.);
#2803=VECTOR('',#10022,10.);
#2804=VECTOR('',#10025,10.);
#2805=VECTOR('',#10028,10.);
#2806=VECTOR('',#10031,10.);
#2807=VECTOR('',#10034,10.);
#2808=VECTOR('',#10037,10.);
#2809=VECTOR('',#10040,10.);
#2810=VECTOR('',#10043,10.);
#2811=VECTOR('',#10046,10.);
#2812=VECTOR('',#10049,10.);
#2813=VECTOR('',#10052,10.);
#2814=VECTOR('',#10055,10.);
#2815=VECTOR('',#10058,10.);
#2816=VECTOR('',#10063,10.);
#2817=VECTOR('',#10064,10.);
#2818=VECTOR('',#10069,10.);
#2819=VECTOR('',#10074,10.);
#2820=VECTOR('',#10075,10.);
#2821=VECTOR('',#10078,10.);
#2822=VECTOR('',#10079,10.);
#2823=VECTOR('',#10084,10.);
#2824=VECTOR('',#10087,10.);
#2825=VECTOR('',#10088,10.);
#2826=VECTOR('',#10089,10.);
#2827=VECTOR('',#10092,10.);
#2828=VECTOR('',#10097,10.);
#2829=VECTOR('',#10098,10.);
#2830=VECTOR('',#10101,10.);
#2831=VECTOR('',#10106,10.);
#2832=VECTOR('',#10107,10.);
#2833=VECTOR('',#10110,10.);
#2834=VECTOR('',#10115,10.);
#2835=VECTOR('',#10116,10.);
#2836=VECTOR('',#10125,10.);
#2837=VECTOR('',#10128,10.);
#2838=VECTOR('',#10131,10.);
#2839=VECTOR('',#10134,10.);
#2840=VECTOR('',#10137,10.);
#2841=VECTOR('',#10138,10.);
#2842=VECTOR('',#10139,10.);
#2843=VECTOR('',#10142,10.);
#2844=VECTOR('',#10147,10.);
#2845=VECTOR('',#10148,10.);
#2846=VECTOR('',#10151,10.);
#2847=VECTOR('',#10156,10.);
#2848=VECTOR('',#10157,10.);
#2849=VECTOR('',#10160,10.);
#2850=VECTOR('',#10165,10.);
#2851=VECTOR('',#10166,10.);
#2852=VECTOR('',#10175,10.);
#2853=VECTOR('',#10178,10.);
#2854=VECTOR('',#10181,10.);
#2855=VECTOR('',#10184,10.);
#2856=VECTOR('',#10187,10.);
#2857=VECTOR('',#10188,10.);
#2858=VECTOR('',#10191,10.);
#2859=VECTOR('',#10196,10.);
#2860=VECTOR('',#10197,10.);
#2861=VECTOR('',#10200,10.);
#2862=VECTOR('',#10205,10.);
#2863=VECTOR('',#10206,10.);
#2864=VECTOR('',#10215,10.);
#2865=VECTOR('',#10218,10.);
#2866=VECTOR('',#10221,10.);
#2867=VECTOR('',#10226,10.);
#2868=VECTOR('',#10227,10.);
#2869=VECTOR('',#10228,10.);
#2870=VECTOR('',#10231,10.);
#2871=VECTOR('',#10236,10.);
#2872=VECTOR('',#10237,10.);
#2873=VECTOR('',#10240,10.);
#2874=VECTOR('',#10245,10.);
#2875=VECTOR('',#10246,10.);
#2876=VECTOR('',#10249,10.);
#2877=VECTOR('',#10254,10.);
#2878=VECTOR('',#10255,10.);
#2879=VECTOR('',#10264,10.);
#2880=VECTOR('',#10267,10.);
#2881=VECTOR('',#10270,10.);
#2882=VECTOR('',#10273,10.);
#2883=VECTOR('',#10276,10.);
#2884=VECTOR('',#10277,10.);
#2885=VECTOR('',#10278,10.);
#2886=VECTOR('',#10281,10.);
#2887=VECTOR('',#10286,10.);
#2888=VECTOR('',#10287,10.);
#2889=VECTOR('',#10290,10.);
#2890=VECTOR('',#10295,10.);
#2891=VECTOR('',#10296,10.);
#2892=VECTOR('',#10299,10.);
#2893=VECTOR('',#10304,10.);
#2894=VECTOR('',#10305,10.);
#2895=VECTOR('',#10314,10.);
#2896=VECTOR('',#10317,10.);
#2897=VECTOR('',#10320,10.);
#2898=VECTOR('',#10323,10.);
#2899=VECTOR('',#10326,10.);
#2900=VECTOR('',#10327,10.);
#2901=VECTOR('',#10328,10.);
#2902=VECTOR('',#10331,10.);
#2903=VECTOR('',#10336,10.);
#2904=VECTOR('',#10337,10.);
#2905=VECTOR('',#10340,10.);
#2906=VECTOR('',#10345,10.);
#2907=VECTOR('',#10346,10.);
#2908=VECTOR('',#10349,10.);
#2909=VECTOR('',#10354,10.);
#2910=VECTOR('',#10355,10.);
#2911=VECTOR('',#10364,10.);
#2912=VECTOR('',#10367,10.);
#2913=VECTOR('',#10370,10.);
#2914=VECTOR('',#10373,10.);
#2915=VECTOR('',#10376,10.);
#2916=VECTOR('',#10377,10.);
#2917=VECTOR('',#10378,10.);
#2918=VECTOR('',#10381,10.);
#2919=VECTOR('',#10386,10.);
#2920=VECTOR('',#10387,10.);
#2921=VECTOR('',#10390,10.);
#2922=VECTOR('',#10395,10.);
#2923=VECTOR('',#10396,10.);
#2924=VECTOR('',#10399,10.);
#2925=VECTOR('',#10404,10.);
#2926=VECTOR('',#10405,10.);
#2927=VECTOR('',#10414,10.);
#2928=VECTOR('',#10417,10.);
#2929=VECTOR('',#10420,10.);
#2930=VECTOR('',#10423,10.);
#2931=VECTOR('',#10426,10.);
#2932=VECTOR('',#10427,10.);
#2933=VECTOR('',#10428,10.);
#2934=VECTOR('',#10431,10.);
#2935=VECTOR('',#10436,10.);
#2936=VECTOR('',#10437,10.);
#2937=VECTOR('',#10440,10.);
#2938=VECTOR('',#10445,10.);
#2939=VECTOR('',#10446,10.);
#2940=VECTOR('',#10449,10.);
#2941=VECTOR('',#10454,10.);
#2942=VECTOR('',#10455,10.);
#2943=VECTOR('',#10464,10.);
#2944=VECTOR('',#10467,10.);
#2945=VECTOR('',#10470,10.);
#2946=VECTOR('',#10473,10.);
#2947=VECTOR('',#10476,10.);
#2948=VECTOR('',#10477,10.);
#2949=VECTOR('',#10478,10.);
#2950=VECTOR('',#10481,10.);
#2951=VECTOR('',#10486,10.);
#2952=VECTOR('',#10487,10.);
#2953=VECTOR('',#10490,10.);
#2954=VECTOR('',#10495,10.);
#2955=VECTOR('',#10496,10.);
#2956=VECTOR('',#10497,10.);
#2957=VECTOR('',#10500,10.);
#2958=VECTOR('',#10505,10.);
#2959=VECTOR('',#10506,10.);
#2960=VECTOR('',#10509,10.);
#2961=VECTOR('',#10514,10.);
#2962=VECTOR('',#10515,10.);
#2963=VECTOR('',#10516,10.);
#2964=VECTOR('',#10519,10.);
#2965=VECTOR('',#10524,10.);
#2966=VECTOR('',#10525,10.);
#2967=VECTOR('',#10528,10.);
#2968=VECTOR('',#10533,10.);
#2969=VECTOR('',#10534,10.);
#2970=VECTOR('',#10535,10.);
#2971=VECTOR('',#10538,10.);
#2972=VECTOR('',#10543,10.);
#2973=VECTOR('',#10544,10.);
#2974=VECTOR('',#10547,10.);
#2975=VECTOR('',#10552,10.);
#2976=VECTOR('',#10553,10.);
#2977=VECTOR('',#10554,10.);
#2978=VECTOR('',#10557,10.);
#2979=VECTOR('',#10562,10.);
#2980=VECTOR('',#10563,10.);
#2981=VECTOR('',#10566,10.);
#2982=VECTOR('',#10571,10.);
#2983=VECTOR('',#10572,10.);
#2984=VECTOR('',#10573,10.);
#2985=VECTOR('',#10576,10.);
#2986=VECTOR('',#10581,10.);
#2987=VECTOR('',#10582,10.);
#2988=VECTOR('',#10585,10.);
#2989=VECTOR('',#10590,10.);
#2990=VECTOR('',#10591,10.);
#2991=VECTOR('',#10592,10.);
#2992=VECTOR('',#10595,10.);
#2993=VECTOR('',#10600,10.);
#2994=VECTOR('',#10601,10.);
#2995=VECTOR('',#10604,10.);
#2996=VECTOR('',#10609,10.);
#2997=VECTOR('',#10610,10.);
#2998=VECTOR('',#10611,10.);
#2999=VECTOR('',#10614,10.);
#3000=VECTOR('',#10619,10.);
#3001=VECTOR('',#10620,10.);
#3002=VECTOR('',#10623,10.);
#3003=VECTOR('',#10628,10.);
#3004=VECTOR('',#10631,10.);
#3005=VECTOR('',#10636,10.);
#3006=VECTOR('',#10639,10.);
#3007=VECTOR('',#10640,10.);
#3008=VECTOR('',#10645,10.);
#3009=VECTOR('',#10648,10.);
#3010=VECTOR('',#10653,10.);
#3011=VECTOR('',#10656,10.);
#3012=VECTOR('',#10657,10.);
#3013=VECTOR('',#10662,10.);
#3014=VECTOR('',#10665,10.);
#3015=VECTOR('',#10670,10.);
#3016=VECTOR('',#10673,10.);
#3017=VECTOR('',#10674,10.);
#3018=VECTOR('',#10679,10.);
#3019=VECTOR('',#10682,10.);
#3020=VECTOR('',#10687,10.);
#3021=VECTOR('',#10690,10.);
#3022=VECTOR('',#10691,10.);
#3023=VECTOR('',#10696,10.);
#3024=VECTOR('',#10699,10.);
#3025=VECTOR('',#10704,10.);
#3026=VECTOR('',#10707,10.);
#3027=VECTOR('',#10708,10.);
#3028=VECTOR('',#10713,10.);
#3029=VECTOR('',#10716,10.);
#3030=VECTOR('',#10721,10.);
#3031=VECTOR('',#10724,10.);
#3032=VECTOR('',#10725,10.);
#3033=VECTOR('',#10730,10.);
#3034=VECTOR('',#10733,10.);
#3035=VECTOR('',#10738,10.);
#3036=VECTOR('',#10741,10.);
#3037=VECTOR('',#10742,10.);
#3038=VECTOR('',#10747,10.);
#3039=VECTOR('',#10750,10.);
#3040=VECTOR('',#10755,10.);
#3041=VECTOR('',#10758,10.);
#3042=VECTOR('',#10759,10.);
#3043=VECTOR('',#10764,10.);
#3044=VECTOR('',#10767,10.);
#3045=VECTOR('',#10772,10.);
#3046=VECTOR('',#10773,10.);
#3047=VECTOR('',#10774,10.);
#3048=VECTOR('',#10777,10.);
#3049=VECTOR('',#10778,10.);
#3050=VECTOR('',#10779,10.);
#3051=VECTOR('',#10782,10.);
#3052=VECTOR('',#10783,10.);
#3053=VECTOR('',#10784,10.);
#3054=VECTOR('',#10787,10.);
#3055=VECTOR('',#10788,10.);
#3056=VECTOR('',#10789,10.);
#3057=VECTOR('',#10792,10.);
#3058=VECTOR('',#10793,10.);
#3059=VECTOR('',#10796,10.);
#3060=VECTOR('',#10797,10.);
#3061=VECTOR('',#10798,10.);
#3062=VECTOR('',#10801,10.);
#3063=VECTOR('',#10802,10.);
#3064=VECTOR('',#10803,10.);
#3065=VECTOR('',#10806,10.);
#3066=VECTOR('',#10807,10.);
#3067=VECTOR('',#10810,10.);
#3068=VECTOR('',#10815,10.);
#3069=VECTOR('',#10816,10.);
#3070=VECTOR('',#10817,10.);
#3071=VECTOR('',#10818,10.);
#3072=VECTOR('',#10821,10.);
#3073=VECTOR('',#10822,10.);
#3074=VECTOR('',#10823,10.);
#3075=VECTOR('',#10826,10.);
#3076=VECTOR('',#10827,10.);
#3077=VECTOR('',#10828,10.);
#3078=VECTOR('',#10831,10.);
#3079=VECTOR('',#10832,10.);
#3080=VECTOR('',#10835,10.);
#3081=VECTOR('',#10836,10.);
#3082=VECTOR('',#10837,10.);
#3083=VECTOR('',#10840,10.);
#3084=VECTOR('',#10841,10.);
#3085=VECTOR('',#10844,10.);
#3086=VECTOR('',#10845,10.);
#3087=VECTOR('',#10846,10.);
#3088=VECTOR('',#10847,10.);
#3089=VECTOR('',#10848,10.);
#3090=VECTOR('',#10849,10.);
#3091=VECTOR('',#10850,10.);
#3092=VECTOR('',#10851,10.);
#3093=VECTOR('',#10852,10.);
#3094=VECTOR('',#10853,10.);
#3095=VECTOR('',#10854,10.);
#3096=VECTOR('',#10855,10.);
#3097=VECTOR('',#10856,10.);
#3098=VECTOR('',#10857,10.);
#3099=VECTOR('',#10858,10.);
#3100=VECTOR('',#10859,10.);
#3101=VECTOR('',#10860,10.);
#3102=VECTOR('',#10861,10.);
#3103=VECTOR('',#10862,10.);
#3104=VECTOR('',#10863,10.);
#3105=VECTOR('',#10864,10.);
#3106=VECTOR('',#10865,10.);
#3107=VECTOR('',#10866,10.);
#3108=VECTOR('',#10867,10.);
#3109=VECTOR('',#10868,10.);
#3110=VECTOR('',#10869,10.);
#3111=VECTOR('',#10870,10.);
#3112=VECTOR('',#10871,10.);
#3113=VECTOR('',#10874,10.);
#3114=VECTOR('',#10875,10.);
#3115=VECTOR('',#10876,10.);
#3116=VECTOR('',#10879,10.);
#3117=VECTOR('',#10880,10.);
#3118=VECTOR('',#10883,10.);
#3119=VECTOR('',#10884,10.);
#3120=VECTOR('',#10887,10.);
#3121=VECTOR('',#10890,10.);
#3122=VECTOR('',#10891,10.);
#3123=VECTOR('',#10892,10.);
#3124=VECTOR('',#10895,10.);
#3125=VECTOR('',#10896,10.);
#3126=VECTOR('',#10899,10.);
#3127=VECTOR('',#10900,10.);
#3128=VECTOR('',#10901,10.);
#3129=VECTOR('',#10904,10.);
#3130=VECTOR('',#10905,10.);
#3131=VECTOR('',#10908,10.);
#3132=VECTOR('',#10909,10.);
#3133=VECTOR('',#10912,10.);
#3134=VECTOR('',#10915,10.);
#3135=VECTOR('',#10916,10.);
#3136=VECTOR('',#10917,10.);
#3137=VECTOR('',#10920,10.);
#3138=VECTOR('',#10921,10.);
#3139=VECTOR('',#10924,10.);
#3140=VECTOR('',#10925,10.);
#3141=VECTOR('',#10926,10.);
#3142=VECTOR('',#10929,10.);
#3143=VECTOR('',#10930,10.);
#3144=VECTOR('',#10933,10.);
#3145=VECTOR('',#10934,10.);
#3146=VECTOR('',#10937,10.);
#3147=VECTOR('',#10940,10.);
#3148=VECTOR('',#10941,10.);
#3149=VECTOR('',#10942,10.);
#3150=VECTOR('',#10945,10.);
#3151=VECTOR('',#10946,10.);
#3152=VECTOR('',#10949,10.);
#3153=VECTOR('',#10950,10.);
#3154=VECTOR('',#10951,10.);
#3155=VECTOR('',#10954,10.);
#3156=VECTOR('',#10955,10.);
#3157=VECTOR('',#10958,10.);
#3158=VECTOR('',#10959,10.);
#3159=VECTOR('',#10962,10.);
#3160=VECTOR('',#10965,10.);
#3161=VECTOR('',#10966,10.);
#3162=VECTOR('',#10967,10.);
#3163=VECTOR('',#10970,10.);
#3164=VECTOR('',#10971,10.);
#3165=VECTOR('',#10974,10.);
#3166=VECTOR('',#10975,10.);
#3167=VECTOR('',#10976,10.);
#3168=VECTOR('',#10979,10.);
#3169=VECTOR('',#10980,10.);
#3170=VECTOR('',#10983,10.);
#3171=VECTOR('',#10984,10.);
#3172=VECTOR('',#10987,10.);
#3173=VECTOR('',#10990,10.);
#3174=VECTOR('',#10991,10.);
#3175=VECTOR('',#10992,10.);
#3176=VECTOR('',#10995,10.);
#3177=VECTOR('',#10996,10.);
#3178=VECTOR('',#10999,10.);
#3179=VECTOR('',#11000,10.);
#3180=VECTOR('',#11001,10.);
#3181=VECTOR('',#11004,10.);
#3182=VECTOR('',#11005,10.);
#3183=VECTOR('',#11008,10.);
#3184=VECTOR('',#11009,10.);
#3185=VECTOR('',#11012,10.);
#3186=VECTOR('',#11015,10.);
#3187=VECTOR('',#11016,10.);
#3188=VECTOR('',#11017,10.);
#3189=VECTOR('',#11020,10.);
#3190=VECTOR('',#11021,10.);
#3191=VECTOR('',#11026,0.749999999999993);
#3192=VECTOR('',#11033,10.);
#3193=VECTOR('',#11034,10.);
#3194=VECTOR('',#11035,10.);
#3195=VECTOR('',#11038,10.);
#3196=VECTOR('',#11039,10.);
#3197=VECTOR('',#11040,10.);
#3198=VECTOR('',#11043,10.);
#3199=VECTOR('',#11044,10.);
#3200=VECTOR('',#11045,10.);
#3201=VECTOR('',#11048,10.);
#3202=VECTOR('',#11049,10.);
#3203=VECTOR('',#11050,10.);
#3204=VECTOR('',#11053,10.);
#3205=VECTOR('',#11054,10.);
#3206=VECTOR('',#11055,10.);
#3207=VECTOR('',#11058,10.);
#3208=VECTOR('',#11059,10.);
#3209=VECTOR('',#11060,10.);
#3210=VECTOR('',#11063,10.);
#3211=VECTOR('',#11066,10.);
#3212=VECTOR('',#11067,10.);
#3213=VECTOR('',#11068,10.);
#3214=VECTOR('',#11071,10.);
#3215=VECTOR('',#11072,10.);
#3216=VECTOR('',#11073,10.);
#3217=VECTOR('',#11076,10.);
#3218=VECTOR('',#11079,10.);
#3219=VECTOR('',#11082,10.);
#3220=VECTOR('',#11085,10.);
#3221=VECTOR('',#11088,10.);
#3222=VECTOR('',#11091,10.);
#3223=VECTOR('',#11092,10.);
#3224=VECTOR('',#11095,10.);
#3225=VECTOR('',#11096,10.);
#3226=VECTOR('',#11099,10.);
#3227=VECTOR('',#11100,10.);
#3228=VECTOR('',#11103,10.);
#3229=VECTOR('',#11106,10.);
#3230=VECTOR('',#11109,10.);
#3231=VECTOR('',#11114,10.);
#3232=VECTOR('',#11115,10.);
#3233=VECTOR('',#11116,10.);
#3234=VECTOR('',#11117,10.);
#3235=VECTOR('',#11120,10.);
#3236=VECTOR('',#11121,10.);
#3237=VECTOR('',#11122,10.);
#3238=VECTOR('',#11123,10.);
#3239=VECTOR('',#11126,10.);
#3240=VECTOR('',#11127,10.);
#3241=VECTOR('',#11128,10.);
#3242=VECTOR('',#11131,10.);
#3243=VECTOR('',#11132,10.);
#3244=VECTOR('',#11133,10.);
#3245=VECTOR('',#11136,10.);
#3246=VECTOR('',#11137,10.);
#3247=VECTOR('',#11138,10.);
#3248=VECTOR('',#11141,10.);
#3249=VECTOR('',#11142,10.);
#3250=VECTOR('',#11143,10.);
#3251=VECTOR('',#11146,10.);
#3252=VECTOR('',#11147,10.);
#3253=VECTOR('',#11148,10.);
#3254=VECTOR('',#11151,10.);
#3255=VECTOR('',#11152,10.);
#3256=VECTOR('',#11153,10.);
#3257=VECTOR('',#11156,10.);
#3258=VECTOR('',#11157,10.);
#3259=VECTOR('',#11158,10.);
#3260=VECTOR('',#11161,10.);
#3261=VECTOR('',#11162,10.);
#3262=VECTOR('',#11163,10.);
#3263=VECTOR('',#11166,10.);
#3264=VECTOR('',#11167,10.);
#3265=VECTOR('',#11170,10.);
#3266=VECTOR('',#11171,10.);
#3267=VECTOR('',#11172,10.);
#3268=VECTOR('',#11173,10.);
#3269=VECTOR('',#11176,10.);
#3270=VECTOR('',#11177,10.);
#3271=VECTOR('',#11178,10.);
#3272=VECTOR('',#11179,10.);
#3273=VECTOR('',#11180,10.);
#3274=VECTOR('',#11181,10.);
#3275=VECTOR('',#11182,10.);
#3276=VECTOR('',#11183,10.);
#3277=VECTOR('',#11184,10.);
#3278=VECTOR('',#11185,10.);
#3279=VECTOR('',#11186,10.);
#3280=VECTOR('',#11187,10.);
#3281=VECTOR('',#11188,10.);
#3282=VECTOR('',#11191,10.);
#3283=VECTOR('',#11192,10.);
#3284=VECTOR('',#11193,10.);
#3285=VECTOR('',#11196,10.);
#3286=VECTOR('',#11197,10.);
#3287=VECTOR('',#11198,10.);
#3288=VECTOR('',#11201,10.);
#3289=VECTOR('',#11202,10.);
#3290=VECTOR('',#11203,10.);
#3291=VECTOR('',#11206,10.);
#3292=VECTOR('',#11207,10.);
#3293=VECTOR('',#11208,10.);
#3294=VECTOR('',#11211,10.);
#3295=VECTOR('',#11212,10.);
#3296=VECTOR('',#11213,10.);
#3297=VECTOR('',#11214,10.);
#3298=VECTOR('',#11215,10.);
#3299=VECTOR('',#11216,10.);
#3300=VECTOR('',#11217,10.);
#3301=VECTOR('',#11218,10.);
#3302=VECTOR('',#11219,10.);
#3303=VECTOR('',#11222,10.);
#3304=VECTOR('',#11223,10.);
#3305=VECTOR('',#11226,10.);
#3306=VECTOR('',#11227,10.);
#3307=VECTOR('',#11228,10.);
#3308=VECTOR('',#11231,10.);
#3309=VECTOR('',#11232,10.);
#3310=VECTOR('',#11233,10.);
#3311=VECTOR('',#11236,10.);
#3312=VECTOR('',#11237,10.);
#3313=VECTOR('',#11238,10.);
#3314=VECTOR('',#11239,10.);
#3315=VECTOR('',#11240,10.);
#3316=VECTOR('',#11241,10.);
#3317=VECTOR('',#11242,10.);
#3318=VECTOR('',#11243,10.);
#3319=VECTOR('',#11244,10.);
#3320=VECTOR('',#11247,10.);
#3321=VECTOR('',#11248,10.);
#3322=VECTOR('',#11249,10.);
#3323=VECTOR('',#11252,10.);
#3324=VECTOR('',#11253,10.);
#3325=VECTOR('',#11254,10.);
#3326=VECTOR('',#11257,10.);
#3327=VECTOR('',#11258,10.);
#3328=VECTOR('',#11259,10.);
#3329=VECTOR('',#11262,10.);
#3330=VECTOR('',#11263,10.);
#3331=VECTOR('',#11264,10.);
#3332=VECTOR('',#11267,10.);
#3333=VECTOR('',#11268,10.);
#3334=VECTOR('',#11269,10.);
#3335=VECTOR('',#11270,10.);
#3336=VECTOR('',#11271,10.);
#3337=VECTOR('',#11272,10.);
#3338=VECTOR('',#11273,10.);
#3339=VECTOR('',#11276,10.);
#3340=VECTOR('',#11277,10.);
#3341=VECTOR('',#11278,10.);
#3342=VECTOR('',#11279,10.);
#3343=VECTOR('',#11280,10.);
#3344=VECTOR('',#11281,10.);
#3345=VECTOR('',#11282,10.);
#3346=VECTOR('',#11283,10.);
#3347=VECTOR('',#11284,10.);
#3348=VECTOR('',#11285,10.);
#3349=VECTOR('',#11286,10.);
#3350=VECTOR('',#11289,10.);
#3351=VECTOR('',#11290,10.);
#3352=VECTOR('',#11291,10.);
#3353=VECTOR('',#11294,10.);
#3354=VECTOR('',#11295,10.);
#3355=VECTOR('',#11298,10.);
#3356=VECTOR('',#11299,10.);
#3357=VECTOR('',#11300,10.);
#3358=VECTOR('',#11301,10.);
#3359=VECTOR('',#11302,10.);
#3360=VECTOR('',#11303,10.);
#3361=VECTOR('',#11304,10.);
#3362=VECTOR('',#11305,10.);
#3363=VECTOR('',#11306,10.);
#3364=VECTOR('',#11307,10.);
#3365=VECTOR('',#11308,10.);
#3366=VECTOR('',#11309,10.);
#3367=VECTOR('',#11312,10.);
#3368=VECTOR('',#11313,10.);
#3369=VECTOR('',#11314,10.);
#3370=VECTOR('',#11315,10.);
#3371=VECTOR('',#11316,10.);
#3372=VECTOR('',#11317,10.);
#3373=VECTOR('',#11318,10.);
#3374=VECTOR('',#11321,10.);
#3375=VECTOR('',#11322,10.);
#3376=VECTOR('',#11323,10.);
#3377=VECTOR('',#11326,10.);
#3378=VECTOR('',#11327,10.);
#3379=VECTOR('',#11328,10.);
#3380=VECTOR('',#11329,10.);
#3381=VECTOR('',#11330,10.);
#3382=VECTOR('',#11331,10.);
#3383=VECTOR('',#11332,10.);
#3384=VECTOR('',#11333,10.);
#3385=VECTOR('',#11334,10.);
#3386=VECTOR('',#11335,10.);
#3387=VECTOR('',#11336,10.);
#3388=VECTOR('',#11339,10.);
#3389=VECTOR('',#11340,10.);
#3390=VECTOR('',#11341,10.);
#3391=VECTOR('',#11344,10.);
#3392=VECTOR('',#11345,10.);
#3393=VECTOR('',#11348,10.);
#3394=VECTOR('',#11349,10.);
#3395=VECTOR('',#11350,10.);
#3396=VECTOR('',#11351,10.);
#3397=VECTOR('',#11354,10.);
#3398=VECTOR('',#11355,10.);
#3399=VECTOR('',#11356,10.);
#3400=VECTOR('',#11357,10.);
#3401=VECTOR('',#11358,10.);
#3402=VECTOR('',#11359,10.);
#3403=VECTOR('',#11360,10.);
#3404=VECTOR('',#11361,10.);
#3405=VECTOR('',#11364,10.);
#3406=VECTOR('',#11365,10.);
#3407=VECTOR('',#11368,10.);
#3408=VECTOR('',#11369,10.);
#3409=VECTOR('',#11370,10.);
#3410=VECTOR('',#11371,10.);
#3411=VECTOR('',#11372,10.);
#3412=VECTOR('',#11373,10.);
#3413=VECTOR('',#11374,10.);
#3414=VECTOR('',#11375,10.);
#3415=VECTOR('',#11376,10.);
#3416=VECTOR('',#11377,10.);
#3417=VECTOR('',#11378,10.);
#3418=VECTOR('',#11379,10.);
#3419=VECTOR('',#11380,10.);
#3420=VECTOR('',#11381,10.);
#3421=VECTOR('',#11382,10.);
#3422=VECTOR('',#11383,10.);
#3423=VECTOR('',#11386,10.);
#3424=VECTOR('',#11387,10.);
#3425=VECTOR('',#11388,10.);
#3426=VECTOR('',#11389,10.);
#3427=VECTOR('',#11392,10.);
#3428=VECTOR('',#11393,10.);
#3429=VECTOR('',#11394,10.);
#3430=VECTOR('',#11395,10.);
#3431=VECTOR('',#11396,10.);
#3432=VECTOR('',#11397,10.);
#3433=VECTOR('',#11398,10.);
#3434=VECTOR('',#11399,10.);
#3435=VECTOR('',#11402,10.);
#3436=VECTOR('',#11403,10.);
#3437=VECTOR('',#11414,10.);
#3438=VECTOR('',#11415,10.);
#3439=VECTOR('',#11418,10.);
#3440=VECTOR('',#11421,10.);
#3441=VECTOR('',#11422,10.);
#3442=VECTOR('',#11425,10.);
#3443=VECTOR('',#11428,10.);
#3444=VECTOR('',#11429,10.);
#3445=VECTOR('',#11432,10.);
#3446=VECTOR('',#11435,10.);
#3447=VECTOR('',#11436,10.);
#3448=VECTOR('',#11439,10.);
#3449=VECTOR('',#11442,10.);
#3450=VECTOR('',#11443,10.);
#3451=VECTOR('',#11446,10.);
#3452=VECTOR('',#11449,10.);
#3453=VECTOR('',#11450,10.);
#3454=VECTOR('',#11453,10.);
#3455=VECTOR('',#11456,10.);
#3456=VECTOR('',#11457,10.);
#3457=VECTOR('',#11458,10.);
#3458=VECTOR('',#11461,10.);
#3459=VECTOR('',#11462,10.);
#3460=VECTOR('',#11463,10.);
#3461=VECTOR('',#11466,10.);
#3462=VECTOR('',#11467,10.);
#3463=VECTOR('',#11468,10.);
#3464=VECTOR('',#11471,10.);
#3465=VECTOR('',#11472,10.);
#3466=VECTOR('',#11473,10.);
#3467=VECTOR('',#11476,10.);
#3468=VECTOR('',#11477,10.);
#3469=VECTOR('',#11478,10.);
#3470=VECTOR('',#11481,10.);
#3471=VECTOR('',#11482,10.);
#3472=VECTOR('',#11483,10.);
#3473=VECTOR('',#11486,10.);
#3474=VECTOR('',#11487,10.);
#3475=VECTOR('',#11490,10.);
#3476=VECTOR('',#11491,10.);
#3477=VECTOR('',#11492,10.);
#3478=VECTOR('',#11495,10.);
#3479=VECTOR('',#11496,10.);
#3480=VECTOR('',#11497,10.);
#3481=VECTOR('',#11500,10.);
#3482=VECTOR('',#11501,10.);
#3483=VECTOR('',#11502,10.);
#3484=VECTOR('',#11505,10.);
#3485=VECTOR('',#11506,10.);
#3486=VECTOR('',#11507,10.);
#3487=VECTOR('',#11510,10.);
#3488=VECTOR('',#11511,10.);
#3489=VECTOR('',#11514,10.);
#3490=VECTOR('',#11515,10.);
#3491=VECTOR('',#11516,10.);
#3492=VECTOR('',#11519,10.);
#3493=VECTOR('',#11520,10.);
#3494=VECTOR('',#11521,10.);
#3495=VECTOR('',#11524,10.);
#3496=VECTOR('',#11525,10.);
#3497=VECTOR('',#11528,10.);
#3498=VECTOR('',#11529,10.);
#3499=VECTOR('',#11532,10.);
#3500=VECTOR('',#11533,10.);
#3501=VECTOR('',#11536,10.);
#3502=VECTOR('',#11537,10.);
#3503=VECTOR('',#11540,10.);
#3504=VECTOR('',#11543,10.);
#3505=VECTOR('',#11546,10.);
#3506=VECTOR('',#11549,10.);
#3507=VECTOR('',#11550,10.);
#3508=VECTOR('',#11551,10.);
#3509=VECTOR('',#11552,10.);
#3510=VECTOR('',#11553,10.);
#3511=VECTOR('',#11554,10.);
#3512=VECTOR('',#11555,10.);
#3513=VECTOR('',#11556,10.);
#3514=VECTOR('',#11557,10.);
#3515=VECTOR('',#11558,10.);
#3516=VECTOR('',#11559,10.);
#3517=VECTOR('',#11560,10.);
#3518=VECTOR('',#11561,10.);
#3519=VECTOR('',#11562,10.);
#3520=VECTOR('',#11565,10.);
#3521=VECTOR('',#11566,10.);
#3522=VECTOR('',#11567,10.);
#3523=VECTOR('',#11570,10.);
#3524=VECTOR('',#11571,10.);
#3525=VECTOR('',#11572,10.);
#3526=VECTOR('',#11575,10.);
#3527=VECTOR('',#11576,10.);
#3528=VECTOR('',#11579,10.);
#3529=VECTOR('',#11580,10.);
#3530=VECTOR('',#11583,10.);
#3531=VECTOR('',#11588,10.);
#3532=VECTOR('',#11589,10.);
#3533=VECTOR('',#11590,10.);
#3534=VECTOR('',#11593,10.);
#3535=VECTOR('',#11594,10.);
#3536=VECTOR('',#11597,10.);
#3537=VECTOR('',#11598,10.);
#3538=VECTOR('',#11601,10.);
#3539=VECTOR('',#11606,10.);
#3540=VECTOR('',#11607,10.);
#3541=VECTOR('',#11610,10.);
#3542=VECTOR('',#11611,10.);
#3543=VECTOR('',#11614,10.);
#3544=VECTOR('',#11617,10.);
#3545=VECTOR('',#11618,10.);
#3546=VECTOR('',#11619,10.);
#3547=VECTOR('',#11620,10.);
#3548=VECTOR('',#11623,10.);
#3549=VECTOR('',#11624,10.);
#3550=VECTOR('',#11627,10.);
#3551=VECTOR('',#11630,10.);
#3552=VERTEX_POINT('',#11644);
#3553=VERTEX_POINT('',#11645);
#3554=VERTEX_POINT('',#11647);
#3555=VERTEX_POINT('',#11649);
#3556=VERTEX_POINT('',#11653);
#3557=VERTEX_POINT('',#11655);
#3558=VERTEX_POINT('',#11659);
#3559=VERTEX_POINT('',#11661);
#3560=VERTEX_POINT('',#11663);
#3561=VERTEX_POINT('',#11665);
#3562=VERTEX_POINT('',#11669);
#3563=VERTEX_POINT('',#11671);
#3564=VERTEX_POINT('',#11675);
#3565=VERTEX_POINT('',#11677);
#3566=VERTEX_POINT('',#11681);
#3567=VERTEX_POINT('',#11683);
#3568=VERTEX_POINT('',#11685);
#3569=VERTEX_POINT('',#11687);
#3570=VERTEX_POINT('',#11691);
#3571=VERTEX_POINT('',#11695);
#3572=VERTEX_POINT('',#11699);
#3573=VERTEX_POINT('',#11703);
#3574=VERTEX_POINT('',#11704);
#3575=VERTEX_POINT('',#11706);
#3576=VERTEX_POINT('',#11708);
#3577=VERTEX_POINT('',#11712);
#3578=VERTEX_POINT('',#11714);
#3579=VERTEX_POINT('',#11718);
#3580=VERTEX_POINT('',#11720);
#3581=VERTEX_POINT('',#11724);
#3582=VERTEX_POINT('',#11726);
#3583=VERTEX_POINT('',#11730);
#3584=VERTEX_POINT('',#11732);
#3585=VERTEX_POINT('',#11736);
#3586=VERTEX_POINT('',#11738);
#3587=VERTEX_POINT('',#11742);
#3588=VERTEX_POINT('',#11744);
#3589=VERTEX_POINT('',#11751);
#3590=VERTEX_POINT('',#11752);
#3591=VERTEX_POINT('',#11754);
#3592=VERTEX_POINT('',#11756);
#3593=VERTEX_POINT('',#11760);
#3594=VERTEX_POINT('',#11762);
#3595=VERTEX_POINT('',#11766);
#3596=VERTEX_POINT('',#11768);
#3597=VERTEX_POINT('',#11775);
#3598=VERTEX_POINT('',#11776);
#3599=VERTEX_POINT('',#11778);
#3600=VERTEX_POINT('',#11780);
#3601=VERTEX_POINT('',#11784);
#3602=VERTEX_POINT('',#11786);
#3603=VERTEX_POINT('',#11790);
#3604=VERTEX_POINT('',#11792);
#3605=VERTEX_POINT('',#11799);
#3606=VERTEX_POINT('',#11800);
#3607=VERTEX_POINT('',#11802);
#3608=VERTEX_POINT('',#11804);
#3609=VERTEX_POINT('',#11808);
#3610=VERTEX_POINT('',#11810);
#3611=VERTEX_POINT('',#11814);
#3612=VERTEX_POINT('',#11816);
#3613=VERTEX_POINT('',#11823);
#3614=VERTEX_POINT('',#11824);
#3615=VERTEX_POINT('',#11826);
#3616=VERTEX_POINT('',#11828);
#3617=VERTEX_POINT('',#11832);
#3618=VERTEX_POINT('',#11834);
#3619=VERTEX_POINT('',#11838);
#3620=VERTEX_POINT('',#11840);
#3621=VERTEX_POINT('',#11847);
#3622=VERTEX_POINT('',#11848);
#3623=VERTEX_POINT('',#11850);
#3624=VERTEX_POINT('',#11852);
#3625=VERTEX_POINT('',#11856);
#3626=VERTEX_POINT('',#11858);
#3627=VERTEX_POINT('',#11862);
#3628=VERTEX_POINT('',#11864);
#3629=VERTEX_POINT('',#11871);
#3630=VERTEX_POINT('',#11872);
#3631=VERTEX_POINT('',#11874);
#3632=VERTEX_POINT('',#11876);
#3633=VERTEX_POINT('',#11880);
#3634=VERTEX_POINT('',#11882);
#3635=VERTEX_POINT('',#11886);
#3636=VERTEX_POINT('',#11888);
#3637=VERTEX_POINT('',#11895);
#3638=VERTEX_POINT('',#11896);
#3639=VERTEX_POINT('',#11898);
#3640=VERTEX_POINT('',#11900);
#3641=VERTEX_POINT('',#11904);
#3642=VERTEX_POINT('',#11906);
#3643=VERTEX_POINT('',#11910);
#3644=VERTEX_POINT('',#11912);
#3645=VERTEX_POINT('',#11919);
#3646=VERTEX_POINT('',#11920);
#3647=VERTEX_POINT('',#11922);
#3648=VERTEX_POINT('',#11924);
#3649=VERTEX_POINT('',#11928);
#3650=VERTEX_POINT('',#11930);
#3651=VERTEX_POINT('',#11934);
#3652=VERTEX_POINT('',#11936);
#3653=VERTEX_POINT('',#11943);
#3654=VERTEX_POINT('',#11945);
#3655=VERTEX_POINT('',#11947);
#3656=VERTEX_POINT('',#11951);
#3657=VERTEX_POINT('',#11953);
#3658=VERTEX_POINT('',#11957);
#3659=VERTEX_POINT('',#11959);
#3660=VERTEX_POINT('',#11963);
#3661=VERTEX_POINT('',#11965);
#3662=VERTEX_POINT('',#11972);
#3663=VERTEX_POINT('',#11974);
#3664=VERTEX_POINT('',#11978);
#3665=VERTEX_POINT('',#11981);
#3666=VERTEX_POINT('',#11983);
#3667=VERTEX_POINT('',#11987);
#3668=VERTEX_POINT('',#11990);
#3669=VERTEX_POINT('',#11992);
#3670=VERTEX_POINT('',#11996);
#3671=VERTEX_POINT('',#11999);
#3672=VERTEX_POINT('',#12001);
#3673=VERTEX_POINT('',#12005);
#3674=VERTEX_POINT('',#12008);
#3675=VERTEX_POINT('',#12012);
#3676=VERTEX_POINT('',#12016);
#3677=VERTEX_POINT('',#12020);
#3678=VERTEX_POINT('',#12024);
#3679=VERTEX_POINT('',#12025);
#3680=VERTEX_POINT('',#12027);
#3681=VERTEX_POINT('',#12029);
#3682=VERTEX_POINT('',#12033);
#3683=VERTEX_POINT('',#12035);
#3684=VERTEX_POINT('',#12037);
#3685=VERTEX_POINT('',#12039);
#3686=VERTEX_POINT('',#12041);
#3687=VERTEX_POINT('',#12043);
#3688=VERTEX_POINT('',#12046);
#3689=VERTEX_POINT('',#12048);
#3690=VERTEX_POINT('',#12050);
#3691=VERTEX_POINT('',#12052);
#3692=VERTEX_POINT('',#12054);
#3693=VERTEX_POINT('',#12057);
#3694=VERTEX_POINT('',#12058);
#3695=VERTEX_POINT('',#12060);
#3696=VERTEX_POINT('',#12062);
#3697=VERTEX_POINT('',#12064);
#3698=VERTEX_POINT('',#12066);
#3699=VERTEX_POINT('',#12068);
#3700=VERTEX_POINT('',#12070);
#3701=VERTEX_POINT('',#12073);
#3702=VERTEX_POINT('',#12074);
#3703=VERTEX_POINT('',#12076);
#3704=VERTEX_POINT('',#12078);
#3705=VERTEX_POINT('',#12080);
#3706=VERTEX_POINT('',#12082);
#3707=VERTEX_POINT('',#12084);
#3708=VERTEX_POINT('',#12086);
#3709=VERTEX_POINT('',#12089);
#3710=VERTEX_POINT('',#12090);
#3711=VERTEX_POINT('',#12092);
#3712=VERTEX_POINT('',#12094);
#3713=VERTEX_POINT('',#12096);
#3714=VERTEX_POINT('',#12098);
#3715=VERTEX_POINT('',#12100);
#3716=VERTEX_POINT('',#12102);
#3717=VERTEX_POINT('',#12105);
#3718=VERTEX_POINT('',#12106);
#3719=VERTEX_POINT('',#12108);
#3720=VERTEX_POINT('',#12110);
#3721=VERTEX_POINT('',#12112);
#3722=VERTEX_POINT('',#12114);
#3723=VERTEX_POINT('',#12116);
#3724=VERTEX_POINT('',#12118);
#3725=VERTEX_POINT('',#12121);
#3726=VERTEX_POINT('',#12122);
#3727=VERTEX_POINT('',#12124);
#3728=VERTEX_POINT('',#12126);
#3729=VERTEX_POINT('',#12128);
#3730=VERTEX_POINT('',#12130);
#3731=VERTEX_POINT('',#12132);
#3732=VERTEX_POINT('',#12134);
#3733=VERTEX_POINT('',#12137);
#3734=VERTEX_POINT('',#12138);
#3735=VERTEX_POINT('',#12140);
#3736=VERTEX_POINT('',#12142);
#3737=VERTEX_POINT('',#12144);
#3738=VERTEX_POINT('',#12146);
#3739=VERTEX_POINT('',#12148);
#3740=VERTEX_POINT('',#12150);
#3741=VERTEX_POINT('',#12153);
#3742=VERTEX_POINT('',#12154);
#3743=VERTEX_POINT('',#12156);
#3744=VERTEX_POINT('',#12158);
#3745=VERTEX_POINT('',#12160);
#3746=VERTEX_POINT('',#12162);
#3747=VERTEX_POINT('',#12164);
#3748=VERTEX_POINT('',#12166);
#3749=VERTEX_POINT('',#12170);
#3750=VERTEX_POINT('',#12174);
#3751=VERTEX_POINT('',#12178);
#3752=VERTEX_POINT('',#12179);
#3753=VERTEX_POINT('',#12184);
#3754=VERTEX_POINT('',#12188);
#3755=VERTEX_POINT('',#12192);
#3756=VERTEX_POINT('',#12194);
#3757=VERTEX_POINT('',#12198);
#3758=VERTEX_POINT('',#12202);
#3759=VERTEX_POINT('',#12206);
#3760=VERTEX_POINT('',#12210);
#3761=VERTEX_POINT('',#12214);
#3762=VERTEX_POINT('',#12218);
#3763=VERTEX_POINT('',#12224);
#3764=VERTEX_POINT('',#12225);
#3765=VERTEX_POINT('',#12227);
#3766=VERTEX_POINT('',#12229);
#3767=VERTEX_POINT('',#12231);
#3768=VERTEX_POINT('',#12233);
#3769=VERTEX_POINT('',#12235);
#3770=VERTEX_POINT('',#12237);
#3771=VERTEX_POINT('',#12241);
#3772=VERTEX_POINT('',#12243);
#3773=VERTEX_POINT('',#12247);
#3774=VERTEX_POINT('',#12251);
#3775=VERTEX_POINT('',#12255);
#3776=VERTEX_POINT('',#12259);
#3777=VERTEX_POINT('',#12263);
#3778=VERTEX_POINT('',#12267);
#3779=VERTEX_POINT('',#12273);
#3780=VERTEX_POINT('',#12274);
#3781=VERTEX_POINT('',#12276);
#3782=VERTEX_POINT('',#12278);
#3783=VERTEX_POINT('',#12280);
#3784=VERTEX_POINT('',#12282);
#3785=VERTEX_POINT('',#12284);
#3786=VERTEX_POINT('',#12286);
#3787=VERTEX_POINT('',#12290);
#3788=VERTEX_POINT('',#12294);
#3789=VERTEX_POINT('',#12298);
#3790=VERTEX_POINT('',#12302);
#3791=VERTEX_POINT('',#12306);
#3792=VERTEX_POINT('',#12312);
#3793=VERTEX_POINT('',#12314);
#3794=VERTEX_POINT('',#12316);
#3795=VERTEX_POINT('',#12318);
#3796=VERTEX_POINT('',#12320);
#3797=VERTEX_POINT('',#12322);
#3798=VERTEX_POINT('',#12326);
#3799=VERTEX_POINT('',#12328);
#3800=VERTEX_POINT('',#12332);
#3801=VERTEX_POINT('',#12336);
#3802=VERTEX_POINT('',#12340);
#3803=VERTEX_POINT('',#12344);
#3804=VERTEX_POINT('',#12348);
#3805=VERTEX_POINT('',#12352);
#3806=VERTEX_POINT('',#12358);
#3807=VERTEX_POINT('',#12359);
#3808=VERTEX_POINT('',#12361);
#3809=VERTEX_POINT('',#12363);
#3810=VERTEX_POINT('',#12365);
#3811=VERTEX_POINT('',#12367);
#3812=VERTEX_POINT('',#12369);
#3813=VERTEX_POINT('',#12371);
#3814=VERTEX_POINT('',#12375);
#3815=VERTEX_POINT('',#12377);
#3816=VERTEX_POINT('',#12381);
#3817=VERTEX_POINT('',#12385);
#3818=VERTEX_POINT('',#12389);
#3819=VERTEX_POINT('',#12393);
#3820=VERTEX_POINT('',#12397);
#3821=VERTEX_POINT('',#12401);
#3822=VERTEX_POINT('',#12407);
#3823=VERTEX_POINT('',#12408);
#3824=VERTEX_POINT('',#12410);
#3825=VERTEX_POINT('',#12412);
#3826=VERTEX_POINT('',#12414);
#3827=VERTEX_POINT('',#12416);
#3828=VERTEX_POINT('',#12418);
#3829=VERTEX_POINT('',#12420);
#3830=VERTEX_POINT('',#12424);
#3831=VERTEX_POINT('',#12426);
#3832=VERTEX_POINT('',#12430);
#3833=VERTEX_POINT('',#12434);
#3834=VERTEX_POINT('',#12438);
#3835=VERTEX_POINT('',#12442);
#3836=VERTEX_POINT('',#12446);
#3837=VERTEX_POINT('',#12450);
#3838=VERTEX_POINT('',#12456);
#3839=VERTEX_POINT('',#12457);
#3840=VERTEX_POINT('',#12459);
#3841=VERTEX_POINT('',#12461);
#3842=VERTEX_POINT('',#12463);
#3843=VERTEX_POINT('',#12465);
#3844=VERTEX_POINT('',#12467);
#3845=VERTEX_POINT('',#12469);
#3846=VERTEX_POINT('',#12473);
#3847=VERTEX_POINT('',#12475);
#3848=VERTEX_POINT('',#12479);
#3849=VERTEX_POINT('',#12483);
#3850=VERTEX_POINT('',#12487);
#3851=VERTEX_POINT('',#12491);
#3852=VERTEX_POINT('',#12495);
#3853=VERTEX_POINT('',#12499);
#3854=VERTEX_POINT('',#12505);
#3855=VERTEX_POINT('',#12506);
#3856=VERTEX_POINT('',#12508);
#3857=VERTEX_POINT('',#12510);
#3858=VERTEX_POINT('',#12512);
#3859=VERTEX_POINT('',#12514);
#3860=VERTEX_POINT('',#12516);
#3861=VERTEX_POINT('',#12518);
#3862=VERTEX_POINT('',#12522);
#3863=VERTEX_POINT('',#12524);
#3864=VERTEX_POINT('',#12528);
#3865=VERTEX_POINT('',#12532);
#3866=VERTEX_POINT('',#12536);
#3867=VERTEX_POINT('',#12540);
#3868=VERTEX_POINT('',#12544);
#3869=VERTEX_POINT('',#12548);
#3870=VERTEX_POINT('',#12554);
#3871=VERTEX_POINT('',#12555);
#3872=VERTEX_POINT('',#12557);
#3873=VERTEX_POINT('',#12559);
#3874=VERTEX_POINT('',#12561);
#3875=VERTEX_POINT('',#12563);
#3876=VERTEX_POINT('',#12565);
#3877=VERTEX_POINT('',#12567);
#3878=VERTEX_POINT('',#12571);
#3879=VERTEX_POINT('',#12573);
#3880=VERTEX_POINT('',#12577);
#3881=VERTEX_POINT('',#12581);
#3882=VERTEX_POINT('',#12585);
#3883=VERTEX_POINT('',#12589);
#3884=VERTEX_POINT('',#12591);
#3885=VERTEX_POINT('',#12595);
#3886=VERTEX_POINT('',#12599);
#3887=VERTEX_POINT('',#12603);
#3888=VERTEX_POINT('',#12607);
#3889=VERTEX_POINT('',#12609);
#3890=VERTEX_POINT('',#12613);
#3891=VERTEX_POINT('',#12617);
#3892=VERTEX_POINT('',#12621);
#3893=VERTEX_POINT('',#12625);
#3894=VERTEX_POINT('',#12627);
#3895=VERTEX_POINT('',#12631);
#3896=VERTEX_POINT('',#12635);
#3897=VERTEX_POINT('',#12639);
#3898=VERTEX_POINT('',#12643);
#3899=VERTEX_POINT('',#12645);
#3900=VERTEX_POINT('',#12649);
#3901=VERTEX_POINT('',#12653);
#3902=VERTEX_POINT('',#12657);
#3903=VERTEX_POINT('',#12661);
#3904=VERTEX_POINT('',#12663);
#3905=VERTEX_POINT('',#12667);
#3906=VERTEX_POINT('',#12671);
#3907=VERTEX_POINT('',#12675);
#3908=VERTEX_POINT('',#12679);
#3909=VERTEX_POINT('',#12681);
#3910=VERTEX_POINT('',#12685);
#3911=VERTEX_POINT('',#12689);
#3912=VERTEX_POINT('',#12693);
#3913=VERTEX_POINT('',#12697);
#3914=VERTEX_POINT('',#12699);
#3915=VERTEX_POINT('',#12703);
#3916=VERTEX_POINT('',#12707);
#3917=VERTEX_POINT('',#12711);
#3918=VERTEX_POINT('',#12719);
#3919=VERTEX_POINT('',#12723);
#3920=VERTEX_POINT('',#12727);
#3921=VERTEX_POINT('',#12733);
#3922=VERTEX_POINT('',#12737);
#3923=VERTEX_POINT('',#12741);
#3924=VERTEX_POINT('',#12747);
#3925=VERTEX_POINT('',#12751);
#3926=VERTEX_POINT('',#12755);
#3927=VERTEX_POINT('',#12761);
#3928=VERTEX_POINT('',#12765);
#3929=VERTEX_POINT('',#12769);
#3930=VERTEX_POINT('',#12775);
#3931=VERTEX_POINT('',#12779);
#3932=VERTEX_POINT('',#12783);
#3933=VERTEX_POINT('',#12789);
#3934=VERTEX_POINT('',#12793);
#3935=VERTEX_POINT('',#12797);
#3936=VERTEX_POINT('',#12803);
#3937=VERTEX_POINT('',#12807);
#3938=VERTEX_POINT('',#12811);
#3939=VERTEX_POINT('',#12817);
#3940=VERTEX_POINT('',#12821);
#3941=VERTEX_POINT('',#12825);
#3942=VERTEX_POINT('',#12832);
#3943=VERTEX_POINT('',#12833);
#3944=VERTEX_POINT('',#12835);
#3945=VERTEX_POINT('',#12839);
#3946=VERTEX_POINT('',#12840);
#3947=VERTEX_POINT('',#12845);
#3948=VERTEX_POINT('',#12846);
#3949=VERTEX_POINT('',#12848);
#3950=VERTEX_POINT('',#12852);
#3951=VERTEX_POINT('',#12853);
#3952=VERTEX_POINT('',#12861);
#3953=VERTEX_POINT('',#12863);
#3954=VERTEX_POINT('',#12867);
#3955=VERTEX_POINT('',#12869);
#3956=VERTEX_POINT('',#12879);
#3957=VERTEX_POINT('',#12880);
#3958=VERTEX_POINT('',#12882);
#3959=VERTEX_POINT('',#12884);
#3960=VERTEX_POINT('',#12888);
#3961=VERTEX_POINT('',#12890);
#3962=VERTEX_POINT('',#12894);
#3963=VERTEX_POINT('',#12896);
#3964=VERTEX_POINT('',#12903);
#3965=VERTEX_POINT('',#12905);
#3966=VERTEX_POINT('',#12909);
#3967=VERTEX_POINT('',#12913);
#3968=VERTEX_POINT('',#12914);
#3969=VERTEX_POINT('',#12916);
#3970=VERTEX_POINT('',#12918);
#3971=VERTEX_POINT('',#12921);
#3972=VERTEX_POINT('',#12922);
#3973=VERTEX_POINT('',#12924);
#3974=VERTEX_POINT('',#12926);
#3975=VERTEX_POINT('',#12929);
#3976=VERTEX_POINT('',#12930);
#3977=VERTEX_POINT('',#12932);
#3978=VERTEX_POINT('',#12934);
#3979=VERTEX_POINT('',#12937);
#3980=VERTEX_POINT('',#12938);
#3981=VERTEX_POINT('',#12940);
#3982=VERTEX_POINT('',#12942);
#3983=VERTEX_POINT('',#12945);
#3984=VERTEX_POINT('',#12946);
#3985=VERTEX_POINT('',#12948);
#3986=VERTEX_POINT('',#12950);
#3987=VERTEX_POINT('',#12953);
#3988=VERTEX_POINT('',#12954);
#3989=VERTEX_POINT('',#12956);
#3990=VERTEX_POINT('',#12958);
#3991=VERTEX_POINT('',#12961);
#3992=VERTEX_POINT('',#12962);
#3993=VERTEX_POINT('',#12964);
#3994=VERTEX_POINT('',#12966);
#3995=VERTEX_POINT('',#12970);
#3996=VERTEX_POINT('',#12972);
#3997=VERTEX_POINT('',#12976);
#3998=VERTEX_POINT('',#12980);
#3999=VERTEX_POINT('',#12986);
#4000=VERTEX_POINT('',#12988);
#4001=VERTEX_POINT('',#12992);
#4002=VERTEX_POINT('',#12996);
#4003=VERTEX_POINT('',#12998);
#4004=VERTEX_POINT('',#13002);
#4005=VERTEX_POINT('',#13006);
#4006=VERTEX_POINT('',#13012);
#4007=VERTEX_POINT('',#13014);
#4008=VERTEX_POINT('',#13018);
#4009=VERTEX_POINT('',#13022);
#4010=VERTEX_POINT('',#13024);
#4011=VERTEX_POINT('',#13028);
#4012=VERTEX_POINT('',#13032);
#4013=VERTEX_POINT('',#13038);
#4014=VERTEX_POINT('',#13040);
#4015=VERTEX_POINT('',#13044);
#4016=VERTEX_POINT('',#13048);
#4017=VERTEX_POINT('',#13050);
#4018=VERTEX_POINT('',#13054);
#4019=VERTEX_POINT('',#13058);
#4020=VERTEX_POINT('',#13064);
#4021=VERTEX_POINT('',#13066);
#4022=VERTEX_POINT('',#13070);
#4023=VERTEX_POINT('',#13074);
#4024=VERTEX_POINT('',#13076);
#4025=VERTEX_POINT('',#13080);
#4026=VERTEX_POINT('',#13084);
#4027=VERTEX_POINT('',#13090);
#4028=VERTEX_POINT('',#13092);
#4029=VERTEX_POINT('',#13096);
#4030=VERTEX_POINT('',#13100);
#4031=VERTEX_POINT('',#13102);
#4032=VERTEX_POINT('',#13106);
#4033=VERTEX_POINT('',#13110);
#4034=VERTEX_POINT('',#13116);
#4035=VERTEX_POINT('',#13118);
#4036=VERTEX_POINT('',#13122);
#4037=VERTEX_POINT('',#13126);
#4038=VERTEX_POINT('',#13128);
#4039=VERTEX_POINT('',#13133);
#4040=VERTEX_POINT('',#13135);
#4041=VERTEX_POINT('',#13139);
#4042=VERTEX_POINT('',#13140);
#4043=VERTEX_POINT('',#13145);
#4044=VERTEX_POINT('',#13147);
#4045=VERTEX_POINT('',#13151);
#4046=VERTEX_POINT('',#13152);
#4047=VERTEX_POINT('',#13157);
#4048=VERTEX_POINT('',#13159);
#4049=VERTEX_POINT('',#13163);
#4050=VERTEX_POINT('',#13164);
#4051=VERTEX_POINT('',#13171);
#4052=VERTEX_POINT('',#13173);
#4053=VERTEX_POINT('',#13177);
#4054=VERTEX_POINT('',#13178);
#4055=VERTEX_POINT('',#13193);
#4056=VERTEX_POINT('',#13197);
#4057=VERTEX_POINT('',#13201);
#4058=VERTEX_POINT('',#13212);
#4059=VERTEX_POINT('',#13213);
#4060=VERTEX_POINT('',#13215);
#4061=VERTEX_POINT('',#13217);
#4062=VERTEX_POINT('',#13221);
#4063=VERTEX_POINT('',#13222);
#4064=VERTEX_POINT('',#13224);
#4065=VERTEX_POINT('',#13226);
#4066=VERTEX_POINT('',#13230);
#4067=VERTEX_POINT('',#13232);
#4068=VERTEX_POINT('',#13236);
#4069=VERTEX_POINT('',#13238);
#4070=VERTEX_POINT('',#13242);
#4071=VERTEX_POINT('',#13244);
#4072=VERTEX_POINT('',#13248);
#4073=VERTEX_POINT('',#13250);
#4074=VERTEX_POINT('',#13254);
#4075=VERTEX_POINT('',#13256);
#4076=VERTEX_POINT('',#13260);
#4077=VERTEX_POINT('',#13262);
#4078=VERTEX_POINT('',#13266);
#4079=VERTEX_POINT('',#13268);
#4080=VERTEX_POINT('',#13272);
#4081=VERTEX_POINT('',#13274);
#4082=VERTEX_POINT('',#13291);
#4083=VERTEX_POINT('',#13292);
#4084=VERTEX_POINT('',#13298);
#4085=VERTEX_POINT('',#13300);
#4086=VERTEX_POINT('',#13317);
#4087=VERTEX_POINT('',#13323);
#4088=VERTEX_POINT('',#13340);
#4089=VERTEX_POINT('',#13346);
#4090=VERTEX_POINT('',#13354);
#4091=VERTEX_POINT('',#13356);
#4092=VERTEX_POINT('',#13369);
#4093=VERTEX_POINT('',#13375);
#4094=VERTEX_POINT('',#13392);
#4095=VERTEX_POINT('',#13398);
#4096=VERTEX_POINT('',#13415);
#4097=VERTEX_POINT('',#13421);
#4098=VERTEX_POINT('',#13438);
#4099=VERTEX_POINT('',#13444);
#4100=VERTEX_POINT('',#13481);
#4101=VERTEX_POINT('',#13482);
#4102=VERTEX_POINT('',#13488);
#4103=VERTEX_POINT('',#13490);
#4104=VERTEX_POINT('',#13507);
#4105=VERTEX_POINT('',#13513);
#4106=VERTEX_POINT('',#13530);
#4107=VERTEX_POINT('',#13536);
#4108=VERTEX_POINT('',#13553);
#4109=VERTEX_POINT('',#13559);
#4110=VERTEX_POINT('',#13576);
#4111=VERTEX_POINT('',#13582);
#4112=VERTEX_POINT('',#13590);
#4113=VERTEX_POINT('',#13592);
#4114=VERTEX_POINT('',#13596);
#4115=VERTEX_POINT('',#13598);
#4116=VERTEX_POINT('',#13602);
#4117=VERTEX_POINT('',#13604);
#4118=VERTEX_POINT('',#13608);
#4119=VERTEX_POINT('',#13610);
#4120=VERTEX_POINT('',#13614);
#4121=VERTEX_POINT('',#13616);
#4122=VERTEX_POINT('',#13629);
#4123=VERTEX_POINT('',#13635);
#4124=VERTEX_POINT('',#13652);
#4125=VERTEX_POINT('',#13658);
#4126=VERTEX_POINT('',#13675);
#4127=VERTEX_POINT('',#13681);
#4128=VERTEX_POINT('',#13698);
#4129=VERTEX_POINT('',#13704);
#4130=VERTEX_POINT('',#13721);
#4131=VERTEX_POINT('',#13727);
#4132=VERTEX_POINT('',#13744);
#4133=VERTEX_POINT('',#13750);
#4134=VERTEX_POINT('',#13788);
#4135=VERTEX_POINT('',#13789);
#4136=VERTEX_POINT('',#13795);
#4137=VERTEX_POINT('',#13797);
#4138=VERTEX_POINT('',#13805);
#4139=VERTEX_POINT('',#13807);
#4140=VERTEX_POINT('',#13811);
#4141=VERTEX_POINT('',#13813);
#4142=VERTEX_POINT('',#13817);
#4143=VERTEX_POINT('',#13819);
#4144=VERTEX_POINT('',#13832);
#4145=VERTEX_POINT('',#13838);
#4146=VERTEX_POINT('',#13855);
#4147=VERTEX_POINT('',#13861);
#4148=VERTEX_POINT('',#13898);
#4149=VERTEX_POINT('',#13899);
#4150=VERTEX_POINT('',#13905);
#4151=VERTEX_POINT('',#13907);
#4152=VERTEX_POINT('',#13924);
#4153=VERTEX_POINT('',#13930);
#4154=VERTEX_POINT('',#13947);
#4155=VERTEX_POINT('',#13953);
#4156=VERTEX_POINT('',#13961);
#4157=VERTEX_POINT('',#13963);
#4158=VERTEX_POINT('',#13967);
#4159=VERTEX_POINT('',#13969);
#4160=VERTEX_POINT('',#13973);
#4161=VERTEX_POINT('',#13975);
#4162=VERTEX_POINT('',#13979);
#4163=VERTEX_POINT('',#13981);
#4164=VERTEX_POINT('',#13985);
#4165=VERTEX_POINT('',#13987);
#4166=VERTEX_POINT('',#14000);
#4167=VERTEX_POINT('',#14006);
#4168=VERTEX_POINT('',#14023);
#4169=VERTEX_POINT('',#14029);
#4170=VERTEX_POINT('',#14046);
#4171=VERTEX_POINT('',#14052);
#4172=VERTEX_POINT('',#14069);
#4173=VERTEX_POINT('',#14075);
#4174=VERTEX_POINT('',#14113);
#4175=VERTEX_POINT('',#14114);
#4176=VERTEX_POINT('',#14120);
#4177=VERTEX_POINT('',#14122);
#4178=VERTEX_POINT('',#14139);
#4179=VERTEX_POINT('',#14145);
#4180=VERTEX_POINT('',#14162);
#4181=VERTEX_POINT('',#14168);
#4182=VERTEX_POINT('',#14185);
#4183=VERTEX_POINT('',#14191);
#4184=VERTEX_POINT('',#14208);
#4185=VERTEX_POINT('',#14214);
#4186=VERTEX_POINT('',#14231);
#4187=VERTEX_POINT('',#14237);
#4188=VERTEX_POINT('',#14254);
#4189=VERTEX_POINT('',#14260);
#4190=VERTEX_POINT('',#14277);
#4191=VERTEX_POINT('',#14283);
#4192=VERTEX_POINT('',#14300);
#4193=VERTEX_POINT('',#14306);
#4194=VERTEX_POINT('',#14323);
#4195=VERTEX_POINT('',#14329);
#4196=VERTEX_POINT('',#14337);
#4197=VERTEX_POINT('',#14339);
#4198=VERTEX_POINT('',#14346);
#4199=VERTEX_POINT('',#14347);
#4200=VERTEX_POINT('',#14349);
#4201=VERTEX_POINT('',#14351);
#4202=VERTEX_POINT('',#14364);
#4203=VERTEX_POINT('',#14370);
#4204=VERTEX_POINT('',#14387);
#4205=VERTEX_POINT('',#14393);
#4206=VERTEX_POINT('',#14410);
#4207=VERTEX_POINT('',#14416);
#4208=VERTEX_POINT('',#14433);
#4209=VERTEX_POINT('',#14439);
#4210=VERTEX_POINT('',#14456);
#4211=VERTEX_POINT('',#14462);
#4212=VERTEX_POINT('',#14479);
#4213=VERTEX_POINT('',#14485);
#4214=VERTEX_POINT('',#14502);
#4215=VERTEX_POINT('',#14508);
#4216=VERTEX_POINT('',#14525);
#4217=VERTEX_POINT('',#14531);
#4218=VERTEX_POINT('',#14539);
#4219=VERTEX_POINT('',#14541);
#4220=VERTEX_POINT('',#14554);
#4221=VERTEX_POINT('',#14560);
#4222=VERTEX_POINT('',#14577);
#4223=VERTEX_POINT('',#14583);
#4224=VERTEX_POINT('',#14600);
#4225=VERTEX_POINT('',#14606);
#4226=VERTEX_POINT('',#14623);
#4227=VERTEX_POINT('',#14629);
#4228=VERTEX_POINT('',#14637);
#4229=VERTEX_POINT('',#14639);
#4230=VERTEX_POINT('',#14643);
#4231=VERTEX_POINT('',#14645);
#4232=VERTEX_POINT('',#14658);
#4233=VERTEX_POINT('',#14664);
#4234=VERTEX_POINT('',#14681);
#4235=VERTEX_POINT('',#14687);
#4236=VERTEX_POINT('',#14704);
#4237=VERTEX_POINT('',#14710);
#4238=VERTEX_POINT('',#14727);
#4239=VERTEX_POINT('',#14733);
#4240=VERTEX_POINT('',#14750);
#4241=VERTEX_POINT('',#14756);
#4242=VERTEX_POINT('',#14773);
#4243=VERTEX_POINT('',#14779);
#4244=VERTEX_POINT('',#14796);
#4245=VERTEX_POINT('',#14802);
#4246=VERTEX_POINT('',#14819);
#4247=VERTEX_POINT('',#14825);
#4248=VERTEX_POINT('',#14833);
#4249=VERTEX_POINT('',#14835);
#4250=VERTEX_POINT('',#14852);
#4251=VERTEX_POINT('',#14853);
#4252=VERTEX_POINT('',#14859);
#4253=VERTEX_POINT('',#14861);
#4254=VERTEX_POINT('',#14878);
#4255=VERTEX_POINT('',#14884);
#4256=VERTEX_POINT('',#14901);
#4257=VERTEX_POINT('',#14907);
#4258=VERTEX_POINT('',#14915);
#4259=VERTEX_POINT('',#14917);
#4260=VERTEX_POINT('',#14930);
#4261=VERTEX_POINT('',#14936);
#4262=VERTEX_POINT('',#14953);
#4263=VERTEX_POINT('',#14959);
#4264=VERTEX_POINT('',#14976);
#4265=VERTEX_POINT('',#14982);
#4266=VERTEX_POINT('',#14999);
#4267=VERTEX_POINT('',#15005);
#4268=VERTEX_POINT('',#15022);
#4269=VERTEX_POINT('',#15028);
#4270=VERTEX_POINT('',#15049);
#4271=VERTEX_POINT('',#15050);
#4272=VERTEX_POINT('',#15056);
#4273=VERTEX_POINT('',#15058);
#4274=VERTEX_POINT('',#15075);
#4275=VERTEX_POINT('',#15081);
#4276=VERTEX_POINT('',#15098);
#4277=VERTEX_POINT('',#15104);
#4278=VERTEX_POINT('',#15121);
#4279=VERTEX_POINT('',#15127);
#4280=VERTEX_POINT('',#15144);
#4281=VERTEX_POINT('',#15150);
#4282=VERTEX_POINT('',#15167);
#4283=VERTEX_POINT('',#15173);
#4284=VERTEX_POINT('',#15190);
#4285=VERTEX_POINT('',#15196);
#4286=VERTEX_POINT('',#15213);
#4287=VERTEX_POINT('',#15219);
#4288=VERTEX_POINT('',#15236);
#4289=VERTEX_POINT('',#15242);
#4290=VERTEX_POINT('',#15259);
#4291=VERTEX_POINT('',#15265);
#4292=VERTEX_POINT('',#15282);
#4293=VERTEX_POINT('',#15288);
#4294=VERTEX_POINT('',#15305);
#4295=VERTEX_POINT('',#15311);
#4296=VERTEX_POINT('',#15328);
#4297=VERTEX_POINT('',#15334);
#4298=VERTEX_POINT('',#15351);
#4299=VERTEX_POINT('',#15357);
#4300=VERTEX_POINT('',#15374);
#4301=VERTEX_POINT('',#15380);
#4302=VERTEX_POINT('',#15418);
#4303=VERTEX_POINT('',#15419);
#4304=VERTEX_POINT('',#15425);
#4305=VERTEX_POINT('',#15427);
#4306=VERTEX_POINT('',#15444);
#4307=VERTEX_POINT('',#15450);
#4308=VERTEX_POINT('',#15467);
#4309=VERTEX_POINT('',#15473);
#4310=VERTEX_POINT('',#15481);
#4311=VERTEX_POINT('',#15483);
#4312=VERTEX_POINT('',#15496);
#4313=VERTEX_POINT('',#15502);
#4314=VERTEX_POINT('',#15519);
#4315=VERTEX_POINT('',#15525);
#4316=VERTEX_POINT('',#15542);
#4317=VERTEX_POINT('',#15548);
#4318=VERTEX_POINT('',#15565);
#4319=VERTEX_POINT('',#15571);
#4320=VERTEX_POINT('',#15588);
#4321=VERTEX_POINT('',#15594);
#4322=VERTEX_POINT('',#15609);
#4323=VERTEX_POINT('',#15615);
#4324=VERTEX_POINT('',#15621);
#4325=VERTEX_POINT('',#15627);
#4326=VERTEX_POINT('',#15633);
#4327=VERTEX_POINT('',#15639);
#4328=VERTEX_POINT('',#15645);
#4329=VERTEX_POINT('',#15646);
#4330=VERTEX_POINT('',#15648);
#4331=VERTEX_POINT('',#15652);
#4332=VERTEX_POINT('',#15653);
#4333=VERTEX_POINT('',#15658);
#4334=VERTEX_POINT('',#15659);
#4335=VERTEX_POINT('',#15661);
#4336=VERTEX_POINT('',#15665);
#4337=VERTEX_POINT('',#15666);
#4338=VERTEX_POINT('',#15671);
#4339=VERTEX_POINT('',#15672);
#4340=VERTEX_POINT('',#15674);
#4341=VERTEX_POINT('',#15678);
#4342=VERTEX_POINT('',#15679);
#4343=VERTEX_POINT('',#15687);
#4344=VERTEX_POINT('',#15688);
#4345=VERTEX_POINT('',#15690);
#4346=VERTEX_POINT('',#15694);
#4347=VERTEX_POINT('',#15695);
#4348=VERTEX_POINT('',#15700);
#4349=VERTEX_POINT('',#15701);
#4350=VERTEX_POINT('',#15703);
#4351=VERTEX_POINT('',#15707);
#4352=VERTEX_POINT('',#15708);
#4353=VERTEX_POINT('',#15716);
#4354=VERTEX_POINT('',#15717);
#4355=VERTEX_POINT('',#15719);
#4356=VERTEX_POINT('',#15723);
#4357=VERTEX_POINT('',#15724);
#4358=VERTEX_POINT('',#15750);
#4359=VERTEX_POINT('',#15751);
#4360=VERTEX_POINT('',#15753);
#4361=VERTEX_POINT('',#15755);
#4362=VERTEX_POINT('',#15758);
#4363=VERTEX_POINT('',#15759);
#4364=VERTEX_POINT('',#15761);
#4365=VERTEX_POINT('',#15763);
#4366=VERTEX_POINT('',#15766);
#4367=VERTEX_POINT('',#15768);
#4368=VERTEX_POINT('',#15772);
#4369=VERTEX_POINT('',#15774);
#4370=VERTEX_POINT('',#15778);
#4371=VERTEX_POINT('',#15780);
#4372=VERTEX_POINT('',#15784);
#4373=VERTEX_POINT('',#15788);
#4374=VERTEX_POINT('',#15795);
#4375=VERTEX_POINT('',#15797);
#4376=VERTEX_POINT('',#15801);
#4377=VERTEX_POINT('',#15805);
#4378=VERTEX_POINT('',#15812);
#4379=VERTEX_POINT('',#15816);
#4380=VERTEX_POINT('',#15822);
#4381=VERTEX_POINT('',#15823);
#4382=VERTEX_POINT('',#15825);
#4383=VERTEX_POINT('',#15827);
#4384=EDGE_CURVE('',#3552,#3553,#1682,.T.);
#4385=EDGE_CURVE('',#3554,#3552,#1683,.T.);
#4386=EDGE_CURVE('',#3555,#3554,#1684,.T.);
#4387=EDGE_CURVE('',#3553,#3555,#1685,.T.);
#4388=EDGE_CURVE('',#3553,#3556,#1686,.T.);
#4389=EDGE_CURVE('',#3557,#3555,#1687,.T.);
#4390=EDGE_CURVE('',#3557,#3556,#1688,.T.);
#4391=EDGE_CURVE('',#3558,#3556,#1689,.T.);
#4392=EDGE_CURVE('',#3559,#3558,#1690,.T.);
#4393=EDGE_CURVE('',#3560,#3559,#1691,.T.);
#4394=EDGE_CURVE('',#3560,#3561,#1692,.T.);
#4395=EDGE_CURVE('',#3553,#3561,#1693,.T.);
#4396=EDGE_CURVE('',#3560,#3562,#1694,.T.);
#4397=EDGE_CURVE('',#3563,#3562,#1695,.T.);
#4398=EDGE_CURVE('',#3561,#3563,#1696,.T.);
#4399=EDGE_CURVE('',#3561,#3564,#1697,.T.);
#4400=EDGE_CURVE('',#3565,#3563,#1698,.T.);
#4401=EDGE_CURVE('',#3564,#3565,#1699,.T.);
#4402=EDGE_CURVE('',#3565,#3566,#1700,.T.);
#4403=EDGE_CURVE('',#3567,#3566,#1701,.T.);
#4404=EDGE_CURVE('',#3568,#3567,#1702,.T.);
#4405=EDGE_CURVE('',#3568,#3569,#1703,.T.);
#4406=EDGE_CURVE('',#3564,#3569,#1704,.F.);
#4407=EDGE_CURVE('',#3562,#3570,#1705,.T.);
#4408=EDGE_CURVE('',#3570,#3559,#1706,.T.);
#4409=EDGE_CURVE('',#3571,#3557,#1707,.T.);
#4410=EDGE_CURVE('',#3571,#3558,#1708,.T.);
#4411=EDGE_CURVE('',#3572,#3569,#1709,.T.);
#4412=EDGE_CURVE('',#3552,#3572,#1710,.T.);
#4413=EDGE_CURVE('',#3573,#3574,#390,.T.);
#4414=EDGE_CURVE('',#3574,#3575,#1711,.T.);
#4415=EDGE_CURVE('',#3575,#3576,#391,.T.);
#4416=EDGE_CURVE('',#3576,#3573,#1712,.T.);
#4417=EDGE_CURVE('',#3577,#3574,#1713,.T.);
#4418=EDGE_CURVE('',#3578,#3577,#1714,.T.);
#4419=EDGE_CURVE('',#3575,#3578,#1715,.T.);
#4420=EDGE_CURVE('',#3577,#3579,#392,.T.);
#4421=EDGE_CURVE('',#3579,#3580,#1716,.T.);
#4422=EDGE_CURVE('',#3580,#3578,#393,.T.);
#4423=EDGE_CURVE('',#3581,#3579,#1717,.T.);
#4424=EDGE_CURVE('',#3582,#3581,#1718,.T.);
#4425=EDGE_CURVE('',#3580,#3582,#1719,.T.);
#4426=EDGE_CURVE('',#3581,#3583,#394,.T.);
#4427=EDGE_CURVE('',#3583,#3584,#1720,.T.);
#4428=EDGE_CURVE('',#3584,#3582,#395,.T.);
#4429=EDGE_CURVE('',#3585,#3583,#1721,.T.);
#4430=EDGE_CURVE('',#3586,#3585,#1722,.T.);
#4431=EDGE_CURVE('',#3584,#3586,#1723,.T.);
#4432=EDGE_CURVE('',#3585,#3587,#396,.T.);
#4433=EDGE_CURVE('',#3587,#3588,#1724,.T.);
#4434=EDGE_CURVE('',#3588,#3586,#397,.T.);
#4435=EDGE_CURVE('',#3588,#3576,#1725,.T.);
#4436=EDGE_CURVE('',#3573,#3587,#1726,.T.);
#4437=EDGE_CURVE('',#3589,#3590,#1727,.T.);
#4438=EDGE_CURVE('',#3589,#3591,#1728,.T.);
#4439=EDGE_CURVE('',#3592,#3591,#1729,.T.);
#4440=EDGE_CURVE('',#3590,#3592,#1730,.T.);
#4441=EDGE_CURVE('',#3590,#3593,#1731,.T.);
#4442=EDGE_CURVE('',#3594,#3592,#1732,.T.);
#4443=EDGE_CURVE('',#3593,#3594,#1733,.T.);
#4444=EDGE_CURVE('',#3593,#3595,#1734,.T.);
#4445=EDGE_CURVE('',#3596,#3594,#1735,.T.);
#4446=EDGE_CURVE('',#3595,#3596,#1736,.T.);
#4447=EDGE_CURVE('',#3595,#3589,#1737,.T.);
#4448=EDGE_CURVE('',#3591,#3596,#1738,.T.);
#4449=EDGE_CURVE('',#3597,#3598,#1739,.T.);
#4450=EDGE_CURVE('',#3597,#3599,#1740,.T.);
#4451=EDGE_CURVE('',#3600,#3599,#1741,.T.);
#4452=EDGE_CURVE('',#3598,#3600,#1742,.T.);
#4453=EDGE_CURVE('',#3598,#3601,#1743,.T.);
#4454=EDGE_CURVE('',#3602,#3600,#1744,.T.);
#4455=EDGE_CURVE('',#3601,#3602,#1745,.T.);
#4456=EDGE_CURVE('',#3601,#3603,#1746,.T.);
#4457=EDGE_CURVE('',#3604,#3602,#1747,.T.);
#4458=EDGE_CURVE('',#3603,#3604,#1748,.T.);
#4459=EDGE_CURVE('',#3603,#3597,#1749,.T.);
#4460=EDGE_CURVE('',#3599,#3604,#1750,.T.);
#4461=EDGE_CURVE('',#3605,#3606,#1751,.T.);
#4462=EDGE_CURVE('',#3605,#3607,#1752,.T.);
#4463=EDGE_CURVE('',#3608,#3607,#1753,.T.);
#4464=EDGE_CURVE('',#3606,#3608,#1754,.T.);
#4465=EDGE_CURVE('',#3606,#3609,#1755,.T.);
#4466=EDGE_CURVE('',#3610,#3608,#1756,.T.);
#4467=EDGE_CURVE('',#3609,#3610,#1757,.T.);
#4468=EDGE_CURVE('',#3609,#3611,#1758,.T.);
#4469=EDGE_CURVE('',#3612,#3610,#1759,.T.);
#4470=EDGE_CURVE('',#3611,#3612,#1760,.T.);
#4471=EDGE_CURVE('',#3611,#3605,#1761,.T.);
#4472=EDGE_CURVE('',#3607,#3612,#1762,.T.);
#4473=EDGE_CURVE('',#3613,#3614,#1763,.T.);
#4474=EDGE_CURVE('',#3613,#3615,#1764,.T.);
#4475=EDGE_CURVE('',#3616,#3615,#1765,.T.);
#4476=EDGE_CURVE('',#3614,#3616,#1766,.T.);
#4477=EDGE_CURVE('',#3614,#3617,#1767,.T.);
#4478=EDGE_CURVE('',#3618,#3616,#1768,.T.);
#4479=EDGE_CURVE('',#3617,#3618,#1769,.T.);
#4480=EDGE_CURVE('',#3617,#3619,#1770,.T.);
#4481=EDGE_CURVE('',#3620,#3618,#1771,.T.);
#4482=EDGE_CURVE('',#3619,#3620,#1772,.T.);
#4483=EDGE_CURVE('',#3619,#3613,#1773,.T.);
#4484=EDGE_CURVE('',#3615,#3620,#1774,.T.);
#4485=EDGE_CURVE('',#3621,#3622,#1775,.T.);
#4486=EDGE_CURVE('',#3621,#3623,#1776,.T.);
#4487=EDGE_CURVE('',#3624,#3623,#1777,.T.);
#4488=EDGE_CURVE('',#3622,#3624,#1778,.T.);
#4489=EDGE_CURVE('',#3622,#3625,#1779,.T.);
#4490=EDGE_CURVE('',#3626,#3624,#1780,.T.);
#4491=EDGE_CURVE('',#3625,#3626,#1781,.T.);
#4492=EDGE_CURVE('',#3625,#3627,#1782,.T.);
#4493=EDGE_CURVE('',#3628,#3626,#1783,.T.);
#4494=EDGE_CURVE('',#3627,#3628,#1784,.T.);
#4495=EDGE_CURVE('',#3627,#3621,#1785,.T.);
#4496=EDGE_CURVE('',#3623,#3628,#1786,.T.);
#4497=EDGE_CURVE('',#3629,#3630,#1787,.T.);
#4498=EDGE_CURVE('',#3629,#3631,#1788,.T.);
#4499=EDGE_CURVE('',#3632,#3631,#1789,.T.);
#4500=EDGE_CURVE('',#3630,#3632,#1790,.T.);
#4501=EDGE_CURVE('',#3630,#3633,#1791,.T.);
#4502=EDGE_CURVE('',#3634,#3632,#1792,.T.);
#4503=EDGE_CURVE('',#3633,#3634,#1793,.T.);
#4504=EDGE_CURVE('',#3633,#3635,#1794,.T.);
#4505=EDGE_CURVE('',#3636,#3634,#1795,.T.);
#4506=EDGE_CURVE('',#3635,#3636,#1796,.T.);
#4507=EDGE_CURVE('',#3635,#3629,#1797,.T.);
#4508=EDGE_CURVE('',#3631,#3636,#1798,.T.);
#4509=EDGE_CURVE('',#3637,#3638,#1799,.T.);
#4510=EDGE_CURVE('',#3639,#3637,#1800,.T.);
#4511=EDGE_CURVE('',#3640,#3639,#1801,.T.);
#4512=EDGE_CURVE('',#3640,#3638,#1802,.T.);
#4513=EDGE_CURVE('',#3638,#3641,#1803,.T.);
#4514=EDGE_CURVE('',#3642,#3640,#1804,.T.);
#4515=EDGE_CURVE('',#3642,#3641,#1805,.T.);
#4516=EDGE_CURVE('',#3641,#3643,#1806,.T.);
#4517=EDGE_CURVE('',#3644,#3642,#1807,.T.);
#4518=EDGE_CURVE('',#3644,#3643,#1808,.T.);
#4519=EDGE_CURVE('',#3643,#3637,#1809,.T.);
#4520=EDGE_CURVE('',#3639,#3644,#1810,.T.);
#4521=EDGE_CURVE('',#3645,#3646,#1811,.T.);
#4522=EDGE_CURVE('',#3647,#3645,#1812,.T.);
#4523=EDGE_CURVE('',#3648,#3647,#1813,.T.);
#4524=EDGE_CURVE('',#3648,#3646,#1814,.T.);
#4525=EDGE_CURVE('',#3646,#3649,#1815,.T.);
#4526=EDGE_CURVE('',#3650,#3648,#1816,.T.);
#4527=EDGE_CURVE('',#3650,#3649,#1817,.T.);
#4528=EDGE_CURVE('',#3649,#3651,#1818,.T.);
#4529=EDGE_CURVE('',#3652,#3650,#1819,.T.);
#4530=EDGE_CURVE('',#3652,#3651,#1820,.T.);
#4531=EDGE_CURVE('',#3651,#3645,#1821,.T.);
#4532=EDGE_CURVE('',#3647,#3652,#1822,.T.);
#4533=EDGE_CURVE('',#3653,#3572,#1823,.T.);
#4534=EDGE_CURVE('',#3654,#3653,#1824,.T.);
#4535=EDGE_CURVE('',#3655,#3654,#1825,.T.);
#4536=EDGE_CURVE('',#3655,#3554,#1826,.T.);
#4537=EDGE_CURVE('',#3656,#3654,#398,.T.);
#4538=EDGE_CURVE('',#3656,#3657,#1827,.T.);
#4539=EDGE_CURVE('',#3657,#3655,#399,.T.);
#4540=EDGE_CURVE('',#3658,#3572,#1828,.T.);
#4541=EDGE_CURVE('',#3659,#3658,#1829,.T.);
#4542=EDGE_CURVE('',#3653,#3659,#1830,.T.);
#4543=EDGE_CURVE('',#3569,#3660,#1831,.T.);
#4544=EDGE_CURVE('',#3661,#3568,#1832,.T.);
#4545=EDGE_CURVE('',#3661,#3660,#1833,.T.);
#4546=EDGE_CURVE('',#3660,#3658,#1834,.T.);
#4547=EDGE_CURVE('',#3659,#3661,#1835,.T.);
#4548=EDGE_CURVE('',#3662,#3662,#400,.T.);
#4549=EDGE_CURVE('',#3662,#3663,#1836,.T.);
#4550=EDGE_CURVE('',#3663,#3663,#401,.T.);
#4551=EDGE_CURVE('',#3664,#3664,#402,.T.);
#4552=EDGE_CURVE('',#3665,#3665,#403,.T.);
#4553=EDGE_CURVE('',#3665,#3666,#1837,.T.);
#4554=EDGE_CURVE('',#3666,#3666,#404,.T.);
#4555=EDGE_CURVE('',#3667,#3667,#405,.T.);
#4556=EDGE_CURVE('',#3668,#3668,#406,.T.);
#4557=EDGE_CURVE('',#3668,#3669,#1838,.T.);
#4558=EDGE_CURVE('',#3669,#3669,#407,.T.);
#4559=EDGE_CURVE('',#3670,#3670,#408,.T.);
#4560=EDGE_CURVE('',#3671,#3671,#409,.T.);
#4561=EDGE_CURVE('',#3671,#3672,#1839,.T.);
#4562=EDGE_CURVE('',#3672,#3672,#410,.T.);
#4563=EDGE_CURVE('',#3673,#3673,#411,.T.);
#4564=EDGE_CURVE('',#3674,#3674,#412,.T.);
#4565=EDGE_CURVE('',#3674,#3670,#1840,.T.);
#4566=EDGE_CURVE('',#3675,#3675,#413,.T.);
#4567=EDGE_CURVE('',#3675,#3664,#1841,.T.);
#4568=EDGE_CURVE('',#3676,#3676,#414,.T.);
#4569=EDGE_CURVE('',#3676,#3673,#1842,.T.);
#4570=EDGE_CURVE('',#3677,#3677,#415,.T.);
#4571=EDGE_CURVE('',#3677,#3667,#1843,.T.);
#4572=EDGE_CURVE('',#3678,#3679,#416,.T.);
#4573=EDGE_CURVE('',#3679,#3680,#1844,.T.);
#4574=EDGE_CURVE('',#3680,#3681,#417,.T.);
#4575=EDGE_CURVE('',#3681,#3678,#1845,.T.);
#4576=EDGE_CURVE('',#3678,#3682,#1846,.T.);
#4577=EDGE_CURVE('',#3683,#3682,#418,.T.);
#4578=EDGE_CURVE('',#3684,#3683,#1847,.T.);
#4579=EDGE_CURVE('',#3685,#3684,#419,.T.);
#4580=EDGE_CURVE('',#3686,#3685,#1848,.T.);
#4581=EDGE_CURVE('',#3687,#3686,#420,.T.);
#4582=EDGE_CURVE('',#3679,#3687,#1849,.T.);
#4583=EDGE_CURVE('',#3567,#3688,#421,.T.);
#4584=EDGE_CURVE('',#3688,#3689,#1850,.T.);
#4585=EDGE_CURVE('',#3689,#3690,#422,.T.);
#4586=EDGE_CURVE('',#3690,#3691,#1851,.T.);
#4587=EDGE_CURVE('',#3691,#3692,#423,.T.);
#4588=EDGE_CURVE('',#3692,#3656,#1852,.T.);
#4589=EDGE_CURVE('',#3693,#3694,#1853,.T.);
#4590=EDGE_CURVE('',#3694,#3695,#424,.T.);
#4591=EDGE_CURVE('',#3695,#3696,#1854,.T.);
#4592=EDGE_CURVE('',#3696,#3697,#425,.T.);
#4593=EDGE_CURVE('',#3697,#3698,#1855,.T.);
#4594=EDGE_CURVE('',#3698,#3699,#426,.T.);
#4595=EDGE_CURVE('',#3699,#3700,#1856,.T.);
#4596=EDGE_CURVE('',#3700,#3693,#427,.T.);
#4597=EDGE_CURVE('',#3701,#3702,#1857,.T.);
#4598=EDGE_CURVE('',#3702,#3703,#428,.T.);
#4599=EDGE_CURVE('',#3703,#3704,#1858,.T.);
#4600=EDGE_CURVE('',#3704,#3705,#429,.T.);
#4601=EDGE_CURVE('',#3705,#3706,#1859,.T.);
#4602=EDGE_CURVE('',#3706,#3707,#430,.T.);
#4603=EDGE_CURVE('',#3707,#3708,#1860,.T.);
#4604=EDGE_CURVE('',#3708,#3701,#431,.T.);
#4605=EDGE_CURVE('',#3709,#3710,#1861,.T.);
#4606=EDGE_CURVE('',#3710,#3711,#432,.T.);
#4607=EDGE_CURVE('',#3711,#3712,#1862,.T.);
#4608=EDGE_CURVE('',#3712,#3713,#433,.T.);
#4609=EDGE_CURVE('',#3713,#3714,#1863,.T.);
#4610=EDGE_CURVE('',#3714,#3715,#434,.T.);
#4611=EDGE_CURVE('',#3715,#3716,#1864,.T.);
#4612=EDGE_CURVE('',#3716,#3709,#435,.T.);
#4613=EDGE_CURVE('',#3717,#3718,#1865,.T.);
#4614=EDGE_CURVE('',#3718,#3719,#436,.T.);
#4615=EDGE_CURVE('',#3719,#3720,#1866,.T.);
#4616=EDGE_CURVE('',#3720,#3721,#437,.T.);
#4617=EDGE_CURVE('',#3721,#3722,#1867,.T.);
#4618=EDGE_CURVE('',#3722,#3723,#438,.T.);
#4619=EDGE_CURVE('',#3723,#3724,#1868,.T.);
#4620=EDGE_CURVE('',#3724,#3717,#439,.T.);
#4621=EDGE_CURVE('',#3725,#3726,#1869,.T.);
#4622=EDGE_CURVE('',#3726,#3727,#440,.T.);
#4623=EDGE_CURVE('',#3727,#3728,#1870,.T.);
#4624=EDGE_CURVE('',#3728,#3729,#441,.T.);
#4625=EDGE_CURVE('',#3729,#3730,#1871,.T.);
#4626=EDGE_CURVE('',#3730,#3731,#442,.T.);
#4627=EDGE_CURVE('',#3731,#3732,#1872,.T.);
#4628=EDGE_CURVE('',#3732,#3725,#443,.T.);
#4629=EDGE_CURVE('',#3733,#3734,#1873,.T.);
#4630=EDGE_CURVE('',#3734,#3735,#444,.T.);
#4631=EDGE_CURVE('',#3735,#3736,#1874,.T.);
#4632=EDGE_CURVE('',#3736,#3737,#445,.T.);
#4633=EDGE_CURVE('',#3737,#3738,#1875,.T.);
#4634=EDGE_CURVE('',#3738,#3739,#446,.T.);
#4635=EDGE_CURVE('',#3739,#3740,#1876,.T.);
#4636=EDGE_CURVE('',#3740,#3733,#447,.T.);
#4637=EDGE_CURVE('',#3741,#3742,#1877,.T.);
#4638=EDGE_CURVE('',#3742,#3743,#448,.T.);
#4639=EDGE_CURVE('',#3743,#3744,#1878,.T.);
#4640=EDGE_CURVE('',#3744,#3745,#449,.T.);
#4641=EDGE_CURVE('',#3745,#3746,#1879,.T.);
#4642=EDGE_CURVE('',#3746,#3747,#450,.T.);
#4643=EDGE_CURVE('',#3747,#3748,#1880,.T.);
#4644=EDGE_CURVE('',#3748,#3741,#451,.T.);
#4645=EDGE_CURVE('',#3749,#3681,#1881,.T.);
#4646=EDGE_CURVE('',#3682,#3749,#1882,.T.);
#4647=EDGE_CURVE('',#3749,#3750,#452,.T.);
#4648=EDGE_CURVE('',#3750,#3683,#1883,.T.);
#4649=EDGE_CURVE('',#3751,#3752,#453,.T.);
#4650=EDGE_CURVE('',#3752,#3687,#1884,.T.);
#4651=EDGE_CURVE('',#3686,#3751,#1885,.T.);
#4652=EDGE_CURVE('',#3753,#3685,#1886,.T.);
#4653=EDGE_CURVE('',#3751,#3753,#1887,.T.);
#4654=EDGE_CURVE('',#3754,#3753,#454,.T.);
#4655=EDGE_CURVE('',#3684,#3754,#1888,.T.);
#4656=EDGE_CURVE('',#3741,#3755,#1889,.T.);
#4657=EDGE_CURVE('',#3755,#3756,#1890,.T.);
#4658=EDGE_CURVE('',#3742,#3756,#1891,.T.);
#4659=EDGE_CURVE('',#3748,#3757,#1892,.T.);
#4660=EDGE_CURVE('',#3757,#3755,#455,.T.);
#4661=EDGE_CURVE('',#3747,#3758,#1893,.T.);
#4662=EDGE_CURVE('',#3758,#3757,#1894,.T.);
#4663=EDGE_CURVE('',#3746,#3759,#1895,.T.);
#4664=EDGE_CURVE('',#3759,#3758,#456,.T.);
#4665=EDGE_CURVE('',#3745,#3760,#1896,.T.);
#4666=EDGE_CURVE('',#3760,#3759,#1897,.T.);
#4667=EDGE_CURVE('',#3744,#3761,#1898,.T.);
#4668=EDGE_CURVE('',#3761,#3760,#457,.T.);
#4669=EDGE_CURVE('',#3743,#3762,#1899,.T.);
#4670=EDGE_CURVE('',#3762,#3761,#1900,.T.);
#4671=EDGE_CURVE('',#3756,#3762,#458,.T.);
#4672=EDGE_CURVE('',#3763,#3764,#459,.T.);
#4673=EDGE_CURVE('',#3765,#3763,#1901,.T.);
#4674=EDGE_CURVE('',#3766,#3765,#460,.T.);
#4675=EDGE_CURVE('',#3767,#3766,#1902,.T.);
#4676=EDGE_CURVE('',#3768,#3767,#461,.T.);
#4677=EDGE_CURVE('',#3769,#3768,#1903,.T.);
#4678=EDGE_CURVE('',#3770,#3769,#462,.T.);
#4679=EDGE_CURVE('',#3764,#3770,#1904,.T.);
#4680=EDGE_CURVE('',#3733,#3771,#1905,.T.);
#4681=EDGE_CURVE('',#3771,#3772,#1906,.T.);
#4682=EDGE_CURVE('',#3734,#3772,#1907,.T.);
#4683=EDGE_CURVE('',#3740,#3773,#1908,.T.);
#4684=EDGE_CURVE('',#3773,#3771,#463,.T.);
#4685=EDGE_CURVE('',#3739,#3774,#1909,.T.);
#4686=EDGE_CURVE('',#3774,#3773,#1910,.T.);
#4687=EDGE_CURVE('',#3738,#3775,#1911,.T.);
#4688=EDGE_CURVE('',#3775,#3774,#464,.T.);
#4689=EDGE_CURVE('',#3737,#3776,#1912,.T.);
#4690=EDGE_CURVE('',#3776,#3775,#1913,.T.);
#4691=EDGE_CURVE('',#3736,#3777,#1914,.T.);
#4692=EDGE_CURVE('',#3777,#3776,#465,.T.);
#4693=EDGE_CURVE('',#3735,#3778,#1915,.T.);
#4694=EDGE_CURVE('',#3778,#3777,#1916,.T.);
#4695=EDGE_CURVE('',#3772,#3778,#466,.T.);
#4696=EDGE_CURVE('',#3779,#3780,#467,.T.);
#4697=EDGE_CURVE('',#3781,#3779,#1917,.T.);
#4698=EDGE_CURVE('',#3782,#3781,#468,.T.);
#4699=EDGE_CURVE('',#3783,#3782,#1918,.T.);
#4700=EDGE_CURVE('',#3784,#3783,#469,.T.);
#4701=EDGE_CURVE('',#3785,#3784,#1919,.T.);
#4702=EDGE_CURVE('',#3786,#3785,#470,.T.);
#4703=EDGE_CURVE('',#3780,#3786,#1920,.T.);
#4704=EDGE_CURVE('',#3692,#3787,#1921,.T.);
#4705=EDGE_CURVE('',#3787,#3657,#1922,.T.);
#4706=EDGE_CURVE('',#3691,#3788,#1923,.T.);
#4707=EDGE_CURVE('',#3788,#3787,#471,.T.);
#4708=EDGE_CURVE('',#3690,#3789,#1924,.T.);
#4709=EDGE_CURVE('',#3789,#3788,#1925,.T.);
#4710=EDGE_CURVE('',#3689,#3790,#1926,.T.);
#4711=EDGE_CURVE('',#3790,#3789,#472,.T.);
#4712=EDGE_CURVE('',#3688,#3791,#1927,.T.);
#4713=EDGE_CURVE('',#3791,#3790,#1928,.T.);
#4714=EDGE_CURVE('',#3566,#3791,#473,.T.);
#4715=EDGE_CURVE('',#3792,#3570,#474,.T.);
#4716=EDGE_CURVE('',#3793,#3792,#1929,.T.);
#4717=EDGE_CURVE('',#3794,#3793,#475,.T.);
#4718=EDGE_CURVE('',#3795,#3794,#1930,.T.);
#4719=EDGE_CURVE('',#3796,#3795,#476,.T.);
#4720=EDGE_CURVE('',#3797,#3796,#1931,.T.);
#4721=EDGE_CURVE('',#3571,#3797,#477,.T.);
#4722=EDGE_CURVE('',#3725,#3798,#1932,.T.);
#4723=EDGE_CURVE('',#3798,#3799,#1933,.T.);
#4724=EDGE_CURVE('',#3726,#3799,#1934,.T.);
#4725=EDGE_CURVE('',#3732,#3800,#1935,.T.);
#4726=EDGE_CURVE('',#3800,#3798,#478,.T.);
#4727=EDGE_CURVE('',#3731,#3801,#1936,.T.);
#4728=EDGE_CURVE('',#3801,#3800,#1937,.T.);
#4729=EDGE_CURVE('',#3730,#3802,#1938,.T.);
#4730=EDGE_CURVE('',#3802,#3801,#479,.T.);
#4731=EDGE_CURVE('',#3729,#3803,#1939,.T.);
#4732=EDGE_CURVE('',#3803,#3802,#1940,.T.);
#4733=EDGE_CURVE('',#3728,#3804,#1941,.T.);
#4734=EDGE_CURVE('',#3804,#3803,#480,.T.);
#4735=EDGE_CURVE('',#3727,#3805,#1942,.T.);
#4736=EDGE_CURVE('',#3805,#3804,#1943,.T.);
#4737=EDGE_CURVE('',#3799,#3805,#481,.T.);
#4738=EDGE_CURVE('',#3806,#3807,#482,.T.);
#4739=EDGE_CURVE('',#3808,#3806,#1944,.T.);
#4740=EDGE_CURVE('',#3809,#3808,#483,.T.);
#4741=EDGE_CURVE('',#3810,#3809,#1945,.T.);
#4742=EDGE_CURVE('',#3811,#3810,#484,.T.);
#4743=EDGE_CURVE('',#3812,#3811,#1946,.T.);
#4744=EDGE_CURVE('',#3813,#3812,#485,.T.);
#4745=EDGE_CURVE('',#3807,#3813,#1947,.T.);
#4746=EDGE_CURVE('',#3717,#3814,#1948,.T.);
#4747=EDGE_CURVE('',#3814,#3815,#1949,.T.);
#4748=EDGE_CURVE('',#3718,#3815,#1950,.T.);
#4749=EDGE_CURVE('',#3724,#3816,#1951,.T.);
#4750=EDGE_CURVE('',#3816,#3814,#486,.T.);
#4751=EDGE_CURVE('',#3723,#3817,#1952,.T.);
#4752=EDGE_CURVE('',#3817,#3816,#1953,.T.);
#4753=EDGE_CURVE('',#3722,#3818,#1954,.T.);
#4754=EDGE_CURVE('',#3818,#3817,#487,.T.);
#4755=EDGE_CURVE('',#3721,#3819,#1955,.T.);
#4756=EDGE_CURVE('',#3819,#3818,#1956,.T.);
#4757=EDGE_CURVE('',#3720,#3820,#1957,.T.);
#4758=EDGE_CURVE('',#3820,#3819,#488,.T.);
#4759=EDGE_CURVE('',#3719,#3821,#1958,.T.);
#4760=EDGE_CURVE('',#3821,#3820,#1959,.T.);
#4761=EDGE_CURVE('',#3815,#3821,#489,.T.);
#4762=EDGE_CURVE('',#3822,#3823,#490,.T.);
#4763=EDGE_CURVE('',#3824,#3822,#1960,.T.);
#4764=EDGE_CURVE('',#3825,#3824,#491,.T.);
#4765=EDGE_CURVE('',#3826,#3825,#1961,.T.);
#4766=EDGE_CURVE('',#3827,#3826,#492,.T.);
#4767=EDGE_CURVE('',#3828,#3827,#1962,.T.);
#4768=EDGE_CURVE('',#3829,#3828,#493,.T.);
#4769=EDGE_CURVE('',#3823,#3829,#1963,.T.);
#4770=EDGE_CURVE('',#3709,#3830,#1964,.T.);
#4771=EDGE_CURVE('',#3830,#3831,#1965,.T.);
#4772=EDGE_CURVE('',#3710,#3831,#1966,.T.);
#4773=EDGE_CURVE('',#3716,#3832,#1967,.T.);
#4774=EDGE_CURVE('',#3832,#3830,#494,.T.);
#4775=EDGE_CURVE('',#3715,#3833,#1968,.T.);
#4776=EDGE_CURVE('',#3833,#3832,#1969,.T.);
#4777=EDGE_CURVE('',#3714,#3834,#1970,.T.);
#4778=EDGE_CURVE('',#3834,#3833,#495,.T.);
#4779=EDGE_CURVE('',#3713,#3835,#1971,.T.);
#4780=EDGE_CURVE('',#3835,#3834,#1972,.T.);
#4781=EDGE_CURVE('',#3712,#3836,#1973,.T.);
#4782=EDGE_CURVE('',#3836,#3835,#496,.T.);
#4783=EDGE_CURVE('',#3711,#3837,#1974,.T.);
#4784=EDGE_CURVE('',#3837,#3836,#1975,.T.);
#4785=EDGE_CURVE('',#3831,#3837,#497,.T.);
#4786=EDGE_CURVE('',#3838,#3839,#498,.T.);
#4787=EDGE_CURVE('',#3840,#3838,#1976,.T.);
#4788=EDGE_CURVE('',#3841,#3840,#499,.T.);
#4789=EDGE_CURVE('',#3842,#3841,#1977,.T.);
#4790=EDGE_CURVE('',#3843,#3842,#500,.T.);
#4791=EDGE_CURVE('',#3844,#3843,#1978,.T.);
#4792=EDGE_CURVE('',#3845,#3844,#501,.T.);
#4793=EDGE_CURVE('',#3839,#3845,#1979,.T.);
#4794=EDGE_CURVE('',#3701,#3846,#1980,.T.);
#4795=EDGE_CURVE('',#3846,#3847,#1981,.T.);
#4796=EDGE_CURVE('',#3702,#3847,#1982,.T.);
#4797=EDGE_CURVE('',#3708,#3848,#1983,.T.);
#4798=EDGE_CURVE('',#3848,#3846,#502,.T.);
#4799=EDGE_CURVE('',#3707,#3849,#1984,.T.);
#4800=EDGE_CURVE('',#3849,#3848,#1985,.T.);
#4801=EDGE_CURVE('',#3706,#3850,#1986,.T.);
#4802=EDGE_CURVE('',#3850,#3849,#503,.T.);
#4803=EDGE_CURVE('',#3705,#3851,#1987,.T.);
#4804=EDGE_CURVE('',#3851,#3850,#1988,.T.);
#4805=EDGE_CURVE('',#3704,#3852,#1989,.T.);
#4806=EDGE_CURVE('',#3852,#3851,#504,.T.);
#4807=EDGE_CURVE('',#3703,#3853,#1990,.T.);
#4808=EDGE_CURVE('',#3853,#3852,#1991,.T.);
#4809=EDGE_CURVE('',#3847,#3853,#505,.T.);
#4810=EDGE_CURVE('',#3854,#3855,#506,.T.);
#4811=EDGE_CURVE('',#3856,#3854,#1992,.T.);
#4812=EDGE_CURVE('',#3857,#3856,#507,.T.);
#4813=EDGE_CURVE('',#3858,#3857,#1993,.T.);
#4814=EDGE_CURVE('',#3859,#3858,#508,.T.);
#4815=EDGE_CURVE('',#3860,#3859,#1994,.T.);
#4816=EDGE_CURVE('',#3861,#3860,#509,.T.);
#4817=EDGE_CURVE('',#3855,#3861,#1995,.T.);
#4818=EDGE_CURVE('',#3693,#3862,#1996,.T.);
#4819=EDGE_CURVE('',#3862,#3863,#1997,.T.);
#4820=EDGE_CURVE('',#3694,#3863,#1998,.T.);
#4821=EDGE_CURVE('',#3700,#3864,#1999,.T.);
#4822=EDGE_CURVE('',#3864,#3862,#510,.T.);
#4823=EDGE_CURVE('',#3699,#3865,#2000,.T.);
#4824=EDGE_CURVE('',#3865,#3864,#2001,.T.);
#4825=EDGE_CURVE('',#3698,#3866,#2002,.T.);
#4826=EDGE_CURVE('',#3866,#3865,#511,.T.);
#4827=EDGE_CURVE('',#3697,#3867,#2003,.T.);
#4828=EDGE_CURVE('',#3867,#3866,#2004,.T.);
#4829=EDGE_CURVE('',#3696,#3868,#2005,.T.);
#4830=EDGE_CURVE('',#3868,#3867,#512,.T.);
#4831=EDGE_CURVE('',#3695,#3869,#2006,.T.);
#4832=EDGE_CURVE('',#3869,#3868,#2007,.T.);
#4833=EDGE_CURVE('',#3863,#3869,#513,.T.);
#4834=EDGE_CURVE('',#3870,#3871,#514,.T.);
#4835=EDGE_CURVE('',#3872,#3870,#2008,.T.);
#4836=EDGE_CURVE('',#3873,#3872,#515,.T.);
#4837=EDGE_CURVE('',#3874,#3873,#2009,.T.);
#4838=EDGE_CURVE('',#3875,#3874,#516,.T.);
#4839=EDGE_CURVE('',#3876,#3875,#2010,.T.);
#4840=EDGE_CURVE('',#3877,#3876,#517,.T.);
#4841=EDGE_CURVE('',#3871,#3877,#2011,.T.);
#4842=EDGE_CURVE('',#3766,#3878,#2012,.T.);
#4843=EDGE_CURVE('',#3879,#3878,#2013,.T.);
#4844=EDGE_CURVE('',#3767,#3879,#2014,.T.);
#4845=EDGE_CURVE('',#3765,#3880,#2015,.T.);
#4846=EDGE_CURVE('',#3878,#3880,#518,.T.);
#4847=EDGE_CURVE('',#3763,#3881,#2016,.T.);
#4848=EDGE_CURVE('',#3880,#3881,#2017,.T.);
#4849=EDGE_CURVE('',#3764,#3882,#2018,.T.);
#4850=EDGE_CURVE('',#3881,#3882,#519,.T.);
#4851=EDGE_CURVE('',#3782,#3883,#2019,.T.);
#4852=EDGE_CURVE('',#3884,#3883,#2020,.T.);
#4853=EDGE_CURVE('',#3783,#3884,#2021,.T.);
#4854=EDGE_CURVE('',#3781,#3885,#2022,.T.);
#4855=EDGE_CURVE('',#3883,#3885,#520,.T.);
#4856=EDGE_CURVE('',#3779,#3886,#2023,.T.);
#4857=EDGE_CURVE('',#3885,#3886,#2024,.T.);
#4858=EDGE_CURVE('',#3780,#3887,#2025,.T.);
#4859=EDGE_CURVE('',#3886,#3887,#521,.T.);
#4860=EDGE_CURVE('',#3796,#3888,#2026,.T.);
#4861=EDGE_CURVE('',#3889,#3888,#2027,.T.);
#4862=EDGE_CURVE('',#3797,#3889,#2028,.T.);
#4863=EDGE_CURVE('',#3795,#3890,#2029,.T.);
#4864=EDGE_CURVE('',#3888,#3890,#522,.T.);
#4865=EDGE_CURVE('',#3794,#3891,#2030,.T.);
#4866=EDGE_CURVE('',#3890,#3891,#2031,.T.);
#4867=EDGE_CURVE('',#3793,#3892,#2032,.T.);
#4868=EDGE_CURVE('',#3891,#3892,#523,.T.);
#4869=EDGE_CURVE('',#3809,#3893,#2033,.T.);
#4870=EDGE_CURVE('',#3894,#3893,#2034,.T.);
#4871=EDGE_CURVE('',#3810,#3894,#2035,.T.);
#4872=EDGE_CURVE('',#3808,#3895,#2036,.T.);
#4873=EDGE_CURVE('',#3893,#3895,#524,.T.);
#4874=EDGE_CURVE('',#3806,#3896,#2037,.T.);
#4875=EDGE_CURVE('',#3895,#3896,#2038,.T.);
#4876=EDGE_CURVE('',#3807,#3897,#2039,.T.);
#4877=EDGE_CURVE('',#3896,#3897,#525,.T.);
#4878=EDGE_CURVE('',#3825,#3898,#2040,.T.);
#4879=EDGE_CURVE('',#3899,#3898,#2041,.T.);
#4880=EDGE_CURVE('',#3826,#3899,#2042,.T.);
#4881=EDGE_CURVE('',#3824,#3900,#2043,.T.);
#4882=EDGE_CURVE('',#3898,#3900,#526,.T.);
#4883=EDGE_CURVE('',#3822,#3901,#2044,.T.);
#4884=EDGE_CURVE('',#3900,#3901,#2045,.T.);
#4885=EDGE_CURVE('',#3823,#3902,#2046,.T.);
#4886=EDGE_CURVE('',#3901,#3902,#527,.T.);
#4887=EDGE_CURVE('',#3841,#3903,#2047,.T.);
#4888=EDGE_CURVE('',#3904,#3903,#2048,.T.);
#4889=EDGE_CURVE('',#3842,#3904,#2049,.T.);
#4890=EDGE_CURVE('',#3840,#3905,#2050,.T.);
#4891=EDGE_CURVE('',#3903,#3905,#528,.T.);
#4892=EDGE_CURVE('',#3838,#3906,#2051,.T.);
#4893=EDGE_CURVE('',#3905,#3906,#2052,.T.);
#4894=EDGE_CURVE('',#3839,#3907,#2053,.T.);
#4895=EDGE_CURVE('',#3906,#3907,#529,.T.);
#4896=EDGE_CURVE('',#3857,#3908,#2054,.T.);
#4897=EDGE_CURVE('',#3909,#3908,#2055,.T.);
#4898=EDGE_CURVE('',#3858,#3909,#2056,.T.);
#4899=EDGE_CURVE('',#3856,#3910,#2057,.T.);
#4900=EDGE_CURVE('',#3908,#3910,#530,.T.);
#4901=EDGE_CURVE('',#3854,#3911,#2058,.T.);
#4902=EDGE_CURVE('',#3910,#3911,#2059,.T.);
#4903=EDGE_CURVE('',#3855,#3912,#2060,.T.);
#4904=EDGE_CURVE('',#3911,#3912,#531,.T.);
#4905=EDGE_CURVE('',#3873,#3913,#2061,.T.);
#4906=EDGE_CURVE('',#3914,#3913,#2062,.T.);
#4907=EDGE_CURVE('',#3874,#3914,#2063,.T.);
#4908=EDGE_CURVE('',#3872,#3915,#2064,.T.);
#4909=EDGE_CURVE('',#3913,#3915,#532,.T.);
#4910=EDGE_CURVE('',#3870,#3916,#2065,.T.);
#4911=EDGE_CURVE('',#3915,#3916,#2066,.T.);
#4912=EDGE_CURVE('',#3871,#3917,#2067,.T.);
#4913=EDGE_CURVE('',#3916,#3917,#533,.T.);
#4914=EDGE_CURVE('',#3754,#3750,#2068,.T.);
#4915=EDGE_CURVE('',#3752,#3680,#2069,.T.);
#4916=EDGE_CURVE('',#3918,#3909,#534,.T.);
#4917=EDGE_CURVE('',#3859,#3918,#2070,.T.);
#4918=EDGE_CURVE('',#3919,#3918,#2071,.T.);
#4919=EDGE_CURVE('',#3860,#3919,#2072,.T.);
#4920=EDGE_CURVE('',#3920,#3919,#535,.T.);
#4921=EDGE_CURVE('',#3861,#3920,#2073,.T.);
#4922=EDGE_CURVE('',#3912,#3920,#2074,.T.);
#4923=EDGE_CURVE('',#3921,#3899,#536,.T.);
#4924=EDGE_CURVE('',#3827,#3921,#2075,.T.);
#4925=EDGE_CURVE('',#3922,#3921,#2076,.T.);
#4926=EDGE_CURVE('',#3828,#3922,#2077,.T.);
#4927=EDGE_CURVE('',#3923,#3922,#537,.T.);
#4928=EDGE_CURVE('',#3829,#3923,#2078,.T.);
#4929=EDGE_CURVE('',#3902,#3923,#2079,.T.);
#4930=EDGE_CURVE('',#3924,#3904,#538,.T.);
#4931=EDGE_CURVE('',#3843,#3924,#2080,.T.);
#4932=EDGE_CURVE('',#3925,#3924,#2081,.T.);
#4933=EDGE_CURVE('',#3844,#3925,#2082,.T.);
#4934=EDGE_CURVE('',#3926,#3925,#539,.T.);
#4935=EDGE_CURVE('',#3845,#3926,#2083,.T.);
#4936=EDGE_CURVE('',#3907,#3926,#2084,.T.);
#4937=EDGE_CURVE('',#3927,#3884,#540,.T.);
#4938=EDGE_CURVE('',#3784,#3927,#2085,.T.);
#4939=EDGE_CURVE('',#3928,#3927,#2086,.T.);
#4940=EDGE_CURVE('',#3785,#3928,#2087,.T.);
#4941=EDGE_CURVE('',#3929,#3928,#541,.T.);
#4942=EDGE_CURVE('',#3786,#3929,#2088,.T.);
#4943=EDGE_CURVE('',#3887,#3929,#2089,.T.);
#4944=EDGE_CURVE('',#3930,#3914,#542,.T.);
#4945=EDGE_CURVE('',#3875,#3930,#2090,.T.);
#4946=EDGE_CURVE('',#3931,#3930,#2091,.T.);
#4947=EDGE_CURVE('',#3876,#3931,#2092,.T.);
#4948=EDGE_CURVE('',#3932,#3931,#543,.T.);
#4949=EDGE_CURVE('',#3877,#3932,#2093,.T.);
#4950=EDGE_CURVE('',#3917,#3932,#2094,.T.);
#4951=EDGE_CURVE('',#3933,#3894,#544,.T.);
#4952=EDGE_CURVE('',#3811,#3933,#2095,.T.);
#4953=EDGE_CURVE('',#3934,#3933,#2096,.T.);
#4954=EDGE_CURVE('',#3812,#3934,#2097,.T.);
#4955=EDGE_CURVE('',#3935,#3934,#545,.T.);
#4956=EDGE_CURVE('',#3813,#3935,#2098,.T.);
#4957=EDGE_CURVE('',#3897,#3935,#2099,.T.);
#4958=EDGE_CURVE('',#3936,#3879,#546,.T.);
#4959=EDGE_CURVE('',#3768,#3936,#2100,.T.);
#4960=EDGE_CURVE('',#3937,#3936,#2101,.T.);
#4961=EDGE_CURVE('',#3769,#3937,#2102,.T.);
#4962=EDGE_CURVE('',#3938,#3937,#547,.T.);
#4963=EDGE_CURVE('',#3770,#3938,#2103,.T.);
#4964=EDGE_CURVE('',#3882,#3938,#2104,.T.);
#4965=EDGE_CURVE('',#3939,#3889,#548,.T.);
#4966=EDGE_CURVE('',#3558,#3939,#2105,.T.);
#4967=EDGE_CURVE('',#3940,#3939,#2106,.T.);
#4968=EDGE_CURVE('',#3559,#3940,#2107,.T.);
#4969=EDGE_CURVE('',#3941,#3940,#549,.T.);
#4970=EDGE_CURVE('',#3792,#3941,#2108,.T.);
#4971=EDGE_CURVE('',#3892,#3941,#2109,.T.);
#4972=EDGE_CURVE('',#3942,#3943,#2110,.T.);
#4973=EDGE_CURVE('',#3944,#3942,#2111,.T.);
#4974=EDGE_CURVE('',#3943,#3944,#2112,.T.);
#4975=EDGE_CURVE('',#3945,#3946,#2113,.F.);
#4976=EDGE_CURVE('',#3946,#3944,#2114,.T.);
#4977=EDGE_CURVE('',#3942,#3945,#2115,.T.);
#4978=EDGE_CURVE('',#3947,#3948,#2116,.T.);
#4979=EDGE_CURVE('',#3949,#3947,#2117,.T.);
#4980=EDGE_CURVE('',#3948,#3949,#2118,.T.);
#4981=EDGE_CURVE('',#3950,#3951,#2119,.F.);
#4982=EDGE_CURVE('',#3951,#3949,#2120,.T.);
#4983=EDGE_CURVE('',#3947,#3950,#2121,.T.);
#4984=EDGE_CURVE('',#3943,#3948,#2122,.T.);
#4985=EDGE_CURVE('',#3949,#3942,#2123,.T.);
#4986=EDGE_CURVE('',#3952,#3947,#2124,.T.);
#4987=EDGE_CURVE('',#3948,#3953,#2125,.T.);
#4988=EDGE_CURVE('',#3953,#3952,#2126,.T.);
#4989=EDGE_CURVE('',#3954,#3952,#2127,.T.);
#4990=EDGE_CURVE('',#3953,#3955,#2128,.T.);
#4991=EDGE_CURVE('',#3955,#3954,#2129,.T.);
#4992=EDGE_CURVE('',#3955,#3943,#2130,.T.);
#4993=EDGE_CURVE('',#3944,#3954,#2131,.T.);
#4994=EDGE_CURVE('',#3945,#3951,#2132,.T.);
#4995=EDGE_CURVE('',#3956,#3957,#2133,.T.);
#4996=EDGE_CURVE('',#3957,#3958,#2134,.T.);
#4997=EDGE_CURVE('',#3958,#3959,#2135,.T.);
#4998=EDGE_CURVE('',#3956,#3959,#2136,.T.);
#4999=EDGE_CURVE('',#3957,#3960,#2137,.T.);
#5000=EDGE_CURVE('',#3960,#3961,#2138,.T.);
#5001=EDGE_CURVE('',#3961,#3958,#2139,.T.);
#5002=EDGE_CURVE('',#3960,#3962,#2140,.T.);
#5003=EDGE_CURVE('',#3962,#3963,#2141,.T.);
#5004=EDGE_CURVE('',#3963,#3961,#2142,.T.);
#5005=EDGE_CURVE('',#3959,#3963,#2143,.T.);
#5006=EDGE_CURVE('',#3962,#3956,#2144,.T.);
#5007=EDGE_CURVE('',#3964,#3959,#2145,.T.);
#5008=EDGE_CURVE('',#3965,#3964,#2146,.T.);
#5009=EDGE_CURVE('',#3965,#3963,#2147,.T.);
#5010=EDGE_CURVE('',#3966,#3958,#2148,.T.);
#5011=EDGE_CURVE('',#3964,#3966,#2149,.T.);
#5012=EDGE_CURVE('',#3967,#3968,#2150,.T.);
#5013=EDGE_CURVE('',#3969,#3967,#2151,.T.);
#5014=EDGE_CURVE('',#3970,#3969,#2152,.T.);
#5015=EDGE_CURVE('',#3968,#3970,#2153,.T.);
#5016=EDGE_CURVE('',#3971,#3972,#2154,.T.);
#5017=EDGE_CURVE('',#3973,#3971,#2155,.T.);
#5018=EDGE_CURVE('',#3974,#3973,#2156,.T.);
#5019=EDGE_CURVE('',#3972,#3974,#2157,.T.);
#5020=EDGE_CURVE('',#3975,#3976,#2158,.T.);
#5021=EDGE_CURVE('',#3977,#3975,#2159,.T.);
#5022=EDGE_CURVE('',#3978,#3977,#2160,.T.);
#5023=EDGE_CURVE('',#3976,#3978,#2161,.T.);
#5024=EDGE_CURVE('',#3979,#3980,#2162,.T.);
#5025=EDGE_CURVE('',#3981,#3979,#2163,.T.);
#5026=EDGE_CURVE('',#3982,#3981,#2164,.T.);
#5027=EDGE_CURVE('',#3980,#3982,#2165,.T.);
#5028=EDGE_CURVE('',#3983,#3984,#2166,.T.);
#5029=EDGE_CURVE('',#3985,#3983,#2167,.T.);
#5030=EDGE_CURVE('',#3986,#3985,#2168,.T.);
#5031=EDGE_CURVE('',#3984,#3986,#2169,.T.);
#5032=EDGE_CURVE('',#3987,#3988,#2170,.T.);
#5033=EDGE_CURVE('',#3989,#3987,#2171,.T.);
#5034=EDGE_CURVE('',#3990,#3989,#2172,.T.);
#5035=EDGE_CURVE('',#3988,#3990,#2173,.T.);
#5036=EDGE_CURVE('',#3991,#3992,#2174,.T.);
#5037=EDGE_CURVE('',#3993,#3991,#2175,.T.);
#5038=EDGE_CURVE('',#3994,#3993,#2176,.T.);
#5039=EDGE_CURVE('',#3992,#3994,#2177,.T.);
#5040=EDGE_CURVE('',#3972,#3995,#2178,.T.);
#5041=EDGE_CURVE('',#3995,#3996,#2179,.T.);
#5042=EDGE_CURVE('',#3971,#3996,#2180,.T.);
#5043=EDGE_CURVE('',#3974,#3997,#2181,.T.);
#5044=EDGE_CURVE('',#3997,#3995,#2182,.T.);
#5045=EDGE_CURVE('',#3973,#3998,#2183,.T.);
#5046=EDGE_CURVE('',#3998,#3997,#2184,.T.);
#5047=EDGE_CURVE('',#3996,#3998,#2185,.T.);
#5048=EDGE_CURVE('',#3996,#3999,#2186,.T.);
#5049=EDGE_CURVE('',#4000,#3999,#2187,.T.);
#5050=EDGE_CURVE('',#3998,#4000,#2188,.T.);
#5051=EDGE_CURVE('',#4001,#3995,#2189,.T.);
#5052=EDGE_CURVE('',#3999,#4001,#2190,.T.);
#5053=EDGE_CURVE('',#3992,#4002,#2191,.T.);
#5054=EDGE_CURVE('',#4002,#4003,#2192,.T.);
#5055=EDGE_CURVE('',#3991,#4003,#2193,.T.);
#5056=EDGE_CURVE('',#3994,#4004,#2194,.T.);
#5057=EDGE_CURVE('',#4004,#4002,#2195,.T.);
#5058=EDGE_CURVE('',#3993,#4005,#2196,.T.);
#5059=EDGE_CURVE('',#4005,#4004,#2197,.T.);
#5060=EDGE_CURVE('',#4003,#4005,#2198,.T.);
#5061=EDGE_CURVE('',#4003,#4006,#2199,.T.);
#5062=EDGE_CURVE('',#4007,#4006,#2200,.T.);
#5063=EDGE_CURVE('',#4005,#4007,#2201,.T.);
#5064=EDGE_CURVE('',#4002,#4008,#2202,.T.);
#5065=EDGE_CURVE('',#4006,#4008,#2203,.T.);
#5066=EDGE_CURVE('',#3976,#4009,#2204,.T.);
#5067=EDGE_CURVE('',#4009,#4010,#2205,.T.);
#5068=EDGE_CURVE('',#3975,#4010,#2206,.T.);
#5069=EDGE_CURVE('',#3978,#4011,#2207,.T.);
#5070=EDGE_CURVE('',#4011,#4009,#2208,.T.);
#5071=EDGE_CURVE('',#3977,#4012,#2209,.T.);
#5072=EDGE_CURVE('',#4012,#4011,#2210,.T.);
#5073=EDGE_CURVE('',#4010,#4012,#2211,.T.);
#5074=EDGE_CURVE('',#4010,#4013,#2212,.T.);
#5075=EDGE_CURVE('',#4014,#4013,#2213,.T.);
#5076=EDGE_CURVE('',#4012,#4014,#2214,.T.);
#5077=EDGE_CURVE('',#4015,#4009,#2215,.T.);
#5078=EDGE_CURVE('',#4013,#4015,#2216,.T.);
#5079=EDGE_CURVE('',#3988,#4016,#2217,.T.);
#5080=EDGE_CURVE('',#4016,#4017,#2218,.T.);
#5081=EDGE_CURVE('',#3987,#4017,#2219,.T.);
#5082=EDGE_CURVE('',#3990,#4018,#2220,.T.);
#5083=EDGE_CURVE('',#4018,#4016,#2221,.T.);
#5084=EDGE_CURVE('',#3989,#4019,#2222,.T.);
#5085=EDGE_CURVE('',#4019,#4018,#2223,.T.);
#5086=EDGE_CURVE('',#4017,#4019,#2224,.T.);
#5087=EDGE_CURVE('',#4017,#4020,#2225,.T.);
#5088=EDGE_CURVE('',#4021,#4020,#2226,.T.);
#5089=EDGE_CURVE('',#4019,#4021,#2227,.T.);
#5090=EDGE_CURVE('',#4022,#4016,#2228,.T.);
#5091=EDGE_CURVE('',#4020,#4022,#2229,.T.);
#5092=EDGE_CURVE('',#3980,#4023,#2230,.T.);
#5093=EDGE_CURVE('',#4023,#4024,#2231,.T.);
#5094=EDGE_CURVE('',#3979,#4024,#2232,.T.);
#5095=EDGE_CURVE('',#3982,#4025,#2233,.T.);
#5096=EDGE_CURVE('',#4025,#4023,#2234,.T.);
#5097=EDGE_CURVE('',#3981,#4026,#2235,.T.);
#5098=EDGE_CURVE('',#4026,#4025,#2236,.T.);
#5099=EDGE_CURVE('',#4024,#4026,#2237,.T.);
#5100=EDGE_CURVE('',#4024,#4027,#2238,.T.);
#5101=EDGE_CURVE('',#4028,#4027,#2239,.T.);
#5102=EDGE_CURVE('',#4026,#4028,#2240,.T.);
#5103=EDGE_CURVE('',#4023,#4029,#2241,.T.);
#5104=EDGE_CURVE('',#4027,#4029,#2242,.T.);
#5105=EDGE_CURVE('',#3984,#4030,#2243,.T.);
#5106=EDGE_CURVE('',#4030,#4031,#2244,.T.);
#5107=EDGE_CURVE('',#3983,#4031,#2245,.T.);
#5108=EDGE_CURVE('',#3986,#4032,#2246,.T.);
#5109=EDGE_CURVE('',#4032,#4030,#2247,.T.);
#5110=EDGE_CURVE('',#3985,#4033,#2248,.T.);
#5111=EDGE_CURVE('',#4033,#4032,#2249,.T.);
#5112=EDGE_CURVE('',#4031,#4033,#2250,.T.);
#5113=EDGE_CURVE('',#4031,#4034,#2251,.T.);
#5114=EDGE_CURVE('',#4035,#4034,#2252,.T.);
#5115=EDGE_CURVE('',#4033,#4035,#2253,.T.);
#5116=EDGE_CURVE('',#4030,#4036,#2254,.T.);
#5117=EDGE_CURVE('',#4034,#4036,#2255,.T.);
#5118=EDGE_CURVE('',#4037,#4037,#550,.T.);
#5119=EDGE_CURVE('',#4037,#4038,#2256,.T.);
#5120=EDGE_CURVE('',#4038,#4038,#551,.T.);
#5121=EDGE_CURVE('',#4039,#3967,#2257,.T.);
#5122=EDGE_CURVE('',#4040,#4039,#2258,.T.);
#5123=EDGE_CURVE('',#3967,#4040,#2259,.T.);
#5124=EDGE_CURVE('',#4041,#4042,#2260,.F.);
#5125=EDGE_CURVE('',#4042,#4040,#2261,.T.);
#5126=EDGE_CURVE('',#4039,#4041,#2262,.T.);
#5127=EDGE_CURVE('',#4043,#3969,#2263,.T.);
#5128=EDGE_CURVE('',#4044,#4043,#2264,.T.);
#5129=EDGE_CURVE('',#3969,#4044,#2265,.T.);
#5130=EDGE_CURVE('',#4045,#4046,#2266,.F.);
#5131=EDGE_CURVE('',#4046,#4044,#2267,.T.);
#5132=EDGE_CURVE('',#4043,#4045,#2268,.T.);
#5133=EDGE_CURVE('',#4047,#3968,#2269,.T.);
#5134=EDGE_CURVE('',#4048,#4047,#2270,.T.);
#5135=EDGE_CURVE('',#3968,#4048,#2271,.T.);
#5136=EDGE_CURVE('',#4049,#4050,#2272,.F.);
#5137=EDGE_CURVE('',#4050,#4048,#2273,.T.);
#5138=EDGE_CURVE('',#4047,#4049,#2274,.T.);
#5139=EDGE_CURVE('',#4048,#4039,#2275,.T.);
#5140=EDGE_CURVE('',#4051,#3970,#2276,.T.);
#5141=EDGE_CURVE('',#4052,#4051,#2277,.T.);
#5142=EDGE_CURVE('',#3970,#4052,#2278,.T.);
#5143=EDGE_CURVE('',#4053,#4054,#2279,.F.);
#5144=EDGE_CURVE('',#4054,#4052,#2280,.T.);
#5145=EDGE_CURVE('',#4051,#4053,#2281,.T.);
#5146=EDGE_CURVE('',#4052,#4047,#2282,.T.);
#5147=EDGE_CURVE('',#4044,#4051,#2283,.T.);
#5148=EDGE_CURVE('',#4040,#4043,#2284,.T.);
#5149=EDGE_CURVE('',#4041,#4050,#2285,.T.);
#5150=EDGE_CURVE('',#4049,#4054,#2286,.T.);
#5151=EDGE_CURVE('',#4055,#3946,#2287,.T.);
#5152=EDGE_CURVE('',#4055,#3954,#2288,.T.);
#5153=EDGE_CURVE('',#4056,#3952,#2289,.T.);
#5154=EDGE_CURVE('',#3950,#4056,#2290,.T.);
#5155=EDGE_CURVE('',#4057,#3961,#2291,.T.);
#5156=EDGE_CURVE('',#3966,#4057,#2292,.T.);
#5157=EDGE_CURVE('',#4057,#3965,#2293,.T.);
#5158=EDGE_CURVE('',#4053,#4046,#2294,.T.);
#5159=EDGE_CURVE('',#4045,#4042,#2295,.T.);
#5160=EDGE_CURVE('',#4058,#4059,#2296,.T.);
#5161=EDGE_CURVE('',#4058,#4060,#2297,.T.);
#5162=EDGE_CURVE('',#4060,#4061,#2298,.T.);
#5163=EDGE_CURVE('',#4059,#4061,#2299,.T.);
#5164=EDGE_CURVE('',#4062,#4063,#2300,.T.);
#5165=EDGE_CURVE('',#4062,#4064,#2301,.T.);
#5166=EDGE_CURVE('',#4064,#4065,#2302,.T.);
#5167=EDGE_CURVE('',#4063,#4065,#2303,.T.);
#5168=EDGE_CURVE('',#4066,#4062,#2304,.T.);
#5169=EDGE_CURVE('',#4066,#4067,#2305,.T.);
#5170=EDGE_CURVE('',#4067,#4064,#2306,.T.);
#5171=EDGE_CURVE('',#4068,#4066,#2307,.T.);
#5172=EDGE_CURVE('',#4068,#4069,#2308,.T.);
#5173=EDGE_CURVE('',#4069,#4067,#2309,.T.);
#5174=EDGE_CURVE('',#4070,#4068,#2310,.T.);
#5175=EDGE_CURVE('',#4070,#4071,#2311,.T.);
#5176=EDGE_CURVE('',#4071,#4069,#2312,.T.);
#5177=EDGE_CURVE('',#4072,#4070,#2313,.T.);
#5178=EDGE_CURVE('',#4072,#4073,#2314,.T.);
#5179=EDGE_CURVE('',#4073,#4071,#2315,.T.);
#5180=EDGE_CURVE('',#4074,#4072,#2316,.T.);
#5181=EDGE_CURVE('',#4074,#4075,#2317,.T.);
#5182=EDGE_CURVE('',#4075,#4073,#2318,.T.);
#5183=EDGE_CURVE('',#4076,#4074,#2319,.T.);
#5184=EDGE_CURVE('',#4076,#4077,#2320,.T.);
#5185=EDGE_CURVE('',#4077,#4075,#2321,.T.);
#5186=EDGE_CURVE('',#4078,#4076,#2322,.T.);
#5187=EDGE_CURVE('',#4078,#4079,#2323,.T.);
#5188=EDGE_CURVE('',#4079,#4077,#2324,.T.);
#5189=EDGE_CURVE('',#4080,#4078,#2325,.T.);
#5190=EDGE_CURVE('',#4080,#4081,#2326,.T.);
#5191=EDGE_CURVE('',#4081,#4079,#2327,.T.);
#5192=EDGE_CURVE('',#4063,#4080,#2328,.T.);
#5193=EDGE_CURVE('',#4065,#4081,#2329,.T.);
#5194=EDGE_CURVE('',#4082,#4083,#15,.T.);
#5195=EDGE_CURVE('',#4082,#4084,#2330,.T.);
#5196=EDGE_CURVE('',#4084,#4085,#16,.T.);
#5197=EDGE_CURVE('',#4083,#4085,#2331,.T.);
#5198=EDGE_CURVE('',#4086,#4082,#17,.T.);
#5199=EDGE_CURVE('',#4086,#4087,#2332,.T.);
#5200=EDGE_CURVE('',#4087,#4084,#18,.T.);
#5201=EDGE_CURVE('',#4088,#4086,#19,.T.);
#5202=EDGE_CURVE('',#4088,#4089,#2333,.T.);
#5203=EDGE_CURVE('',#4089,#4087,#20,.T.);
#5204=EDGE_CURVE('',#4090,#4088,#2334,.T.);
#5205=EDGE_CURVE('',#4090,#4091,#2335,.T.);
#5206=EDGE_CURVE('',#4091,#4089,#2336,.T.);
#5207=EDGE_CURVE('',#4092,#4090,#21,.T.);
#5208=EDGE_CURVE('',#4092,#4093,#2337,.T.);
#5209=EDGE_CURVE('',#4093,#4091,#22,.T.);
#5210=EDGE_CURVE('',#4094,#4092,#23,.T.);
#5211=EDGE_CURVE('',#4094,#4095,#2338,.T.);
#5212=EDGE_CURVE('',#4095,#4093,#24,.T.);
#5213=EDGE_CURVE('',#4096,#4094,#25,.T.);
#5214=EDGE_CURVE('',#4096,#4097,#2339,.T.);
#5215=EDGE_CURVE('',#4097,#4095,#26,.T.);
#5216=EDGE_CURVE('',#4098,#4096,#27,.T.);
#5217=EDGE_CURVE('',#4098,#4099,#2340,.T.);
#5218=EDGE_CURVE('',#4099,#4097,#28,.T.);
#5219=EDGE_CURVE('',#4083,#4098,#29,.T.);
#5220=EDGE_CURVE('',#4085,#4099,#30,.T.);
#5221=EDGE_CURVE('',#4100,#4101,#31,.T.);
#5222=EDGE_CURVE('',#4100,#4102,#2341,.T.);
#5223=EDGE_CURVE('',#4102,#4103,#32,.T.);
#5224=EDGE_CURVE('',#4101,#4103,#2342,.T.);
#5225=EDGE_CURVE('',#4104,#4100,#33,.T.);
#5226=EDGE_CURVE('',#4104,#4105,#2343,.T.);
#5227=EDGE_CURVE('',#4105,#4102,#34,.T.);
#5228=EDGE_CURVE('',#4106,#4104,#35,.T.);
#5229=EDGE_CURVE('',#4106,#4107,#2344,.T.);
#5230=EDGE_CURVE('',#4107,#4105,#36,.T.);
#5231=EDGE_CURVE('',#4108,#4106,#37,.T.);
#5232=EDGE_CURVE('',#4108,#4109,#2345,.T.);
#5233=EDGE_CURVE('',#4109,#4107,#38,.T.);
#5234=EDGE_CURVE('',#4110,#4108,#39,.T.);
#5235=EDGE_CURVE('',#4110,#4111,#2346,.T.);
#5236=EDGE_CURVE('',#4111,#4109,#40,.T.);
#5237=EDGE_CURVE('',#4112,#4110,#2347,.T.);
#5238=EDGE_CURVE('',#4112,#4113,#2348,.T.);
#5239=EDGE_CURVE('',#4113,#4111,#2349,.T.);
#5240=EDGE_CURVE('',#4114,#4112,#2350,.T.);
#5241=EDGE_CURVE('',#4114,#4115,#2351,.T.);
#5242=EDGE_CURVE('',#4115,#4113,#2352,.T.);
#5243=EDGE_CURVE('',#4116,#4114,#2353,.T.);
#5244=EDGE_CURVE('',#4116,#4117,#2354,.T.);
#5245=EDGE_CURVE('',#4117,#4115,#2355,.T.);
#5246=EDGE_CURVE('',#4118,#4116,#2356,.T.);
#5247=EDGE_CURVE('',#4118,#4119,#2357,.T.);
#5248=EDGE_CURVE('',#4119,#4117,#2358,.T.);
#5249=EDGE_CURVE('',#4120,#4118,#2359,.T.);
#5250=EDGE_CURVE('',#4120,#4121,#2360,.T.);
#5251=EDGE_CURVE('',#4121,#4119,#2361,.T.);
#5252=EDGE_CURVE('',#4122,#4120,#41,.T.);
#5253=EDGE_CURVE('',#4122,#4123,#2362,.T.);
#5254=EDGE_CURVE('',#4123,#4121,#42,.T.);
#5255=EDGE_CURVE('',#4124,#4122,#43,.T.);
#5256=EDGE_CURVE('',#4124,#4125,#2363,.T.);
#5257=EDGE_CURVE('',#4125,#4123,#44,.T.);
#5258=EDGE_CURVE('',#4126,#4124,#45,.T.);
#5259=EDGE_CURVE('',#4126,#4127,#2364,.T.);
#5260=EDGE_CURVE('',#4127,#4125,#46,.T.);
#5261=EDGE_CURVE('',#4128,#4126,#47,.T.);
#5262=EDGE_CURVE('',#4128,#4129,#2365,.T.);
#5263=EDGE_CURVE('',#4129,#4127,#48,.T.);
#5264=EDGE_CURVE('',#4130,#4128,#49,.T.);
#5265=EDGE_CURVE('',#4130,#4131,#2366,.T.);
#5266=EDGE_CURVE('',#4131,#4129,#50,.T.);
#5267=EDGE_CURVE('',#4132,#4130,#51,.T.);
#5268=EDGE_CURVE('',#4132,#4133,#2367,.T.);
#5269=EDGE_CURVE('',#4133,#4131,#52,.T.);
#5270=EDGE_CURVE('',#4101,#4132,#53,.T.);
#5271=EDGE_CURVE('',#4103,#4133,#54,.T.);
#5272=EDGE_CURVE('',#4134,#4135,#55,.T.);
#5273=EDGE_CURVE('',#4134,#4136,#2368,.T.);
#5274=EDGE_CURVE('',#4136,#4137,#56,.T.);
#5275=EDGE_CURVE('',#4135,#4137,#2369,.T.);
#5276=EDGE_CURVE('',#4138,#4134,#2370,.T.);
#5277=EDGE_CURVE('',#4138,#4139,#2371,.T.);
#5278=EDGE_CURVE('',#4139,#4136,#2372,.T.);
#5279=EDGE_CURVE('',#4140,#4138,#2373,.T.);
#5280=EDGE_CURVE('',#4140,#4141,#2374,.T.);
#5281=EDGE_CURVE('',#4141,#4139,#2375,.T.);
#5282=EDGE_CURVE('',#4142,#4140,#2376,.T.);
#5283=EDGE_CURVE('',#4142,#4143,#2377,.T.);
#5284=EDGE_CURVE('',#4143,#4141,#2378,.T.);
#5285=EDGE_CURVE('',#4144,#4142,#57,.T.);
#5286=EDGE_CURVE('',#4144,#4145,#2379,.T.);
#5287=EDGE_CURVE('',#4145,#4143,#58,.T.);
#5288=EDGE_CURVE('',#4146,#4144,#59,.T.);
#5289=EDGE_CURVE('',#4146,#4147,#2380,.T.);
#5290=EDGE_CURVE('',#4147,#4145,#60,.T.);
#5291=EDGE_CURVE('',#4135,#4146,#61,.T.);
#5292=EDGE_CURVE('',#4137,#4147,#62,.T.);
#5293=EDGE_CURVE('',#4148,#4149,#63,.T.);
#5294=EDGE_CURVE('',#4148,#4150,#2381,.T.);
#5295=EDGE_CURVE('',#4150,#4151,#64,.T.);
#5296=EDGE_CURVE('',#4149,#4151,#2382,.T.);
#5297=EDGE_CURVE('',#4152,#4148,#65,.T.);
#5298=EDGE_CURVE('',#4152,#4153,#2383,.T.);
#5299=EDGE_CURVE('',#4153,#4150,#66,.T.);
#5300=EDGE_CURVE('',#4154,#4152,#67,.T.);
#5301=EDGE_CURVE('',#4154,#4155,#2384,.T.);
#5302=EDGE_CURVE('',#4155,#4153,#68,.T.);
#5303=EDGE_CURVE('',#4156,#4154,#2385,.T.);
#5304=EDGE_CURVE('',#4156,#4157,#2386,.T.);
#5305=EDGE_CURVE('',#4157,#4155,#2387,.T.);
#5306=EDGE_CURVE('',#4158,#4156,#2388,.T.);
#5307=EDGE_CURVE('',#4158,#4159,#2389,.T.);
#5308=EDGE_CURVE('',#4159,#4157,#2390,.T.);
#5309=EDGE_CURVE('',#4160,#4158,#2391,.T.);
#5310=EDGE_CURVE('',#4160,#4161,#2392,.T.);
#5311=EDGE_CURVE('',#4161,#4159,#2393,.T.);
#5312=EDGE_CURVE('',#4162,#4160,#2394,.T.);
#5313=EDGE_CURVE('',#4162,#4163,#2395,.T.);
#5314=EDGE_CURVE('',#4163,#4161,#2396,.T.);
#5315=EDGE_CURVE('',#4164,#4162,#2397,.T.);
#5316=EDGE_CURVE('',#4164,#4165,#2398,.T.);
#5317=EDGE_CURVE('',#4165,#4163,#2399,.T.);
#5318=EDGE_CURVE('',#4166,#4164,#69,.T.);
#5319=EDGE_CURVE('',#4166,#4167,#2400,.T.);
#5320=EDGE_CURVE('',#4167,#4165,#70,.T.);
#5321=EDGE_CURVE('',#4168,#4166,#71,.T.);
#5322=EDGE_CURVE('',#4168,#4169,#2401,.T.);
#5323=EDGE_CURVE('',#4169,#4167,#72,.T.);
#5324=EDGE_CURVE('',#4170,#4168,#73,.T.);
#5325=EDGE_CURVE('',#4170,#4171,#2402,.T.);
#5326=EDGE_CURVE('',#4171,#4169,#74,.T.);
#5327=EDGE_CURVE('',#4172,#4170,#75,.T.);
#5328=EDGE_CURVE('',#4172,#4173,#2403,.T.);
#5329=EDGE_CURVE('',#4173,#4171,#76,.T.);
#5330=EDGE_CURVE('',#4149,#4172,#77,.T.);
#5331=EDGE_CURVE('',#4151,#4173,#78,.T.);
#5332=EDGE_CURVE('',#4174,#4175,#79,.T.);
#5333=EDGE_CURVE('',#4174,#4176,#2404,.T.);
#5334=EDGE_CURVE('',#4176,#4177,#80,.T.);
#5335=EDGE_CURVE('',#4175,#4177,#2405,.T.);
#5336=EDGE_CURVE('',#4178,#4174,#81,.T.);
#5337=EDGE_CURVE('',#4178,#4179,#2406,.T.);
#5338=EDGE_CURVE('',#4179,#4176,#82,.T.);
#5339=EDGE_CURVE('',#4180,#4178,#83,.T.);
#5340=EDGE_CURVE('',#4180,#4181,#2407,.T.);
#5341=EDGE_CURVE('',#4181,#4179,#84,.T.);
#5342=EDGE_CURVE('',#4182,#4180,#85,.T.);
#5343=EDGE_CURVE('',#4182,#4183,#2408,.T.);
#5344=EDGE_CURVE('',#4183,#4181,#86,.T.);
#5345=EDGE_CURVE('',#4184,#4182,#87,.T.);
#5346=EDGE_CURVE('',#4184,#4185,#2409,.T.);
#5347=EDGE_CURVE('',#4185,#4183,#88,.T.);
#5348=EDGE_CURVE('',#4186,#4184,#89,.T.);
#5349=EDGE_CURVE('',#4186,#4187,#2410,.T.);
#5350=EDGE_CURVE('',#4187,#4185,#90,.T.);
#5351=EDGE_CURVE('',#4188,#4186,#91,.T.);
#5352=EDGE_CURVE('',#4188,#4189,#2411,.T.);
#5353=EDGE_CURVE('',#4189,#4187,#92,.T.);
#5354=EDGE_CURVE('',#4190,#4188,#93,.T.);
#5355=EDGE_CURVE('',#4190,#4191,#2412,.T.);
#5356=EDGE_CURVE('',#4191,#4189,#94,.T.);
#5357=EDGE_CURVE('',#4192,#4190,#95,.T.);
#5358=EDGE_CURVE('',#4192,#4193,#2413,.T.);
#5359=EDGE_CURVE('',#4193,#4191,#96,.T.);
#5360=EDGE_CURVE('',#4194,#4192,#97,.T.);
#5361=EDGE_CURVE('',#4194,#4195,#2414,.T.);
#5362=EDGE_CURVE('',#4195,#4193,#98,.T.);
#5363=EDGE_CURVE('',#4196,#4194,#2415,.T.);
#5364=EDGE_CURVE('',#4196,#4197,#2416,.T.);
#5365=EDGE_CURVE('',#4197,#4195,#2417,.T.);
#5366=EDGE_CURVE('',#4175,#4196,#2418,.T.);
#5367=EDGE_CURVE('',#4177,#4197,#2419,.T.);
#5368=EDGE_CURVE('',#4198,#4199,#2420,.T.);
#5369=EDGE_CURVE('',#4198,#4200,#2421,.T.);
#5370=EDGE_CURVE('',#4200,#4201,#2422,.T.);
#5371=EDGE_CURVE('',#4199,#4201,#2423,.T.);
#5372=EDGE_CURVE('',#4202,#4198,#99,.T.);
#5373=EDGE_CURVE('',#4202,#4203,#2424,.T.);
#5374=EDGE_CURVE('',#4203,#4200,#100,.T.);
#5375=EDGE_CURVE('',#4204,#4202,#101,.T.);
#5376=EDGE_CURVE('',#4204,#4205,#2425,.T.);
#5377=EDGE_CURVE('',#4205,#4203,#102,.T.);
#5378=EDGE_CURVE('',#4206,#4204,#103,.T.);
#5379=EDGE_CURVE('',#4206,#4207,#2426,.T.);
#5380=EDGE_CURVE('',#4207,#4205,#104,.T.);
#5381=EDGE_CURVE('',#4208,#4206,#105,.T.);
#5382=EDGE_CURVE('',#4208,#4209,#2427,.T.);
#5383=EDGE_CURVE('',#4209,#4207,#106,.T.);
#5384=EDGE_CURVE('',#4210,#4208,#107,.T.);
#5385=EDGE_CURVE('',#4210,#4211,#2428,.T.);
#5386=EDGE_CURVE('',#4211,#4209,#108,.T.);
#5387=EDGE_CURVE('',#4212,#4210,#109,.T.);
#5388=EDGE_CURVE('',#4212,#4213,#2429,.T.);
#5389=EDGE_CURVE('',#4213,#4211,#110,.T.);
#5390=EDGE_CURVE('',#4214,#4212,#111,.T.);
#5391=EDGE_CURVE('',#4214,#4215,#2430,.T.);
#5392=EDGE_CURVE('',#4215,#4213,#112,.T.);
#5393=EDGE_CURVE('',#4216,#4214,#113,.T.);
#5394=EDGE_CURVE('',#4216,#4217,#2431,.T.);
#5395=EDGE_CURVE('',#4217,#4215,#114,.T.);
#5396=EDGE_CURVE('',#4218,#4216,#2432,.T.);
#5397=EDGE_CURVE('',#4218,#4219,#2433,.T.);
#5398=EDGE_CURVE('',#4219,#4217,#2434,.T.);
#5399=EDGE_CURVE('',#4220,#4218,#115,.T.);
#5400=EDGE_CURVE('',#4220,#4221,#2435,.T.);
#5401=EDGE_CURVE('',#4221,#4219,#116,.T.);
#5402=EDGE_CURVE('',#4222,#4220,#117,.T.);
#5403=EDGE_CURVE('',#4222,#4223,#2436,.T.);
#5404=EDGE_CURVE('',#4223,#4221,#118,.T.);
#5405=EDGE_CURVE('',#4224,#4222,#119,.T.);
#5406=EDGE_CURVE('',#4224,#4225,#2437,.T.);
#5407=EDGE_CURVE('',#4225,#4223,#120,.T.);
#5408=EDGE_CURVE('',#4226,#4224,#121,.T.);
#5409=EDGE_CURVE('',#4226,#4227,#2438,.T.);
#5410=EDGE_CURVE('',#4227,#4225,#122,.T.);
#5411=EDGE_CURVE('',#4228,#4226,#2439,.T.);
#5412=EDGE_CURVE('',#4228,#4229,#2440,.T.);
#5413=EDGE_CURVE('',#4229,#4227,#2441,.T.);
#5414=EDGE_CURVE('',#4230,#4228,#2442,.T.);
#5415=EDGE_CURVE('',#4230,#4231,#2443,.T.);
#5416=EDGE_CURVE('',#4231,#4229,#2444,.T.);
#5417=EDGE_CURVE('',#4232,#4230,#123,.T.);
#5418=EDGE_CURVE('',#4232,#4233,#2445,.T.);
#5419=EDGE_CURVE('',#4233,#4231,#124,.T.);
#5420=EDGE_CURVE('',#4234,#4232,#125,.T.);
#5421=EDGE_CURVE('',#4234,#4235,#2446,.T.);
#5422=EDGE_CURVE('',#4235,#4233,#126,.T.);
#5423=EDGE_CURVE('',#4236,#4234,#127,.T.);
#5424=EDGE_CURVE('',#4236,#4237,#2447,.T.);
#5425=EDGE_CURVE('',#4237,#4235,#128,.T.);
#5426=EDGE_CURVE('',#4238,#4236,#129,.T.);
#5427=EDGE_CURVE('',#4238,#4239,#2448,.T.);
#5428=EDGE_CURVE('',#4239,#4237,#130,.T.);
#5429=EDGE_CURVE('',#4240,#4238,#131,.T.);
#5430=EDGE_CURVE('',#4240,#4241,#2449,.T.);
#5431=EDGE_CURVE('',#4241,#4239,#132,.T.);
#5432=EDGE_CURVE('',#4242,#4240,#133,.T.);
#5433=EDGE_CURVE('',#4242,#4243,#2450,.T.);
#5434=EDGE_CURVE('',#4243,#4241,#134,.T.);
#5435=EDGE_CURVE('',#4244,#4242,#135,.T.);
#5436=EDGE_CURVE('',#4244,#4245,#2451,.T.);
#5437=EDGE_CURVE('',#4245,#4243,#136,.T.);
#5438=EDGE_CURVE('',#4246,#4244,#137,.T.);
#5439=EDGE_CURVE('',#4246,#4247,#2452,.T.);
#5440=EDGE_CURVE('',#4247,#4245,#138,.T.);
#5441=EDGE_CURVE('',#4248,#4246,#2453,.T.);
#5442=EDGE_CURVE('',#4248,#4249,#2454,.T.);
#5443=EDGE_CURVE('',#4249,#4247,#2455,.T.);
#5444=EDGE_CURVE('',#4199,#4248,#2456,.T.);
#5445=EDGE_CURVE('',#4201,#4249,#2457,.T.);
#5446=EDGE_CURVE('',#4250,#4251,#139,.T.);
#5447=EDGE_CURVE('',#4250,#4252,#2458,.T.);
#5448=EDGE_CURVE('',#4252,#4253,#140,.T.);
#5449=EDGE_CURVE('',#4251,#4253,#2459,.T.);
#5450=EDGE_CURVE('',#4254,#4250,#141,.T.);
#5451=EDGE_CURVE('',#4254,#4255,#2460,.T.);
#5452=EDGE_CURVE('',#4255,#4252,#142,.T.);
#5453=EDGE_CURVE('',#4256,#4254,#143,.T.);
#5454=EDGE_CURVE('',#4256,#4257,#2461,.T.);
#5455=EDGE_CURVE('',#4257,#4255,#144,.T.);
#5456=EDGE_CURVE('',#4258,#4256,#2462,.T.);
#5457=EDGE_CURVE('',#4258,#4259,#2463,.T.);
#5458=EDGE_CURVE('',#4259,#4257,#2464,.T.);
#5459=EDGE_CURVE('',#4260,#4258,#145,.T.);
#5460=EDGE_CURVE('',#4260,#4261,#2465,.T.);
#5461=EDGE_CURVE('',#4261,#4259,#146,.T.);
#5462=EDGE_CURVE('',#4262,#4260,#147,.T.);
#5463=EDGE_CURVE('',#4262,#4263,#2466,.T.);
#5464=EDGE_CURVE('',#4263,#4261,#148,.T.);
#5465=EDGE_CURVE('',#4264,#4262,#149,.T.);
#5466=EDGE_CURVE('',#4264,#4265,#2467,.T.);
#5467=EDGE_CURVE('',#4265,#4263,#150,.T.);
#5468=EDGE_CURVE('',#4266,#4264,#151,.T.);
#5469=EDGE_CURVE('',#4266,#4267,#2468,.T.);
#5470=EDGE_CURVE('',#4267,#4265,#152,.T.);
#5471=EDGE_CURVE('',#4268,#4266,#153,.T.);
#5472=EDGE_CURVE('',#4268,#4269,#2469,.T.);
#5473=EDGE_CURVE('',#4269,#4267,#154,.T.);
#5474=EDGE_CURVE('',#4251,#4268,#2470,.T.);
#5475=EDGE_CURVE('',#4253,#4269,#2471,.T.);
#5476=EDGE_CURVE('',#4270,#4271,#155,.T.);
#5477=EDGE_CURVE('',#4270,#4272,#2472,.T.);
#5478=EDGE_CURVE('',#4272,#4273,#156,.T.);
#5479=EDGE_CURVE('',#4271,#4273,#2473,.T.);
#5480=EDGE_CURVE('',#4274,#4270,#157,.T.);
#5481=EDGE_CURVE('',#4274,#4275,#2474,.T.);
#5482=EDGE_CURVE('',#4275,#4272,#158,.T.);
#5483=EDGE_CURVE('',#4276,#4274,#159,.T.);
#5484=EDGE_CURVE('',#4276,#4277,#2475,.T.);
#5485=EDGE_CURVE('',#4277,#4275,#160,.T.);
#5486=EDGE_CURVE('',#4278,#4276,#161,.T.);
#5487=EDGE_CURVE('',#4278,#4279,#2476,.T.);
#5488=EDGE_CURVE('',#4279,#4277,#162,.T.);
#5489=EDGE_CURVE('',#4280,#4278,#163,.T.);
#5490=EDGE_CURVE('',#4280,#4281,#2477,.T.);
#5491=EDGE_CURVE('',#4281,#4279,#164,.T.);
#5492=EDGE_CURVE('',#4282,#4280,#165,.T.);
#5493=EDGE_CURVE('',#4282,#4283,#2478,.T.);
#5494=EDGE_CURVE('',#4283,#4281,#166,.T.);
#5495=EDGE_CURVE('',#4284,#4282,#167,.T.);
#5496=EDGE_CURVE('',#4284,#4285,#2479,.T.);
#5497=EDGE_CURVE('',#4285,#4283,#168,.T.);
#5498=EDGE_CURVE('',#4286,#4284,#169,.T.);
#5499=EDGE_CURVE('',#4286,#4287,#2480,.T.);
#5500=EDGE_CURVE('',#4287,#4285,#170,.T.);
#5501=EDGE_CURVE('',#4288,#4286,#171,.T.);
#5502=EDGE_CURVE('',#4288,#4289,#2481,.T.);
#5503=EDGE_CURVE('',#4289,#4287,#172,.T.);
#5504=EDGE_CURVE('',#4290,#4288,#173,.T.);
#5505=EDGE_CURVE('',#4290,#4291,#2482,.T.);
#5506=EDGE_CURVE('',#4291,#4289,#174,.T.);
#5507=EDGE_CURVE('',#4292,#4290,#175,.T.);
#5508=EDGE_CURVE('',#4292,#4293,#2483,.T.);
#5509=EDGE_CURVE('',#4293,#4291,#176,.T.);
#5510=EDGE_CURVE('',#4294,#4292,#177,.T.);
#5511=EDGE_CURVE('',#4294,#4295,#2484,.T.);
#5512=EDGE_CURVE('',#4295,#4293,#178,.T.);
#5513=EDGE_CURVE('',#4296,#4294,#179,.T.);
#5514=EDGE_CURVE('',#4296,#4297,#2485,.T.);
#5515=EDGE_CURVE('',#4297,#4295,#180,.T.);
#5516=EDGE_CURVE('',#4298,#4296,#181,.T.);
#5517=EDGE_CURVE('',#4298,#4299,#2486,.T.);
#5518=EDGE_CURVE('',#4299,#4297,#182,.T.);
#5519=EDGE_CURVE('',#4300,#4298,#183,.T.);
#5520=EDGE_CURVE('',#4300,#4301,#2487,.T.);
#5521=EDGE_CURVE('',#4301,#4299,#184,.T.);
#5522=EDGE_CURVE('',#4271,#4300,#185,.T.);
#5523=EDGE_CURVE('',#4273,#4301,#186,.T.);
#5524=EDGE_CURVE('',#4302,#4303,#187,.T.);
#5525=EDGE_CURVE('',#4302,#4304,#2488,.T.);
#5526=EDGE_CURVE('',#4304,#4305,#188,.T.);
#5527=EDGE_CURVE('',#4303,#4305,#2489,.T.);
#5528=EDGE_CURVE('',#4306,#4302,#189,.T.);
#5529=EDGE_CURVE('',#4306,#4307,#2490,.T.);
#5530=EDGE_CURVE('',#4307,#4304,#190,.T.);
#5531=EDGE_CURVE('',#4308,#4306,#191,.T.);
#5532=EDGE_CURVE('',#4308,#4309,#2491,.T.);
#5533=EDGE_CURVE('',#4309,#4307,#192,.T.);
#5534=EDGE_CURVE('',#4310,#4308,#2492,.T.);
#5535=EDGE_CURVE('',#4310,#4311,#2493,.T.);
#5536=EDGE_CURVE('',#4311,#4309,#2494,.T.);
#5537=EDGE_CURVE('',#4312,#4310,#193,.T.);
#5538=EDGE_CURVE('',#4312,#4313,#2495,.T.);
#5539=EDGE_CURVE('',#4313,#4311,#194,.T.);
#5540=EDGE_CURVE('',#4314,#4312,#195,.T.);
#5541=EDGE_CURVE('',#4314,#4315,#2496,.T.);
#5542=EDGE_CURVE('',#4315,#4313,#196,.T.);
#5543=EDGE_CURVE('',#4316,#4314,#197,.T.);
#5544=EDGE_CURVE('',#4316,#4317,#2497,.T.);
#5545=EDGE_CURVE('',#4317,#4315,#198,.T.);
#5546=EDGE_CURVE('',#4318,#4316,#199,.T.);
#5547=EDGE_CURVE('',#4318,#4319,#2498,.T.);
#5548=EDGE_CURVE('',#4319,#4317,#200,.T.);
#5549=EDGE_CURVE('',#4320,#4318,#201,.T.);
#5550=EDGE_CURVE('',#4320,#4321,#2499,.T.);
#5551=EDGE_CURVE('',#4321,#4319,#202,.T.);
#5552=EDGE_CURVE('',#4303,#4320,#2500,.T.);
#5553=EDGE_CURVE('',#4305,#4321,#2501,.T.);
#5554=EDGE_CURVE('',#4018,#4322,#2502,.T.);
#5555=EDGE_CURVE('',#4022,#4322,#2503,.T.);
#5556=EDGE_CURVE('',#4322,#4021,#2504,.T.);
#5557=EDGE_CURVE('',#3997,#4323,#2505,.T.);
#5558=EDGE_CURVE('',#4001,#4323,#2506,.T.);
#5559=EDGE_CURVE('',#4323,#4000,#2507,.T.);
#5560=EDGE_CURVE('',#4324,#4025,#2508,.T.);
#5561=EDGE_CURVE('',#4029,#4324,#2509,.T.);
#5562=EDGE_CURVE('',#4324,#4028,#2510,.T.);
#5563=EDGE_CURVE('',#4011,#4325,#2511,.T.);
#5564=EDGE_CURVE('',#4015,#4325,#2512,.T.);
#5565=EDGE_CURVE('',#4325,#4014,#2513,.T.);
#5566=EDGE_CURVE('',#4326,#4004,#2514,.T.);
#5567=EDGE_CURVE('',#4008,#4326,#2515,.T.);
#5568=EDGE_CURVE('',#4326,#4007,#2516,.T.);
#5569=EDGE_CURVE('',#4327,#4032,#2517,.T.);
#5570=EDGE_CURVE('',#4036,#4327,#2518,.T.);
#5571=EDGE_CURVE('',#4327,#4035,#2519,.T.);
#5572=EDGE_CURVE('',#4328,#4329,#2520,.T.);
#5573=EDGE_CURVE('',#4330,#4328,#2521,.T.);
#5574=EDGE_CURVE('',#4329,#4330,#2522,.T.);
#5575=EDGE_CURVE('',#4331,#4332,#2523,.T.);
#5576=EDGE_CURVE('',#4332,#4330,#2524,.T.);
#5577=EDGE_CURVE('',#4328,#4331,#2525,.T.);
#5578=EDGE_CURVE('',#4333,#4334,#2526,.T.);
#5579=EDGE_CURVE('',#4335,#4333,#2527,.T.);
#5580=EDGE_CURVE('',#4334,#4335,#2528,.T.);
#5581=EDGE_CURVE('',#4336,#4337,#2529,.T.);
#5582=EDGE_CURVE('',#4337,#4335,#2530,.T.);
#5583=EDGE_CURVE('',#4333,#4336,#2531,.T.);
#5584=EDGE_CURVE('',#4338,#4339,#2532,.T.);
#5585=EDGE_CURVE('',#4340,#4338,#2533,.T.);
#5586=EDGE_CURVE('',#4339,#4340,#2534,.T.);
#5587=EDGE_CURVE('',#4341,#4342,#2535,.T.);
#5588=EDGE_CURVE('',#4342,#4340,#2536,.T.);
#5589=EDGE_CURVE('',#4338,#4341,#2537,.T.);
#5590=EDGE_CURVE('',#4329,#4339,#2538,.T.);
#5591=EDGE_CURVE('',#4340,#4328,#2539,.T.);
#5592=EDGE_CURVE('',#4343,#4344,#2540,.T.);
#5593=EDGE_CURVE('',#4345,#4343,#2541,.T.);
#5594=EDGE_CURVE('',#4344,#4345,#2542,.T.);
#5595=EDGE_CURVE('',#4346,#4347,#2543,.T.);
#5596=EDGE_CURVE('',#4347,#4345,#2544,.T.);
#5597=EDGE_CURVE('',#4343,#4346,#2545,.T.);
#5598=EDGE_CURVE('',#4348,#4349,#2546,.T.);
#5599=EDGE_CURVE('',#4350,#4348,#2547,.T.);
#5600=EDGE_CURVE('',#4349,#4350,#2548,.T.);
#5601=EDGE_CURVE('',#4351,#4352,#2549,.T.);
#5602=EDGE_CURVE('',#4352,#4350,#2550,.T.);
#5603=EDGE_CURVE('',#4348,#4351,#2551,.T.);
#5604=EDGE_CURVE('',#4339,#4349,#2552,.T.);
#5605=EDGE_CURVE('',#4350,#4338,#2553,.T.);
#5606=EDGE_CURVE('',#4353,#4354,#2554,.T.);
#5607=EDGE_CURVE('',#4355,#4353,#2555,.T.);
#5608=EDGE_CURVE('',#4354,#4355,#2556,.T.);
#5609=EDGE_CURVE('',#4356,#4357,#2557,.T.);
#5610=EDGE_CURVE('',#4357,#4355,#2558,.T.);
#5611=EDGE_CURVE('',#4353,#4356,#2559,.T.);
#5612=EDGE_CURVE('',#4349,#4354,#2560,.T.);
#5613=EDGE_CURVE('',#4355,#4348,#2561,.T.);
#5614=EDGE_CURVE('',#4354,#4344,#2562,.T.);
#5615=EDGE_CURVE('',#4345,#4353,#2563,.T.);
#5616=EDGE_CURVE('',#4344,#4334,#2564,.T.);
#5617=EDGE_CURVE('',#4335,#4343,#2565,.T.);
#5618=EDGE_CURVE('',#4334,#4329,#2566,.T.);
#5619=EDGE_CURVE('',#4330,#4333,#2567,.T.);
#5620=EDGE_CURVE('',#4331,#4342,#2568,.T.);
#5621=EDGE_CURVE('',#4352,#4341,#2569,.T.);
#5622=EDGE_CURVE('',#4351,#4357,#2570,.T.);
#5623=EDGE_CURVE('',#4356,#4347,#2571,.T.);
#5624=EDGE_CURVE('',#4337,#4346,#2572,.T.);
#5625=EDGE_CURVE('',#4336,#4332,#2573,.T.);
#5626=EDGE_CURVE('',#4358,#4359,#2574,.T.);
#5627=EDGE_CURVE('',#4359,#4360,#2575,.T.);
#5628=EDGE_CURVE('',#4360,#4361,#2576,.T.);
#5629=EDGE_CURVE('',#4361,#4358,#2577,.T.);
#5630=EDGE_CURVE('',#4362,#4363,#2578,.T.);
#5631=EDGE_CURVE('',#4363,#4364,#2579,.T.);
#5632=EDGE_CURVE('',#4364,#4365,#2580,.T.);
#5633=EDGE_CURVE('',#4365,#4362,#2581,.T.);
#5634=EDGE_CURVE('',#4059,#4366,#2582,.T.);
#5635=EDGE_CURVE('',#4366,#4367,#2583,.T.);
#5636=EDGE_CURVE('',#4367,#4058,#2584,.T.);
#5637=EDGE_CURVE('',#4056,#4368,#2585,.T.);
#5638=EDGE_CURVE('',#4368,#4369,#2586,.T.);
#5639=EDGE_CURVE('',#4369,#4055,#2587,.T.);
#5640=EDGE_CURVE('',#4364,#4370,#2588,.T.);
#5641=EDGE_CURVE('',#4370,#4371,#2589,.T.);
#5642=EDGE_CURVE('',#4365,#4371,#2590,.T.);
#5643=EDGE_CURVE('',#4371,#4372,#2591,.T.);
#5644=EDGE_CURVE('',#4362,#4372,#2592,.T.);
#5645=EDGE_CURVE('',#4372,#4373,#2593,.T.);
#5646=EDGE_CURVE('',#4363,#4373,#2594,.T.);
#5647=EDGE_CURVE('',#4373,#4370,#2595,.T.);
#5648=EDGE_CURVE('',#4360,#4374,#2596,.T.);
#5649=EDGE_CURVE('',#4374,#4375,#2597,.T.);
#5650=EDGE_CURVE('',#4361,#4375,#2598,.T.);
#5651=EDGE_CURVE('',#4375,#4376,#2599,.T.);
#5652=EDGE_CURVE('',#4358,#4376,#2600,.T.);
#5653=EDGE_CURVE('',#4376,#4377,#2601,.T.);
#5654=EDGE_CURVE('',#4359,#4377,#2602,.T.);
#5655=EDGE_CURVE('',#4377,#4374,#2603,.T.);
#5656=EDGE_CURVE('',#4061,#4378,#2604,.T.);
#5657=EDGE_CURVE('',#4366,#4378,#2605,.T.);
#5658=EDGE_CURVE('',#4367,#4379,#2606,.T.);
#5659=EDGE_CURVE('',#4379,#4060,#2607,.T.);
#5660=EDGE_CURVE('',#4378,#4379,#2608,.T.);
#5661=EDGE_CURVE('',#4380,#4381,#2609,.T.);
#5662=EDGE_CURVE('',#4382,#4380,#2610,.T.);
#5663=EDGE_CURVE('',#4383,#4382,#2611,.T.);
#5664=EDGE_CURVE('',#4381,#4383,#2612,.T.);
#5665=EDGE_CURVE('',#4368,#4380,#2613,.T.);
#5666=EDGE_CURVE('',#4056,#4382,#2614,.T.);
#5667=EDGE_CURVE('',#4369,#4381,#2615,.T.);
#5668=EDGE_CURVE('',#4055,#4383,#2616,.T.);
#5669=ORIENTED_EDGE('',*,*,#4384,.F.);
#5670=ORIENTED_EDGE('',*,*,#4385,.F.);
#5671=ORIENTED_EDGE('',*,*,#4386,.F.);
#5672=ORIENTED_EDGE('',*,*,#4387,.F.);
#5673=ORIENTED_EDGE('',*,*,#4388,.F.);
#5674=ORIENTED_EDGE('',*,*,#4387,.T.);
#5675=ORIENTED_EDGE('',*,*,#4389,.F.);
#5676=ORIENTED_EDGE('',*,*,#4390,.T.);
#5677=ORIENTED_EDGE('',*,*,#4388,.T.);
#5678=ORIENTED_EDGE('',*,*,#4391,.F.);
#5679=ORIENTED_EDGE('',*,*,#4392,.F.);
#5680=ORIENTED_EDGE('',*,*,#4393,.F.);
#5681=ORIENTED_EDGE('',*,*,#4394,.T.);
#5682=ORIENTED_EDGE('',*,*,#4395,.F.);
#5683=ORIENTED_EDGE('',*,*,#4394,.F.);
#5684=ORIENTED_EDGE('',*,*,#4396,.T.);
#5685=ORIENTED_EDGE('',*,*,#4397,.F.);
#5686=ORIENTED_EDGE('',*,*,#4398,.F.);
#5687=ORIENTED_EDGE('',*,*,#4399,.F.);
#5688=ORIENTED_EDGE('',*,*,#4398,.T.);
#5689=ORIENTED_EDGE('',*,*,#4400,.F.);
#5690=ORIENTED_EDGE('',*,*,#4401,.F.);
#5691=ORIENTED_EDGE('',*,*,#4401,.T.);
#5692=ORIENTED_EDGE('',*,*,#4402,.T.);
#5693=ORIENTED_EDGE('',*,*,#4403,.F.);
#5694=ORIENTED_EDGE('',*,*,#4404,.F.);
#5695=ORIENTED_EDGE('',*,*,#4405,.T.);
#5696=ORIENTED_EDGE('',*,*,#4406,.F.);
#5697=ORIENTED_EDGE('',*,*,#4407,.F.);
#5698=ORIENTED_EDGE('',*,*,#4396,.F.);
#5699=ORIENTED_EDGE('',*,*,#4393,.T.);
#5700=ORIENTED_EDGE('',*,*,#4408,.F.);
#5701=ORIENTED_EDGE('',*,*,#4409,.F.);
#5702=ORIENTED_EDGE('',*,*,#4410,.T.);
#5703=ORIENTED_EDGE('',*,*,#4391,.T.);
#5704=ORIENTED_EDGE('',*,*,#4390,.F.);
#5705=ORIENTED_EDGE('',*,*,#4406,.T.);
#5706=ORIENTED_EDGE('',*,*,#4411,.F.);
#5707=ORIENTED_EDGE('',*,*,#4412,.F.);
#5708=ORIENTED_EDGE('',*,*,#4384,.T.);
#5709=ORIENTED_EDGE('',*,*,#4395,.T.);
#5710=ORIENTED_EDGE('',*,*,#4399,.T.);
#5711=ORIENTED_EDGE('',*,*,#4413,.T.);
#5712=ORIENTED_EDGE('',*,*,#4414,.T.);
#5713=ORIENTED_EDGE('',*,*,#4415,.T.);
#5714=ORIENTED_EDGE('',*,*,#4416,.T.);
#5715=ORIENTED_EDGE('',*,*,#4414,.F.);
#5716=ORIENTED_EDGE('',*,*,#4417,.F.);
#5717=ORIENTED_EDGE('',*,*,#4418,.F.);
#5718=ORIENTED_EDGE('',*,*,#4419,.F.);
#5719=ORIENTED_EDGE('',*,*,#4420,.T.);
#5720=ORIENTED_EDGE('',*,*,#4421,.T.);
#5721=ORIENTED_EDGE('',*,*,#4422,.T.);
#5722=ORIENTED_EDGE('',*,*,#4418,.T.);
#5723=ORIENTED_EDGE('',*,*,#4421,.F.);
#5724=ORIENTED_EDGE('',*,*,#4423,.F.);
#5725=ORIENTED_EDGE('',*,*,#4424,.F.);
#5726=ORIENTED_EDGE('',*,*,#4425,.F.);
#5727=ORIENTED_EDGE('',*,*,#4426,.T.);
#5728=ORIENTED_EDGE('',*,*,#4427,.T.);
#5729=ORIENTED_EDGE('',*,*,#4428,.T.);
#5730=ORIENTED_EDGE('',*,*,#4424,.T.);
#5731=ORIENTED_EDGE('',*,*,#4427,.F.);
#5732=ORIENTED_EDGE('',*,*,#4429,.F.);
#5733=ORIENTED_EDGE('',*,*,#4430,.F.);
#5734=ORIENTED_EDGE('',*,*,#4431,.F.);
#5735=ORIENTED_EDGE('',*,*,#4432,.T.);
#5736=ORIENTED_EDGE('',*,*,#4433,.T.);
#5737=ORIENTED_EDGE('',*,*,#4434,.T.);
#5738=ORIENTED_EDGE('',*,*,#4430,.T.);
#5739=ORIENTED_EDGE('',*,*,#4416,.F.);
#5740=ORIENTED_EDGE('',*,*,#4435,.F.);
#5741=ORIENTED_EDGE('',*,*,#4433,.F.);
#5742=ORIENTED_EDGE('',*,*,#4436,.F.);
#5743=ORIENTED_EDGE('',*,*,#4437,.F.);
#5744=ORIENTED_EDGE('',*,*,#4438,.T.);
#5745=ORIENTED_EDGE('',*,*,#4439,.F.);
#5746=ORIENTED_EDGE('',*,*,#4440,.F.);
#5747=ORIENTED_EDGE('',*,*,#4441,.F.);
#5748=ORIENTED_EDGE('',*,*,#4440,.T.);
#5749=ORIENTED_EDGE('',*,*,#4442,.F.);
#5750=ORIENTED_EDGE('',*,*,#4443,.F.);
#5751=ORIENTED_EDGE('',*,*,#4444,.F.);
#5752=ORIENTED_EDGE('',*,*,#4443,.T.);
#5753=ORIENTED_EDGE('',*,*,#4445,.F.);
#5754=ORIENTED_EDGE('',*,*,#4446,.F.);
#5755=ORIENTED_EDGE('',*,*,#4447,.F.);
#5756=ORIENTED_EDGE('',*,*,#4446,.T.);
#5757=ORIENTED_EDGE('',*,*,#4448,.F.);
#5758=ORIENTED_EDGE('',*,*,#4438,.F.);
#5759=ORIENTED_EDGE('',*,*,#4449,.F.);
#5760=ORIENTED_EDGE('',*,*,#4450,.T.);
#5761=ORIENTED_EDGE('',*,*,#4451,.F.);
#5762=ORIENTED_EDGE('',*,*,#4452,.F.);
#5763=ORIENTED_EDGE('',*,*,#4453,.F.);
#5764=ORIENTED_EDGE('',*,*,#4452,.T.);
#5765=ORIENTED_EDGE('',*,*,#4454,.F.);
#5766=ORIENTED_EDGE('',*,*,#4455,.F.);
#5767=ORIENTED_EDGE('',*,*,#4456,.F.);
#5768=ORIENTED_EDGE('',*,*,#4455,.T.);
#5769=ORIENTED_EDGE('',*,*,#4457,.F.);
#5770=ORIENTED_EDGE('',*,*,#4458,.F.);
#5771=ORIENTED_EDGE('',*,*,#4459,.F.);
#5772=ORIENTED_EDGE('',*,*,#4458,.T.);
#5773=ORIENTED_EDGE('',*,*,#4460,.F.);
#5774=ORIENTED_EDGE('',*,*,#4450,.F.);
#5775=ORIENTED_EDGE('',*,*,#4461,.F.);
#5776=ORIENTED_EDGE('',*,*,#4462,.T.);
#5777=ORIENTED_EDGE('',*,*,#4463,.F.);
#5778=ORIENTED_EDGE('',*,*,#4464,.F.);
#5779=ORIENTED_EDGE('',*,*,#4465,.F.);
#5780=ORIENTED_EDGE('',*,*,#4464,.T.);
#5781=ORIENTED_EDGE('',*,*,#4466,.F.);
#5782=ORIENTED_EDGE('',*,*,#4467,.F.);
#5783=ORIENTED_EDGE('',*,*,#4468,.F.);
#5784=ORIENTED_EDGE('',*,*,#4467,.T.);
#5785=ORIENTED_EDGE('',*,*,#4469,.F.);
#5786=ORIENTED_EDGE('',*,*,#4470,.F.);
#5787=ORIENTED_EDGE('',*,*,#4471,.F.);
#5788=ORIENTED_EDGE('',*,*,#4470,.T.);
#5789=ORIENTED_EDGE('',*,*,#4472,.F.);
#5790=ORIENTED_EDGE('',*,*,#4462,.F.);
#5791=ORIENTED_EDGE('',*,*,#4473,.F.);
#5792=ORIENTED_EDGE('',*,*,#4474,.T.);
#5793=ORIENTED_EDGE('',*,*,#4475,.F.);
#5794=ORIENTED_EDGE('',*,*,#4476,.F.);
#5795=ORIENTED_EDGE('',*,*,#4477,.F.);
#5796=ORIENTED_EDGE('',*,*,#4476,.T.);
#5797=ORIENTED_EDGE('',*,*,#4478,.F.);
#5798=ORIENTED_EDGE('',*,*,#4479,.F.);
#5799=ORIENTED_EDGE('',*,*,#4480,.F.);
#5800=ORIENTED_EDGE('',*,*,#4479,.T.);
#5801=ORIENTED_EDGE('',*,*,#4481,.F.);
#5802=ORIENTED_EDGE('',*,*,#4482,.F.);
#5803=ORIENTED_EDGE('',*,*,#4483,.F.);
#5804=ORIENTED_EDGE('',*,*,#4482,.T.);
#5805=ORIENTED_EDGE('',*,*,#4484,.F.);
#5806=ORIENTED_EDGE('',*,*,#4474,.F.);
#5807=ORIENTED_EDGE('',*,*,#4485,.F.);
#5808=ORIENTED_EDGE('',*,*,#4486,.T.);
#5809=ORIENTED_EDGE('',*,*,#4487,.F.);
#5810=ORIENTED_EDGE('',*,*,#4488,.F.);
#5811=ORIENTED_EDGE('',*,*,#4489,.F.);
#5812=ORIENTED_EDGE('',*,*,#4488,.T.);
#5813=ORIENTED_EDGE('',*,*,#4490,.F.);
#5814=ORIENTED_EDGE('',*,*,#4491,.F.);
#5815=ORIENTED_EDGE('',*,*,#4492,.F.);
#5816=ORIENTED_EDGE('',*,*,#4491,.T.);
#5817=ORIENTED_EDGE('',*,*,#4493,.F.);
#5818=ORIENTED_EDGE('',*,*,#4494,.F.);
#5819=ORIENTED_EDGE('',*,*,#4495,.F.);
#5820=ORIENTED_EDGE('',*,*,#4494,.T.);
#5821=ORIENTED_EDGE('',*,*,#4496,.F.);
#5822=ORIENTED_EDGE('',*,*,#4486,.F.);
#5823=ORIENTED_EDGE('',*,*,#4497,.F.);
#5824=ORIENTED_EDGE('',*,*,#4498,.T.);
#5825=ORIENTED_EDGE('',*,*,#4499,.F.);
#5826=ORIENTED_EDGE('',*,*,#4500,.F.);
#5827=ORIENTED_EDGE('',*,*,#4501,.F.);
#5828=ORIENTED_EDGE('',*,*,#4500,.T.);
#5829=ORIENTED_EDGE('',*,*,#4502,.F.);
#5830=ORIENTED_EDGE('',*,*,#4503,.F.);
#5831=ORIENTED_EDGE('',*,*,#4504,.F.);
#5832=ORIENTED_EDGE('',*,*,#4503,.T.);
#5833=ORIENTED_EDGE('',*,*,#4505,.F.);
#5834=ORIENTED_EDGE('',*,*,#4506,.F.);
#5835=ORIENTED_EDGE('',*,*,#4507,.F.);
#5836=ORIENTED_EDGE('',*,*,#4506,.T.);
#5837=ORIENTED_EDGE('',*,*,#4508,.F.);
#5838=ORIENTED_EDGE('',*,*,#4498,.F.);
#5839=ORIENTED_EDGE('',*,*,#4509,.F.);
#5840=ORIENTED_EDGE('',*,*,#4510,.F.);
#5841=ORIENTED_EDGE('',*,*,#4511,.F.);
#5842=ORIENTED_EDGE('',*,*,#4512,.T.);
#5843=ORIENTED_EDGE('',*,*,#4513,.F.);
#5844=ORIENTED_EDGE('',*,*,#4512,.F.);
#5845=ORIENTED_EDGE('',*,*,#4514,.F.);
#5846=ORIENTED_EDGE('',*,*,#4515,.T.);
#5847=ORIENTED_EDGE('',*,*,#4516,.F.);
#5848=ORIENTED_EDGE('',*,*,#4515,.F.);
#5849=ORIENTED_EDGE('',*,*,#4517,.F.);
#5850=ORIENTED_EDGE('',*,*,#4518,.T.);
#5851=ORIENTED_EDGE('',*,*,#4519,.F.);
#5852=ORIENTED_EDGE('',*,*,#4518,.F.);
#5853=ORIENTED_EDGE('',*,*,#4520,.F.);
#5854=ORIENTED_EDGE('',*,*,#4510,.T.);
#5855=ORIENTED_EDGE('',*,*,#4521,.F.);
#5856=ORIENTED_EDGE('',*,*,#4522,.F.);
#5857=ORIENTED_EDGE('',*,*,#4523,.F.);
#5858=ORIENTED_EDGE('',*,*,#4524,.T.);
#5859=ORIENTED_EDGE('',*,*,#4525,.F.);
#5860=ORIENTED_EDGE('',*,*,#4524,.F.);
#5861=ORIENTED_EDGE('',*,*,#4526,.F.);
#5862=ORIENTED_EDGE('',*,*,#4527,.T.);
#5863=ORIENTED_EDGE('',*,*,#4528,.F.);
#5864=ORIENTED_EDGE('',*,*,#4527,.F.);
#5865=ORIENTED_EDGE('',*,*,#4529,.F.);
#5866=ORIENTED_EDGE('',*,*,#4530,.T.);
#5867=ORIENTED_EDGE('',*,*,#4531,.F.);
#5868=ORIENTED_EDGE('',*,*,#4530,.F.);
#5869=ORIENTED_EDGE('',*,*,#4532,.F.);
#5870=ORIENTED_EDGE('',*,*,#4522,.T.);
#5871=ORIENTED_EDGE('',*,*,#4385,.T.);
#5872=ORIENTED_EDGE('',*,*,#4412,.T.);
#5873=ORIENTED_EDGE('',*,*,#4533,.F.);
#5874=ORIENTED_EDGE('',*,*,#4534,.F.);
#5875=ORIENTED_EDGE('',*,*,#4535,.F.);
#5876=ORIENTED_EDGE('',*,*,#4536,.T.);
#5877=ORIENTED_EDGE('',*,*,#4535,.T.);
#5878=ORIENTED_EDGE('',*,*,#4537,.F.);
#5879=ORIENTED_EDGE('',*,*,#4538,.T.);
#5880=ORIENTED_EDGE('',*,*,#4539,.T.);
#5881=ORIENTED_EDGE('',*,*,#4540,.F.);
#5882=ORIENTED_EDGE('',*,*,#4541,.F.);
#5883=ORIENTED_EDGE('',*,*,#4542,.F.);
#5884=ORIENTED_EDGE('',*,*,#4533,.T.);
#5885=ORIENTED_EDGE('',*,*,#4543,.F.);
#5886=ORIENTED_EDGE('',*,*,#4405,.F.);
#5887=ORIENTED_EDGE('',*,*,#4544,.F.);
#5888=ORIENTED_EDGE('',*,*,#4545,.T.);
#5889=ORIENTED_EDGE('',*,*,#4546,.F.);
#5890=ORIENTED_EDGE('',*,*,#4545,.F.);
#5891=ORIENTED_EDGE('',*,*,#4547,.F.);
#5892=ORIENTED_EDGE('',*,*,#4541,.T.);
#5893=ORIENTED_EDGE('',*,*,#4548,.F.);
#5894=ORIENTED_EDGE('',*,*,#4549,.T.);
#5895=ORIENTED_EDGE('',*,*,#4550,.T.);
#5896=ORIENTED_EDGE('',*,*,#4549,.F.);
#5897=ORIENTED_EDGE('',*,*,#4550,.F.);
#5898=ORIENTED_EDGE('',*,*,#4551,.F.);
#5899=ORIENTED_EDGE('',*,*,#4552,.F.);
#5900=ORIENTED_EDGE('',*,*,#4553,.T.);
#5901=ORIENTED_EDGE('',*,*,#4554,.T.);
#5902=ORIENTED_EDGE('',*,*,#4553,.F.);
#5903=ORIENTED_EDGE('',*,*,#4554,.F.);
#5904=ORIENTED_EDGE('',*,*,#4555,.F.);
#5905=ORIENTED_EDGE('',*,*,#4556,.F.);
#5906=ORIENTED_EDGE('',*,*,#4557,.T.);
#5907=ORIENTED_EDGE('',*,*,#4558,.T.);
#5908=ORIENTED_EDGE('',*,*,#4557,.F.);
#5909=ORIENTED_EDGE('',*,*,#4558,.F.);
#5910=ORIENTED_EDGE('',*,*,#4559,.F.);
#5911=ORIENTED_EDGE('',*,*,#4560,.F.);
#5912=ORIENTED_EDGE('',*,*,#4561,.T.);
#5913=ORIENTED_EDGE('',*,*,#4562,.T.);
#5914=ORIENTED_EDGE('',*,*,#4561,.F.);
#5915=ORIENTED_EDGE('',*,*,#4562,.F.);
#5916=ORIENTED_EDGE('',*,*,#4563,.F.);
#5917=ORIENTED_EDGE('',*,*,#4564,.F.);
#5918=ORIENTED_EDGE('',*,*,#4565,.T.);
#5919=ORIENTED_EDGE('',*,*,#4559,.T.);
#5920=ORIENTED_EDGE('',*,*,#4565,.F.);
#5921=ORIENTED_EDGE('',*,*,#4566,.F.);
#5922=ORIENTED_EDGE('',*,*,#4567,.T.);
#5923=ORIENTED_EDGE('',*,*,#4551,.T.);
#5924=ORIENTED_EDGE('',*,*,#4567,.F.);
#5925=ORIENTED_EDGE('',*,*,#4568,.F.);
#5926=ORIENTED_EDGE('',*,*,#4569,.T.);
#5927=ORIENTED_EDGE('',*,*,#4563,.T.);
#5928=ORIENTED_EDGE('',*,*,#4569,.F.);
#5929=ORIENTED_EDGE('',*,*,#4570,.F.);
#5930=ORIENTED_EDGE('',*,*,#4571,.T.);
#5931=ORIENTED_EDGE('',*,*,#4555,.T.);
#5932=ORIENTED_EDGE('',*,*,#4571,.F.);
#5933=ORIENTED_EDGE('',*,*,#4572,.T.);
#5934=ORIENTED_EDGE('',*,*,#4573,.T.);
#5935=ORIENTED_EDGE('',*,*,#4574,.T.);
#5936=ORIENTED_EDGE('',*,*,#4575,.T.);
#5937=ORIENTED_EDGE('',*,*,#4572,.F.);
#5938=ORIENTED_EDGE('',*,*,#4576,.T.);
#5939=ORIENTED_EDGE('',*,*,#4577,.F.);
#5940=ORIENTED_EDGE('',*,*,#4578,.F.);
#5941=ORIENTED_EDGE('',*,*,#4579,.F.);
#5942=ORIENTED_EDGE('',*,*,#4580,.F.);
#5943=ORIENTED_EDGE('',*,*,#4581,.F.);
#5944=ORIENTED_EDGE('',*,*,#4582,.F.);
#5945=ORIENTED_EDGE('',*,*,#4445,.T.);
#5946=ORIENTED_EDGE('',*,*,#4442,.T.);
#5947=ORIENTED_EDGE('',*,*,#4439,.T.);
#5948=ORIENTED_EDGE('',*,*,#4448,.T.);
#5949=ORIENTED_EDGE('',*,*,#4457,.T.);
#5950=ORIENTED_EDGE('',*,*,#4454,.T.);
#5951=ORIENTED_EDGE('',*,*,#4451,.T.);
#5952=ORIENTED_EDGE('',*,*,#4460,.T.);
#5953=ORIENTED_EDGE('',*,*,#4469,.T.);
#5954=ORIENTED_EDGE('',*,*,#4466,.T.);
#5955=ORIENTED_EDGE('',*,*,#4463,.T.);
#5956=ORIENTED_EDGE('',*,*,#4472,.T.);
#5957=ORIENTED_EDGE('',*,*,#4481,.T.);
#5958=ORIENTED_EDGE('',*,*,#4478,.T.);
#5959=ORIENTED_EDGE('',*,*,#4475,.T.);
#5960=ORIENTED_EDGE('',*,*,#4484,.T.);
#5961=ORIENTED_EDGE('',*,*,#4493,.T.);
#5962=ORIENTED_EDGE('',*,*,#4490,.T.);
#5963=ORIENTED_EDGE('',*,*,#4487,.T.);
#5964=ORIENTED_EDGE('',*,*,#4496,.T.);
#5965=ORIENTED_EDGE('',*,*,#4505,.T.);
#5966=ORIENTED_EDGE('',*,*,#4502,.T.);
#5967=ORIENTED_EDGE('',*,*,#4499,.T.);
#5968=ORIENTED_EDGE('',*,*,#4508,.T.);
#5969=ORIENTED_EDGE('',*,*,#4404,.T.);
#5970=ORIENTED_EDGE('',*,*,#4583,.T.);
#5971=ORIENTED_EDGE('',*,*,#4584,.T.);
#5972=ORIENTED_EDGE('',*,*,#4585,.T.);
#5973=ORIENTED_EDGE('',*,*,#4586,.T.);
#5974=ORIENTED_EDGE('',*,*,#4587,.T.);
#5975=ORIENTED_EDGE('',*,*,#4588,.T.);
#5976=ORIENTED_EDGE('',*,*,#4537,.T.);
#5977=ORIENTED_EDGE('',*,*,#4534,.T.);
#5978=ORIENTED_EDGE('',*,*,#4542,.T.);
#5979=ORIENTED_EDGE('',*,*,#4547,.T.);
#5980=ORIENTED_EDGE('',*,*,#4544,.T.);
#5981=ORIENTED_EDGE('',*,*,#4564,.T.);
#5982=ORIENTED_EDGE('',*,*,#4566,.T.);
#5983=ORIENTED_EDGE('',*,*,#4568,.T.);
#5984=ORIENTED_EDGE('',*,*,#4570,.T.);
#5985=ORIENTED_EDGE('',*,*,#4589,.T.);
#5986=ORIENTED_EDGE('',*,*,#4590,.T.);
#5987=ORIENTED_EDGE('',*,*,#4591,.T.);
#5988=ORIENTED_EDGE('',*,*,#4592,.T.);
#5989=ORIENTED_EDGE('',*,*,#4593,.T.);
#5990=ORIENTED_EDGE('',*,*,#4594,.T.);
#5991=ORIENTED_EDGE('',*,*,#4595,.T.);
#5992=ORIENTED_EDGE('',*,*,#4596,.T.);
#5993=ORIENTED_EDGE('',*,*,#4597,.T.);
#5994=ORIENTED_EDGE('',*,*,#4598,.T.);
#5995=ORIENTED_EDGE('',*,*,#4599,.T.);
#5996=ORIENTED_EDGE('',*,*,#4600,.T.);
#5997=ORIENTED_EDGE('',*,*,#4601,.T.);
#5998=ORIENTED_EDGE('',*,*,#4602,.T.);
#5999=ORIENTED_EDGE('',*,*,#4603,.T.);
#6000=ORIENTED_EDGE('',*,*,#4604,.T.);
#6001=ORIENTED_EDGE('',*,*,#4605,.T.);
#6002=ORIENTED_EDGE('',*,*,#4606,.T.);
#6003=ORIENTED_EDGE('',*,*,#4607,.T.);
#6004=ORIENTED_EDGE('',*,*,#4608,.T.);
#6005=ORIENTED_EDGE('',*,*,#4609,.T.);
#6006=ORIENTED_EDGE('',*,*,#4610,.T.);
#6007=ORIENTED_EDGE('',*,*,#4611,.T.);
#6008=ORIENTED_EDGE('',*,*,#4612,.T.);
#6009=ORIENTED_EDGE('',*,*,#4613,.T.);
#6010=ORIENTED_EDGE('',*,*,#4614,.T.);
#6011=ORIENTED_EDGE('',*,*,#4615,.T.);
#6012=ORIENTED_EDGE('',*,*,#4616,.T.);
#6013=ORIENTED_EDGE('',*,*,#4617,.T.);
#6014=ORIENTED_EDGE('',*,*,#4618,.T.);
#6015=ORIENTED_EDGE('',*,*,#4619,.T.);
#6016=ORIENTED_EDGE('',*,*,#4620,.T.);
#6017=ORIENTED_EDGE('',*,*,#4621,.T.);
#6018=ORIENTED_EDGE('',*,*,#4622,.T.);
#6019=ORIENTED_EDGE('',*,*,#4623,.T.);
#6020=ORIENTED_EDGE('',*,*,#4624,.T.);
#6021=ORIENTED_EDGE('',*,*,#4625,.T.);
#6022=ORIENTED_EDGE('',*,*,#4626,.T.);
#6023=ORIENTED_EDGE('',*,*,#4627,.T.);
#6024=ORIENTED_EDGE('',*,*,#4628,.T.);
#6025=ORIENTED_EDGE('',*,*,#4629,.T.);
#6026=ORIENTED_EDGE('',*,*,#4630,.T.);
#6027=ORIENTED_EDGE('',*,*,#4631,.T.);
#6028=ORIENTED_EDGE('',*,*,#4632,.T.);
#6029=ORIENTED_EDGE('',*,*,#4633,.T.);
#6030=ORIENTED_EDGE('',*,*,#4634,.T.);
#6031=ORIENTED_EDGE('',*,*,#4635,.T.);
#6032=ORIENTED_EDGE('',*,*,#4636,.T.);
#6033=ORIENTED_EDGE('',*,*,#4637,.T.);
#6034=ORIENTED_EDGE('',*,*,#4638,.T.);
#6035=ORIENTED_EDGE('',*,*,#4639,.T.);
#6036=ORIENTED_EDGE('',*,*,#4640,.T.);
#6037=ORIENTED_EDGE('',*,*,#4641,.T.);
#6038=ORIENTED_EDGE('',*,*,#4642,.T.);
#6039=ORIENTED_EDGE('',*,*,#4643,.T.);
#6040=ORIENTED_EDGE('',*,*,#4644,.T.);
#6041=ORIENTED_EDGE('',*,*,#4529,.T.);
#6042=ORIENTED_EDGE('',*,*,#4526,.T.);
#6043=ORIENTED_EDGE('',*,*,#4523,.T.);
#6044=ORIENTED_EDGE('',*,*,#4532,.T.);
#6045=ORIENTED_EDGE('',*,*,#4517,.T.);
#6046=ORIENTED_EDGE('',*,*,#4514,.T.);
#6047=ORIENTED_EDGE('',*,*,#4511,.T.);
#6048=ORIENTED_EDGE('',*,*,#4520,.T.);
#6049=ORIENTED_EDGE('',*,*,#4425,.T.);
#6050=ORIENTED_EDGE('',*,*,#4428,.F.);
#6051=ORIENTED_EDGE('',*,*,#4431,.T.);
#6052=ORIENTED_EDGE('',*,*,#4434,.F.);
#6053=ORIENTED_EDGE('',*,*,#4435,.T.);
#6054=ORIENTED_EDGE('',*,*,#4415,.F.);
#6055=ORIENTED_EDGE('',*,*,#4419,.T.);
#6056=ORIENTED_EDGE('',*,*,#4422,.F.);
#6057=ORIENTED_EDGE('',*,*,#4575,.F.);
#6058=ORIENTED_EDGE('',*,*,#4645,.F.);
#6059=ORIENTED_EDGE('',*,*,#4646,.F.);
#6060=ORIENTED_EDGE('',*,*,#4576,.F.);
#6061=ORIENTED_EDGE('',*,*,#4647,.T.);
#6062=ORIENTED_EDGE('',*,*,#4648,.T.);
#6063=ORIENTED_EDGE('',*,*,#4577,.T.);
#6064=ORIENTED_EDGE('',*,*,#4646,.T.);
#6065=ORIENTED_EDGE('',*,*,#4649,.T.);
#6066=ORIENTED_EDGE('',*,*,#4650,.T.);
#6067=ORIENTED_EDGE('',*,*,#4581,.T.);
#6068=ORIENTED_EDGE('',*,*,#4651,.T.);
#6069=ORIENTED_EDGE('',*,*,#4651,.F.);
#6070=ORIENTED_EDGE('',*,*,#4580,.T.);
#6071=ORIENTED_EDGE('',*,*,#4652,.F.);
#6072=ORIENTED_EDGE('',*,*,#4653,.F.);
#6073=ORIENTED_EDGE('',*,*,#4654,.T.);
#6074=ORIENTED_EDGE('',*,*,#4652,.T.);
#6075=ORIENTED_EDGE('',*,*,#4579,.T.);
#6076=ORIENTED_EDGE('',*,*,#4655,.T.);
#6077=ORIENTED_EDGE('',*,*,#4637,.F.);
#6078=ORIENTED_EDGE('',*,*,#4656,.T.);
#6079=ORIENTED_EDGE('',*,*,#4657,.T.);
#6080=ORIENTED_EDGE('',*,*,#4658,.F.);
#6081=ORIENTED_EDGE('',*,*,#4644,.F.);
#6082=ORIENTED_EDGE('',*,*,#4659,.T.);
#6083=ORIENTED_EDGE('',*,*,#4660,.T.);
#6084=ORIENTED_EDGE('',*,*,#4656,.F.);
#6085=ORIENTED_EDGE('',*,*,#4643,.F.);
#6086=ORIENTED_EDGE('',*,*,#4661,.T.);
#6087=ORIENTED_EDGE('',*,*,#4662,.T.);
#6088=ORIENTED_EDGE('',*,*,#4659,.F.);
#6089=ORIENTED_EDGE('',*,*,#4642,.F.);
#6090=ORIENTED_EDGE('',*,*,#4663,.T.);
#6091=ORIENTED_EDGE('',*,*,#4664,.T.);
#6092=ORIENTED_EDGE('',*,*,#4661,.F.);
#6093=ORIENTED_EDGE('',*,*,#4641,.F.);
#6094=ORIENTED_EDGE('',*,*,#4665,.T.);
#6095=ORIENTED_EDGE('',*,*,#4666,.T.);
#6096=ORIENTED_EDGE('',*,*,#4663,.F.);
#6097=ORIENTED_EDGE('',*,*,#4640,.F.);
#6098=ORIENTED_EDGE('',*,*,#4667,.T.);
#6099=ORIENTED_EDGE('',*,*,#4668,.T.);
#6100=ORIENTED_EDGE('',*,*,#4665,.F.);
#6101=ORIENTED_EDGE('',*,*,#4639,.F.);
#6102=ORIENTED_EDGE('',*,*,#4669,.T.);
#6103=ORIENTED_EDGE('',*,*,#4670,.T.);
#6104=ORIENTED_EDGE('',*,*,#4667,.F.);
#6105=ORIENTED_EDGE('',*,*,#4638,.F.);
#6106=ORIENTED_EDGE('',*,*,#4658,.T.);
#6107=ORIENTED_EDGE('',*,*,#4671,.T.);
#6108=ORIENTED_EDGE('',*,*,#4669,.F.);
#6109=ORIENTED_EDGE('',*,*,#4671,.F.);
#6110=ORIENTED_EDGE('',*,*,#4657,.F.);
#6111=ORIENTED_EDGE('',*,*,#4660,.F.);
#6112=ORIENTED_EDGE('',*,*,#4662,.F.);
#6113=ORIENTED_EDGE('',*,*,#4664,.F.);
#6114=ORIENTED_EDGE('',*,*,#4666,.F.);
#6115=ORIENTED_EDGE('',*,*,#4668,.F.);
#6116=ORIENTED_EDGE('',*,*,#4670,.F.);
#6117=ORIENTED_EDGE('',*,*,#4672,.F.);
#6118=ORIENTED_EDGE('',*,*,#4673,.F.);
#6119=ORIENTED_EDGE('',*,*,#4674,.F.);
#6120=ORIENTED_EDGE('',*,*,#4675,.F.);
#6121=ORIENTED_EDGE('',*,*,#4676,.F.);
#6122=ORIENTED_EDGE('',*,*,#4677,.F.);
#6123=ORIENTED_EDGE('',*,*,#4678,.F.);
#6124=ORIENTED_EDGE('',*,*,#4679,.F.);
#6125=ORIENTED_EDGE('',*,*,#4629,.F.);
#6126=ORIENTED_EDGE('',*,*,#4680,.T.);
#6127=ORIENTED_EDGE('',*,*,#4681,.T.);
#6128=ORIENTED_EDGE('',*,*,#4682,.F.);
#6129=ORIENTED_EDGE('',*,*,#4636,.F.);
#6130=ORIENTED_EDGE('',*,*,#4683,.T.);
#6131=ORIENTED_EDGE('',*,*,#4684,.T.);
#6132=ORIENTED_EDGE('',*,*,#4680,.F.);
#6133=ORIENTED_EDGE('',*,*,#4635,.F.);
#6134=ORIENTED_EDGE('',*,*,#4685,.T.);
#6135=ORIENTED_EDGE('',*,*,#4686,.T.);
#6136=ORIENTED_EDGE('',*,*,#4683,.F.);
#6137=ORIENTED_EDGE('',*,*,#4634,.F.);
#6138=ORIENTED_EDGE('',*,*,#4687,.T.);
#6139=ORIENTED_EDGE('',*,*,#4688,.T.);
#6140=ORIENTED_EDGE('',*,*,#4685,.F.);
#6141=ORIENTED_EDGE('',*,*,#4633,.F.);
#6142=ORIENTED_EDGE('',*,*,#4689,.T.);
#6143=ORIENTED_EDGE('',*,*,#4690,.T.);
#6144=ORIENTED_EDGE('',*,*,#4687,.F.);
#6145=ORIENTED_EDGE('',*,*,#4632,.F.);
#6146=ORIENTED_EDGE('',*,*,#4691,.T.);
#6147=ORIENTED_EDGE('',*,*,#4692,.T.);
#6148=ORIENTED_EDGE('',*,*,#4689,.F.);
#6149=ORIENTED_EDGE('',*,*,#4631,.F.);
#6150=ORIENTED_EDGE('',*,*,#4693,.T.);
#6151=ORIENTED_EDGE('',*,*,#4694,.T.);
#6152=ORIENTED_EDGE('',*,*,#4691,.F.);
#6153=ORIENTED_EDGE('',*,*,#4630,.F.);
#6154=ORIENTED_EDGE('',*,*,#4682,.T.);
#6155=ORIENTED_EDGE('',*,*,#4695,.T.);
#6156=ORIENTED_EDGE('',*,*,#4693,.F.);
#6157=ORIENTED_EDGE('',*,*,#4695,.F.);
#6158=ORIENTED_EDGE('',*,*,#4681,.F.);
#6159=ORIENTED_EDGE('',*,*,#4684,.F.);
#6160=ORIENTED_EDGE('',*,*,#4686,.F.);
#6161=ORIENTED_EDGE('',*,*,#4688,.F.);
#6162=ORIENTED_EDGE('',*,*,#4690,.F.);
#6163=ORIENTED_EDGE('',*,*,#4692,.F.);
#6164=ORIENTED_EDGE('',*,*,#4694,.F.);
#6165=ORIENTED_EDGE('',*,*,#4696,.F.);
#6166=ORIENTED_EDGE('',*,*,#4697,.F.);
#6167=ORIENTED_EDGE('',*,*,#4698,.F.);
#6168=ORIENTED_EDGE('',*,*,#4699,.F.);
#6169=ORIENTED_EDGE('',*,*,#4700,.F.);
#6170=ORIENTED_EDGE('',*,*,#4701,.F.);
#6171=ORIENTED_EDGE('',*,*,#4702,.F.);
#6172=ORIENTED_EDGE('',*,*,#4703,.F.);
#6173=ORIENTED_EDGE('',*,*,#4588,.F.);
#6174=ORIENTED_EDGE('',*,*,#4704,.T.);
#6175=ORIENTED_EDGE('',*,*,#4705,.T.);
#6176=ORIENTED_EDGE('',*,*,#4538,.F.);
#6177=ORIENTED_EDGE('',*,*,#4587,.F.);
#6178=ORIENTED_EDGE('',*,*,#4706,.T.);
#6179=ORIENTED_EDGE('',*,*,#4707,.T.);
#6180=ORIENTED_EDGE('',*,*,#4704,.F.);
#6181=ORIENTED_EDGE('',*,*,#4586,.F.);
#6182=ORIENTED_EDGE('',*,*,#4708,.T.);
#6183=ORIENTED_EDGE('',*,*,#4709,.T.);
#6184=ORIENTED_EDGE('',*,*,#4706,.F.);
#6185=ORIENTED_EDGE('',*,*,#4585,.F.);
#6186=ORIENTED_EDGE('',*,*,#4710,.T.);
#6187=ORIENTED_EDGE('',*,*,#4711,.T.);
#6188=ORIENTED_EDGE('',*,*,#4708,.F.);
#6189=ORIENTED_EDGE('',*,*,#4584,.F.);
#6190=ORIENTED_EDGE('',*,*,#4712,.T.);
#6191=ORIENTED_EDGE('',*,*,#4713,.T.);
#6192=ORIENTED_EDGE('',*,*,#4710,.F.);
#6193=ORIENTED_EDGE('',*,*,#4403,.T.);
#6194=ORIENTED_EDGE('',*,*,#4714,.T.);
#6195=ORIENTED_EDGE('',*,*,#4712,.F.);
#6196=ORIENTED_EDGE('',*,*,#4583,.F.);
#6197=ORIENTED_EDGE('',*,*,#4409,.T.);
#6198=ORIENTED_EDGE('',*,*,#4389,.T.);
#6199=ORIENTED_EDGE('',*,*,#4386,.T.);
#6200=ORIENTED_EDGE('',*,*,#4536,.F.);
#6201=ORIENTED_EDGE('',*,*,#4539,.F.);
#6202=ORIENTED_EDGE('',*,*,#4705,.F.);
#6203=ORIENTED_EDGE('',*,*,#4707,.F.);
#6204=ORIENTED_EDGE('',*,*,#4709,.F.);
#6205=ORIENTED_EDGE('',*,*,#4711,.F.);
#6206=ORIENTED_EDGE('',*,*,#4713,.F.);
#6207=ORIENTED_EDGE('',*,*,#4714,.F.);
#6208=ORIENTED_EDGE('',*,*,#4402,.F.);
#6209=ORIENTED_EDGE('',*,*,#4400,.T.);
#6210=ORIENTED_EDGE('',*,*,#4397,.T.);
#6211=ORIENTED_EDGE('',*,*,#4407,.T.);
#6212=ORIENTED_EDGE('',*,*,#4715,.F.);
#6213=ORIENTED_EDGE('',*,*,#4716,.F.);
#6214=ORIENTED_EDGE('',*,*,#4717,.F.);
#6215=ORIENTED_EDGE('',*,*,#4718,.F.);
#6216=ORIENTED_EDGE('',*,*,#4719,.F.);
#6217=ORIENTED_EDGE('',*,*,#4720,.F.);
#6218=ORIENTED_EDGE('',*,*,#4721,.F.);
#6219=ORIENTED_EDGE('',*,*,#4621,.F.);
#6220=ORIENTED_EDGE('',*,*,#4722,.T.);
#6221=ORIENTED_EDGE('',*,*,#4723,.T.);
#6222=ORIENTED_EDGE('',*,*,#4724,.F.);
#6223=ORIENTED_EDGE('',*,*,#4628,.F.);
#6224=ORIENTED_EDGE('',*,*,#4725,.T.);
#6225=ORIENTED_EDGE('',*,*,#4726,.T.);
#6226=ORIENTED_EDGE('',*,*,#4722,.F.);
#6227=ORIENTED_EDGE('',*,*,#4627,.F.);
#6228=ORIENTED_EDGE('',*,*,#4727,.T.);
#6229=ORIENTED_EDGE('',*,*,#4728,.T.);
#6230=ORIENTED_EDGE('',*,*,#4725,.F.);
#6231=ORIENTED_EDGE('',*,*,#4626,.F.);
#6232=ORIENTED_EDGE('',*,*,#4729,.T.);
#6233=ORIENTED_EDGE('',*,*,#4730,.T.);
#6234=ORIENTED_EDGE('',*,*,#4727,.F.);
#6235=ORIENTED_EDGE('',*,*,#4625,.F.);
#6236=ORIENTED_EDGE('',*,*,#4731,.T.);
#6237=ORIENTED_EDGE('',*,*,#4732,.T.);
#6238=ORIENTED_EDGE('',*,*,#4729,.F.);
#6239=ORIENTED_EDGE('',*,*,#4624,.F.);
#6240=ORIENTED_EDGE('',*,*,#4733,.T.);
#6241=ORIENTED_EDGE('',*,*,#4734,.T.);
#6242=ORIENTED_EDGE('',*,*,#4731,.F.);
#6243=ORIENTED_EDGE('',*,*,#4623,.F.);
#6244=ORIENTED_EDGE('',*,*,#4735,.T.);
#6245=ORIENTED_EDGE('',*,*,#4736,.T.);
#6246=ORIENTED_EDGE('',*,*,#4733,.F.);
#6247=ORIENTED_EDGE('',*,*,#4622,.F.);
#6248=ORIENTED_EDGE('',*,*,#4724,.T.);
#6249=ORIENTED_EDGE('',*,*,#4737,.T.);
#6250=ORIENTED_EDGE('',*,*,#4735,.F.);
#6251=ORIENTED_EDGE('',*,*,#4737,.F.);
#6252=ORIENTED_EDGE('',*,*,#4723,.F.);
#6253=ORIENTED_EDGE('',*,*,#4726,.F.);
#6254=ORIENTED_EDGE('',*,*,#4728,.F.);
#6255=ORIENTED_EDGE('',*,*,#4730,.F.);
#6256=ORIENTED_EDGE('',*,*,#4732,.F.);
#6257=ORIENTED_EDGE('',*,*,#4734,.F.);
#6258=ORIENTED_EDGE('',*,*,#4736,.F.);
#6259=ORIENTED_EDGE('',*,*,#4738,.F.);
#6260=ORIENTED_EDGE('',*,*,#4739,.F.);
#6261=ORIENTED_EDGE('',*,*,#4740,.F.);
#6262=ORIENTED_EDGE('',*,*,#4741,.F.);
#6263=ORIENTED_EDGE('',*,*,#4742,.F.);
#6264=ORIENTED_EDGE('',*,*,#4743,.F.);
#6265=ORIENTED_EDGE('',*,*,#4744,.F.);
#6266=ORIENTED_EDGE('',*,*,#4745,.F.);
#6267=ORIENTED_EDGE('',*,*,#4613,.F.);
#6268=ORIENTED_EDGE('',*,*,#4746,.T.);
#6269=ORIENTED_EDGE('',*,*,#4747,.T.);
#6270=ORIENTED_EDGE('',*,*,#4748,.F.);
#6271=ORIENTED_EDGE('',*,*,#4620,.F.);
#6272=ORIENTED_EDGE('',*,*,#4749,.T.);
#6273=ORIENTED_EDGE('',*,*,#4750,.T.);
#6274=ORIENTED_EDGE('',*,*,#4746,.F.);
#6275=ORIENTED_EDGE('',*,*,#4619,.F.);
#6276=ORIENTED_EDGE('',*,*,#4751,.T.);
#6277=ORIENTED_EDGE('',*,*,#4752,.T.);
#6278=ORIENTED_EDGE('',*,*,#4749,.F.);
#6279=ORIENTED_EDGE('',*,*,#4618,.F.);
#6280=ORIENTED_EDGE('',*,*,#4753,.T.);
#6281=ORIENTED_EDGE('',*,*,#4754,.T.);
#6282=ORIENTED_EDGE('',*,*,#4751,.F.);
#6283=ORIENTED_EDGE('',*,*,#4617,.F.);
#6284=ORIENTED_EDGE('',*,*,#4755,.T.);
#6285=ORIENTED_EDGE('',*,*,#4756,.T.);
#6286=ORIENTED_EDGE('',*,*,#4753,.F.);
#6287=ORIENTED_EDGE('',*,*,#4616,.F.);
#6288=ORIENTED_EDGE('',*,*,#4757,.T.);
#6289=ORIENTED_EDGE('',*,*,#4758,.T.);
#6290=ORIENTED_EDGE('',*,*,#4755,.F.);
#6291=ORIENTED_EDGE('',*,*,#4615,.F.);
#6292=ORIENTED_EDGE('',*,*,#4759,.T.);
#6293=ORIENTED_EDGE('',*,*,#4760,.T.);
#6294=ORIENTED_EDGE('',*,*,#4757,.F.);
#6295=ORIENTED_EDGE('',*,*,#4614,.F.);
#6296=ORIENTED_EDGE('',*,*,#4748,.T.);
#6297=ORIENTED_EDGE('',*,*,#4761,.T.);
#6298=ORIENTED_EDGE('',*,*,#4759,.F.);
#6299=ORIENTED_EDGE('',*,*,#4761,.F.);
#6300=ORIENTED_EDGE('',*,*,#4747,.F.);
#6301=ORIENTED_EDGE('',*,*,#4750,.F.);
#6302=ORIENTED_EDGE('',*,*,#4752,.F.);
#6303=ORIENTED_EDGE('',*,*,#4754,.F.);
#6304=ORIENTED_EDGE('',*,*,#4756,.F.);
#6305=ORIENTED_EDGE('',*,*,#4758,.F.);
#6306=ORIENTED_EDGE('',*,*,#4760,.F.);
#6307=ORIENTED_EDGE('',*,*,#4762,.F.);
#6308=ORIENTED_EDGE('',*,*,#4763,.F.);
#6309=ORIENTED_EDGE('',*,*,#4764,.F.);
#6310=ORIENTED_EDGE('',*,*,#4765,.F.);
#6311=ORIENTED_EDGE('',*,*,#4766,.F.);
#6312=ORIENTED_EDGE('',*,*,#4767,.F.);
#6313=ORIENTED_EDGE('',*,*,#4768,.F.);
#6314=ORIENTED_EDGE('',*,*,#4769,.F.);
#6315=ORIENTED_EDGE('',*,*,#4605,.F.);
#6316=ORIENTED_EDGE('',*,*,#4770,.T.);
#6317=ORIENTED_EDGE('',*,*,#4771,.T.);
#6318=ORIENTED_EDGE('',*,*,#4772,.F.);
#6319=ORIENTED_EDGE('',*,*,#4612,.F.);
#6320=ORIENTED_EDGE('',*,*,#4773,.T.);
#6321=ORIENTED_EDGE('',*,*,#4774,.T.);
#6322=ORIENTED_EDGE('',*,*,#4770,.F.);
#6323=ORIENTED_EDGE('',*,*,#4611,.F.);
#6324=ORIENTED_EDGE('',*,*,#4775,.T.);
#6325=ORIENTED_EDGE('',*,*,#4776,.T.);
#6326=ORIENTED_EDGE('',*,*,#4773,.F.);
#6327=ORIENTED_EDGE('',*,*,#4610,.F.);
#6328=ORIENTED_EDGE('',*,*,#4777,.T.);
#6329=ORIENTED_EDGE('',*,*,#4778,.T.);
#6330=ORIENTED_EDGE('',*,*,#4775,.F.);
#6331=ORIENTED_EDGE('',*,*,#4609,.F.);
#6332=ORIENTED_EDGE('',*,*,#4779,.T.);
#6333=ORIENTED_EDGE('',*,*,#4780,.T.);
#6334=ORIENTED_EDGE('',*,*,#4777,.F.);
#6335=ORIENTED_EDGE('',*,*,#4608,.F.);
#6336=ORIENTED_EDGE('',*,*,#4781,.T.);
#6337=ORIENTED_EDGE('',*,*,#4782,.T.);
#6338=ORIENTED_EDGE('',*,*,#4779,.F.);
#6339=ORIENTED_EDGE('',*,*,#4607,.F.);
#6340=ORIENTED_EDGE('',*,*,#4783,.T.);
#6341=ORIENTED_EDGE('',*,*,#4784,.T.);
#6342=ORIENTED_EDGE('',*,*,#4781,.F.);
#6343=ORIENTED_EDGE('',*,*,#4606,.F.);
#6344=ORIENTED_EDGE('',*,*,#4772,.T.);
#6345=ORIENTED_EDGE('',*,*,#4785,.T.);
#6346=ORIENTED_EDGE('',*,*,#4783,.F.);
#6347=ORIENTED_EDGE('',*,*,#4785,.F.);
#6348=ORIENTED_EDGE('',*,*,#4771,.F.);
#6349=ORIENTED_EDGE('',*,*,#4774,.F.);
#6350=ORIENTED_EDGE('',*,*,#4776,.F.);
#6351=ORIENTED_EDGE('',*,*,#4778,.F.);
#6352=ORIENTED_EDGE('',*,*,#4780,.F.);
#6353=ORIENTED_EDGE('',*,*,#4782,.F.);
#6354=ORIENTED_EDGE('',*,*,#4784,.F.);
#6355=ORIENTED_EDGE('',*,*,#4786,.F.);
#6356=ORIENTED_EDGE('',*,*,#4787,.F.);
#6357=ORIENTED_EDGE('',*,*,#4788,.F.);
#6358=ORIENTED_EDGE('',*,*,#4789,.F.);
#6359=ORIENTED_EDGE('',*,*,#4790,.F.);
#6360=ORIENTED_EDGE('',*,*,#4791,.F.);
#6361=ORIENTED_EDGE('',*,*,#4792,.F.);
#6362=ORIENTED_EDGE('',*,*,#4793,.F.);
#6363=ORIENTED_EDGE('',*,*,#4597,.F.);
#6364=ORIENTED_EDGE('',*,*,#4794,.T.);
#6365=ORIENTED_EDGE('',*,*,#4795,.T.);
#6366=ORIENTED_EDGE('',*,*,#4796,.F.);
#6367=ORIENTED_EDGE('',*,*,#4604,.F.);
#6368=ORIENTED_EDGE('',*,*,#4797,.T.);
#6369=ORIENTED_EDGE('',*,*,#4798,.T.);
#6370=ORIENTED_EDGE('',*,*,#4794,.F.);
#6371=ORIENTED_EDGE('',*,*,#4603,.F.);
#6372=ORIENTED_EDGE('',*,*,#4799,.T.);
#6373=ORIENTED_EDGE('',*,*,#4800,.T.);
#6374=ORIENTED_EDGE('',*,*,#4797,.F.);
#6375=ORIENTED_EDGE('',*,*,#4602,.F.);
#6376=ORIENTED_EDGE('',*,*,#4801,.T.);
#6377=ORIENTED_EDGE('',*,*,#4802,.T.);
#6378=ORIENTED_EDGE('',*,*,#4799,.F.);
#6379=ORIENTED_EDGE('',*,*,#4601,.F.);
#6380=ORIENTED_EDGE('',*,*,#4803,.T.);
#6381=ORIENTED_EDGE('',*,*,#4804,.T.);
#6382=ORIENTED_EDGE('',*,*,#4801,.F.);
#6383=ORIENTED_EDGE('',*,*,#4600,.F.);
#6384=ORIENTED_EDGE('',*,*,#4805,.T.);
#6385=ORIENTED_EDGE('',*,*,#4806,.T.);
#6386=ORIENTED_EDGE('',*,*,#4803,.F.);
#6387=ORIENTED_EDGE('',*,*,#4599,.F.);
#6388=ORIENTED_EDGE('',*,*,#4807,.T.);
#6389=ORIENTED_EDGE('',*,*,#4808,.T.);
#6390=ORIENTED_EDGE('',*,*,#4805,.F.);
#6391=ORIENTED_EDGE('',*,*,#4598,.F.);
#6392=ORIENTED_EDGE('',*,*,#4796,.T.);
#6393=ORIENTED_EDGE('',*,*,#4809,.T.);
#6394=ORIENTED_EDGE('',*,*,#4807,.F.);
#6395=ORIENTED_EDGE('',*,*,#4809,.F.);
#6396=ORIENTED_EDGE('',*,*,#4795,.F.);
#6397=ORIENTED_EDGE('',*,*,#4798,.F.);
#6398=ORIENTED_EDGE('',*,*,#4800,.F.);
#6399=ORIENTED_EDGE('',*,*,#4802,.F.);
#6400=ORIENTED_EDGE('',*,*,#4804,.F.);
#6401=ORIENTED_EDGE('',*,*,#4806,.F.);
#6402=ORIENTED_EDGE('',*,*,#4808,.F.);
#6403=ORIENTED_EDGE('',*,*,#4810,.F.);
#6404=ORIENTED_EDGE('',*,*,#4811,.F.);
#6405=ORIENTED_EDGE('',*,*,#4812,.F.);
#6406=ORIENTED_EDGE('',*,*,#4813,.F.);
#6407=ORIENTED_EDGE('',*,*,#4814,.F.);
#6408=ORIENTED_EDGE('',*,*,#4815,.F.);
#6409=ORIENTED_EDGE('',*,*,#4816,.F.);
#6410=ORIENTED_EDGE('',*,*,#4817,.F.);
#6411=ORIENTED_EDGE('',*,*,#4589,.F.);
#6412=ORIENTED_EDGE('',*,*,#4818,.T.);
#6413=ORIENTED_EDGE('',*,*,#4819,.T.);
#6414=ORIENTED_EDGE('',*,*,#4820,.F.);
#6415=ORIENTED_EDGE('',*,*,#4596,.F.);
#6416=ORIENTED_EDGE('',*,*,#4821,.T.);
#6417=ORIENTED_EDGE('',*,*,#4822,.T.);
#6418=ORIENTED_EDGE('',*,*,#4818,.F.);
#6419=ORIENTED_EDGE('',*,*,#4595,.F.);
#6420=ORIENTED_EDGE('',*,*,#4823,.T.);
#6421=ORIENTED_EDGE('',*,*,#4824,.T.);
#6422=ORIENTED_EDGE('',*,*,#4821,.F.);
#6423=ORIENTED_EDGE('',*,*,#4594,.F.);
#6424=ORIENTED_EDGE('',*,*,#4825,.T.);
#6425=ORIENTED_EDGE('',*,*,#4826,.T.);
#6426=ORIENTED_EDGE('',*,*,#4823,.F.);
#6427=ORIENTED_EDGE('',*,*,#4593,.F.);
#6428=ORIENTED_EDGE('',*,*,#4827,.T.);
#6429=ORIENTED_EDGE('',*,*,#4828,.T.);
#6430=ORIENTED_EDGE('',*,*,#4825,.F.);
#6431=ORIENTED_EDGE('',*,*,#4592,.F.);
#6432=ORIENTED_EDGE('',*,*,#4829,.T.);
#6433=ORIENTED_EDGE('',*,*,#4830,.T.);
#6434=ORIENTED_EDGE('',*,*,#4827,.F.);
#6435=ORIENTED_EDGE('',*,*,#4591,.F.);
#6436=ORIENTED_EDGE('',*,*,#4831,.T.);
#6437=ORIENTED_EDGE('',*,*,#4832,.T.);
#6438=ORIENTED_EDGE('',*,*,#4829,.F.);
#6439=ORIENTED_EDGE('',*,*,#4590,.F.);
#6440=ORIENTED_EDGE('',*,*,#4820,.T.);
#6441=ORIENTED_EDGE('',*,*,#4833,.T.);
#6442=ORIENTED_EDGE('',*,*,#4831,.F.);
#6443=ORIENTED_EDGE('',*,*,#4833,.F.);
#6444=ORIENTED_EDGE('',*,*,#4819,.F.);
#6445=ORIENTED_EDGE('',*,*,#4822,.F.);
#6446=ORIENTED_EDGE('',*,*,#4824,.F.);
#6447=ORIENTED_EDGE('',*,*,#4826,.F.);
#6448=ORIENTED_EDGE('',*,*,#4828,.F.);
#6449=ORIENTED_EDGE('',*,*,#4830,.F.);
#6450=ORIENTED_EDGE('',*,*,#4832,.F.);
#6451=ORIENTED_EDGE('',*,*,#4834,.F.);
#6452=ORIENTED_EDGE('',*,*,#4835,.F.);
#6453=ORIENTED_EDGE('',*,*,#4836,.F.);
#6454=ORIENTED_EDGE('',*,*,#4837,.F.);
#6455=ORIENTED_EDGE('',*,*,#4838,.F.);
#6456=ORIENTED_EDGE('',*,*,#4839,.F.);
#6457=ORIENTED_EDGE('',*,*,#4840,.F.);
#6458=ORIENTED_EDGE('',*,*,#4841,.F.);
#6459=ORIENTED_EDGE('',*,*,#4675,.T.);
#6460=ORIENTED_EDGE('',*,*,#4842,.T.);
#6461=ORIENTED_EDGE('',*,*,#4843,.F.);
#6462=ORIENTED_EDGE('',*,*,#4844,.F.);
#6463=ORIENTED_EDGE('',*,*,#4674,.T.);
#6464=ORIENTED_EDGE('',*,*,#4845,.T.);
#6465=ORIENTED_EDGE('',*,*,#4846,.F.);
#6466=ORIENTED_EDGE('',*,*,#4842,.F.);
#6467=ORIENTED_EDGE('',*,*,#4673,.T.);
#6468=ORIENTED_EDGE('',*,*,#4847,.T.);
#6469=ORIENTED_EDGE('',*,*,#4848,.F.);
#6470=ORIENTED_EDGE('',*,*,#4845,.F.);
#6471=ORIENTED_EDGE('',*,*,#4672,.T.);
#6472=ORIENTED_EDGE('',*,*,#4849,.T.);
#6473=ORIENTED_EDGE('',*,*,#4850,.F.);
#6474=ORIENTED_EDGE('',*,*,#4847,.F.);
#6475=ORIENTED_EDGE('',*,*,#4699,.T.);
#6476=ORIENTED_EDGE('',*,*,#4851,.T.);
#6477=ORIENTED_EDGE('',*,*,#4852,.F.);
#6478=ORIENTED_EDGE('',*,*,#4853,.F.);
#6479=ORIENTED_EDGE('',*,*,#4698,.T.);
#6480=ORIENTED_EDGE('',*,*,#4854,.T.);
#6481=ORIENTED_EDGE('',*,*,#4855,.F.);
#6482=ORIENTED_EDGE('',*,*,#4851,.F.);
#6483=ORIENTED_EDGE('',*,*,#4697,.T.);
#6484=ORIENTED_EDGE('',*,*,#4856,.T.);
#6485=ORIENTED_EDGE('',*,*,#4857,.F.);
#6486=ORIENTED_EDGE('',*,*,#4854,.F.);
#6487=ORIENTED_EDGE('',*,*,#4696,.T.);
#6488=ORIENTED_EDGE('',*,*,#4858,.T.);
#6489=ORIENTED_EDGE('',*,*,#4859,.F.);
#6490=ORIENTED_EDGE('',*,*,#4856,.F.);
#6491=ORIENTED_EDGE('',*,*,#4720,.T.);
#6492=ORIENTED_EDGE('',*,*,#4860,.T.);
#6493=ORIENTED_EDGE('',*,*,#4861,.F.);
#6494=ORIENTED_EDGE('',*,*,#4862,.F.);
#6495=ORIENTED_EDGE('',*,*,#4719,.T.);
#6496=ORIENTED_EDGE('',*,*,#4863,.T.);
#6497=ORIENTED_EDGE('',*,*,#4864,.F.);
#6498=ORIENTED_EDGE('',*,*,#4860,.F.);
#6499=ORIENTED_EDGE('',*,*,#4718,.T.);
#6500=ORIENTED_EDGE('',*,*,#4865,.T.);
#6501=ORIENTED_EDGE('',*,*,#4866,.F.);
#6502=ORIENTED_EDGE('',*,*,#4863,.F.);
#6503=ORIENTED_EDGE('',*,*,#4717,.T.);
#6504=ORIENTED_EDGE('',*,*,#4867,.T.);
#6505=ORIENTED_EDGE('',*,*,#4868,.F.);
#6506=ORIENTED_EDGE('',*,*,#4865,.F.);
#6507=ORIENTED_EDGE('',*,*,#4741,.T.);
#6508=ORIENTED_EDGE('',*,*,#4869,.T.);
#6509=ORIENTED_EDGE('',*,*,#4870,.F.);
#6510=ORIENTED_EDGE('',*,*,#4871,.F.);
#6511=ORIENTED_EDGE('',*,*,#4740,.T.);
#6512=ORIENTED_EDGE('',*,*,#4872,.T.);
#6513=ORIENTED_EDGE('',*,*,#4873,.F.);
#6514=ORIENTED_EDGE('',*,*,#4869,.F.);
#6515=ORIENTED_EDGE('',*,*,#4739,.T.);
#6516=ORIENTED_EDGE('',*,*,#4874,.T.);
#6517=ORIENTED_EDGE('',*,*,#4875,.F.);
#6518=ORIENTED_EDGE('',*,*,#4872,.F.);
#6519=ORIENTED_EDGE('',*,*,#4738,.T.);
#6520=ORIENTED_EDGE('',*,*,#4876,.T.);
#6521=ORIENTED_EDGE('',*,*,#4877,.F.);
#6522=ORIENTED_EDGE('',*,*,#4874,.F.);
#6523=ORIENTED_EDGE('',*,*,#4765,.T.);
#6524=ORIENTED_EDGE('',*,*,#4878,.T.);
#6525=ORIENTED_EDGE('',*,*,#4879,.F.);
#6526=ORIENTED_EDGE('',*,*,#4880,.F.);
#6527=ORIENTED_EDGE('',*,*,#4764,.T.);
#6528=ORIENTED_EDGE('',*,*,#4881,.T.);
#6529=ORIENTED_EDGE('',*,*,#4882,.F.);
#6530=ORIENTED_EDGE('',*,*,#4878,.F.);
#6531=ORIENTED_EDGE('',*,*,#4763,.T.);
#6532=ORIENTED_EDGE('',*,*,#4883,.T.);
#6533=ORIENTED_EDGE('',*,*,#4884,.F.);
#6534=ORIENTED_EDGE('',*,*,#4881,.F.);
#6535=ORIENTED_EDGE('',*,*,#4762,.T.);
#6536=ORIENTED_EDGE('',*,*,#4885,.T.);
#6537=ORIENTED_EDGE('',*,*,#4886,.F.);
#6538=ORIENTED_EDGE('',*,*,#4883,.F.);
#6539=ORIENTED_EDGE('',*,*,#4789,.T.);
#6540=ORIENTED_EDGE('',*,*,#4887,.T.);
#6541=ORIENTED_EDGE('',*,*,#4888,.F.);
#6542=ORIENTED_EDGE('',*,*,#4889,.F.);
#6543=ORIENTED_EDGE('',*,*,#4788,.T.);
#6544=ORIENTED_EDGE('',*,*,#4890,.T.);
#6545=ORIENTED_EDGE('',*,*,#4891,.F.);
#6546=ORIENTED_EDGE('',*,*,#4887,.F.);
#6547=ORIENTED_EDGE('',*,*,#4787,.T.);
#6548=ORIENTED_EDGE('',*,*,#4892,.T.);
#6549=ORIENTED_EDGE('',*,*,#4893,.F.);
#6550=ORIENTED_EDGE('',*,*,#4890,.F.);
#6551=ORIENTED_EDGE('',*,*,#4786,.T.);
#6552=ORIENTED_EDGE('',*,*,#4894,.T.);
#6553=ORIENTED_EDGE('',*,*,#4895,.F.);
#6554=ORIENTED_EDGE('',*,*,#4892,.F.);
#6555=ORIENTED_EDGE('',*,*,#4813,.T.);
#6556=ORIENTED_EDGE('',*,*,#4896,.T.);
#6557=ORIENTED_EDGE('',*,*,#4897,.F.);
#6558=ORIENTED_EDGE('',*,*,#4898,.F.);
#6559=ORIENTED_EDGE('',*,*,#4812,.T.);
#6560=ORIENTED_EDGE('',*,*,#4899,.T.);
#6561=ORIENTED_EDGE('',*,*,#4900,.F.);
#6562=ORIENTED_EDGE('',*,*,#4896,.F.);
#6563=ORIENTED_EDGE('',*,*,#4811,.T.);
#6564=ORIENTED_EDGE('',*,*,#4901,.T.);
#6565=ORIENTED_EDGE('',*,*,#4902,.F.);
#6566=ORIENTED_EDGE('',*,*,#4899,.F.);
#6567=ORIENTED_EDGE('',*,*,#4810,.T.);
#6568=ORIENTED_EDGE('',*,*,#4903,.T.);
#6569=ORIENTED_EDGE('',*,*,#4904,.F.);
#6570=ORIENTED_EDGE('',*,*,#4901,.F.);
#6571=ORIENTED_EDGE('',*,*,#4837,.T.);
#6572=ORIENTED_EDGE('',*,*,#4905,.T.);
#6573=ORIENTED_EDGE('',*,*,#4906,.F.);
#6574=ORIENTED_EDGE('',*,*,#4907,.F.);
#6575=ORIENTED_EDGE('',*,*,#4836,.T.);
#6576=ORIENTED_EDGE('',*,*,#4908,.T.);
#6577=ORIENTED_EDGE('',*,*,#4909,.F.);
#6578=ORIENTED_EDGE('',*,*,#4905,.F.);
#6579=ORIENTED_EDGE('',*,*,#4835,.T.);
#6580=ORIENTED_EDGE('',*,*,#4910,.T.);
#6581=ORIENTED_EDGE('',*,*,#4911,.F.);
#6582=ORIENTED_EDGE('',*,*,#4908,.F.);
#6583=ORIENTED_EDGE('',*,*,#4834,.T.);
#6584=ORIENTED_EDGE('',*,*,#4912,.T.);
#6585=ORIENTED_EDGE('',*,*,#4913,.F.);
#6586=ORIENTED_EDGE('',*,*,#4910,.F.);
#6587=ORIENTED_EDGE('',*,*,#4648,.F.);
#6588=ORIENTED_EDGE('',*,*,#4914,.F.);
#6589=ORIENTED_EDGE('',*,*,#4655,.F.);
#6590=ORIENTED_EDGE('',*,*,#4578,.T.);
#6591=ORIENTED_EDGE('',*,*,#4573,.F.);
#6592=ORIENTED_EDGE('',*,*,#4582,.T.);
#6593=ORIENTED_EDGE('',*,*,#4650,.F.);
#6594=ORIENTED_EDGE('',*,*,#4915,.T.);
#6595=ORIENTED_EDGE('',*,*,#4814,.T.);
#6596=ORIENTED_EDGE('',*,*,#4898,.T.);
#6597=ORIENTED_EDGE('',*,*,#4916,.F.);
#6598=ORIENTED_EDGE('',*,*,#4917,.F.);
#6599=ORIENTED_EDGE('',*,*,#4815,.T.);
#6600=ORIENTED_EDGE('',*,*,#4917,.T.);
#6601=ORIENTED_EDGE('',*,*,#4918,.F.);
#6602=ORIENTED_EDGE('',*,*,#4919,.F.);
#6603=ORIENTED_EDGE('',*,*,#4816,.T.);
#6604=ORIENTED_EDGE('',*,*,#4919,.T.);
#6605=ORIENTED_EDGE('',*,*,#4920,.F.);
#6606=ORIENTED_EDGE('',*,*,#4921,.F.);
#6607=ORIENTED_EDGE('',*,*,#4817,.T.);
#6608=ORIENTED_EDGE('',*,*,#4921,.T.);
#6609=ORIENTED_EDGE('',*,*,#4922,.F.);
#6610=ORIENTED_EDGE('',*,*,#4903,.F.);
#6611=ORIENTED_EDGE('',*,*,#4766,.T.);
#6612=ORIENTED_EDGE('',*,*,#4880,.T.);
#6613=ORIENTED_EDGE('',*,*,#4923,.F.);
#6614=ORIENTED_EDGE('',*,*,#4924,.F.);
#6615=ORIENTED_EDGE('',*,*,#4767,.T.);
#6616=ORIENTED_EDGE('',*,*,#4924,.T.);
#6617=ORIENTED_EDGE('',*,*,#4925,.F.);
#6618=ORIENTED_EDGE('',*,*,#4926,.F.);
#6619=ORIENTED_EDGE('',*,*,#4768,.T.);
#6620=ORIENTED_EDGE('',*,*,#4926,.T.);
#6621=ORIENTED_EDGE('',*,*,#4927,.F.);
#6622=ORIENTED_EDGE('',*,*,#4928,.F.);
#6623=ORIENTED_EDGE('',*,*,#4769,.T.);
#6624=ORIENTED_EDGE('',*,*,#4928,.T.);
#6625=ORIENTED_EDGE('',*,*,#4929,.F.);
#6626=ORIENTED_EDGE('',*,*,#4885,.F.);
#6627=ORIENTED_EDGE('',*,*,#4790,.T.);
#6628=ORIENTED_EDGE('',*,*,#4889,.T.);
#6629=ORIENTED_EDGE('',*,*,#4930,.F.);
#6630=ORIENTED_EDGE('',*,*,#4931,.F.);
#6631=ORIENTED_EDGE('',*,*,#4791,.T.);
#6632=ORIENTED_EDGE('',*,*,#4931,.T.);
#6633=ORIENTED_EDGE('',*,*,#4932,.F.);
#6634=ORIENTED_EDGE('',*,*,#4933,.F.);
#6635=ORIENTED_EDGE('',*,*,#4792,.T.);
#6636=ORIENTED_EDGE('',*,*,#4933,.T.);
#6637=ORIENTED_EDGE('',*,*,#4934,.F.);
#6638=ORIENTED_EDGE('',*,*,#4935,.F.);
#6639=ORIENTED_EDGE('',*,*,#4793,.T.);
#6640=ORIENTED_EDGE('',*,*,#4935,.T.);
#6641=ORIENTED_EDGE('',*,*,#4936,.F.);
#6642=ORIENTED_EDGE('',*,*,#4894,.F.);
#6643=ORIENTED_EDGE('',*,*,#4700,.T.);
#6644=ORIENTED_EDGE('',*,*,#4853,.T.);
#6645=ORIENTED_EDGE('',*,*,#4937,.F.);
#6646=ORIENTED_EDGE('',*,*,#4938,.F.);
#6647=ORIENTED_EDGE('',*,*,#4701,.T.);
#6648=ORIENTED_EDGE('',*,*,#4938,.T.);
#6649=ORIENTED_EDGE('',*,*,#4939,.F.);
#6650=ORIENTED_EDGE('',*,*,#4940,.F.);
#6651=ORIENTED_EDGE('',*,*,#4702,.T.);
#6652=ORIENTED_EDGE('',*,*,#4940,.T.);
#6653=ORIENTED_EDGE('',*,*,#4941,.F.);
#6654=ORIENTED_EDGE('',*,*,#4942,.F.);
#6655=ORIENTED_EDGE('',*,*,#4703,.T.);
#6656=ORIENTED_EDGE('',*,*,#4942,.T.);
#6657=ORIENTED_EDGE('',*,*,#4943,.F.);
#6658=ORIENTED_EDGE('',*,*,#4858,.F.);
#6659=ORIENTED_EDGE('',*,*,#4838,.T.);
#6660=ORIENTED_EDGE('',*,*,#4907,.T.);
#6661=ORIENTED_EDGE('',*,*,#4944,.F.);
#6662=ORIENTED_EDGE('',*,*,#4945,.F.);
#6663=ORIENTED_EDGE('',*,*,#4839,.T.);
#6664=ORIENTED_EDGE('',*,*,#4945,.T.);
#6665=ORIENTED_EDGE('',*,*,#4946,.F.);
#6666=ORIENTED_EDGE('',*,*,#4947,.F.);
#6667=ORIENTED_EDGE('',*,*,#4840,.T.);
#6668=ORIENTED_EDGE('',*,*,#4947,.T.);
#6669=ORIENTED_EDGE('',*,*,#4948,.F.);
#6670=ORIENTED_EDGE('',*,*,#4949,.F.);
#6671=ORIENTED_EDGE('',*,*,#4841,.T.);
#6672=ORIENTED_EDGE('',*,*,#4949,.T.);
#6673=ORIENTED_EDGE('',*,*,#4950,.F.);
#6674=ORIENTED_EDGE('',*,*,#4912,.F.);
#6675=ORIENTED_EDGE('',*,*,#4742,.T.);
#6676=ORIENTED_EDGE('',*,*,#4871,.T.);
#6677=ORIENTED_EDGE('',*,*,#4951,.F.);
#6678=ORIENTED_EDGE('',*,*,#4952,.F.);
#6679=ORIENTED_EDGE('',*,*,#4743,.T.);
#6680=ORIENTED_EDGE('',*,*,#4952,.T.);
#6681=ORIENTED_EDGE('',*,*,#4953,.F.);
#6682=ORIENTED_EDGE('',*,*,#4954,.F.);
#6683=ORIENTED_EDGE('',*,*,#4744,.T.);
#6684=ORIENTED_EDGE('',*,*,#4954,.T.);
#6685=ORIENTED_EDGE('',*,*,#4955,.F.);
#6686=ORIENTED_EDGE('',*,*,#4956,.F.);
#6687=ORIENTED_EDGE('',*,*,#4745,.T.);
#6688=ORIENTED_EDGE('',*,*,#4956,.T.);
#6689=ORIENTED_EDGE('',*,*,#4957,.F.);
#6690=ORIENTED_EDGE('',*,*,#4876,.F.);
#6691=ORIENTED_EDGE('',*,*,#4676,.T.);
#6692=ORIENTED_EDGE('',*,*,#4844,.T.);
#6693=ORIENTED_EDGE('',*,*,#4958,.F.);
#6694=ORIENTED_EDGE('',*,*,#4959,.F.);
#6695=ORIENTED_EDGE('',*,*,#4677,.T.);
#6696=ORIENTED_EDGE('',*,*,#4959,.T.);
#6697=ORIENTED_EDGE('',*,*,#4960,.F.);
#6698=ORIENTED_EDGE('',*,*,#4961,.F.);
#6699=ORIENTED_EDGE('',*,*,#4678,.T.);
#6700=ORIENTED_EDGE('',*,*,#4961,.T.);
#6701=ORIENTED_EDGE('',*,*,#4962,.F.);
#6702=ORIENTED_EDGE('',*,*,#4963,.F.);
#6703=ORIENTED_EDGE('',*,*,#4679,.T.);
#6704=ORIENTED_EDGE('',*,*,#4963,.T.);
#6705=ORIENTED_EDGE('',*,*,#4964,.F.);
#6706=ORIENTED_EDGE('',*,*,#4849,.F.);
#6707=ORIENTED_EDGE('',*,*,#4721,.T.);
#6708=ORIENTED_EDGE('',*,*,#4862,.T.);
#6709=ORIENTED_EDGE('',*,*,#4965,.F.);
#6710=ORIENTED_EDGE('',*,*,#4966,.F.);
#6711=ORIENTED_EDGE('',*,*,#4410,.F.);
#6712=ORIENTED_EDGE('',*,*,#4392,.T.);
#6713=ORIENTED_EDGE('',*,*,#4966,.T.);
#6714=ORIENTED_EDGE('',*,*,#4967,.F.);
#6715=ORIENTED_EDGE('',*,*,#4968,.F.);
#6716=ORIENTED_EDGE('',*,*,#4715,.T.);
#6717=ORIENTED_EDGE('',*,*,#4408,.T.);
#6718=ORIENTED_EDGE('',*,*,#4968,.T.);
#6719=ORIENTED_EDGE('',*,*,#4969,.F.);
#6720=ORIENTED_EDGE('',*,*,#4970,.F.);
#6721=ORIENTED_EDGE('',*,*,#4716,.T.);
#6722=ORIENTED_EDGE('',*,*,#4970,.T.);
#6723=ORIENTED_EDGE('',*,*,#4971,.F.);
#6724=ORIENTED_EDGE('',*,*,#4867,.F.);
#6725=ORIENTED_EDGE('',*,*,#4574,.F.);
#6726=ORIENTED_EDGE('',*,*,#4915,.F.);
#6727=ORIENTED_EDGE('',*,*,#4649,.F.);
#6728=ORIENTED_EDGE('',*,*,#4653,.T.);
#6729=ORIENTED_EDGE('',*,*,#4654,.F.);
#6730=ORIENTED_EDGE('',*,*,#4914,.T.);
#6731=ORIENTED_EDGE('',*,*,#4647,.F.);
#6732=ORIENTED_EDGE('',*,*,#4645,.T.);
#6733=ORIENTED_EDGE('',*,*,#4444,.T.);
#6734=ORIENTED_EDGE('',*,*,#4447,.T.);
#6735=ORIENTED_EDGE('',*,*,#4437,.T.);
#6736=ORIENTED_EDGE('',*,*,#4441,.T.);
#6737=ORIENTED_EDGE('',*,*,#4456,.T.);
#6738=ORIENTED_EDGE('',*,*,#4459,.T.);
#6739=ORIENTED_EDGE('',*,*,#4449,.T.);
#6740=ORIENTED_EDGE('',*,*,#4453,.T.);
#6741=ORIENTED_EDGE('',*,*,#4468,.T.);
#6742=ORIENTED_EDGE('',*,*,#4471,.T.);
#6743=ORIENTED_EDGE('',*,*,#4461,.T.);
#6744=ORIENTED_EDGE('',*,*,#4465,.T.);
#6745=ORIENTED_EDGE('',*,*,#4480,.T.);
#6746=ORIENTED_EDGE('',*,*,#4483,.T.);
#6747=ORIENTED_EDGE('',*,*,#4473,.T.);
#6748=ORIENTED_EDGE('',*,*,#4477,.T.);
#6749=ORIENTED_EDGE('',*,*,#4492,.T.);
#6750=ORIENTED_EDGE('',*,*,#4495,.T.);
#6751=ORIENTED_EDGE('',*,*,#4485,.T.);
#6752=ORIENTED_EDGE('',*,*,#4489,.T.);
#6753=ORIENTED_EDGE('',*,*,#4504,.T.);
#6754=ORIENTED_EDGE('',*,*,#4507,.T.);
#6755=ORIENTED_EDGE('',*,*,#4497,.T.);
#6756=ORIENTED_EDGE('',*,*,#4501,.T.);
#6757=ORIENTED_EDGE('',*,*,#4543,.T.);
#6758=ORIENTED_EDGE('',*,*,#4546,.T.);
#6759=ORIENTED_EDGE('',*,*,#4540,.T.);
#6760=ORIENTED_EDGE('',*,*,#4411,.T.);
#6761=ORIENTED_EDGE('',*,*,#4971,.T.);
#6762=ORIENTED_EDGE('',*,*,#4969,.T.);
#6763=ORIENTED_EDGE('',*,*,#4967,.T.);
#6764=ORIENTED_EDGE('',*,*,#4965,.T.);
#6765=ORIENTED_EDGE('',*,*,#4861,.T.);
#6766=ORIENTED_EDGE('',*,*,#4864,.T.);
#6767=ORIENTED_EDGE('',*,*,#4866,.T.);
#6768=ORIENTED_EDGE('',*,*,#4868,.T.);
#6769=ORIENTED_EDGE('',*,*,#4964,.T.);
#6770=ORIENTED_EDGE('',*,*,#4962,.T.);
#6771=ORIENTED_EDGE('',*,*,#4960,.T.);
#6772=ORIENTED_EDGE('',*,*,#4958,.T.);
#6773=ORIENTED_EDGE('',*,*,#4843,.T.);
#6774=ORIENTED_EDGE('',*,*,#4846,.T.);
#6775=ORIENTED_EDGE('',*,*,#4848,.T.);
#6776=ORIENTED_EDGE('',*,*,#4850,.T.);
#6777=ORIENTED_EDGE('',*,*,#4957,.T.);
#6778=ORIENTED_EDGE('',*,*,#4955,.T.);
#6779=ORIENTED_EDGE('',*,*,#4953,.T.);
#6780=ORIENTED_EDGE('',*,*,#4951,.T.);
#6781=ORIENTED_EDGE('',*,*,#4870,.T.);
#6782=ORIENTED_EDGE('',*,*,#4873,.T.);
#6783=ORIENTED_EDGE('',*,*,#4875,.T.);
#6784=ORIENTED_EDGE('',*,*,#4877,.T.);
#6785=ORIENTED_EDGE('',*,*,#4950,.T.);
#6786=ORIENTED_EDGE('',*,*,#4948,.T.);
#6787=ORIENTED_EDGE('',*,*,#4946,.T.);
#6788=ORIENTED_EDGE('',*,*,#4944,.T.);
#6789=ORIENTED_EDGE('',*,*,#4906,.T.);
#6790=ORIENTED_EDGE('',*,*,#4909,.T.);
#6791=ORIENTED_EDGE('',*,*,#4911,.T.);
#6792=ORIENTED_EDGE('',*,*,#4913,.T.);
#6793=ORIENTED_EDGE('',*,*,#4943,.T.);
#6794=ORIENTED_EDGE('',*,*,#4941,.T.);
#6795=ORIENTED_EDGE('',*,*,#4939,.T.);
#6796=ORIENTED_EDGE('',*,*,#4937,.T.);
#6797=ORIENTED_EDGE('',*,*,#4852,.T.);
#6798=ORIENTED_EDGE('',*,*,#4855,.T.);
#6799=ORIENTED_EDGE('',*,*,#4857,.T.);
#6800=ORIENTED_EDGE('',*,*,#4859,.T.);
#6801=ORIENTED_EDGE('',*,*,#4936,.T.);
#6802=ORIENTED_EDGE('',*,*,#4934,.T.);
#6803=ORIENTED_EDGE('',*,*,#4932,.T.);
#6804=ORIENTED_EDGE('',*,*,#4930,.T.);
#6805=ORIENTED_EDGE('',*,*,#4888,.T.);
#6806=ORIENTED_EDGE('',*,*,#4891,.T.);
#6807=ORIENTED_EDGE('',*,*,#4893,.T.);
#6808=ORIENTED_EDGE('',*,*,#4895,.T.);
#6809=ORIENTED_EDGE('',*,*,#4929,.T.);
#6810=ORIENTED_EDGE('',*,*,#4927,.T.);
#6811=ORIENTED_EDGE('',*,*,#4925,.T.);
#6812=ORIENTED_EDGE('',*,*,#4923,.T.);
#6813=ORIENTED_EDGE('',*,*,#4879,.T.);
#6814=ORIENTED_EDGE('',*,*,#4882,.T.);
#6815=ORIENTED_EDGE('',*,*,#4884,.T.);
#6816=ORIENTED_EDGE('',*,*,#4886,.T.);
#6817=ORIENTED_EDGE('',*,*,#4922,.T.);
#6818=ORIENTED_EDGE('',*,*,#4920,.T.);
#6819=ORIENTED_EDGE('',*,*,#4918,.T.);
#6820=ORIENTED_EDGE('',*,*,#4916,.T.);
#6821=ORIENTED_EDGE('',*,*,#4897,.T.);
#6822=ORIENTED_EDGE('',*,*,#4900,.T.);
#6823=ORIENTED_EDGE('',*,*,#4902,.T.);
#6824=ORIENTED_EDGE('',*,*,#4904,.T.);
#6825=ORIENTED_EDGE('',*,*,#4560,.T.);
#6826=ORIENTED_EDGE('',*,*,#4556,.T.);
#6827=ORIENTED_EDGE('',*,*,#4552,.T.);
#6828=ORIENTED_EDGE('',*,*,#4548,.T.);
#6829=ORIENTED_EDGE('',*,*,#4528,.T.);
#6830=ORIENTED_EDGE('',*,*,#4531,.T.);
#6831=ORIENTED_EDGE('',*,*,#4521,.T.);
#6832=ORIENTED_EDGE('',*,*,#4525,.T.);
#6833=ORIENTED_EDGE('',*,*,#4516,.T.);
#6834=ORIENTED_EDGE('',*,*,#4519,.T.);
#6835=ORIENTED_EDGE('',*,*,#4509,.T.);
#6836=ORIENTED_EDGE('',*,*,#4513,.T.);
#6837=ORIENTED_EDGE('',*,*,#4423,.T.);
#6838=ORIENTED_EDGE('',*,*,#4420,.F.);
#6839=ORIENTED_EDGE('',*,*,#4417,.T.);
#6840=ORIENTED_EDGE('',*,*,#4413,.F.);
#6841=ORIENTED_EDGE('',*,*,#4436,.T.);
#6842=ORIENTED_EDGE('',*,*,#4432,.F.);
#6843=ORIENTED_EDGE('',*,*,#4429,.T.);
#6844=ORIENTED_EDGE('',*,*,#4426,.F.);
#6845=ORIENTED_EDGE('',*,*,#4972,.F.);
#6846=ORIENTED_EDGE('',*,*,#4973,.F.);
#6847=ORIENTED_EDGE('',*,*,#4974,.F.);
#6848=ORIENTED_EDGE('',*,*,#4975,.T.);
#6849=ORIENTED_EDGE('',*,*,#4976,.T.);
#6850=ORIENTED_EDGE('',*,*,#4973,.T.);
#6851=ORIENTED_EDGE('',*,*,#4977,.T.);
#6852=ORIENTED_EDGE('',*,*,#4978,.F.);
#6853=ORIENTED_EDGE('',*,*,#4979,.F.);
#6854=ORIENTED_EDGE('',*,*,#4980,.F.);
#6855=ORIENTED_EDGE('',*,*,#4981,.T.);
#6856=ORIENTED_EDGE('',*,*,#4982,.T.);
#6857=ORIENTED_EDGE('',*,*,#4979,.T.);
#6858=ORIENTED_EDGE('',*,*,#4983,.T.);
#6859=ORIENTED_EDGE('',*,*,#4972,.T.);
#6860=ORIENTED_EDGE('',*,*,#4984,.T.);
#6861=ORIENTED_EDGE('',*,*,#4980,.T.);
#6862=ORIENTED_EDGE('',*,*,#4985,.T.);
#6863=ORIENTED_EDGE('',*,*,#4986,.T.);
#6864=ORIENTED_EDGE('',*,*,#4978,.T.);
#6865=ORIENTED_EDGE('',*,*,#4987,.T.);
#6866=ORIENTED_EDGE('',*,*,#4988,.T.);
#6867=ORIENTED_EDGE('',*,*,#4989,.T.);
#6868=ORIENTED_EDGE('',*,*,#4988,.F.);
#6869=ORIENTED_EDGE('',*,*,#4990,.T.);
#6870=ORIENTED_EDGE('',*,*,#4991,.T.);
#6871=ORIENTED_EDGE('',*,*,#4992,.T.);
#6872=ORIENTED_EDGE('',*,*,#4974,.T.);
#6873=ORIENTED_EDGE('',*,*,#4993,.T.);
#6874=ORIENTED_EDGE('',*,*,#4991,.F.);
#6875=ORIENTED_EDGE('',*,*,#4977,.F.);
#6876=ORIENTED_EDGE('',*,*,#4985,.F.);
#6877=ORIENTED_EDGE('',*,*,#4982,.F.);
#6878=ORIENTED_EDGE('',*,*,#4994,.F.);
#6879=ORIENTED_EDGE('',*,*,#4984,.F.);
#6880=ORIENTED_EDGE('',*,*,#4992,.F.);
#6881=ORIENTED_EDGE('',*,*,#4990,.F.);
#6882=ORIENTED_EDGE('',*,*,#4987,.F.);
#6883=ORIENTED_EDGE('',*,*,#4995,.T.);
#6884=ORIENTED_EDGE('',*,*,#4996,.T.);
#6885=ORIENTED_EDGE('',*,*,#4997,.T.);
#6886=ORIENTED_EDGE('',*,*,#4998,.F.);
#6887=ORIENTED_EDGE('',*,*,#4999,.T.);
#6888=ORIENTED_EDGE('',*,*,#5000,.T.);
#6889=ORIENTED_EDGE('',*,*,#5001,.T.);
#6890=ORIENTED_EDGE('',*,*,#4996,.F.);
#6891=ORIENTED_EDGE('',*,*,#5002,.T.);
#6892=ORIENTED_EDGE('',*,*,#5003,.T.);
#6893=ORIENTED_EDGE('',*,*,#5004,.T.);
#6894=ORIENTED_EDGE('',*,*,#5000,.F.);
#6895=ORIENTED_EDGE('',*,*,#5005,.T.);
#6896=ORIENTED_EDGE('',*,*,#5003,.F.);
#6897=ORIENTED_EDGE('',*,*,#5006,.T.);
#6898=ORIENTED_EDGE('',*,*,#4998,.T.);
#6899=ORIENTED_EDGE('',*,*,#5005,.F.);
#6900=ORIENTED_EDGE('',*,*,#5007,.F.);
#6901=ORIENTED_EDGE('',*,*,#5008,.F.);
#6902=ORIENTED_EDGE('',*,*,#5009,.T.);
#6903=ORIENTED_EDGE('',*,*,#4997,.F.);
#6904=ORIENTED_EDGE('',*,*,#5010,.F.);
#6905=ORIENTED_EDGE('',*,*,#5011,.F.);
#6906=ORIENTED_EDGE('',*,*,#5007,.T.);
#6907=ORIENTED_EDGE('',*,*,#5012,.F.);
#6908=ORIENTED_EDGE('',*,*,#5013,.F.);
#6909=ORIENTED_EDGE('',*,*,#5014,.F.);
#6910=ORIENTED_EDGE('',*,*,#5015,.F.);
#6911=ORIENTED_EDGE('',*,*,#5016,.F.);
#6912=ORIENTED_EDGE('',*,*,#5017,.F.);
#6913=ORIENTED_EDGE('',*,*,#5018,.F.);
#6914=ORIENTED_EDGE('',*,*,#5019,.F.);
#6915=ORIENTED_EDGE('',*,*,#5020,.F.);
#6916=ORIENTED_EDGE('',*,*,#5021,.F.);
#6917=ORIENTED_EDGE('',*,*,#5022,.F.);
#6918=ORIENTED_EDGE('',*,*,#5023,.F.);
#6919=ORIENTED_EDGE('',*,*,#5024,.F.);
#6920=ORIENTED_EDGE('',*,*,#5025,.F.);
#6921=ORIENTED_EDGE('',*,*,#5026,.F.);
#6922=ORIENTED_EDGE('',*,*,#5027,.F.);
#6923=ORIENTED_EDGE('',*,*,#5028,.F.);
#6924=ORIENTED_EDGE('',*,*,#5029,.F.);
#6925=ORIENTED_EDGE('',*,*,#5030,.F.);
#6926=ORIENTED_EDGE('',*,*,#5031,.F.);
#6927=ORIENTED_EDGE('',*,*,#5032,.F.);
#6928=ORIENTED_EDGE('',*,*,#5033,.F.);
#6929=ORIENTED_EDGE('',*,*,#5034,.F.);
#6930=ORIENTED_EDGE('',*,*,#5035,.F.);
#6931=ORIENTED_EDGE('',*,*,#5036,.F.);
#6932=ORIENTED_EDGE('',*,*,#5037,.F.);
#6933=ORIENTED_EDGE('',*,*,#5038,.F.);
#6934=ORIENTED_EDGE('',*,*,#5039,.F.);
#6935=ORIENTED_EDGE('',*,*,#4995,.F.);
#6936=ORIENTED_EDGE('',*,*,#5006,.F.);
#6937=ORIENTED_EDGE('',*,*,#5002,.F.);
#6938=ORIENTED_EDGE('',*,*,#4999,.F.);
#6939=ORIENTED_EDGE('',*,*,#5016,.T.);
#6940=ORIENTED_EDGE('',*,*,#5040,.T.);
#6941=ORIENTED_EDGE('',*,*,#5041,.T.);
#6942=ORIENTED_EDGE('',*,*,#5042,.F.);
#6943=ORIENTED_EDGE('',*,*,#5019,.T.);
#6944=ORIENTED_EDGE('',*,*,#5043,.T.);
#6945=ORIENTED_EDGE('',*,*,#5044,.T.);
#6946=ORIENTED_EDGE('',*,*,#5040,.F.);
#6947=ORIENTED_EDGE('',*,*,#5018,.T.);
#6948=ORIENTED_EDGE('',*,*,#5045,.T.);
#6949=ORIENTED_EDGE('',*,*,#5046,.T.);
#6950=ORIENTED_EDGE('',*,*,#5043,.F.);
#6951=ORIENTED_EDGE('',*,*,#5047,.T.);
#6952=ORIENTED_EDGE('',*,*,#5045,.F.);
#6953=ORIENTED_EDGE('',*,*,#5017,.T.);
#6954=ORIENTED_EDGE('',*,*,#5042,.T.);
#6955=ORIENTED_EDGE('',*,*,#5047,.F.);
#6956=ORIENTED_EDGE('',*,*,#5048,.T.);
#6957=ORIENTED_EDGE('',*,*,#5049,.F.);
#6958=ORIENTED_EDGE('',*,*,#5050,.F.);
#6959=ORIENTED_EDGE('',*,*,#5041,.F.);
#6960=ORIENTED_EDGE('',*,*,#5051,.F.);
#6961=ORIENTED_EDGE('',*,*,#5052,.F.);
#6962=ORIENTED_EDGE('',*,*,#5048,.F.);
#6963=ORIENTED_EDGE('',*,*,#5036,.T.);
#6964=ORIENTED_EDGE('',*,*,#5053,.T.);
#6965=ORIENTED_EDGE('',*,*,#5054,.T.);
#6966=ORIENTED_EDGE('',*,*,#5055,.F.);
#6967=ORIENTED_EDGE('',*,*,#5039,.T.);
#6968=ORIENTED_EDGE('',*,*,#5056,.T.);
#6969=ORIENTED_EDGE('',*,*,#5057,.T.);
#6970=ORIENTED_EDGE('',*,*,#5053,.F.);
#6971=ORIENTED_EDGE('',*,*,#5038,.T.);
#6972=ORIENTED_EDGE('',*,*,#5058,.T.);
#6973=ORIENTED_EDGE('',*,*,#5059,.T.);
#6974=ORIENTED_EDGE('',*,*,#5056,.F.);
#6975=ORIENTED_EDGE('',*,*,#5060,.T.);
#6976=ORIENTED_EDGE('',*,*,#5058,.F.);
#6977=ORIENTED_EDGE('',*,*,#5037,.T.);
#6978=ORIENTED_EDGE('',*,*,#5055,.T.);
#6979=ORIENTED_EDGE('',*,*,#5060,.F.);
#6980=ORIENTED_EDGE('',*,*,#5061,.T.);
#6981=ORIENTED_EDGE('',*,*,#5062,.F.);
#6982=ORIENTED_EDGE('',*,*,#5063,.F.);
#6983=ORIENTED_EDGE('',*,*,#5054,.F.);
#6984=ORIENTED_EDGE('',*,*,#5064,.T.);
#6985=ORIENTED_EDGE('',*,*,#5065,.F.);
#6986=ORIENTED_EDGE('',*,*,#5061,.F.);
#6987=ORIENTED_EDGE('',*,*,#5020,.T.);
#6988=ORIENTED_EDGE('',*,*,#5066,.T.);
#6989=ORIENTED_EDGE('',*,*,#5067,.T.);
#6990=ORIENTED_EDGE('',*,*,#5068,.F.);
#6991=ORIENTED_EDGE('',*,*,#5023,.T.);
#6992=ORIENTED_EDGE('',*,*,#5069,.T.);
#6993=ORIENTED_EDGE('',*,*,#5070,.T.);
#6994=ORIENTED_EDGE('',*,*,#5066,.F.);
#6995=ORIENTED_EDGE('',*,*,#5022,.T.);
#6996=ORIENTED_EDGE('',*,*,#5071,.T.);
#6997=ORIENTED_EDGE('',*,*,#5072,.T.);
#6998=ORIENTED_EDGE('',*,*,#5069,.F.);
#6999=ORIENTED_EDGE('',*,*,#5073,.T.);
#7000=ORIENTED_EDGE('',*,*,#5071,.F.);
#7001=ORIENTED_EDGE('',*,*,#5021,.T.);
#7002=ORIENTED_EDGE('',*,*,#5068,.T.);
#7003=ORIENTED_EDGE('',*,*,#5073,.F.);
#7004=ORIENTED_EDGE('',*,*,#5074,.T.);
#7005=ORIENTED_EDGE('',*,*,#5075,.F.);
#7006=ORIENTED_EDGE('',*,*,#5076,.F.);
#7007=ORIENTED_EDGE('',*,*,#5067,.F.);
#7008=ORIENTED_EDGE('',*,*,#5077,.F.);
#7009=ORIENTED_EDGE('',*,*,#5078,.F.);
#7010=ORIENTED_EDGE('',*,*,#5074,.F.);
#7011=ORIENTED_EDGE('',*,*,#5032,.T.);
#7012=ORIENTED_EDGE('',*,*,#5079,.T.);
#7013=ORIENTED_EDGE('',*,*,#5080,.T.);
#7014=ORIENTED_EDGE('',*,*,#5081,.F.);
#7015=ORIENTED_EDGE('',*,*,#5035,.T.);
#7016=ORIENTED_EDGE('',*,*,#5082,.T.);
#7017=ORIENTED_EDGE('',*,*,#5083,.T.);
#7018=ORIENTED_EDGE('',*,*,#5079,.F.);
#7019=ORIENTED_EDGE('',*,*,#5034,.T.);
#7020=ORIENTED_EDGE('',*,*,#5084,.T.);
#7021=ORIENTED_EDGE('',*,*,#5085,.T.);
#7022=ORIENTED_EDGE('',*,*,#5082,.F.);
#7023=ORIENTED_EDGE('',*,*,#5086,.T.);
#7024=ORIENTED_EDGE('',*,*,#5084,.F.);
#7025=ORIENTED_EDGE('',*,*,#5033,.T.);
#7026=ORIENTED_EDGE('',*,*,#5081,.T.);
#7027=ORIENTED_EDGE('',*,*,#5086,.F.);
#7028=ORIENTED_EDGE('',*,*,#5087,.T.);
#7029=ORIENTED_EDGE('',*,*,#5088,.F.);
#7030=ORIENTED_EDGE('',*,*,#5089,.F.);
#7031=ORIENTED_EDGE('',*,*,#5080,.F.);
#7032=ORIENTED_EDGE('',*,*,#5090,.F.);
#7033=ORIENTED_EDGE('',*,*,#5091,.F.);
#7034=ORIENTED_EDGE('',*,*,#5087,.F.);
#7035=ORIENTED_EDGE('',*,*,#5024,.T.);
#7036=ORIENTED_EDGE('',*,*,#5092,.T.);
#7037=ORIENTED_EDGE('',*,*,#5093,.T.);
#7038=ORIENTED_EDGE('',*,*,#5094,.F.);
#7039=ORIENTED_EDGE('',*,*,#5027,.T.);
#7040=ORIENTED_EDGE('',*,*,#5095,.T.);
#7041=ORIENTED_EDGE('',*,*,#5096,.T.);
#7042=ORIENTED_EDGE('',*,*,#5092,.F.);
#7043=ORIENTED_EDGE('',*,*,#5026,.T.);
#7044=ORIENTED_EDGE('',*,*,#5097,.T.);
#7045=ORIENTED_EDGE('',*,*,#5098,.T.);
#7046=ORIENTED_EDGE('',*,*,#5095,.F.);
#7047=ORIENTED_EDGE('',*,*,#5099,.T.);
#7048=ORIENTED_EDGE('',*,*,#5097,.F.);
#7049=ORIENTED_EDGE('',*,*,#5025,.T.);
#7050=ORIENTED_EDGE('',*,*,#5094,.T.);
#7051=ORIENTED_EDGE('',*,*,#5099,.F.);
#7052=ORIENTED_EDGE('',*,*,#5100,.T.);
#7053=ORIENTED_EDGE('',*,*,#5101,.F.);
#7054=ORIENTED_EDGE('',*,*,#5102,.F.);
#7055=ORIENTED_EDGE('',*,*,#5093,.F.);
#7056=ORIENTED_EDGE('',*,*,#5103,.T.);
#7057=ORIENTED_EDGE('',*,*,#5104,.F.);
#7058=ORIENTED_EDGE('',*,*,#5100,.F.);
#7059=ORIENTED_EDGE('',*,*,#5028,.T.);
#7060=ORIENTED_EDGE('',*,*,#5105,.T.);
#7061=ORIENTED_EDGE('',*,*,#5106,.T.);
#7062=ORIENTED_EDGE('',*,*,#5107,.F.);
#7063=ORIENTED_EDGE('',*,*,#5031,.T.);
#7064=ORIENTED_EDGE('',*,*,#5108,.T.);
#7065=ORIENTED_EDGE('',*,*,#5109,.T.);
#7066=ORIENTED_EDGE('',*,*,#5105,.F.);
#7067=ORIENTED_EDGE('',*,*,#5030,.T.);
#7068=ORIENTED_EDGE('',*,*,#5110,.T.);
#7069=ORIENTED_EDGE('',*,*,#5111,.T.);
#7070=ORIENTED_EDGE('',*,*,#5108,.F.);
#7071=ORIENTED_EDGE('',*,*,#5112,.T.);
#7072=ORIENTED_EDGE('',*,*,#5110,.F.);
#7073=ORIENTED_EDGE('',*,*,#5029,.T.);
#7074=ORIENTED_EDGE('',*,*,#5107,.T.);
#7075=ORIENTED_EDGE('',*,*,#5112,.F.);
#7076=ORIENTED_EDGE('',*,*,#5113,.T.);
#7077=ORIENTED_EDGE('',*,*,#5114,.F.);
#7078=ORIENTED_EDGE('',*,*,#5115,.F.);
#7079=ORIENTED_EDGE('',*,*,#5106,.F.);
#7080=ORIENTED_EDGE('',*,*,#5116,.T.);
#7081=ORIENTED_EDGE('',*,*,#5117,.F.);
#7082=ORIENTED_EDGE('',*,*,#5113,.F.);
#7083=ORIENTED_EDGE('',*,*,#5118,.T.);
#7084=ORIENTED_EDGE('',*,*,#5119,.T.);
#7085=ORIENTED_EDGE('',*,*,#5120,.F.);
#7086=ORIENTED_EDGE('',*,*,#5119,.F.);
#7087=ORIENTED_EDGE('',*,*,#5118,.F.);
#7088=ORIENTED_EDGE('',*,*,#5121,.F.);
#7089=ORIENTED_EDGE('',*,*,#5122,.F.);
#7090=ORIENTED_EDGE('',*,*,#5123,.F.);
#7091=ORIENTED_EDGE('',*,*,#5124,.T.);
#7092=ORIENTED_EDGE('',*,*,#5125,.T.);
#7093=ORIENTED_EDGE('',*,*,#5122,.T.);
#7094=ORIENTED_EDGE('',*,*,#5126,.T.);
#7095=ORIENTED_EDGE('',*,*,#5127,.F.);
#7096=ORIENTED_EDGE('',*,*,#5128,.F.);
#7097=ORIENTED_EDGE('',*,*,#5129,.F.);
#7098=ORIENTED_EDGE('',*,*,#5130,.T.);
#7099=ORIENTED_EDGE('',*,*,#5131,.T.);
#7100=ORIENTED_EDGE('',*,*,#5128,.T.);
#7101=ORIENTED_EDGE('',*,*,#5132,.T.);
#7102=ORIENTED_EDGE('',*,*,#5133,.F.);
#7103=ORIENTED_EDGE('',*,*,#5134,.F.);
#7104=ORIENTED_EDGE('',*,*,#5135,.F.);
#7105=ORIENTED_EDGE('',*,*,#5136,.T.);
#7106=ORIENTED_EDGE('',*,*,#5137,.T.);
#7107=ORIENTED_EDGE('',*,*,#5134,.T.);
#7108=ORIENTED_EDGE('',*,*,#5138,.T.);
#7109=ORIENTED_EDGE('',*,*,#5121,.T.);
#7110=ORIENTED_EDGE('',*,*,#5012,.T.);
#7111=ORIENTED_EDGE('',*,*,#5135,.T.);
#7112=ORIENTED_EDGE('',*,*,#5139,.T.);
#7113=ORIENTED_EDGE('',*,*,#5140,.F.);
#7114=ORIENTED_EDGE('',*,*,#5141,.F.);
#7115=ORIENTED_EDGE('',*,*,#5142,.F.);
#7116=ORIENTED_EDGE('',*,*,#5143,.T.);
#7117=ORIENTED_EDGE('',*,*,#5144,.T.);
#7118=ORIENTED_EDGE('',*,*,#5141,.T.);
#7119=ORIENTED_EDGE('',*,*,#5145,.T.);
#7120=ORIENTED_EDGE('',*,*,#5133,.T.);
#7121=ORIENTED_EDGE('',*,*,#5015,.T.);
#7122=ORIENTED_EDGE('',*,*,#5142,.T.);
#7123=ORIENTED_EDGE('',*,*,#5146,.T.);
#7124=ORIENTED_EDGE('',*,*,#5140,.T.);
#7125=ORIENTED_EDGE('',*,*,#5014,.T.);
#7126=ORIENTED_EDGE('',*,*,#5129,.T.);
#7127=ORIENTED_EDGE('',*,*,#5147,.T.);
#7128=ORIENTED_EDGE('',*,*,#5127,.T.);
#7129=ORIENTED_EDGE('',*,*,#5013,.T.);
#7130=ORIENTED_EDGE('',*,*,#5123,.T.);
#7131=ORIENTED_EDGE('',*,*,#5148,.T.);
#7132=ORIENTED_EDGE('',*,*,#5126,.F.);
#7133=ORIENTED_EDGE('',*,*,#5139,.F.);
#7134=ORIENTED_EDGE('',*,*,#5137,.F.);
#7135=ORIENTED_EDGE('',*,*,#5149,.F.);
#7136=ORIENTED_EDGE('',*,*,#5138,.F.);
#7137=ORIENTED_EDGE('',*,*,#5146,.F.);
#7138=ORIENTED_EDGE('',*,*,#5144,.F.);
#7139=ORIENTED_EDGE('',*,*,#5150,.F.);
#7140=ORIENTED_EDGE('',*,*,#4976,.F.);
#7141=ORIENTED_EDGE('',*,*,#5151,.F.);
#7142=ORIENTED_EDGE('',*,*,#5152,.T.);
#7143=ORIENTED_EDGE('',*,*,#4993,.F.);
#7144=ORIENTED_EDGE('',*,*,#4986,.F.);
#7145=ORIENTED_EDGE('',*,*,#5153,.F.);
#7146=ORIENTED_EDGE('',*,*,#5154,.F.);
#7147=ORIENTED_EDGE('',*,*,#4983,.F.);
#7148=ORIENTED_EDGE('',*,*,#5001,.F.);
#7149=ORIENTED_EDGE('',*,*,#5155,.F.);
#7150=ORIENTED_EDGE('',*,*,#5156,.F.);
#7151=ORIENTED_EDGE('',*,*,#5010,.T.);
#7152=ORIENTED_EDGE('',*,*,#5004,.F.);
#7153=ORIENTED_EDGE('',*,*,#5009,.F.);
#7154=ORIENTED_EDGE('',*,*,#5157,.F.);
#7155=ORIENTED_EDGE('',*,*,#5155,.T.);
#7156=ORIENTED_EDGE('',*,*,#5131,.F.);
#7157=ORIENTED_EDGE('',*,*,#5158,.F.);
#7158=ORIENTED_EDGE('',*,*,#5145,.F.);
#7159=ORIENTED_EDGE('',*,*,#5147,.F.);
#7160=ORIENTED_EDGE('',*,*,#5125,.F.);
#7161=ORIENTED_EDGE('',*,*,#5159,.F.);
#7162=ORIENTED_EDGE('',*,*,#5132,.F.);
#7163=ORIENTED_EDGE('',*,*,#5148,.F.);
#7164=ORIENTED_EDGE('',*,*,#5156,.T.);
#7165=ORIENTED_EDGE('',*,*,#5157,.T.);
#7166=ORIENTED_EDGE('',*,*,#5008,.T.);
#7167=ORIENTED_EDGE('',*,*,#5011,.T.);
#7168=ORIENTED_EDGE('',*,*,#5120,.T.);
#7169=ORIENTED_EDGE('',*,*,#5160,.F.);
#7170=ORIENTED_EDGE('',*,*,#5161,.T.);
#7171=ORIENTED_EDGE('',*,*,#5162,.T.);
#7172=ORIENTED_EDGE('',*,*,#5163,.F.);
#7173=ORIENTED_EDGE('',*,*,#5164,.F.);
#7174=ORIENTED_EDGE('',*,*,#5165,.T.);
#7175=ORIENTED_EDGE('',*,*,#5166,.T.);
#7176=ORIENTED_EDGE('',*,*,#5167,.F.);
#7177=ORIENTED_EDGE('',*,*,#5168,.F.);
#7178=ORIENTED_EDGE('',*,*,#5169,.T.);
#7179=ORIENTED_EDGE('',*,*,#5170,.T.);
#7180=ORIENTED_EDGE('',*,*,#5165,.F.);
#7181=ORIENTED_EDGE('',*,*,#5171,.F.);
#7182=ORIENTED_EDGE('',*,*,#5172,.T.);
#7183=ORIENTED_EDGE('',*,*,#5173,.T.);
#7184=ORIENTED_EDGE('',*,*,#5169,.F.);
#7185=ORIENTED_EDGE('',*,*,#5174,.F.);
#7186=ORIENTED_EDGE('',*,*,#5175,.T.);
#7187=ORIENTED_EDGE('',*,*,#5176,.T.);
#7188=ORIENTED_EDGE('',*,*,#5172,.F.);
#7189=ORIENTED_EDGE('',*,*,#5177,.F.);
#7190=ORIENTED_EDGE('',*,*,#5178,.T.);
#7191=ORIENTED_EDGE('',*,*,#5179,.T.);
#7192=ORIENTED_EDGE('',*,*,#5175,.F.);
#7193=ORIENTED_EDGE('',*,*,#5180,.F.);
#7194=ORIENTED_EDGE('',*,*,#5181,.T.);
#7195=ORIENTED_EDGE('',*,*,#5182,.T.);
#7196=ORIENTED_EDGE('',*,*,#5178,.F.);
#7197=ORIENTED_EDGE('',*,*,#5183,.F.);
#7198=ORIENTED_EDGE('',*,*,#5184,.T.);
#7199=ORIENTED_EDGE('',*,*,#5185,.T.);
#7200=ORIENTED_EDGE('',*,*,#5181,.F.);
#7201=ORIENTED_EDGE('',*,*,#5186,.F.);
#7202=ORIENTED_EDGE('',*,*,#5187,.T.);
#7203=ORIENTED_EDGE('',*,*,#5188,.T.);
#7204=ORIENTED_EDGE('',*,*,#5184,.F.);
#7205=ORIENTED_EDGE('',*,*,#5189,.F.);
#7206=ORIENTED_EDGE('',*,*,#5190,.T.);
#7207=ORIENTED_EDGE('',*,*,#5191,.T.);
#7208=ORIENTED_EDGE('',*,*,#5187,.F.);
#7209=ORIENTED_EDGE('',*,*,#5192,.F.);
#7210=ORIENTED_EDGE('',*,*,#5167,.T.);
#7211=ORIENTED_EDGE('',*,*,#5193,.T.);
#7212=ORIENTED_EDGE('',*,*,#5190,.F.);
#7213=ORIENTED_EDGE('',*,*,#5193,.F.);
#7214=ORIENTED_EDGE('',*,*,#5166,.F.);
#7215=ORIENTED_EDGE('',*,*,#5170,.F.);
#7216=ORIENTED_EDGE('',*,*,#5173,.F.);
#7217=ORIENTED_EDGE('',*,*,#5176,.F.);
#7218=ORIENTED_EDGE('',*,*,#5179,.F.);
#7219=ORIENTED_EDGE('',*,*,#5182,.F.);
#7220=ORIENTED_EDGE('',*,*,#5185,.F.);
#7221=ORIENTED_EDGE('',*,*,#5188,.F.);
#7222=ORIENTED_EDGE('',*,*,#5191,.F.);
#7223=ORIENTED_EDGE('',*,*,#5194,.F.);
#7224=ORIENTED_EDGE('',*,*,#5195,.T.);
#7225=ORIENTED_EDGE('',*,*,#5196,.T.);
#7226=ORIENTED_EDGE('',*,*,#5197,.F.);
#7227=ORIENTED_EDGE('',*,*,#5198,.F.);
#7228=ORIENTED_EDGE('',*,*,#5199,.T.);
#7229=ORIENTED_EDGE('',*,*,#5200,.T.);
#7230=ORIENTED_EDGE('',*,*,#5195,.F.);
#7231=ORIENTED_EDGE('',*,*,#5201,.F.);
#7232=ORIENTED_EDGE('',*,*,#5202,.T.);
#7233=ORIENTED_EDGE('',*,*,#5203,.T.);
#7234=ORIENTED_EDGE('',*,*,#5199,.F.);
#7235=ORIENTED_EDGE('',*,*,#5204,.F.);
#7236=ORIENTED_EDGE('',*,*,#5205,.T.);
#7237=ORIENTED_EDGE('',*,*,#5206,.T.);
#7238=ORIENTED_EDGE('',*,*,#5202,.F.);
#7239=ORIENTED_EDGE('',*,*,#5207,.F.);
#7240=ORIENTED_EDGE('',*,*,#5208,.T.);
#7241=ORIENTED_EDGE('',*,*,#5209,.T.);
#7242=ORIENTED_EDGE('',*,*,#5205,.F.);
#7243=ORIENTED_EDGE('',*,*,#5210,.F.);
#7244=ORIENTED_EDGE('',*,*,#5211,.T.);
#7245=ORIENTED_EDGE('',*,*,#5212,.T.);
#7246=ORIENTED_EDGE('',*,*,#5208,.F.);
#7247=ORIENTED_EDGE('',*,*,#5213,.F.);
#7248=ORIENTED_EDGE('',*,*,#5214,.T.);
#7249=ORIENTED_EDGE('',*,*,#5215,.T.);
#7250=ORIENTED_EDGE('',*,*,#5211,.F.);
#7251=ORIENTED_EDGE('',*,*,#5216,.F.);
#7252=ORIENTED_EDGE('',*,*,#5217,.T.);
#7253=ORIENTED_EDGE('',*,*,#5218,.T.);
#7254=ORIENTED_EDGE('',*,*,#5214,.F.);
#7255=ORIENTED_EDGE('',*,*,#5219,.F.);
#7256=ORIENTED_EDGE('',*,*,#5197,.T.);
#7257=ORIENTED_EDGE('',*,*,#5220,.T.);
#7258=ORIENTED_EDGE('',*,*,#5217,.F.);
#7259=ORIENTED_EDGE('',*,*,#5221,.F.);
#7260=ORIENTED_EDGE('',*,*,#5222,.T.);
#7261=ORIENTED_EDGE('',*,*,#5223,.T.);
#7262=ORIENTED_EDGE('',*,*,#5224,.F.);
#7263=ORIENTED_EDGE('',*,*,#5225,.F.);
#7264=ORIENTED_EDGE('',*,*,#5226,.T.);
#7265=ORIENTED_EDGE('',*,*,#5227,.T.);
#7266=ORIENTED_EDGE('',*,*,#5222,.F.);
#7267=ORIENTED_EDGE('',*,*,#5228,.F.);
#7268=ORIENTED_EDGE('',*,*,#5229,.T.);
#7269=ORIENTED_EDGE('',*,*,#5230,.T.);
#7270=ORIENTED_EDGE('',*,*,#5226,.F.);
#7271=ORIENTED_EDGE('',*,*,#5231,.F.);
#7272=ORIENTED_EDGE('',*,*,#5232,.T.);
#7273=ORIENTED_EDGE('',*,*,#5233,.T.);
#7274=ORIENTED_EDGE('',*,*,#5229,.F.);
#7275=ORIENTED_EDGE('',*,*,#5234,.F.);
#7276=ORIENTED_EDGE('',*,*,#5235,.T.);
#7277=ORIENTED_EDGE('',*,*,#5236,.T.);
#7278=ORIENTED_EDGE('',*,*,#5232,.F.);
#7279=ORIENTED_EDGE('',*,*,#5237,.F.);
#7280=ORIENTED_EDGE('',*,*,#5238,.T.);
#7281=ORIENTED_EDGE('',*,*,#5239,.T.);
#7282=ORIENTED_EDGE('',*,*,#5235,.F.);
#7283=ORIENTED_EDGE('',*,*,#5240,.F.);
#7284=ORIENTED_EDGE('',*,*,#5241,.T.);
#7285=ORIENTED_EDGE('',*,*,#5242,.T.);
#7286=ORIENTED_EDGE('',*,*,#5238,.F.);
#7287=ORIENTED_EDGE('',*,*,#5243,.F.);
#7288=ORIENTED_EDGE('',*,*,#5244,.T.);
#7289=ORIENTED_EDGE('',*,*,#5245,.T.);
#7290=ORIENTED_EDGE('',*,*,#5241,.F.);
#7291=ORIENTED_EDGE('',*,*,#5246,.F.);
#7292=ORIENTED_EDGE('',*,*,#5247,.T.);
#7293=ORIENTED_EDGE('',*,*,#5248,.T.);
#7294=ORIENTED_EDGE('',*,*,#5244,.F.);
#7295=ORIENTED_EDGE('',*,*,#5249,.F.);
#7296=ORIENTED_EDGE('',*,*,#5250,.T.);
#7297=ORIENTED_EDGE('',*,*,#5251,.T.);
#7298=ORIENTED_EDGE('',*,*,#5247,.F.);
#7299=ORIENTED_EDGE('',*,*,#5252,.F.);
#7300=ORIENTED_EDGE('',*,*,#5253,.T.);
#7301=ORIENTED_EDGE('',*,*,#5254,.T.);
#7302=ORIENTED_EDGE('',*,*,#5250,.F.);
#7303=ORIENTED_EDGE('',*,*,#5255,.F.);
#7304=ORIENTED_EDGE('',*,*,#5256,.T.);
#7305=ORIENTED_EDGE('',*,*,#5257,.T.);
#7306=ORIENTED_EDGE('',*,*,#5253,.F.);
#7307=ORIENTED_EDGE('',*,*,#5258,.F.);
#7308=ORIENTED_EDGE('',*,*,#5259,.T.);
#7309=ORIENTED_EDGE('',*,*,#5260,.T.);
#7310=ORIENTED_EDGE('',*,*,#5256,.F.);
#7311=ORIENTED_EDGE('',*,*,#5261,.F.);
#7312=ORIENTED_EDGE('',*,*,#5262,.T.);
#7313=ORIENTED_EDGE('',*,*,#5263,.T.);
#7314=ORIENTED_EDGE('',*,*,#5259,.F.);
#7315=ORIENTED_EDGE('',*,*,#5264,.F.);
#7316=ORIENTED_EDGE('',*,*,#5265,.T.);
#7317=ORIENTED_EDGE('',*,*,#5266,.T.);
#7318=ORIENTED_EDGE('',*,*,#5262,.F.);
#7319=ORIENTED_EDGE('',*,*,#5267,.F.);
#7320=ORIENTED_EDGE('',*,*,#5268,.T.);
#7321=ORIENTED_EDGE('',*,*,#5269,.T.);
#7322=ORIENTED_EDGE('',*,*,#5265,.F.);
#7323=ORIENTED_EDGE('',*,*,#5270,.F.);
#7324=ORIENTED_EDGE('',*,*,#5224,.T.);
#7325=ORIENTED_EDGE('',*,*,#5271,.T.);
#7326=ORIENTED_EDGE('',*,*,#5268,.F.);
#7327=ORIENTED_EDGE('',*,*,#5271,.F.);
#7328=ORIENTED_EDGE('',*,*,#5223,.F.);
#7329=ORIENTED_EDGE('',*,*,#5227,.F.);
#7330=ORIENTED_EDGE('',*,*,#5230,.F.);
#7331=ORIENTED_EDGE('',*,*,#5233,.F.);
#7332=ORIENTED_EDGE('',*,*,#5236,.F.);
#7333=ORIENTED_EDGE('',*,*,#5239,.F.);
#7334=ORIENTED_EDGE('',*,*,#5242,.F.);
#7335=ORIENTED_EDGE('',*,*,#5245,.F.);
#7336=ORIENTED_EDGE('',*,*,#5248,.F.);
#7337=ORIENTED_EDGE('',*,*,#5251,.F.);
#7338=ORIENTED_EDGE('',*,*,#5254,.F.);
#7339=ORIENTED_EDGE('',*,*,#5257,.F.);
#7340=ORIENTED_EDGE('',*,*,#5260,.F.);
#7341=ORIENTED_EDGE('',*,*,#5263,.F.);
#7342=ORIENTED_EDGE('',*,*,#5266,.F.);
#7343=ORIENTED_EDGE('',*,*,#5269,.F.);
#7344=ORIENTED_EDGE('',*,*,#5220,.F.);
#7345=ORIENTED_EDGE('',*,*,#5196,.F.);
#7346=ORIENTED_EDGE('',*,*,#5200,.F.);
#7347=ORIENTED_EDGE('',*,*,#5203,.F.);
#7348=ORIENTED_EDGE('',*,*,#5206,.F.);
#7349=ORIENTED_EDGE('',*,*,#5209,.F.);
#7350=ORIENTED_EDGE('',*,*,#5212,.F.);
#7351=ORIENTED_EDGE('',*,*,#5215,.F.);
#7352=ORIENTED_EDGE('',*,*,#5218,.F.);
#7353=ORIENTED_EDGE('',*,*,#5272,.F.);
#7354=ORIENTED_EDGE('',*,*,#5273,.T.);
#7355=ORIENTED_EDGE('',*,*,#5274,.T.);
#7356=ORIENTED_EDGE('',*,*,#5275,.F.);
#7357=ORIENTED_EDGE('',*,*,#5276,.F.);
#7358=ORIENTED_EDGE('',*,*,#5277,.T.);
#7359=ORIENTED_EDGE('',*,*,#5278,.T.);
#7360=ORIENTED_EDGE('',*,*,#5273,.F.);
#7361=ORIENTED_EDGE('',*,*,#5279,.F.);
#7362=ORIENTED_EDGE('',*,*,#5280,.T.);
#7363=ORIENTED_EDGE('',*,*,#5281,.T.);
#7364=ORIENTED_EDGE('',*,*,#5277,.F.);
#7365=ORIENTED_EDGE('',*,*,#5282,.F.);
#7366=ORIENTED_EDGE('',*,*,#5283,.T.);
#7367=ORIENTED_EDGE('',*,*,#5284,.T.);
#7368=ORIENTED_EDGE('',*,*,#5280,.F.);
#7369=ORIENTED_EDGE('',*,*,#5285,.F.);
#7370=ORIENTED_EDGE('',*,*,#5286,.T.);
#7371=ORIENTED_EDGE('',*,*,#5287,.T.);
#7372=ORIENTED_EDGE('',*,*,#5283,.F.);
#7373=ORIENTED_EDGE('',*,*,#5288,.F.);
#7374=ORIENTED_EDGE('',*,*,#5289,.T.);
#7375=ORIENTED_EDGE('',*,*,#5290,.T.);
#7376=ORIENTED_EDGE('',*,*,#5286,.F.);
#7377=ORIENTED_EDGE('',*,*,#5291,.F.);
#7378=ORIENTED_EDGE('',*,*,#5275,.T.);
#7379=ORIENTED_EDGE('',*,*,#5292,.T.);
#7380=ORIENTED_EDGE('',*,*,#5289,.F.);
#7381=ORIENTED_EDGE('',*,*,#5293,.F.);
#7382=ORIENTED_EDGE('',*,*,#5294,.T.);
#7383=ORIENTED_EDGE('',*,*,#5295,.T.);
#7384=ORIENTED_EDGE('',*,*,#5296,.F.);
#7385=ORIENTED_EDGE('',*,*,#5297,.F.);
#7386=ORIENTED_EDGE('',*,*,#5298,.T.);
#7387=ORIENTED_EDGE('',*,*,#5299,.T.);
#7388=ORIENTED_EDGE('',*,*,#5294,.F.);
#7389=ORIENTED_EDGE('',*,*,#5300,.F.);
#7390=ORIENTED_EDGE('',*,*,#5301,.T.);
#7391=ORIENTED_EDGE('',*,*,#5302,.T.);
#7392=ORIENTED_EDGE('',*,*,#5298,.F.);
#7393=ORIENTED_EDGE('',*,*,#5303,.F.);
#7394=ORIENTED_EDGE('',*,*,#5304,.T.);
#7395=ORIENTED_EDGE('',*,*,#5305,.T.);
#7396=ORIENTED_EDGE('',*,*,#5301,.F.);
#7397=ORIENTED_EDGE('',*,*,#5306,.F.);
#7398=ORIENTED_EDGE('',*,*,#5307,.T.);
#7399=ORIENTED_EDGE('',*,*,#5308,.T.);
#7400=ORIENTED_EDGE('',*,*,#5304,.F.);
#7401=ORIENTED_EDGE('',*,*,#5309,.F.);
#7402=ORIENTED_EDGE('',*,*,#5310,.T.);
#7403=ORIENTED_EDGE('',*,*,#5311,.T.);
#7404=ORIENTED_EDGE('',*,*,#5307,.F.);
#7405=ORIENTED_EDGE('',*,*,#5312,.F.);
#7406=ORIENTED_EDGE('',*,*,#5313,.T.);
#7407=ORIENTED_EDGE('',*,*,#5314,.T.);
#7408=ORIENTED_EDGE('',*,*,#5310,.F.);
#7409=ORIENTED_EDGE('',*,*,#5315,.F.);
#7410=ORIENTED_EDGE('',*,*,#5316,.T.);
#7411=ORIENTED_EDGE('',*,*,#5317,.T.);
#7412=ORIENTED_EDGE('',*,*,#5313,.F.);
#7413=ORIENTED_EDGE('',*,*,#5318,.F.);
#7414=ORIENTED_EDGE('',*,*,#5319,.T.);
#7415=ORIENTED_EDGE('',*,*,#5320,.T.);
#7416=ORIENTED_EDGE('',*,*,#5316,.F.);
#7417=ORIENTED_EDGE('',*,*,#5321,.F.);
#7418=ORIENTED_EDGE('',*,*,#5322,.T.);
#7419=ORIENTED_EDGE('',*,*,#5323,.T.);
#7420=ORIENTED_EDGE('',*,*,#5319,.F.);
#7421=ORIENTED_EDGE('',*,*,#5324,.F.);
#7422=ORIENTED_EDGE('',*,*,#5325,.T.);
#7423=ORIENTED_EDGE('',*,*,#5326,.T.);
#7424=ORIENTED_EDGE('',*,*,#5322,.F.);
#7425=ORIENTED_EDGE('',*,*,#5327,.F.);
#7426=ORIENTED_EDGE('',*,*,#5328,.T.);
#7427=ORIENTED_EDGE('',*,*,#5329,.T.);
#7428=ORIENTED_EDGE('',*,*,#5325,.F.);
#7429=ORIENTED_EDGE('',*,*,#5330,.F.);
#7430=ORIENTED_EDGE('',*,*,#5296,.T.);
#7431=ORIENTED_EDGE('',*,*,#5331,.T.);
#7432=ORIENTED_EDGE('',*,*,#5328,.F.);
#7433=ORIENTED_EDGE('',*,*,#5331,.F.);
#7434=ORIENTED_EDGE('',*,*,#5295,.F.);
#7435=ORIENTED_EDGE('',*,*,#5299,.F.);
#7436=ORIENTED_EDGE('',*,*,#5302,.F.);
#7437=ORIENTED_EDGE('',*,*,#5305,.F.);
#7438=ORIENTED_EDGE('',*,*,#5308,.F.);
#7439=ORIENTED_EDGE('',*,*,#5311,.F.);
#7440=ORIENTED_EDGE('',*,*,#5314,.F.);
#7441=ORIENTED_EDGE('',*,*,#5317,.F.);
#7442=ORIENTED_EDGE('',*,*,#5320,.F.);
#7443=ORIENTED_EDGE('',*,*,#5323,.F.);
#7444=ORIENTED_EDGE('',*,*,#5326,.F.);
#7445=ORIENTED_EDGE('',*,*,#5329,.F.);
#7446=ORIENTED_EDGE('',*,*,#5292,.F.);
#7447=ORIENTED_EDGE('',*,*,#5274,.F.);
#7448=ORIENTED_EDGE('',*,*,#5278,.F.);
#7449=ORIENTED_EDGE('',*,*,#5281,.F.);
#7450=ORIENTED_EDGE('',*,*,#5284,.F.);
#7451=ORIENTED_EDGE('',*,*,#5287,.F.);
#7452=ORIENTED_EDGE('',*,*,#5290,.F.);
#7453=ORIENTED_EDGE('',*,*,#5332,.F.);
#7454=ORIENTED_EDGE('',*,*,#5333,.T.);
#7455=ORIENTED_EDGE('',*,*,#5334,.T.);
#7456=ORIENTED_EDGE('',*,*,#5335,.F.);
#7457=ORIENTED_EDGE('',*,*,#5336,.F.);
#7458=ORIENTED_EDGE('',*,*,#5337,.T.);
#7459=ORIENTED_EDGE('',*,*,#5338,.T.);
#7460=ORIENTED_EDGE('',*,*,#5333,.F.);
#7461=ORIENTED_EDGE('',*,*,#5339,.F.);
#7462=ORIENTED_EDGE('',*,*,#5340,.T.);
#7463=ORIENTED_EDGE('',*,*,#5341,.T.);
#7464=ORIENTED_EDGE('',*,*,#5337,.F.);
#7465=ORIENTED_EDGE('',*,*,#5342,.F.);
#7466=ORIENTED_EDGE('',*,*,#5343,.T.);
#7467=ORIENTED_EDGE('',*,*,#5344,.T.);
#7468=ORIENTED_EDGE('',*,*,#5340,.F.);
#7469=ORIENTED_EDGE('',*,*,#5345,.F.);
#7470=ORIENTED_EDGE('',*,*,#5346,.T.);
#7471=ORIENTED_EDGE('',*,*,#5347,.T.);
#7472=ORIENTED_EDGE('',*,*,#5343,.F.);
#7473=ORIENTED_EDGE('',*,*,#5348,.F.);
#7474=ORIENTED_EDGE('',*,*,#5349,.T.);
#7475=ORIENTED_EDGE('',*,*,#5350,.T.);
#7476=ORIENTED_EDGE('',*,*,#5346,.F.);
#7477=ORIENTED_EDGE('',*,*,#5351,.F.);
#7478=ORIENTED_EDGE('',*,*,#5352,.T.);
#7479=ORIENTED_EDGE('',*,*,#5353,.T.);
#7480=ORIENTED_EDGE('',*,*,#5349,.F.);
#7481=ORIENTED_EDGE('',*,*,#5354,.F.);
#7482=ORIENTED_EDGE('',*,*,#5355,.T.);
#7483=ORIENTED_EDGE('',*,*,#5356,.T.);
#7484=ORIENTED_EDGE('',*,*,#5352,.F.);
#7485=ORIENTED_EDGE('',*,*,#5357,.F.);
#7486=ORIENTED_EDGE('',*,*,#5358,.T.);
#7487=ORIENTED_EDGE('',*,*,#5359,.T.);
#7488=ORIENTED_EDGE('',*,*,#5355,.F.);
#7489=ORIENTED_EDGE('',*,*,#5360,.F.);
#7490=ORIENTED_EDGE('',*,*,#5361,.T.);
#7491=ORIENTED_EDGE('',*,*,#5362,.T.);
#7492=ORIENTED_EDGE('',*,*,#5358,.F.);
#7493=ORIENTED_EDGE('',*,*,#5363,.F.);
#7494=ORIENTED_EDGE('',*,*,#5364,.T.);
#7495=ORIENTED_EDGE('',*,*,#5365,.T.);
#7496=ORIENTED_EDGE('',*,*,#5361,.F.);
#7497=ORIENTED_EDGE('',*,*,#5366,.F.);
#7498=ORIENTED_EDGE('',*,*,#5335,.T.);
#7499=ORIENTED_EDGE('',*,*,#5367,.T.);
#7500=ORIENTED_EDGE('',*,*,#5364,.F.);
#7501=ORIENTED_EDGE('',*,*,#5368,.F.);
#7502=ORIENTED_EDGE('',*,*,#5369,.T.);
#7503=ORIENTED_EDGE('',*,*,#5370,.T.);
#7504=ORIENTED_EDGE('',*,*,#5371,.F.);
#7505=ORIENTED_EDGE('',*,*,#5372,.F.);
#7506=ORIENTED_EDGE('',*,*,#5373,.T.);
#7507=ORIENTED_EDGE('',*,*,#5374,.T.);
#7508=ORIENTED_EDGE('',*,*,#5369,.F.);
#7509=ORIENTED_EDGE('',*,*,#5375,.F.);
#7510=ORIENTED_EDGE('',*,*,#5376,.T.);
#7511=ORIENTED_EDGE('',*,*,#5377,.T.);
#7512=ORIENTED_EDGE('',*,*,#5373,.F.);
#7513=ORIENTED_EDGE('',*,*,#5378,.F.);
#7514=ORIENTED_EDGE('',*,*,#5379,.T.);
#7515=ORIENTED_EDGE('',*,*,#5380,.T.);
#7516=ORIENTED_EDGE('',*,*,#5376,.F.);
#7517=ORIENTED_EDGE('',*,*,#5381,.F.);
#7518=ORIENTED_EDGE('',*,*,#5382,.T.);
#7519=ORIENTED_EDGE('',*,*,#5383,.T.);
#7520=ORIENTED_EDGE('',*,*,#5379,.F.);
#7521=ORIENTED_EDGE('',*,*,#5384,.F.);
#7522=ORIENTED_EDGE('',*,*,#5385,.T.);
#7523=ORIENTED_EDGE('',*,*,#5386,.T.);
#7524=ORIENTED_EDGE('',*,*,#5382,.F.);
#7525=ORIENTED_EDGE('',*,*,#5387,.F.);
#7526=ORIENTED_EDGE('',*,*,#5388,.T.);
#7527=ORIENTED_EDGE('',*,*,#5389,.T.);
#7528=ORIENTED_EDGE('',*,*,#5385,.F.);
#7529=ORIENTED_EDGE('',*,*,#5390,.F.);
#7530=ORIENTED_EDGE('',*,*,#5391,.T.);
#7531=ORIENTED_EDGE('',*,*,#5392,.T.);
#7532=ORIENTED_EDGE('',*,*,#5388,.F.);
#7533=ORIENTED_EDGE('',*,*,#5393,.F.);
#7534=ORIENTED_EDGE('',*,*,#5394,.T.);
#7535=ORIENTED_EDGE('',*,*,#5395,.T.);
#7536=ORIENTED_EDGE('',*,*,#5391,.F.);
#7537=ORIENTED_EDGE('',*,*,#5396,.F.);
#7538=ORIENTED_EDGE('',*,*,#5397,.T.);
#7539=ORIENTED_EDGE('',*,*,#5398,.T.);
#7540=ORIENTED_EDGE('',*,*,#5394,.F.);
#7541=ORIENTED_EDGE('',*,*,#5399,.F.);
#7542=ORIENTED_EDGE('',*,*,#5400,.T.);
#7543=ORIENTED_EDGE('',*,*,#5401,.T.);
#7544=ORIENTED_EDGE('',*,*,#5397,.F.);
#7545=ORIENTED_EDGE('',*,*,#5402,.F.);
#7546=ORIENTED_EDGE('',*,*,#5403,.T.);
#7547=ORIENTED_EDGE('',*,*,#5404,.T.);
#7548=ORIENTED_EDGE('',*,*,#5400,.F.);
#7549=ORIENTED_EDGE('',*,*,#5405,.F.);
#7550=ORIENTED_EDGE('',*,*,#5406,.T.);
#7551=ORIENTED_EDGE('',*,*,#5407,.T.);
#7552=ORIENTED_EDGE('',*,*,#5403,.F.);
#7553=ORIENTED_EDGE('',*,*,#5408,.F.);
#7554=ORIENTED_EDGE('',*,*,#5409,.T.);
#7555=ORIENTED_EDGE('',*,*,#5410,.T.);
#7556=ORIENTED_EDGE('',*,*,#5406,.F.);
#7557=ORIENTED_EDGE('',*,*,#5411,.F.);
#7558=ORIENTED_EDGE('',*,*,#5412,.T.);
#7559=ORIENTED_EDGE('',*,*,#5413,.T.);
#7560=ORIENTED_EDGE('',*,*,#5409,.F.);
#7561=ORIENTED_EDGE('',*,*,#5414,.F.);
#7562=ORIENTED_EDGE('',*,*,#5415,.T.);
#7563=ORIENTED_EDGE('',*,*,#5416,.T.);
#7564=ORIENTED_EDGE('',*,*,#5412,.F.);
#7565=ORIENTED_EDGE('',*,*,#5417,.F.);
#7566=ORIENTED_EDGE('',*,*,#5418,.T.);
#7567=ORIENTED_EDGE('',*,*,#5419,.T.);
#7568=ORIENTED_EDGE('',*,*,#5415,.F.);
#7569=ORIENTED_EDGE('',*,*,#5420,.F.);
#7570=ORIENTED_EDGE('',*,*,#5421,.T.);
#7571=ORIENTED_EDGE('',*,*,#5422,.T.);
#7572=ORIENTED_EDGE('',*,*,#5418,.F.);
#7573=ORIENTED_EDGE('',*,*,#5423,.F.);
#7574=ORIENTED_EDGE('',*,*,#5424,.T.);
#7575=ORIENTED_EDGE('',*,*,#5425,.T.);
#7576=ORIENTED_EDGE('',*,*,#5421,.F.);
#7577=ORIENTED_EDGE('',*,*,#5426,.F.);
#7578=ORIENTED_EDGE('',*,*,#5427,.T.);
#7579=ORIENTED_EDGE('',*,*,#5428,.T.);
#7580=ORIENTED_EDGE('',*,*,#5424,.F.);
#7581=ORIENTED_EDGE('',*,*,#5429,.F.);
#7582=ORIENTED_EDGE('',*,*,#5430,.T.);
#7583=ORIENTED_EDGE('',*,*,#5431,.T.);
#7584=ORIENTED_EDGE('',*,*,#5427,.F.);
#7585=ORIENTED_EDGE('',*,*,#5432,.F.);
#7586=ORIENTED_EDGE('',*,*,#5433,.T.);
#7587=ORIENTED_EDGE('',*,*,#5434,.T.);
#7588=ORIENTED_EDGE('',*,*,#5430,.F.);
#7589=ORIENTED_EDGE('',*,*,#5435,.F.);
#7590=ORIENTED_EDGE('',*,*,#5436,.T.);
#7591=ORIENTED_EDGE('',*,*,#5437,.T.);
#7592=ORIENTED_EDGE('',*,*,#5433,.F.);
#7593=ORIENTED_EDGE('',*,*,#5438,.F.);
#7594=ORIENTED_EDGE('',*,*,#5439,.T.);
#7595=ORIENTED_EDGE('',*,*,#5440,.T.);
#7596=ORIENTED_EDGE('',*,*,#5436,.F.);
#7597=ORIENTED_EDGE('',*,*,#5441,.F.);
#7598=ORIENTED_EDGE('',*,*,#5442,.T.);
#7599=ORIENTED_EDGE('',*,*,#5443,.T.);
#7600=ORIENTED_EDGE('',*,*,#5439,.F.);
#7601=ORIENTED_EDGE('',*,*,#5444,.F.);
#7602=ORIENTED_EDGE('',*,*,#5371,.T.);
#7603=ORIENTED_EDGE('',*,*,#5445,.T.);
#7604=ORIENTED_EDGE('',*,*,#5442,.F.);
#7605=ORIENTED_EDGE('',*,*,#5445,.F.);
#7606=ORIENTED_EDGE('',*,*,#5370,.F.);
#7607=ORIENTED_EDGE('',*,*,#5374,.F.);
#7608=ORIENTED_EDGE('',*,*,#5377,.F.);
#7609=ORIENTED_EDGE('',*,*,#5380,.F.);
#7610=ORIENTED_EDGE('',*,*,#5383,.F.);
#7611=ORIENTED_EDGE('',*,*,#5386,.F.);
#7612=ORIENTED_EDGE('',*,*,#5389,.F.);
#7613=ORIENTED_EDGE('',*,*,#5392,.F.);
#7614=ORIENTED_EDGE('',*,*,#5395,.F.);
#7615=ORIENTED_EDGE('',*,*,#5398,.F.);
#7616=ORIENTED_EDGE('',*,*,#5401,.F.);
#7617=ORIENTED_EDGE('',*,*,#5404,.F.);
#7618=ORIENTED_EDGE('',*,*,#5407,.F.);
#7619=ORIENTED_EDGE('',*,*,#5410,.F.);
#7620=ORIENTED_EDGE('',*,*,#5413,.F.);
#7621=ORIENTED_EDGE('',*,*,#5416,.F.);
#7622=ORIENTED_EDGE('',*,*,#5419,.F.);
#7623=ORIENTED_EDGE('',*,*,#5422,.F.);
#7624=ORIENTED_EDGE('',*,*,#5425,.F.);
#7625=ORIENTED_EDGE('',*,*,#5428,.F.);
#7626=ORIENTED_EDGE('',*,*,#5431,.F.);
#7627=ORIENTED_EDGE('',*,*,#5434,.F.);
#7628=ORIENTED_EDGE('',*,*,#5437,.F.);
#7629=ORIENTED_EDGE('',*,*,#5440,.F.);
#7630=ORIENTED_EDGE('',*,*,#5443,.F.);
#7631=ORIENTED_EDGE('',*,*,#5367,.F.);
#7632=ORIENTED_EDGE('',*,*,#5334,.F.);
#7633=ORIENTED_EDGE('',*,*,#5338,.F.);
#7634=ORIENTED_EDGE('',*,*,#5341,.F.);
#7635=ORIENTED_EDGE('',*,*,#5344,.F.);
#7636=ORIENTED_EDGE('',*,*,#5347,.F.);
#7637=ORIENTED_EDGE('',*,*,#5350,.F.);
#7638=ORIENTED_EDGE('',*,*,#5353,.F.);
#7639=ORIENTED_EDGE('',*,*,#5356,.F.);
#7640=ORIENTED_EDGE('',*,*,#5359,.F.);
#7641=ORIENTED_EDGE('',*,*,#5362,.F.);
#7642=ORIENTED_EDGE('',*,*,#5365,.F.);
#7643=ORIENTED_EDGE('',*,*,#5446,.F.);
#7644=ORIENTED_EDGE('',*,*,#5447,.T.);
#7645=ORIENTED_EDGE('',*,*,#5448,.T.);
#7646=ORIENTED_EDGE('',*,*,#5449,.F.);
#7647=ORIENTED_EDGE('',*,*,#5450,.F.);
#7648=ORIENTED_EDGE('',*,*,#5451,.T.);
#7649=ORIENTED_EDGE('',*,*,#5452,.T.);
#7650=ORIENTED_EDGE('',*,*,#5447,.F.);
#7651=ORIENTED_EDGE('',*,*,#5453,.F.);
#7652=ORIENTED_EDGE('',*,*,#5454,.T.);
#7653=ORIENTED_EDGE('',*,*,#5455,.T.);
#7654=ORIENTED_EDGE('',*,*,#5451,.F.);
#7655=ORIENTED_EDGE('',*,*,#5456,.F.);
#7656=ORIENTED_EDGE('',*,*,#5457,.T.);
#7657=ORIENTED_EDGE('',*,*,#5458,.T.);
#7658=ORIENTED_EDGE('',*,*,#5454,.F.);
#7659=ORIENTED_EDGE('',*,*,#5459,.F.);
#7660=ORIENTED_EDGE('',*,*,#5460,.T.);
#7661=ORIENTED_EDGE('',*,*,#5461,.T.);
#7662=ORIENTED_EDGE('',*,*,#5457,.F.);
#7663=ORIENTED_EDGE('',*,*,#5462,.F.);
#7664=ORIENTED_EDGE('',*,*,#5463,.T.);
#7665=ORIENTED_EDGE('',*,*,#5464,.T.);
#7666=ORIENTED_EDGE('',*,*,#5460,.F.);
#7667=ORIENTED_EDGE('',*,*,#5465,.F.);
#7668=ORIENTED_EDGE('',*,*,#5466,.T.);
#7669=ORIENTED_EDGE('',*,*,#5467,.T.);
#7670=ORIENTED_EDGE('',*,*,#5463,.F.);
#7671=ORIENTED_EDGE('',*,*,#5468,.F.);
#7672=ORIENTED_EDGE('',*,*,#5469,.T.);
#7673=ORIENTED_EDGE('',*,*,#5470,.T.);
#7674=ORIENTED_EDGE('',*,*,#5466,.F.);
#7675=ORIENTED_EDGE('',*,*,#5471,.F.);
#7676=ORIENTED_EDGE('',*,*,#5472,.T.);
#7677=ORIENTED_EDGE('',*,*,#5473,.T.);
#7678=ORIENTED_EDGE('',*,*,#5469,.F.);
#7679=ORIENTED_EDGE('',*,*,#5474,.F.);
#7680=ORIENTED_EDGE('',*,*,#5449,.T.);
#7681=ORIENTED_EDGE('',*,*,#5475,.T.);
#7682=ORIENTED_EDGE('',*,*,#5472,.F.);
#7683=ORIENTED_EDGE('',*,*,#5475,.F.);
#7684=ORIENTED_EDGE('',*,*,#5448,.F.);
#7685=ORIENTED_EDGE('',*,*,#5452,.F.);
#7686=ORIENTED_EDGE('',*,*,#5455,.F.);
#7687=ORIENTED_EDGE('',*,*,#5458,.F.);
#7688=ORIENTED_EDGE('',*,*,#5461,.F.);
#7689=ORIENTED_EDGE('',*,*,#5464,.F.);
#7690=ORIENTED_EDGE('',*,*,#5467,.F.);
#7691=ORIENTED_EDGE('',*,*,#5470,.F.);
#7692=ORIENTED_EDGE('',*,*,#5473,.F.);
#7693=ORIENTED_EDGE('',*,*,#5476,.F.);
#7694=ORIENTED_EDGE('',*,*,#5477,.T.);
#7695=ORIENTED_EDGE('',*,*,#5478,.T.);
#7696=ORIENTED_EDGE('',*,*,#5479,.F.);
#7697=ORIENTED_EDGE('',*,*,#5480,.F.);
#7698=ORIENTED_EDGE('',*,*,#5481,.T.);
#7699=ORIENTED_EDGE('',*,*,#5482,.T.);
#7700=ORIENTED_EDGE('',*,*,#5477,.F.);
#7701=ORIENTED_EDGE('',*,*,#5483,.F.);
#7702=ORIENTED_EDGE('',*,*,#5484,.T.);
#7703=ORIENTED_EDGE('',*,*,#5485,.T.);
#7704=ORIENTED_EDGE('',*,*,#5481,.F.);
#7705=ORIENTED_EDGE('',*,*,#5486,.F.);
#7706=ORIENTED_EDGE('',*,*,#5487,.T.);
#7707=ORIENTED_EDGE('',*,*,#5488,.T.);
#7708=ORIENTED_EDGE('',*,*,#5484,.F.);
#7709=ORIENTED_EDGE('',*,*,#5489,.F.);
#7710=ORIENTED_EDGE('',*,*,#5490,.T.);
#7711=ORIENTED_EDGE('',*,*,#5491,.T.);
#7712=ORIENTED_EDGE('',*,*,#5487,.F.);
#7713=ORIENTED_EDGE('',*,*,#5492,.F.);
#7714=ORIENTED_EDGE('',*,*,#5493,.T.);
#7715=ORIENTED_EDGE('',*,*,#5494,.T.);
#7716=ORIENTED_EDGE('',*,*,#5490,.F.);
#7717=ORIENTED_EDGE('',*,*,#5495,.F.);
#7718=ORIENTED_EDGE('',*,*,#5496,.T.);
#7719=ORIENTED_EDGE('',*,*,#5497,.T.);
#7720=ORIENTED_EDGE('',*,*,#5493,.F.);
#7721=ORIENTED_EDGE('',*,*,#5498,.F.);
#7722=ORIENTED_EDGE('',*,*,#5499,.T.);
#7723=ORIENTED_EDGE('',*,*,#5500,.T.);
#7724=ORIENTED_EDGE('',*,*,#5496,.F.);
#7725=ORIENTED_EDGE('',*,*,#5501,.F.);
#7726=ORIENTED_EDGE('',*,*,#5502,.T.);
#7727=ORIENTED_EDGE('',*,*,#5503,.T.);
#7728=ORIENTED_EDGE('',*,*,#5499,.F.);
#7729=ORIENTED_EDGE('',*,*,#5504,.F.);
#7730=ORIENTED_EDGE('',*,*,#5505,.T.);
#7731=ORIENTED_EDGE('',*,*,#5506,.T.);
#7732=ORIENTED_EDGE('',*,*,#5502,.F.);
#7733=ORIENTED_EDGE('',*,*,#5507,.F.);
#7734=ORIENTED_EDGE('',*,*,#5508,.T.);
#7735=ORIENTED_EDGE('',*,*,#5509,.T.);
#7736=ORIENTED_EDGE('',*,*,#5505,.F.);
#7737=ORIENTED_EDGE('',*,*,#5510,.F.);
#7738=ORIENTED_EDGE('',*,*,#5511,.T.);
#7739=ORIENTED_EDGE('',*,*,#5512,.T.);
#7740=ORIENTED_EDGE('',*,*,#5508,.F.);
#7741=ORIENTED_EDGE('',*,*,#5513,.F.);
#7742=ORIENTED_EDGE('',*,*,#5514,.T.);
#7743=ORIENTED_EDGE('',*,*,#5515,.T.);
#7744=ORIENTED_EDGE('',*,*,#5511,.F.);
#7745=ORIENTED_EDGE('',*,*,#5516,.F.);
#7746=ORIENTED_EDGE('',*,*,#5517,.T.);
#7747=ORIENTED_EDGE('',*,*,#5518,.T.);
#7748=ORIENTED_EDGE('',*,*,#5514,.F.);
#7749=ORIENTED_EDGE('',*,*,#5519,.F.);
#7750=ORIENTED_EDGE('',*,*,#5520,.T.);
#7751=ORIENTED_EDGE('',*,*,#5521,.T.);
#7752=ORIENTED_EDGE('',*,*,#5517,.F.);
#7753=ORIENTED_EDGE('',*,*,#5522,.F.);
#7754=ORIENTED_EDGE('',*,*,#5479,.T.);
#7755=ORIENTED_EDGE('',*,*,#5523,.T.);
#7756=ORIENTED_EDGE('',*,*,#5520,.F.);
#7757=ORIENTED_EDGE('',*,*,#5523,.F.);
#7758=ORIENTED_EDGE('',*,*,#5478,.F.);
#7759=ORIENTED_EDGE('',*,*,#5482,.F.);
#7760=ORIENTED_EDGE('',*,*,#5485,.F.);
#7761=ORIENTED_EDGE('',*,*,#5488,.F.);
#7762=ORIENTED_EDGE('',*,*,#5491,.F.);
#7763=ORIENTED_EDGE('',*,*,#5494,.F.);
#7764=ORIENTED_EDGE('',*,*,#5497,.F.);
#7765=ORIENTED_EDGE('',*,*,#5500,.F.);
#7766=ORIENTED_EDGE('',*,*,#5503,.F.);
#7767=ORIENTED_EDGE('',*,*,#5506,.F.);
#7768=ORIENTED_EDGE('',*,*,#5509,.F.);
#7769=ORIENTED_EDGE('',*,*,#5512,.F.);
#7770=ORIENTED_EDGE('',*,*,#5515,.F.);
#7771=ORIENTED_EDGE('',*,*,#5518,.F.);
#7772=ORIENTED_EDGE('',*,*,#5521,.F.);
#7773=ORIENTED_EDGE('',*,*,#5524,.F.);
#7774=ORIENTED_EDGE('',*,*,#5525,.T.);
#7775=ORIENTED_EDGE('',*,*,#5526,.T.);
#7776=ORIENTED_EDGE('',*,*,#5527,.F.);
#7777=ORIENTED_EDGE('',*,*,#5528,.F.);
#7778=ORIENTED_EDGE('',*,*,#5529,.T.);
#7779=ORIENTED_EDGE('',*,*,#5530,.T.);
#7780=ORIENTED_EDGE('',*,*,#5525,.F.);
#7781=ORIENTED_EDGE('',*,*,#5531,.F.);
#7782=ORIENTED_EDGE('',*,*,#5532,.T.);
#7783=ORIENTED_EDGE('',*,*,#5533,.T.);
#7784=ORIENTED_EDGE('',*,*,#5529,.F.);
#7785=ORIENTED_EDGE('',*,*,#5534,.F.);
#7786=ORIENTED_EDGE('',*,*,#5535,.T.);
#7787=ORIENTED_EDGE('',*,*,#5536,.T.);
#7788=ORIENTED_EDGE('',*,*,#5532,.F.);
#7789=ORIENTED_EDGE('',*,*,#5537,.F.);
#7790=ORIENTED_EDGE('',*,*,#5538,.T.);
#7791=ORIENTED_EDGE('',*,*,#5539,.T.);
#7792=ORIENTED_EDGE('',*,*,#5535,.F.);
#7793=ORIENTED_EDGE('',*,*,#5540,.F.);
#7794=ORIENTED_EDGE('',*,*,#5541,.T.);
#7795=ORIENTED_EDGE('',*,*,#5542,.T.);
#7796=ORIENTED_EDGE('',*,*,#5538,.F.);
#7797=ORIENTED_EDGE('',*,*,#5543,.F.);
#7798=ORIENTED_EDGE('',*,*,#5544,.T.);
#7799=ORIENTED_EDGE('',*,*,#5545,.T.);
#7800=ORIENTED_EDGE('',*,*,#5541,.F.);
#7801=ORIENTED_EDGE('',*,*,#5546,.F.);
#7802=ORIENTED_EDGE('',*,*,#5547,.T.);
#7803=ORIENTED_EDGE('',*,*,#5548,.T.);
#7804=ORIENTED_EDGE('',*,*,#5544,.F.);
#7805=ORIENTED_EDGE('',*,*,#5549,.F.);
#7806=ORIENTED_EDGE('',*,*,#5550,.T.);
#7807=ORIENTED_EDGE('',*,*,#5551,.T.);
#7808=ORIENTED_EDGE('',*,*,#5547,.F.);
#7809=ORIENTED_EDGE('',*,*,#5552,.F.);
#7810=ORIENTED_EDGE('',*,*,#5527,.T.);
#7811=ORIENTED_EDGE('',*,*,#5553,.T.);
#7812=ORIENTED_EDGE('',*,*,#5550,.F.);
#7813=ORIENTED_EDGE('',*,*,#5553,.F.);
#7814=ORIENTED_EDGE('',*,*,#5526,.F.);
#7815=ORIENTED_EDGE('',*,*,#5530,.F.);
#7816=ORIENTED_EDGE('',*,*,#5533,.F.);
#7817=ORIENTED_EDGE('',*,*,#5536,.F.);
#7818=ORIENTED_EDGE('',*,*,#5539,.F.);
#7819=ORIENTED_EDGE('',*,*,#5542,.F.);
#7820=ORIENTED_EDGE('',*,*,#5545,.F.);
#7821=ORIENTED_EDGE('',*,*,#5548,.F.);
#7822=ORIENTED_EDGE('',*,*,#5551,.F.);
#7823=ORIENTED_EDGE('',*,*,#5332,.T.);
#7824=ORIENTED_EDGE('',*,*,#5366,.T.);
#7825=ORIENTED_EDGE('',*,*,#5363,.T.);
#7826=ORIENTED_EDGE('',*,*,#5360,.T.);
#7827=ORIENTED_EDGE('',*,*,#5357,.T.);
#7828=ORIENTED_EDGE('',*,*,#5354,.T.);
#7829=ORIENTED_EDGE('',*,*,#5351,.T.);
#7830=ORIENTED_EDGE('',*,*,#5348,.T.);
#7831=ORIENTED_EDGE('',*,*,#5345,.T.);
#7832=ORIENTED_EDGE('',*,*,#5342,.T.);
#7833=ORIENTED_EDGE('',*,*,#5339,.T.);
#7834=ORIENTED_EDGE('',*,*,#5336,.T.);
#7835=ORIENTED_EDGE('',*,*,#5272,.T.);
#7836=ORIENTED_EDGE('',*,*,#5291,.T.);
#7837=ORIENTED_EDGE('',*,*,#5288,.T.);
#7838=ORIENTED_EDGE('',*,*,#5285,.T.);
#7839=ORIENTED_EDGE('',*,*,#5282,.T.);
#7840=ORIENTED_EDGE('',*,*,#5279,.T.);
#7841=ORIENTED_EDGE('',*,*,#5276,.T.);
#7842=ORIENTED_EDGE('',*,*,#5194,.T.);
#7843=ORIENTED_EDGE('',*,*,#5219,.T.);
#7844=ORIENTED_EDGE('',*,*,#5216,.T.);
#7845=ORIENTED_EDGE('',*,*,#5213,.T.);
#7846=ORIENTED_EDGE('',*,*,#5210,.T.);
#7847=ORIENTED_EDGE('',*,*,#5207,.T.);
#7848=ORIENTED_EDGE('',*,*,#5204,.T.);
#7849=ORIENTED_EDGE('',*,*,#5201,.T.);
#7850=ORIENTED_EDGE('',*,*,#5198,.T.);
#7851=ORIENTED_EDGE('',*,*,#5083,.F.);
#7852=ORIENTED_EDGE('',*,*,#5554,.T.);
#7853=ORIENTED_EDGE('',*,*,#5555,.F.);
#7854=ORIENTED_EDGE('',*,*,#5090,.T.);
#7855=ORIENTED_EDGE('',*,*,#5085,.F.);
#7856=ORIENTED_EDGE('',*,*,#5089,.T.);
#7857=ORIENTED_EDGE('',*,*,#5556,.F.);
#7858=ORIENTED_EDGE('',*,*,#5554,.F.);
#7859=ORIENTED_EDGE('',*,*,#5044,.F.);
#7860=ORIENTED_EDGE('',*,*,#5557,.T.);
#7861=ORIENTED_EDGE('',*,*,#5558,.F.);
#7862=ORIENTED_EDGE('',*,*,#5051,.T.);
#7863=ORIENTED_EDGE('',*,*,#5046,.F.);
#7864=ORIENTED_EDGE('',*,*,#5050,.T.);
#7865=ORIENTED_EDGE('',*,*,#5559,.F.);
#7866=ORIENTED_EDGE('',*,*,#5557,.F.);
#7867=ORIENTED_EDGE('',*,*,#5096,.F.);
#7868=ORIENTED_EDGE('',*,*,#5560,.F.);
#7869=ORIENTED_EDGE('',*,*,#5561,.F.);
#7870=ORIENTED_EDGE('',*,*,#5103,.F.);
#7871=ORIENTED_EDGE('',*,*,#5098,.F.);
#7872=ORIENTED_EDGE('',*,*,#5102,.T.);
#7873=ORIENTED_EDGE('',*,*,#5562,.F.);
#7874=ORIENTED_EDGE('',*,*,#5560,.T.);
#7875=ORIENTED_EDGE('',*,*,#5070,.F.);
#7876=ORIENTED_EDGE('',*,*,#5563,.T.);
#7877=ORIENTED_EDGE('',*,*,#5564,.F.);
#7878=ORIENTED_EDGE('',*,*,#5077,.T.);
#7879=ORIENTED_EDGE('',*,*,#5072,.F.);
#7880=ORIENTED_EDGE('',*,*,#5076,.T.);
#7881=ORIENTED_EDGE('',*,*,#5565,.F.);
#7882=ORIENTED_EDGE('',*,*,#5563,.F.);
#7883=ORIENTED_EDGE('',*,*,#5057,.F.);
#7884=ORIENTED_EDGE('',*,*,#5566,.F.);
#7885=ORIENTED_EDGE('',*,*,#5567,.F.);
#7886=ORIENTED_EDGE('',*,*,#5064,.F.);
#7887=ORIENTED_EDGE('',*,*,#5059,.F.);
#7888=ORIENTED_EDGE('',*,*,#5063,.T.);
#7889=ORIENTED_EDGE('',*,*,#5568,.F.);
#7890=ORIENTED_EDGE('',*,*,#5566,.T.);
#7891=ORIENTED_EDGE('',*,*,#5109,.F.);
#7892=ORIENTED_EDGE('',*,*,#5569,.F.);
#7893=ORIENTED_EDGE('',*,*,#5570,.F.);
#7894=ORIENTED_EDGE('',*,*,#5116,.F.);
#7895=ORIENTED_EDGE('',*,*,#5111,.F.);
#7896=ORIENTED_EDGE('',*,*,#5115,.T.);
#7897=ORIENTED_EDGE('',*,*,#5571,.F.);
#7898=ORIENTED_EDGE('',*,*,#5569,.T.);
#7899=ORIENTED_EDGE('',*,*,#5572,.F.);
#7900=ORIENTED_EDGE('',*,*,#5573,.F.);
#7901=ORIENTED_EDGE('',*,*,#5574,.F.);
#7902=ORIENTED_EDGE('',*,*,#5575,.T.);
#7903=ORIENTED_EDGE('',*,*,#5576,.T.);
#7904=ORIENTED_EDGE('',*,*,#5573,.T.);
#7905=ORIENTED_EDGE('',*,*,#5577,.T.);
#7906=ORIENTED_EDGE('',*,*,#5578,.F.);
#7907=ORIENTED_EDGE('',*,*,#5579,.F.);
#7908=ORIENTED_EDGE('',*,*,#5580,.F.);
#7909=ORIENTED_EDGE('',*,*,#5581,.T.);
#7910=ORIENTED_EDGE('',*,*,#5582,.T.);
#7911=ORIENTED_EDGE('',*,*,#5579,.T.);
#7912=ORIENTED_EDGE('',*,*,#5583,.T.);
#7913=ORIENTED_EDGE('',*,*,#5584,.F.);
#7914=ORIENTED_EDGE('',*,*,#5585,.F.);
#7915=ORIENTED_EDGE('',*,*,#5586,.F.);
#7916=ORIENTED_EDGE('',*,*,#5587,.T.);
#7917=ORIENTED_EDGE('',*,*,#5588,.T.);
#7918=ORIENTED_EDGE('',*,*,#5585,.T.);
#7919=ORIENTED_EDGE('',*,*,#5589,.T.);
#7920=ORIENTED_EDGE('',*,*,#5572,.T.);
#7921=ORIENTED_EDGE('',*,*,#5590,.T.);
#7922=ORIENTED_EDGE('',*,*,#5586,.T.);
#7923=ORIENTED_EDGE('',*,*,#5591,.T.);
#7924=ORIENTED_EDGE('',*,*,#5592,.F.);
#7925=ORIENTED_EDGE('',*,*,#5593,.F.);
#7926=ORIENTED_EDGE('',*,*,#5594,.F.);
#7927=ORIENTED_EDGE('',*,*,#5595,.T.);
#7928=ORIENTED_EDGE('',*,*,#5596,.T.);
#7929=ORIENTED_EDGE('',*,*,#5593,.T.);
#7930=ORIENTED_EDGE('',*,*,#5597,.T.);
#7931=ORIENTED_EDGE('',*,*,#5598,.F.);
#7932=ORIENTED_EDGE('',*,*,#5599,.F.);
#7933=ORIENTED_EDGE('',*,*,#5600,.F.);
#7934=ORIENTED_EDGE('',*,*,#5601,.T.);
#7935=ORIENTED_EDGE('',*,*,#5602,.T.);
#7936=ORIENTED_EDGE('',*,*,#5599,.T.);
#7937=ORIENTED_EDGE('',*,*,#5603,.T.);
#7938=ORIENTED_EDGE('',*,*,#5584,.T.);
#7939=ORIENTED_EDGE('',*,*,#5604,.T.);
#7940=ORIENTED_EDGE('',*,*,#5600,.T.);
#7941=ORIENTED_EDGE('',*,*,#5605,.T.);
#7942=ORIENTED_EDGE('',*,*,#5606,.F.);
#7943=ORIENTED_EDGE('',*,*,#5607,.F.);
#7944=ORIENTED_EDGE('',*,*,#5608,.F.);
#7945=ORIENTED_EDGE('',*,*,#5609,.T.);
#7946=ORIENTED_EDGE('',*,*,#5610,.T.);
#7947=ORIENTED_EDGE('',*,*,#5607,.T.);
#7948=ORIENTED_EDGE('',*,*,#5611,.T.);
#7949=ORIENTED_EDGE('',*,*,#5598,.T.);
#7950=ORIENTED_EDGE('',*,*,#5612,.T.);
#7951=ORIENTED_EDGE('',*,*,#5608,.T.);
#7952=ORIENTED_EDGE('',*,*,#5613,.T.);
#7953=ORIENTED_EDGE('',*,*,#5606,.T.);
#7954=ORIENTED_EDGE('',*,*,#5614,.T.);
#7955=ORIENTED_EDGE('',*,*,#5594,.T.);
#7956=ORIENTED_EDGE('',*,*,#5615,.T.);
#7957=ORIENTED_EDGE('',*,*,#5592,.T.);
#7958=ORIENTED_EDGE('',*,*,#5616,.T.);
#7959=ORIENTED_EDGE('',*,*,#5580,.T.);
#7960=ORIENTED_EDGE('',*,*,#5617,.T.);
#7961=ORIENTED_EDGE('',*,*,#5578,.T.);
#7962=ORIENTED_EDGE('',*,*,#5618,.T.);
#7963=ORIENTED_EDGE('',*,*,#5574,.T.);
#7964=ORIENTED_EDGE('',*,*,#5619,.T.);
#7965=ORIENTED_EDGE('',*,*,#5577,.F.);
#7966=ORIENTED_EDGE('',*,*,#5591,.F.);
#7967=ORIENTED_EDGE('',*,*,#5588,.F.);
#7968=ORIENTED_EDGE('',*,*,#5620,.F.);
#7969=ORIENTED_EDGE('',*,*,#5589,.F.);
#7970=ORIENTED_EDGE('',*,*,#5605,.F.);
#7971=ORIENTED_EDGE('',*,*,#5602,.F.);
#7972=ORIENTED_EDGE('',*,*,#5621,.T.);
#7973=ORIENTED_EDGE('',*,*,#5603,.F.);
#7974=ORIENTED_EDGE('',*,*,#5613,.F.);
#7975=ORIENTED_EDGE('',*,*,#5610,.F.);
#7976=ORIENTED_EDGE('',*,*,#5622,.F.);
#7977=ORIENTED_EDGE('',*,*,#5587,.F.);
#7978=ORIENTED_EDGE('',*,*,#5621,.F.);
#7979=ORIENTED_EDGE('',*,*,#5601,.F.);
#7980=ORIENTED_EDGE('',*,*,#5622,.T.);
#7981=ORIENTED_EDGE('',*,*,#5609,.F.);
#7982=ORIENTED_EDGE('',*,*,#5623,.T.);
#7983=ORIENTED_EDGE('',*,*,#5595,.F.);
#7984=ORIENTED_EDGE('',*,*,#5624,.F.);
#7985=ORIENTED_EDGE('',*,*,#5581,.F.);
#7986=ORIENTED_EDGE('',*,*,#5625,.T.);
#7987=ORIENTED_EDGE('',*,*,#5575,.F.);
#7988=ORIENTED_EDGE('',*,*,#5620,.T.);
#7989=ORIENTED_EDGE('',*,*,#5555,.T.);
#7990=ORIENTED_EDGE('',*,*,#5556,.T.);
#7991=ORIENTED_EDGE('',*,*,#5088,.T.);
#7992=ORIENTED_EDGE('',*,*,#5091,.T.);
#7993=ORIENTED_EDGE('',*,*,#5558,.T.);
#7994=ORIENTED_EDGE('',*,*,#5559,.T.);
#7995=ORIENTED_EDGE('',*,*,#5049,.T.);
#7996=ORIENTED_EDGE('',*,*,#5052,.T.);
#7997=ORIENTED_EDGE('',*,*,#5562,.T.);
#7998=ORIENTED_EDGE('',*,*,#5101,.T.);
#7999=ORIENTED_EDGE('',*,*,#5104,.T.);
#8000=ORIENTED_EDGE('',*,*,#5561,.T.);
#8001=ORIENTED_EDGE('',*,*,#5564,.T.);
#8002=ORIENTED_EDGE('',*,*,#5565,.T.);
#8003=ORIENTED_EDGE('',*,*,#5075,.T.);
#8004=ORIENTED_EDGE('',*,*,#5078,.T.);
#8005=ORIENTED_EDGE('',*,*,#5568,.T.);
#8006=ORIENTED_EDGE('',*,*,#5062,.T.);
#8007=ORIENTED_EDGE('',*,*,#5065,.T.);
#8008=ORIENTED_EDGE('',*,*,#5567,.T.);
#8009=ORIENTED_EDGE('',*,*,#5571,.T.);
#8010=ORIENTED_EDGE('',*,*,#5114,.T.);
#8011=ORIENTED_EDGE('',*,*,#5117,.T.);
#8012=ORIENTED_EDGE('',*,*,#5570,.T.);
#8013=ORIENTED_EDGE('',*,*,#5626,.T.);
#8014=ORIENTED_EDGE('',*,*,#5627,.T.);
#8015=ORIENTED_EDGE('',*,*,#5628,.T.);
#8016=ORIENTED_EDGE('',*,*,#5629,.T.);
#8017=ORIENTED_EDGE('',*,*,#5630,.T.);
#8018=ORIENTED_EDGE('',*,*,#5631,.T.);
#8019=ORIENTED_EDGE('',*,*,#5632,.T.);
#8020=ORIENTED_EDGE('',*,*,#5633,.T.);
#8021=ORIENTED_EDGE('',*,*,#5160,.T.);
#8022=ORIENTED_EDGE('',*,*,#5634,.T.);
#8023=ORIENTED_EDGE('',*,*,#5635,.T.);
#8024=ORIENTED_EDGE('',*,*,#5636,.T.);
#8025=ORIENTED_EDGE('',*,*,#5590,.F.);
#8026=ORIENTED_EDGE('',*,*,#5618,.F.);
#8027=ORIENTED_EDGE('',*,*,#5616,.F.);
#8028=ORIENTED_EDGE('',*,*,#5614,.F.);
#8029=ORIENTED_EDGE('',*,*,#5612,.F.);
#8030=ORIENTED_EDGE('',*,*,#5604,.F.);
#8031=ORIENTED_EDGE('',*,*,#5158,.T.);
#8032=ORIENTED_EDGE('',*,*,#5130,.F.);
#8033=ORIENTED_EDGE('',*,*,#5159,.T.);
#8034=ORIENTED_EDGE('',*,*,#5124,.F.);
#8035=ORIENTED_EDGE('',*,*,#5149,.T.);
#8036=ORIENTED_EDGE('',*,*,#5136,.F.);
#8037=ORIENTED_EDGE('',*,*,#5150,.T.);
#8038=ORIENTED_EDGE('',*,*,#5143,.F.);
#8039=ORIENTED_EDGE('',*,*,#5151,.T.);
#8040=ORIENTED_EDGE('',*,*,#4975,.F.);
#8041=ORIENTED_EDGE('',*,*,#4994,.T.);
#8042=ORIENTED_EDGE('',*,*,#4981,.F.);
#8043=ORIENTED_EDGE('',*,*,#5154,.T.);
#8044=ORIENTED_EDGE('',*,*,#5637,.T.);
#8045=ORIENTED_EDGE('',*,*,#5638,.T.);
#8046=ORIENTED_EDGE('',*,*,#5639,.T.);
#8047=ORIENTED_EDGE('',*,*,#5524,.T.);
#8048=ORIENTED_EDGE('',*,*,#5552,.T.);
#8049=ORIENTED_EDGE('',*,*,#5549,.T.);
#8050=ORIENTED_EDGE('',*,*,#5546,.T.);
#8051=ORIENTED_EDGE('',*,*,#5543,.T.);
#8052=ORIENTED_EDGE('',*,*,#5540,.T.);
#8053=ORIENTED_EDGE('',*,*,#5537,.T.);
#8054=ORIENTED_EDGE('',*,*,#5534,.T.);
#8055=ORIENTED_EDGE('',*,*,#5531,.T.);
#8056=ORIENTED_EDGE('',*,*,#5528,.T.);
#8057=ORIENTED_EDGE('',*,*,#5476,.T.);
#8058=ORIENTED_EDGE('',*,*,#5522,.T.);
#8059=ORIENTED_EDGE('',*,*,#5519,.T.);
#8060=ORIENTED_EDGE('',*,*,#5516,.T.);
#8061=ORIENTED_EDGE('',*,*,#5513,.T.);
#8062=ORIENTED_EDGE('',*,*,#5510,.T.);
#8063=ORIENTED_EDGE('',*,*,#5507,.T.);
#8064=ORIENTED_EDGE('',*,*,#5504,.T.);
#8065=ORIENTED_EDGE('',*,*,#5501,.T.);
#8066=ORIENTED_EDGE('',*,*,#5498,.T.);
#8067=ORIENTED_EDGE('',*,*,#5495,.T.);
#8068=ORIENTED_EDGE('',*,*,#5492,.T.);
#8069=ORIENTED_EDGE('',*,*,#5489,.T.);
#8070=ORIENTED_EDGE('',*,*,#5486,.T.);
#8071=ORIENTED_EDGE('',*,*,#5483,.T.);
#8072=ORIENTED_EDGE('',*,*,#5480,.T.);
#8073=ORIENTED_EDGE('',*,*,#5446,.T.);
#8074=ORIENTED_EDGE('',*,*,#5474,.T.);
#8075=ORIENTED_EDGE('',*,*,#5471,.T.);
#8076=ORIENTED_EDGE('',*,*,#5468,.T.);
#8077=ORIENTED_EDGE('',*,*,#5465,.T.);
#8078=ORIENTED_EDGE('',*,*,#5462,.T.);
#8079=ORIENTED_EDGE('',*,*,#5459,.T.);
#8080=ORIENTED_EDGE('',*,*,#5456,.T.);
#8081=ORIENTED_EDGE('',*,*,#5453,.T.);
#8082=ORIENTED_EDGE('',*,*,#5450,.T.);
#8083=ORIENTED_EDGE('',*,*,#5368,.T.);
#8084=ORIENTED_EDGE('',*,*,#5444,.T.);
#8085=ORIENTED_EDGE('',*,*,#5441,.T.);
#8086=ORIENTED_EDGE('',*,*,#5438,.T.);
#8087=ORIENTED_EDGE('',*,*,#5435,.T.);
#8088=ORIENTED_EDGE('',*,*,#5432,.T.);
#8089=ORIENTED_EDGE('',*,*,#5429,.T.);
#8090=ORIENTED_EDGE('',*,*,#5426,.T.);
#8091=ORIENTED_EDGE('',*,*,#5423,.T.);
#8092=ORIENTED_EDGE('',*,*,#5420,.T.);
#8093=ORIENTED_EDGE('',*,*,#5417,.T.);
#8094=ORIENTED_EDGE('',*,*,#5414,.T.);
#8095=ORIENTED_EDGE('',*,*,#5411,.T.);
#8096=ORIENTED_EDGE('',*,*,#5408,.T.);
#8097=ORIENTED_EDGE('',*,*,#5405,.T.);
#8098=ORIENTED_EDGE('',*,*,#5402,.T.);
#8099=ORIENTED_EDGE('',*,*,#5399,.T.);
#8100=ORIENTED_EDGE('',*,*,#5396,.T.);
#8101=ORIENTED_EDGE('',*,*,#5393,.T.);
#8102=ORIENTED_EDGE('',*,*,#5390,.T.);
#8103=ORIENTED_EDGE('',*,*,#5387,.T.);
#8104=ORIENTED_EDGE('',*,*,#5384,.T.);
#8105=ORIENTED_EDGE('',*,*,#5381,.T.);
#8106=ORIENTED_EDGE('',*,*,#5378,.T.);
#8107=ORIENTED_EDGE('',*,*,#5375,.T.);
#8108=ORIENTED_EDGE('',*,*,#5372,.T.);
#8109=ORIENTED_EDGE('',*,*,#5293,.T.);
#8110=ORIENTED_EDGE('',*,*,#5330,.T.);
#8111=ORIENTED_EDGE('',*,*,#5327,.T.);
#8112=ORIENTED_EDGE('',*,*,#5324,.T.);
#8113=ORIENTED_EDGE('',*,*,#5321,.T.);
#8114=ORIENTED_EDGE('',*,*,#5318,.T.);
#8115=ORIENTED_EDGE('',*,*,#5315,.T.);
#8116=ORIENTED_EDGE('',*,*,#5312,.T.);
#8117=ORIENTED_EDGE('',*,*,#5309,.T.);
#8118=ORIENTED_EDGE('',*,*,#5306,.T.);
#8119=ORIENTED_EDGE('',*,*,#5303,.T.);
#8120=ORIENTED_EDGE('',*,*,#5300,.T.);
#8121=ORIENTED_EDGE('',*,*,#5297,.T.);
#8122=ORIENTED_EDGE('',*,*,#5221,.T.);
#8123=ORIENTED_EDGE('',*,*,#5270,.T.);
#8124=ORIENTED_EDGE('',*,*,#5267,.T.);
#8125=ORIENTED_EDGE('',*,*,#5264,.T.);
#8126=ORIENTED_EDGE('',*,*,#5261,.T.);
#8127=ORIENTED_EDGE('',*,*,#5258,.T.);
#8128=ORIENTED_EDGE('',*,*,#5255,.T.);
#8129=ORIENTED_EDGE('',*,*,#5252,.T.);
#8130=ORIENTED_EDGE('',*,*,#5249,.T.);
#8131=ORIENTED_EDGE('',*,*,#5246,.T.);
#8132=ORIENTED_EDGE('',*,*,#5243,.T.);
#8133=ORIENTED_EDGE('',*,*,#5240,.T.);
#8134=ORIENTED_EDGE('',*,*,#5237,.T.);
#8135=ORIENTED_EDGE('',*,*,#5234,.T.);
#8136=ORIENTED_EDGE('',*,*,#5231,.T.);
#8137=ORIENTED_EDGE('',*,*,#5228,.T.);
#8138=ORIENTED_EDGE('',*,*,#5225,.T.);
#8139=ORIENTED_EDGE('',*,*,#5164,.T.);
#8140=ORIENTED_EDGE('',*,*,#5192,.T.);
#8141=ORIENTED_EDGE('',*,*,#5189,.T.);
#8142=ORIENTED_EDGE('',*,*,#5186,.T.);
#8143=ORIENTED_EDGE('',*,*,#5183,.T.);
#8144=ORIENTED_EDGE('',*,*,#5180,.T.);
#8145=ORIENTED_EDGE('',*,*,#5177,.T.);
#8146=ORIENTED_EDGE('',*,*,#5174,.T.);
#8147=ORIENTED_EDGE('',*,*,#5171,.T.);
#8148=ORIENTED_EDGE('',*,*,#5168,.T.);
#8149=ORIENTED_EDGE('',*,*,#5632,.F.);
#8150=ORIENTED_EDGE('',*,*,#5640,.T.);
#8151=ORIENTED_EDGE('',*,*,#5641,.T.);
#8152=ORIENTED_EDGE('',*,*,#5642,.F.);
#8153=ORIENTED_EDGE('',*,*,#5633,.F.);
#8154=ORIENTED_EDGE('',*,*,#5642,.T.);
#8155=ORIENTED_EDGE('',*,*,#5643,.T.);
#8156=ORIENTED_EDGE('',*,*,#5644,.F.);
#8157=ORIENTED_EDGE('',*,*,#5630,.F.);
#8158=ORIENTED_EDGE('',*,*,#5644,.T.);
#8159=ORIENTED_EDGE('',*,*,#5645,.T.);
#8160=ORIENTED_EDGE('',*,*,#5646,.F.);
#8161=ORIENTED_EDGE('',*,*,#5631,.F.);
#8162=ORIENTED_EDGE('',*,*,#5646,.T.);
#8163=ORIENTED_EDGE('',*,*,#5647,.T.);
#8164=ORIENTED_EDGE('',*,*,#5640,.F.);
#8165=ORIENTED_EDGE('',*,*,#5647,.F.);
#8166=ORIENTED_EDGE('',*,*,#5645,.F.);
#8167=ORIENTED_EDGE('',*,*,#5643,.F.);
#8168=ORIENTED_EDGE('',*,*,#5641,.F.);
#8169=ORIENTED_EDGE('',*,*,#5628,.F.);
#8170=ORIENTED_EDGE('',*,*,#5648,.T.);
#8171=ORIENTED_EDGE('',*,*,#5649,.T.);
#8172=ORIENTED_EDGE('',*,*,#5650,.F.);
#8173=ORIENTED_EDGE('',*,*,#5629,.F.);
#8174=ORIENTED_EDGE('',*,*,#5650,.T.);
#8175=ORIENTED_EDGE('',*,*,#5651,.T.);
#8176=ORIENTED_EDGE('',*,*,#5652,.F.);
#8177=ORIENTED_EDGE('',*,*,#5626,.F.);
#8178=ORIENTED_EDGE('',*,*,#5652,.T.);
#8179=ORIENTED_EDGE('',*,*,#5653,.T.);
#8180=ORIENTED_EDGE('',*,*,#5654,.F.);
#8181=ORIENTED_EDGE('',*,*,#5627,.F.);
#8182=ORIENTED_EDGE('',*,*,#5654,.T.);
#8183=ORIENTED_EDGE('',*,*,#5655,.T.);
#8184=ORIENTED_EDGE('',*,*,#5648,.F.);
#8185=ORIENTED_EDGE('',*,*,#5655,.F.);
#8186=ORIENTED_EDGE('',*,*,#5653,.F.);
#8187=ORIENTED_EDGE('',*,*,#5651,.F.);
#8188=ORIENTED_EDGE('',*,*,#5649,.F.);
#8189=ORIENTED_EDGE('',*,*,#5634,.F.);
#8190=ORIENTED_EDGE('',*,*,#5163,.T.);
#8191=ORIENTED_EDGE('',*,*,#5656,.T.);
#8192=ORIENTED_EDGE('',*,*,#5657,.F.);
#8193=ORIENTED_EDGE('',*,*,#5636,.F.);
#8194=ORIENTED_EDGE('',*,*,#5658,.T.);
#8195=ORIENTED_EDGE('',*,*,#5659,.T.);
#8196=ORIENTED_EDGE('',*,*,#5161,.F.);
#8197=ORIENTED_EDGE('',*,*,#5635,.F.);
#8198=ORIENTED_EDGE('',*,*,#5657,.T.);
#8199=ORIENTED_EDGE('',*,*,#5660,.T.);
#8200=ORIENTED_EDGE('',*,*,#5658,.F.);
#8201=ORIENTED_EDGE('',*,*,#5660,.F.);
#8202=ORIENTED_EDGE('',*,*,#5656,.F.);
#8203=ORIENTED_EDGE('',*,*,#5162,.F.);
#8204=ORIENTED_EDGE('',*,*,#5659,.F.);
#8205=ORIENTED_EDGE('',*,*,#5661,.F.);
#8206=ORIENTED_EDGE('',*,*,#5662,.F.);
#8207=ORIENTED_EDGE('',*,*,#5663,.F.);
#8208=ORIENTED_EDGE('',*,*,#5664,.F.);
#8209=ORIENTED_EDGE('',*,*,#5662,.T.);
#8210=ORIENTED_EDGE('',*,*,#5665,.F.);
#8211=ORIENTED_EDGE('',*,*,#5637,.F.);
#8212=ORIENTED_EDGE('',*,*,#5666,.T.);
#8213=ORIENTED_EDGE('',*,*,#5661,.T.);
#8214=ORIENTED_EDGE('',*,*,#5667,.F.);
#8215=ORIENTED_EDGE('',*,*,#5638,.F.);
#8216=ORIENTED_EDGE('',*,*,#5665,.T.);
#8217=ORIENTED_EDGE('',*,*,#4989,.F.);
#8218=ORIENTED_EDGE('',*,*,#5152,.F.);
#8219=ORIENTED_EDGE('',*,*,#5668,.T.);
#8220=ORIENTED_EDGE('',*,*,#5663,.T.);
#8221=ORIENTED_EDGE('',*,*,#5666,.F.);
#8222=ORIENTED_EDGE('',*,*,#5153,.T.);
#8223=ORIENTED_EDGE('',*,*,#5664,.T.);
#8224=ORIENTED_EDGE('',*,*,#5668,.F.);
#8225=ORIENTED_EDGE('',*,*,#5639,.F.);
#8226=ORIENTED_EDGE('',*,*,#5667,.T.);
#8227=ORIENTED_EDGE('',*,*,#5576,.F.);
#8228=ORIENTED_EDGE('',*,*,#5625,.F.);
#8229=ORIENTED_EDGE('',*,*,#5583,.F.);
#8230=ORIENTED_EDGE('',*,*,#5619,.F.);
#8231=ORIENTED_EDGE('',*,*,#5596,.F.);
#8232=ORIENTED_EDGE('',*,*,#5623,.F.);
#8233=ORIENTED_EDGE('',*,*,#5611,.F.);
#8234=ORIENTED_EDGE('',*,*,#5615,.F.);
#8235=ORIENTED_EDGE('',*,*,#5582,.F.);
#8236=ORIENTED_EDGE('',*,*,#5624,.T.);
#8237=ORIENTED_EDGE('',*,*,#5597,.F.);
#8238=ORIENTED_EDGE('',*,*,#5617,.F.);
#8239=PLANE('',#9046);
#8240=PLANE('',#9047);
#8241=PLANE('',#9048);
#8242=PLANE('',#9049);
#8243=PLANE('',#9050);
#8244=PLANE('',#9051);
#8245=PLANE('',#9052);
#8246=PLANE('',#9053);
#8247=PLANE('',#9054);
#8248=PLANE('',#9058);
#8249=PLANE('',#9062);
#8250=PLANE('',#9066);
#8251=PLANE('',#9070);
#8252=PLANE('',#9071);
#8253=PLANE('',#9072);
#8254=PLANE('',#9073);
#8255=PLANE('',#9074);
#8256=PLANE('',#9075);
#8257=PLANE('',#9076);
#8258=PLANE('',#9077);
#8259=PLANE('',#9078);
#8260=PLANE('',#9079);
#8261=PLANE('',#9080);
#8262=PLANE('',#9081);
#8263=PLANE('',#9082);
#8264=PLANE('',#9083);
#8265=PLANE('',#9084);
#8266=PLANE('',#9085);
#8267=PLANE('',#9086);
#8268=PLANE('',#9087);
#8269=PLANE('',#9088);
#8270=PLANE('',#9089);
#8271=PLANE('',#9090);
#8272=PLANE('',#9091);
#8273=PLANE('',#9092);
#8274=PLANE('',#9093);
#8275=PLANE('',#9094);
#8276=PLANE('',#9095);
#8277=PLANE('',#9096);
#8278=PLANE('',#9097);
#8279=PLANE('',#9098);
#8280=PLANE('',#9099);
#8281=PLANE('',#9100);
#8282=PLANE('',#9101);
#8283=PLANE('',#9102);
#8284=PLANE('',#9103);
#8285=PLANE('',#9107);
#8286=PLANE('',#9108);
#8287=PLANE('',#9109);
#8288=PLANE('',#9113);
#8289=PLANE('',#9118);
#8290=PLANE('',#9123);
#8291=PLANE('',#9128);
#8292=PLANE('',#9141);
#8293=PLANE('',#9176);
#8294=PLANE('',#9181);
#8295=PLANE('',#9184);
#8296=PLANE('',#9187);
#8297=PLANE('',#9190);
#8298=PLANE('',#9193);
#8299=PLANE('',#9196);
#8300=PLANE('',#9201);
#8301=PLANE('',#9204);
#8302=PLANE('',#9207);
#8303=PLANE('',#9210);
#8304=PLANE('',#9213);
#8305=PLANE('',#9218);
#8306=PLANE('',#9221);
#8307=PLANE('',#9224);
#8308=PLANE('',#9227);
#8309=PLANE('',#9232);
#8310=PLANE('',#9235);
#8311=PLANE('',#9238);
#8312=PLANE('',#9241);
#8313=PLANE('',#9244);
#8314=PLANE('',#9249);
#8315=PLANE('',#9252);
#8316=PLANE('',#9255);
#8317=PLANE('',#9258);
#8318=PLANE('',#9261);
#8319=PLANE('',#9266);
#8320=PLANE('',#9269);
#8321=PLANE('',#9272);
#8322=PLANE('',#9275);
#8323=PLANE('',#9278);
#8324=PLANE('',#9283);
#8325=PLANE('',#9286);
#8326=PLANE('',#9289);
#8327=PLANE('',#9292);
#8328=PLANE('',#9295);
#8329=PLANE('',#9300);
#8330=PLANE('',#9303);
#8331=PLANE('',#9306);
#8332=PLANE('',#9309);
#8333=PLANE('',#9312);
#8334=PLANE('',#9317);
#8335=PLANE('',#9320);
#8336=PLANE('',#9323);
#8337=PLANE('',#9326);
#8338=PLANE('',#9329);
#8339=PLANE('',#9332);
#8340=PLANE('',#9335);
#8341=PLANE('',#9338);
#8342=PLANE('',#9341);
#8343=PLANE('',#9344);
#8344=PLANE('',#9347);
#8345=PLANE('',#9350);
#8346=PLANE('',#9353);
#8347=PLANE('',#9356);
#8348=PLANE('',#9359);
#8349=PLANE('',#9362);
#8350=PLANE('',#9365);
#8351=PLANE('',#9366);
#8352=PLANE('',#9369);
#8353=PLANE('',#9372);
#8354=PLANE('',#9375);
#8355=PLANE('',#9378);
#8356=PLANE('',#9381);
#8357=PLANE('',#9384);
#8358=PLANE('',#9387);
#8359=PLANE('',#9390);
#8360=PLANE('',#9393);
#8361=PLANE('',#9396);
#8362=PLANE('',#9399);
#8363=PLANE('',#9402);
#8364=PLANE('',#9405);
#8365=PLANE('',#9408);
#8366=PLANE('',#9411);
#8367=PLANE('',#9414);
#8368=PLANE('',#9415);
#8369=PLANE('',#9416);
#8370=PLANE('',#9417);
#8371=PLANE('',#9418);
#8372=PLANE('',#9419);
#8373=PLANE('',#9420);
#8374=PLANE('',#9421);
#8375=PLANE('',#9422);
#8376=PLANE('',#9423);
#8377=PLANE('',#9424);
#8378=PLANE('',#9425);
#8379=PLANE('',#9426);
#8380=PLANE('',#9427);
#8381=PLANE('',#9428);
#8382=PLANE('',#9429);
#8383=PLANE('',#9430);
#8384=PLANE('',#9431);
#8385=PLANE('',#9432);
#8386=PLANE('',#9433);
#8387=PLANE('',#9434);
#8388=PLANE('',#9435);
#8389=PLANE('',#9436);
#8390=PLANE('',#9437);
#8391=PLANE('',#9438);
#8392=PLANE('',#9439);
#8393=PLANE('',#9440);
#8394=PLANE('',#9441);
#8395=PLANE('',#9442);
#8396=PLANE('',#9443);
#8397=PLANE('',#9444);
#8398=PLANE('',#9445);
#8399=PLANE('',#9446);
#8400=PLANE('',#9447);
#8401=PLANE('',#9448);
#8402=PLANE('',#9449);
#8403=PLANE('',#9450);
#8404=PLANE('',#9451);
#8405=PLANE('',#9452);
#8406=PLANE('',#9453);
#8407=PLANE('',#9454);
#8408=PLANE('',#9455);
#8409=PLANE('',#9456);
#8410=PLANE('',#9457);
#8411=PLANE('',#9458);
#8412=PLANE('',#9459);
#8413=PLANE('',#9460);
#8414=PLANE('',#9461);
#8415=PLANE('',#9462);
#8416=PLANE('',#9463);
#8417=PLANE('',#9464);
#8418=PLANE('',#9465);
#8419=PLANE('',#9466);
#8420=PLANE('',#9467);
#8421=PLANE('',#9468);
#8422=PLANE('',#9472);
#8423=PLANE('',#9473);
#8424=PLANE('',#9474);
#8425=PLANE('',#9475);
#8426=PLANE('',#9476);
#8427=PLANE('',#9477);
#8428=PLANE('',#9478);
#8429=PLANE('',#9479);
#8430=PLANE('',#9480);
#8431=PLANE('',#9481);
#8432=PLANE('',#9482);
#8433=PLANE('',#9483);
#8434=PLANE('',#9484);
#8435=PLANE('',#9485);
#8436=PLANE('',#9486);
#8437=PLANE('',#9487);
#8438=PLANE('',#9488);
#8439=PLANE('',#9489);
#8440=PLANE('',#9490);
#8441=PLANE('',#9491);
#8442=PLANE('',#9492);
#8443=PLANE('',#9493);
#8444=PLANE('',#9494);
#8445=PLANE('',#9495);
#8446=PLANE('',#9496);
#8447=PLANE('',#9497);
#8448=PLANE('',#9498);
#8449=PLANE('',#9499);
#8450=PLANE('',#9500);
#8451=PLANE('',#9501);
#8452=PLANE('',#9502);
#8453=PLANE('',#9503);
#8454=PLANE('',#9504);
#8455=PLANE('',#9505);
#8456=PLANE('',#9506);
#8457=PLANE('',#9507);
#8458=PLANE('',#9508);
#8459=PLANE('',#9509);
#8460=PLANE('',#9510);
#8461=PLANE('',#9511);
#8462=PLANE('',#9512);
#8463=PLANE('',#9513);
#8464=PLANE('',#9514);
#8465=PLANE('',#9515);
#8466=PLANE('',#9516);
#8467=PLANE('',#9517);
#8468=PLANE('',#9518);
#8469=PLANE('',#9519);
#8470=PLANE('',#9520);
#8471=PLANE('',#9521);
#8472=PLANE('',#9522);
#8473=PLANE('',#9523);
#8474=PLANE('',#9524);
#8475=PLANE('',#9525);
#8476=PLANE('',#9526);
#8477=PLANE('',#9527);
#8478=PLANE('',#9528);
#8479=PLANE('',#9529);
#8480=PLANE('',#9530);
#8481=PLANE('',#9531);
#8482=PLANE('',#9532);
#8483=PLANE('',#9533);
#8484=PLANE('',#9534);
#8485=PLANE('',#9535);
#8486=PLANE('',#9536);
#8487=PLANE('',#9537);
#8488=PLANE('',#9538);
#8489=PLANE('',#9539);
#8490=PLANE('',#9540);
#8491=PLANE('',#9541);
#8492=PLANE('',#9542);
#8493=PLANE('',#9543);
#8494=PLANE('',#9544);
#8495=PLANE('',#9545);
#8496=PLANE('',#9546);
#8497=PLANE('',#9547);
#8498=PLANE('',#9548);
#8499=PLANE('',#9549);
#8500=PLANE('',#9550);
#8501=PLANE('',#9551);
#8502=PLANE('',#9552);
#8503=PLANE('',#9553);
#8504=PLANE('',#9554);
#8505=PLANE('',#9555);
#8506=PLANE('',#9556);
#8507=PLANE('',#9557);
#8508=PLANE('',#9558);
#8509=PLANE('',#9559);
#8510=PLANE('',#9560);
#8511=PLANE('',#9561);
#8512=PLANE('',#9562);
#8513=PLANE('',#9563);
#8514=PLANE('',#9564);
#8515=PLANE('',#9565);
#8516=PLANE('',#9566);
#8517=PLANE('',#9567);
#8518=PLANE('',#9568);
#8519=PLANE('',#9569);
#8520=PLANE('',#9570);
#8521=PLANE('',#9571);
#8522=PLANE('',#9572);
#8523=PLANE('',#9573);
#8524=PLANE('',#9574);
#8525=PLANE('',#9575);
#8526=PLANE('',#9576);
#8527=PLANE('',#9577);
#8528=PLANE('',#9578);
#8529=PLANE('',#9579);
#8530=PLANE('',#9580);
#8531=PLANE('',#9581);
#8532=PLANE('',#9582);
#8533=PLANE('',#9583);
#8534=PLANE('',#9584);
#8535=PLANE('',#9585);
#8536=PLANE('',#9586);
#8537=PLANE('',#9587);
#8538=PLANE('',#9588);
#8539=PLANE('',#9589);
#8540=PLANE('',#9590);
#8541=PLANE('',#9591);
#8542=PLANE('',#9592);
#8543=PLANE('',#9593);
#8544=PLANE('',#9594);
#8545=PLANE('',#9595);
#8546=PLANE('',#9596);
#8547=ADVANCED_FACE('',(#632),#8239,.T.);
#8548=ADVANCED_FACE('',(#633),#8240,.T.);
#8549=ADVANCED_FACE('',(#634),#8241,.T.);
#8550=ADVANCED_FACE('',(#635),#8242,.T.);
#8551=ADVANCED_FACE('',(#636),#8243,.T.);
#8552=ADVANCED_FACE('',(#637),#8244,.F.);
#8553=ADVANCED_FACE('',(#638),#8245,.F.);
#8554=ADVANCED_FACE('',(#639),#8246,.F.);
#8555=ADVANCED_FACE('',(#640),#8247,.T.);
#8556=ADVANCED_FACE('',(#641),#552,.F.);
#8557=ADVANCED_FACE('',(#642),#8248,.F.);
#8558=ADVANCED_FACE('',(#643),#553,.F.);
#8559=ADVANCED_FACE('',(#644),#8249,.F.);
#8560=ADVANCED_FACE('',(#645),#554,.F.);
#8561=ADVANCED_FACE('',(#646),#8250,.F.);
#8562=ADVANCED_FACE('',(#647),#555,.F.);
#8563=ADVANCED_FACE('',(#648),#8251,.F.);
#8564=ADVANCED_FACE('',(#649),#8252,.F.);
#8565=ADVANCED_FACE('',(#650),#8253,.F.);
#8566=ADVANCED_FACE('',(#651),#8254,.F.);
#8567=ADVANCED_FACE('',(#652),#8255,.F.);
#8568=ADVANCED_FACE('',(#653),#8256,.F.);
#8569=ADVANCED_FACE('',(#654),#8257,.F.);
#8570=ADVANCED_FACE('',(#655),#8258,.F.);
#8571=ADVANCED_FACE('',(#656),#8259,.F.);
#8572=ADVANCED_FACE('',(#657),#8260,.F.);
#8573=ADVANCED_FACE('',(#658),#8261,.F.);
#8574=ADVANCED_FACE('',(#659),#8262,.F.);
#8575=ADVANCED_FACE('',(#660),#8263,.F.);
#8576=ADVANCED_FACE('',(#661),#8264,.F.);
#8577=ADVANCED_FACE('',(#662),#8265,.F.);
#8578=ADVANCED_FACE('',(#663),#8266,.F.);
#8579=ADVANCED_FACE('',(#664),#8267,.F.);
#8580=ADVANCED_FACE('',(#665),#8268,.F.);
#8581=ADVANCED_FACE('',(#666),#8269,.F.);
#8582=ADVANCED_FACE('',(#667),#8270,.F.);
#8583=ADVANCED_FACE('',(#668),#8271,.F.);
#8584=ADVANCED_FACE('',(#669),#8272,.F.);
#8585=ADVANCED_FACE('',(#670),#8273,.F.);
#8586=ADVANCED_FACE('',(#671),#8274,.F.);
#8587=ADVANCED_FACE('',(#672),#8275,.F.);
#8588=ADVANCED_FACE('',(#673),#8276,.F.);
#8589=ADVANCED_FACE('',(#674),#8277,.F.);
#8590=ADVANCED_FACE('',(#675),#8278,.F.);
#8591=ADVANCED_FACE('',(#676),#8279,.F.);
#8592=ADVANCED_FACE('',(#677),#8280,.F.);
#8593=ADVANCED_FACE('',(#678),#8281,.F.);
#8594=ADVANCED_FACE('',(#679),#8282,.F.);
#8595=ADVANCED_FACE('',(#680),#8283,.F.);
#8596=ADVANCED_FACE('',(#681),#8284,.F.);
#8597=ADVANCED_FACE('',(#682),#556,.F.);
#8598=ADVANCED_FACE('',(#683),#8285,.F.);
#8599=ADVANCED_FACE('',(#684),#8286,.F.);
#8600=ADVANCED_FACE('',(#685),#8287,.F.);
#8601=ADVANCED_FACE('',(#686),#557,.F.);
#8602=ADVANCED_FACE('',(#687,#306),#8288,.T.);
#8603=ADVANCED_FACE('',(#688),#558,.F.);
#8604=ADVANCED_FACE('',(#689,#307),#8289,.T.);
#8605=ADVANCED_FACE('',(#690),#559,.F.);
#8606=ADVANCED_FACE('',(#691,#308),#8290,.T.);
#8607=ADVANCED_FACE('',(#692),#560,.F.);
#8608=ADVANCED_FACE('',(#693,#309),#8291,.T.);
#8609=ADVANCED_FACE('',(#694),#561,.F.);
#8610=ADVANCED_FACE('',(#695),#562,.F.);
#8611=ADVANCED_FACE('',(#696),#563,.F.);
#8612=ADVANCED_FACE('',(#697),#564,.F.);
#8613=ADVANCED_FACE('',(#698),#565,.T.);
#8614=ADVANCED_FACE('',(#699,#310,#311,#312,#313,#314,#315,#316,#317,#318,
#319,#320,#321,#322,#323,#324,#325,#326,#327,#328,#329,#330),#8292,.F.);
#8615=ADVANCED_FACE('',(#700),#8293,.T.);
#8616=ADVANCED_FACE('',(#701),#566,.T.);
#8617=ADVANCED_FACE('',(#702),#567,.T.);
#8618=ADVANCED_FACE('',(#703),#8294,.T.);
#8619=ADVANCED_FACE('',(#704),#568,.T.);
#8620=ADVANCED_FACE('',(#705),#8295,.F.);
#8621=ADVANCED_FACE('',(#706),#569,.F.);
#8622=ADVANCED_FACE('',(#707),#8296,.F.);
#8623=ADVANCED_FACE('',(#708),#570,.F.);
#8624=ADVANCED_FACE('',(#709),#8297,.F.);
#8625=ADVANCED_FACE('',(#710),#571,.F.);
#8626=ADVANCED_FACE('',(#711),#8298,.F.);
#8627=ADVANCED_FACE('',(#712),#572,.F.);
#8628=ADVANCED_FACE('',(#713,#331),#8299,.T.);
#8629=ADVANCED_FACE('',(#714),#8300,.F.);
#8630=ADVANCED_FACE('',(#715),#573,.F.);
#8631=ADVANCED_FACE('',(#716),#8301,.F.);
#8632=ADVANCED_FACE('',(#717),#574,.F.);
#8633=ADVANCED_FACE('',(#718),#8302,.F.);
#8634=ADVANCED_FACE('',(#719),#575,.F.);
#8635=ADVANCED_FACE('',(#720),#8303,.F.);
#8636=ADVANCED_FACE('',(#721),#576,.F.);
#8637=ADVANCED_FACE('',(#722,#332),#8304,.T.);
#8638=ADVANCED_FACE('',(#723),#8305,.F.);
#8639=ADVANCED_FACE('',(#724),#577,.F.);
#8640=ADVANCED_FACE('',(#725),#8306,.F.);
#8641=ADVANCED_FACE('',(#726),#578,.F.);
#8642=ADVANCED_FACE('',(#727),#8307,.F.);
#8643=ADVANCED_FACE('',(#728),#579,.F.);
#8644=ADVANCED_FACE('',(#729),#8308,.T.);
#8645=ADVANCED_FACE('',(#730),#8309,.F.);
#8646=ADVANCED_FACE('',(#731),#580,.F.);
#8647=ADVANCED_FACE('',(#732),#8310,.F.);
#8648=ADVANCED_FACE('',(#733),#581,.F.);
#8649=ADVANCED_FACE('',(#734),#8311,.F.);
#8650=ADVANCED_FACE('',(#735),#582,.F.);
#8651=ADVANCED_FACE('',(#736),#8312,.F.);
#8652=ADVANCED_FACE('',(#737),#583,.F.);
#8653=ADVANCED_FACE('',(#738,#333),#8313,.T.);
#8654=ADVANCED_FACE('',(#739),#8314,.F.);
#8655=ADVANCED_FACE('',(#740),#584,.F.);
#8656=ADVANCED_FACE('',(#741),#8315,.F.);
#8657=ADVANCED_FACE('',(#742),#585,.F.);
#8658=ADVANCED_FACE('',(#743),#8316,.F.);
#8659=ADVANCED_FACE('',(#744),#586,.F.);
#8660=ADVANCED_FACE('',(#745),#8317,.F.);
#8661=ADVANCED_FACE('',(#746),#587,.F.);
#8662=ADVANCED_FACE('',(#747,#334),#8318,.T.);
#8663=ADVANCED_FACE('',(#748),#8319,.F.);
#8664=ADVANCED_FACE('',(#749),#588,.F.);
#8665=ADVANCED_FACE('',(#750),#8320,.F.);
#8666=ADVANCED_FACE('',(#751),#589,.F.);
#8667=ADVANCED_FACE('',(#752),#8321,.F.);
#8668=ADVANCED_FACE('',(#753),#590,.F.);
#8669=ADVANCED_FACE('',(#754),#8322,.F.);
#8670=ADVANCED_FACE('',(#755),#591,.F.);
#8671=ADVANCED_FACE('',(#756,#335),#8323,.T.);
#8672=ADVANCED_FACE('',(#757),#8324,.F.);
#8673=ADVANCED_FACE('',(#758),#592,.F.);
#8674=ADVANCED_FACE('',(#759),#8325,.F.);
#8675=ADVANCED_FACE('',(#760),#593,.F.);
#8676=ADVANCED_FACE('',(#761),#8326,.F.);
#8677=ADVANCED_FACE('',(#762),#594,.F.);
#8678=ADVANCED_FACE('',(#763),#8327,.F.);
#8679=ADVANCED_FACE('',(#764),#595,.F.);
#8680=ADVANCED_FACE('',(#765,#336),#8328,.T.);
#8681=ADVANCED_FACE('',(#766),#8329,.F.);
#8682=ADVANCED_FACE('',(#767),#596,.F.);
#8683=ADVANCED_FACE('',(#768),#8330,.F.);
#8684=ADVANCED_FACE('',(#769),#597,.F.);
#8685=ADVANCED_FACE('',(#770),#8331,.F.);
#8686=ADVANCED_FACE('',(#771),#598,.F.);
#8687=ADVANCED_FACE('',(#772),#8332,.F.);
#8688=ADVANCED_FACE('',(#773),#599,.F.);
#8689=ADVANCED_FACE('',(#774,#337),#8333,.T.);
#8690=ADVANCED_FACE('',(#775),#8334,.T.);
#8691=ADVANCED_FACE('',(#776),#600,.F.);
#8692=ADVANCED_FACE('',(#777),#8335,.T.);
#8693=ADVANCED_FACE('',(#778),#601,.F.);
#8694=ADVANCED_FACE('',(#779),#8336,.T.);
#8695=ADVANCED_FACE('',(#780),#602,.F.);
#8696=ADVANCED_FACE('',(#781),#8337,.T.);
#8697=ADVANCED_FACE('',(#782),#603,.F.);
#8698=ADVANCED_FACE('',(#783),#8338,.T.);
#8699=ADVANCED_FACE('',(#784),#604,.F.);
#8700=ADVANCED_FACE('',(#785),#8339,.T.);
#8701=ADVANCED_FACE('',(#786),#605,.F.);
#8702=ADVANCED_FACE('',(#787),#8340,.T.);
#8703=ADVANCED_FACE('',(#788),#606,.F.);
#8704=ADVANCED_FACE('',(#789),#8341,.T.);
#8705=ADVANCED_FACE('',(#790),#607,.F.);
#8706=ADVANCED_FACE('',(#791),#8342,.T.);
#8707=ADVANCED_FACE('',(#792),#608,.F.);
#8708=ADVANCED_FACE('',(#793),#8343,.T.);
#8709=ADVANCED_FACE('',(#794),#609,.F.);
#8710=ADVANCED_FACE('',(#795),#8344,.T.);
#8711=ADVANCED_FACE('',(#796),#610,.F.);
#8712=ADVANCED_FACE('',(#797),#8345,.T.);
#8713=ADVANCED_FACE('',(#798),#611,.F.);
#8714=ADVANCED_FACE('',(#799),#8346,.T.);
#8715=ADVANCED_FACE('',(#800),#612,.F.);
#8716=ADVANCED_FACE('',(#801),#8347,.T.);
#8717=ADVANCED_FACE('',(#802),#613,.F.);
#8718=ADVANCED_FACE('',(#803),#8348,.T.);
#8719=ADVANCED_FACE('',(#804),#614,.F.);
#8720=ADVANCED_FACE('',(#805),#8349,.T.);
#8721=ADVANCED_FACE('',(#806),#615,.F.);
#8722=ADVANCED_FACE('',(#807),#8350,.T.);
#8723=ADVANCED_FACE('',(#808),#8351,.T.);
#8724=ADVANCED_FACE('',(#809),#616,.F.);
#8725=ADVANCED_FACE('',(#810),#8352,.T.);
#8726=ADVANCED_FACE('',(#811),#617,.F.);
#8727=ADVANCED_FACE('',(#812),#8353,.T.);
#8728=ADVANCED_FACE('',(#813),#618,.F.);
#8729=ADVANCED_FACE('',(#814),#8354,.T.);
#8730=ADVANCED_FACE('',(#815),#619,.F.);
#8731=ADVANCED_FACE('',(#816),#8355,.T.);
#8732=ADVANCED_FACE('',(#817),#620,.F.);
#8733=ADVANCED_FACE('',(#818),#8356,.T.);
#8734=ADVANCED_FACE('',(#819),#621,.F.);
#8735=ADVANCED_FACE('',(#820),#8357,.T.);
#8736=ADVANCED_FACE('',(#821),#622,.F.);
#8737=ADVANCED_FACE('',(#822),#8358,.T.);
#8738=ADVANCED_FACE('',(#823),#623,.F.);
#8739=ADVANCED_FACE('',(#824),#8359,.T.);
#8740=ADVANCED_FACE('',(#825),#624,.F.);
#8741=ADVANCED_FACE('',(#826),#8360,.T.);
#8742=ADVANCED_FACE('',(#827),#625,.F.);
#8743=ADVANCED_FACE('',(#828),#8361,.T.);
#8744=ADVANCED_FACE('',(#829),#626,.F.);
#8745=ADVANCED_FACE('',(#830),#8362,.T.);
#8746=ADVANCED_FACE('',(#831),#627,.F.);
#8747=ADVANCED_FACE('',(#832),#8363,.T.);
#8748=ADVANCED_FACE('',(#833),#628,.F.);
#8749=ADVANCED_FACE('',(#834),#8364,.T.);
#8750=ADVANCED_FACE('',(#835),#629,.F.);
#8751=ADVANCED_FACE('',(#836),#8365,.T.);
#8752=ADVANCED_FACE('',(#837),#630,.F.);
#8753=ADVANCED_FACE('',(#838),#8366,.T.);
#8754=ADVANCED_FACE('',(#839),#631,.F.);
#8755=ADVANCED_FACE('',(#840),#8367,.T.);
#8756=ADVANCED_FACE('',(#841,#338,#339,#340,#341,#342,#343,#344,#345,#346,
#347,#348,#349,#350,#351,#352,#353,#354,#355,#356,#357,#358,#359),#8368,
 .T.);
#8757=ADVANCED_FACE('',(#842),#8369,.T.);
#8758=ADVANCED_FACE('',(#843),#8370,.T.);
#8759=ADVANCED_FACE('',(#844),#8371,.T.);
#8760=ADVANCED_FACE('',(#845),#8372,.T.);
#8761=ADVANCED_FACE('',(#846),#8373,.T.);
#8762=ADVANCED_FACE('',(#847),#8374,.T.);
#8763=ADVANCED_FACE('',(#848),#8375,.T.);
#8764=ADVANCED_FACE('',(#849),#8376,.T.);
#8765=ADVANCED_FACE('',(#850),#8377,.T.);
#8766=ADVANCED_FACE('',(#851),#8378,.T.);
#8767=ADVANCED_FACE('',(#852),#8379,.T.);
#8768=ADVANCED_FACE('',(#853),#8380,.T.);
#8769=ADVANCED_FACE('',(#854),#8381,.T.);
#8770=ADVANCED_FACE('',(#855),#8382,.T.);
#8771=ADVANCED_FACE('',(#856),#8383,.T.);
#8772=ADVANCED_FACE('',(#857),#8384,.T.);
#8773=ADVANCED_FACE('',(#858,#360,#361,#362,#363,#364,#365,#366),#8385,
 .T.);
#8774=ADVANCED_FACE('',(#859),#8386,.T.);
#8775=ADVANCED_FACE('',(#860),#8387,.T.);
#8776=ADVANCED_FACE('',(#861),#8388,.T.);
#8777=ADVANCED_FACE('',(#862),#8389,.T.);
#8778=ADVANCED_FACE('',(#863),#8390,.F.);
#8779=ADVANCED_FACE('',(#864),#8391,.F.);
#8780=ADVANCED_FACE('',(#865),#8392,.T.);
#8781=ADVANCED_FACE('',(#866),#8393,.T.);
#8782=ADVANCED_FACE('',(#867),#8394,.T.);
#8783=ADVANCED_FACE('',(#868),#8395,.T.);
#8784=ADVANCED_FACE('',(#869),#8396,.F.);
#8785=ADVANCED_FACE('',(#870),#8397,.F.);
#8786=ADVANCED_FACE('',(#871),#8398,.T.);
#8787=ADVANCED_FACE('',(#872),#8399,.T.);
#8788=ADVANCED_FACE('',(#873),#8400,.T.);
#8789=ADVANCED_FACE('',(#874),#8401,.T.);
#8790=ADVANCED_FACE('',(#875),#8402,.F.);
#8791=ADVANCED_FACE('',(#876),#8403,.F.);
#8792=ADVANCED_FACE('',(#877),#8404,.T.);
#8793=ADVANCED_FACE('',(#878),#8405,.T.);
#8794=ADVANCED_FACE('',(#879),#8406,.T.);
#8795=ADVANCED_FACE('',(#880),#8407,.T.);
#8796=ADVANCED_FACE('',(#881),#8408,.F.);
#8797=ADVANCED_FACE('',(#882),#8409,.F.);
#8798=ADVANCED_FACE('',(#883),#8410,.T.);
#8799=ADVANCED_FACE('',(#884),#8411,.T.);
#8800=ADVANCED_FACE('',(#885),#8412,.T.);
#8801=ADVANCED_FACE('',(#886),#8413,.T.);
#8802=ADVANCED_FACE('',(#887),#8414,.F.);
#8803=ADVANCED_FACE('',(#888),#8415,.F.);
#8804=ADVANCED_FACE('',(#889),#8416,.T.);
#8805=ADVANCED_FACE('',(#890),#8417,.T.);
#8806=ADVANCED_FACE('',(#891),#8418,.T.);
#8807=ADVANCED_FACE('',(#892),#8419,.T.);
#8808=ADVANCED_FACE('',(#893),#8420,.F.);
#8809=ADVANCED_FACE('',(#894),#8421,.F.);
#8810=ADVANCED_FACE('',(#895),#297,.T.);
#8811=ADVANCED_FACE('',(#896),#8422,.T.);
#8812=ADVANCED_FACE('',(#897),#8423,.T.);
#8813=ADVANCED_FACE('',(#898),#8424,.T.);
#8814=ADVANCED_FACE('',(#899),#8425,.T.);
#8815=ADVANCED_FACE('',(#900),#8426,.T.);
#8816=ADVANCED_FACE('',(#901),#8427,.T.);
#8817=ADVANCED_FACE('',(#902),#8428,.T.);
#8818=ADVANCED_FACE('',(#903),#8429,.T.);
#8819=ADVANCED_FACE('',(#904),#8430,.T.);
#8820=ADVANCED_FACE('',(#905),#8431,.T.);
#8821=ADVANCED_FACE('',(#906),#8432,.T.);
#8822=ADVANCED_FACE('',(#907),#8433,.T.);
#8823=ADVANCED_FACE('',(#908),#8434,.T.);
#8824=ADVANCED_FACE('',(#909),#8435,.T.);
#8825=ADVANCED_FACE('',(#910),#8436,.T.);
#8826=ADVANCED_FACE('',(#911),#8437,.T.);
#8827=ADVANCED_FACE('',(#912),#8438,.T.);
#8828=ADVANCED_FACE('',(#913),#8439,.T.);
#8829=ADVANCED_FACE('',(#914),#8440,.T.);
#8830=ADVANCED_FACE('',(#915),#8441,.T.);
#8831=ADVANCED_FACE('',(#916),#8442,.T.);
#8832=ADVANCED_FACE('',(#917,#367),#8443,.T.);
#8833=ADVANCED_FACE('',(#918),#8444,.F.);
#8834=ADVANCED_FACE('',(#919),#8445,.F.);
#8835=ADVANCED_FACE('',(#920),#8446,.F.);
#8836=ADVANCED_FACE('',(#921),#8447,.F.);
#8837=ADVANCED_FACE('',(#922),#8448,.F.);
#8838=ADVANCED_FACE('',(#923),#8449,.F.);
#8839=ADVANCED_FACE('',(#924),#8450,.F.);
#8840=ADVANCED_FACE('',(#925),#8451,.F.);
#8841=ADVANCED_FACE('',(#926),#8452,.F.);
#8842=ADVANCED_FACE('',(#927),#8453,.F.);
#8843=ADVANCED_FACE('',(#928),#8454,.F.);
#8844=ADVANCED_FACE('',(#929),#8455,.F.);
#8845=ADVANCED_FACE('',(#930),#203,.F.);
#8846=ADVANCED_FACE('',(#931),#204,.F.);
#8847=ADVANCED_FACE('',(#932),#205,.F.);
#8848=ADVANCED_FACE('',(#933),#8456,.F.);
#8849=ADVANCED_FACE('',(#934),#206,.F.);
#8850=ADVANCED_FACE('',(#935),#207,.F.);
#8851=ADVANCED_FACE('',(#936),#208,.F.);
#8852=ADVANCED_FACE('',(#937),#209,.F.);
#8853=ADVANCED_FACE('',(#938),#210,.F.);
#8854=ADVANCED_FACE('',(#939),#211,.F.);
#8855=ADVANCED_FACE('',(#940),#212,.F.);
#8856=ADVANCED_FACE('',(#941),#213,.F.);
#8857=ADVANCED_FACE('',(#942),#214,.F.);
#8858=ADVANCED_FACE('',(#943),#215,.F.);
#8859=ADVANCED_FACE('',(#944),#8457,.F.);
#8860=ADVANCED_FACE('',(#945),#8458,.F.);
#8861=ADVANCED_FACE('',(#946),#8459,.F.);
#8862=ADVANCED_FACE('',(#947),#8460,.F.);
#8863=ADVANCED_FACE('',(#948),#8461,.F.);
#8864=ADVANCED_FACE('',(#949),#216,.F.);
#8865=ADVANCED_FACE('',(#950),#217,.F.);
#8866=ADVANCED_FACE('',(#951),#218,.F.);
#8867=ADVANCED_FACE('',(#952),#219,.F.);
#8868=ADVANCED_FACE('',(#953),#220,.F.);
#8869=ADVANCED_FACE('',(#954),#221,.F.);
#8870=ADVANCED_FACE('',(#955),#222,.F.);
#8871=ADVANCED_FACE('',(#956,#368),#8462,.T.);
#8872=ADVANCED_FACE('',(#957),#223,.F.);
#8873=ADVANCED_FACE('',(#958),#8463,.F.);
#8874=ADVANCED_FACE('',(#959),#8464,.F.);
#8875=ADVANCED_FACE('',(#960),#8465,.F.);
#8876=ADVANCED_FACE('',(#961),#224,.F.);
#8877=ADVANCED_FACE('',(#962),#225,.F.);
#8878=ADVANCED_FACE('',(#963),#226,.F.);
#8879=ADVANCED_FACE('',(#964),#227,.F.);
#8880=ADVANCED_FACE('',(#965),#228,.F.);
#8881=ADVANCED_FACE('',(#966),#229,.F.);
#8882=ADVANCED_FACE('',(#967),#8466,.F.);
#8883=ADVANCED_FACE('',(#968),#8467,.F.);
#8884=ADVANCED_FACE('',(#969),#8468,.F.);
#8885=ADVANCED_FACE('',(#970),#8469,.F.);
#8886=ADVANCED_FACE('',(#971),#8470,.F.);
#8887=ADVANCED_FACE('',(#972),#230,.F.);
#8888=ADVANCED_FACE('',(#973),#231,.F.);
#8889=ADVANCED_FACE('',(#974),#232,.F.);
#8890=ADVANCED_FACE('',(#975),#233,.F.);
#8891=ADVANCED_FACE('',(#976),#234,.F.);
#8892=ADVANCED_FACE('',(#977,#369),#8471,.T.);
#8893=ADVANCED_FACE('',(#978),#235,.F.);
#8894=ADVANCED_FACE('',(#979),#236,.F.);
#8895=ADVANCED_FACE('',(#980),#237,.F.);
#8896=ADVANCED_FACE('',(#981),#238,.F.);
#8897=ADVANCED_FACE('',(#982),#239,.F.);
#8898=ADVANCED_FACE('',(#983),#240,.F.);
#8899=ADVANCED_FACE('',(#984),#241,.F.);
#8900=ADVANCED_FACE('',(#985),#242,.F.);
#8901=ADVANCED_FACE('',(#986),#243,.F.);
#8902=ADVANCED_FACE('',(#987),#244,.F.);
#8903=ADVANCED_FACE('',(#988),#8472,.F.);
#8904=ADVANCED_FACE('',(#989),#8473,.F.);
#8905=ADVANCED_FACE('',(#990),#8474,.F.);
#8906=ADVANCED_FACE('',(#991),#245,.F.);
#8907=ADVANCED_FACE('',(#992),#246,.F.);
#8908=ADVANCED_FACE('',(#993),#247,.F.);
#8909=ADVANCED_FACE('',(#994),#248,.F.);
#8910=ADVANCED_FACE('',(#995),#249,.F.);
#8911=ADVANCED_FACE('',(#996),#250,.F.);
#8912=ADVANCED_FACE('',(#997),#251,.F.);
#8913=ADVANCED_FACE('',(#998),#252,.F.);
#8914=ADVANCED_FACE('',(#999),#8475,.F.);
#8915=ADVANCED_FACE('',(#1000),#253,.F.);
#8916=ADVANCED_FACE('',(#1001),#254,.F.);
#8917=ADVANCED_FACE('',(#1002),#255,.F.);
#8918=ADVANCED_FACE('',(#1003),#256,.F.);
#8919=ADVANCED_FACE('',(#1004),#8476,.F.);
#8920=ADVANCED_FACE('',(#1005),#8477,.F.);
#8921=ADVANCED_FACE('',(#1006),#257,.F.);
#8922=ADVANCED_FACE('',(#1007),#258,.F.);
#8923=ADVANCED_FACE('',(#1008),#259,.F.);
#8924=ADVANCED_FACE('',(#1009),#260,.F.);
#8925=ADVANCED_FACE('',(#1010),#261,.F.);
#8926=ADVANCED_FACE('',(#1011),#262,.F.);
#8927=ADVANCED_FACE('',(#1012),#263,.F.);
#8928=ADVANCED_FACE('',(#1013),#264,.F.);
#8929=ADVANCED_FACE('',(#1014),#8478,.F.);
#8930=ADVANCED_FACE('',(#1015),#8479,.F.);
#8931=ADVANCED_FACE('',(#1016,#370),#8480,.T.);
#8932=ADVANCED_FACE('',(#1017),#265,.F.);
#8933=ADVANCED_FACE('',(#1018),#266,.F.);
#8934=ADVANCED_FACE('',(#1019),#267,.F.);
#8935=ADVANCED_FACE('',(#1020),#8481,.F.);
#8936=ADVANCED_FACE('',(#1021),#268,.F.);
#8937=ADVANCED_FACE('',(#1022),#269,.F.);
#8938=ADVANCED_FACE('',(#1023),#270,.F.);
#8939=ADVANCED_FACE('',(#1024),#271,.F.);
#8940=ADVANCED_FACE('',(#1025),#272,.F.);
#8941=ADVANCED_FACE('',(#1026),#8482,.F.);
#8942=ADVANCED_FACE('',(#1027),#8483,.T.);
#8943=ADVANCED_FACE('',(#1028),#273,.F.);
#8944=ADVANCED_FACE('',(#1029),#274,.F.);
#8945=ADVANCED_FACE('',(#1030),#275,.F.);
#8946=ADVANCED_FACE('',(#1031),#276,.F.);
#8947=ADVANCED_FACE('',(#1032),#277,.F.);
#8948=ADVANCED_FACE('',(#1033),#278,.F.);
#8949=ADVANCED_FACE('',(#1034),#279,.F.);
#8950=ADVANCED_FACE('',(#1035),#280,.F.);
#8951=ADVANCED_FACE('',(#1036),#281,.F.);
#8952=ADVANCED_FACE('',(#1037),#282,.F.);
#8953=ADVANCED_FACE('',(#1038),#283,.F.);
#8954=ADVANCED_FACE('',(#1039),#284,.F.);
#8955=ADVANCED_FACE('',(#1040),#285,.F.);
#8956=ADVANCED_FACE('',(#1041),#286,.F.);
#8957=ADVANCED_FACE('',(#1042),#287,.F.);
#8958=ADVANCED_FACE('',(#1043),#288,.F.);
#8959=ADVANCED_FACE('',(#1044),#8484,.T.);
#8960=ADVANCED_FACE('',(#1045),#289,.F.);
#8961=ADVANCED_FACE('',(#1046),#290,.F.);
#8962=ADVANCED_FACE('',(#1047),#291,.F.);
#8963=ADVANCED_FACE('',(#1048),#8485,.F.);
#8964=ADVANCED_FACE('',(#1049),#292,.F.);
#8965=ADVANCED_FACE('',(#1050),#293,.F.);
#8966=ADVANCED_FACE('',(#1051),#294,.F.);
#8967=ADVANCED_FACE('',(#1052),#295,.F.);
#8968=ADVANCED_FACE('',(#1053),#296,.F.);
#8969=ADVANCED_FACE('',(#1054),#8486,.F.);
#8970=ADVANCED_FACE('',(#1055),#8487,.T.);
#8971=ADVANCED_FACE('',(#1056),#8488,.T.);
#8972=ADVANCED_FACE('',(#1057),#8489,.T.);
#8973=ADVANCED_FACE('',(#1058),#8490,.T.);
#8974=ADVANCED_FACE('',(#1059),#8491,.F.);
#8975=ADVANCED_FACE('',(#1060),#8492,.F.);
#8976=ADVANCED_FACE('',(#1061),#8493,.F.);
#8977=ADVANCED_FACE('',(#1062),#8494,.F.);
#8978=ADVANCED_FACE('',(#1063),#8495,.F.);
#8979=ADVANCED_FACE('',(#1064),#8496,.F.);
#8980=ADVANCED_FACE('',(#1065),#8497,.F.);
#8981=ADVANCED_FACE('',(#1066),#8498,.F.);
#8982=ADVANCED_FACE('',(#1067),#8499,.F.);
#8983=ADVANCED_FACE('',(#1068),#8500,.F.);
#8984=ADVANCED_FACE('',(#1069),#8501,.F.);
#8985=ADVANCED_FACE('',(#1070),#8502,.F.);
#8986=ADVANCED_FACE('',(#1071),#8503,.T.);
#8987=ADVANCED_FACE('',(#1072),#8504,.T.);
#8988=ADVANCED_FACE('',(#1073),#8505,.T.);
#8989=ADVANCED_FACE('',(#1074),#8506,.T.);
#8990=ADVANCED_FACE('',(#1075),#8507,.T.);
#8991=ADVANCED_FACE('',(#1076),#8508,.T.);
#8992=ADVANCED_FACE('',(#1077),#8509,.T.);
#8993=ADVANCED_FACE('',(#1078),#8510,.T.);
#8994=ADVANCED_FACE('',(#1079),#8511,.T.);
#8995=ADVANCED_FACE('',(#1080),#8512,.T.);
#8996=ADVANCED_FACE('',(#1081),#8513,.T.);
#8997=ADVANCED_FACE('',(#1082),#8514,.T.);
#8998=ADVANCED_FACE('',(#1083),#8515,.T.);
#8999=ADVANCED_FACE('',(#1084),#8516,.T.);
#9000=ADVANCED_FACE('',(#1085),#8517,.T.);
#9001=ADVANCED_FACE('',(#1086),#8518,.T.);
#9002=ADVANCED_FACE('',(#1087),#8519,.T.);
#9003=ADVANCED_FACE('',(#1088),#8520,.T.);
#9004=ADVANCED_FACE('',(#1089),#8521,.T.);
#9005=ADVANCED_FACE('',(#1090),#8522,.T.);
#9006=ADVANCED_FACE('',(#1091),#8523,.T.);
#9007=ADVANCED_FACE('',(#1092,#371,#372,#373,#374,#375,#376,#377,#378,#379),
#8524,.F.);
#9008=ADVANCED_FACE('',(#1093,#380,#381,#382,#383,#384,#385,#386,#387,#388),
#8525,.T.);
#9009=ADVANCED_FACE('',(#1094),#8526,.F.);
#9010=ADVANCED_FACE('',(#1095),#8527,.F.);
#9011=ADVANCED_FACE('',(#1096),#8528,.F.);
#9012=ADVANCED_FACE('',(#1097),#8529,.F.);
#9013=ADVANCED_FACE('',(#1098),#8530,.F.);
#9014=ADVANCED_FACE('',(#1099),#8531,.F.);
#9015=ADVANCED_FACE('',(#1100),#8532,.F.);
#9016=ADVANCED_FACE('',(#1101),#8533,.F.);
#9017=ADVANCED_FACE('',(#1102),#8534,.F.);
#9018=ADVANCED_FACE('',(#1103),#8535,.F.);
#9019=ADVANCED_FACE('',(#1104),#8536,.F.);
#9020=ADVANCED_FACE('',(#1105),#8537,.F.);
#9021=ADVANCED_FACE('',(#1106),#8538,.F.);
#9022=ADVANCED_FACE('',(#1107,#389),#8539,.F.);
#9023=ADVANCED_FACE('',(#1108),#8540,.F.);
#9024=ADVANCED_FACE('',(#1109),#8541,.F.);
#9025=ADVANCED_FACE('',(#1110),#8542,.F.);
#9026=ADVANCED_FACE('',(#1111),#8543,.F.);
#9027=ADVANCED_FACE('',(#1112),#8544,.T.);
#9028=ADVANCED_FACE('',(#1113),#8545,.T.);
#9029=ADVANCED_FACE('',(#1114),#8546,.T.);
#9030=CLOSED_SHELL('',(#8547,#8548,#8549,#8550,#8551,#8552,#8553,#8554,
#8555,#8556,#8557,#8558,#8559,#8560,#8561,#8562,#8563,#8564,#8565,#8566,
#8567,#8568,#8569,#8570,#8571,#8572,#8573,#8574,#8575,#8576,#8577,#8578,
#8579,#8580,#8581,#8582,#8583,#8584,#8585,#8586,#8587,#8588,#8589,#8590,
#8591,#8592,#8593,#8594,#8595,#8596,#8597,#8598,#8599,#8600,#8601,#8602,
#8603,#8604,#8605,#8606,#8607,#8608,#8609,#8610,#8611,#8612,#8613,#8614,
#8615,#8616,#8617,#8618,#8619,#8620,#8621,#8622,#8623,#8624,#8625,#8626,
#8627,#8628,#8629,#8630,#8631,#8632,#8633,#8634,#8635,#8636,#8637,#8638,
#8639,#8640,#8641,#8642,#8643,#8644,#8645,#8646,#8647,#8648,#8649,#8650,
#8651,#8652,#8653,#8654,#8655,#8656,#8657,#8658,#8659,#8660,#8661,#8662,
#8663,#8664,#8665,#8666,#8667,#8668,#8669,#8670,#8671,#8672,#8673,#8674,
#8675,#8676,#8677,#8678,#8679,#8680,#8681,#8682,#8683,#8684,#8685,#8686,
#8687,#8688,#8689,#8690,#8691,#8692,#8693,#8694,#8695,#8696,#8697,#8698,
#8699,#8700,#8701,#8702,#8703,#8704,#8705,#8706,#8707,#8708,#8709,#8710,
#8711,#8712,#8713,#8714,#8715,#8716,#8717,#8718,#8719,#8720,#8721,#8722,
#8723,#8724,#8725,#8726,#8727,#8728,#8729,#8730,#8731,#8732,#8733,#8734,
#8735,#8736,#8737,#8738,#8739,#8740,#8741,#8742,#8743,#8744,#8745,#8746,
#8747,#8748,#8749,#8750,#8751,#8752,#8753,#8754,#8755,#8756));
#9031=CLOSED_SHELL('',(#8757,#8758,#8759,#8760,#8761,#8762,#8763,#8764,
#8765,#8766,#8767,#8768,#8769,#8770,#8771,#8772,#8773,#8774,#8775,#8776,
#8777,#8778,#8779,#8780,#8781,#8782,#8783,#8784,#8785,#8786,#8787,#8788,
#8789,#8790,#8791,#8792,#8793,#8794,#8795,#8796,#8797,#8798,#8799,#8800,
#8801,#8802,#8803,#8804,#8805,#8806,#8807,#8808,#8809,#8810,#8811,#8812,
#8813,#8814,#8815,#8816,#8817,#8818,#8819,#8820,#8821,#8822,#8823,#8824,
#8825,#8826,#8827,#8828,#8829,#8830,#8831,#8832,#8833,#8834,#8835,#8836,
#8837,#8838,#8839,#8840,#8841,#8842,#8843,#8844,#8845,#8846,#8847,#8848,
#8849,#8850,#8851,#8852,#8853,#8854,#8855,#8856,#8857,#8858,#8859,#8860,
#8861,#8862,#8863,#8864,#8865,#8866,#8867,#8868,#8869,#8870,#8871,#8872,
#8873,#8874,#8875,#8876,#8877,#8878,#8879,#8880,#8881,#8882,#8883,#8884,
#8885,#8886,#8887,#8888,#8889,#8890,#8891,#8892,#8893,#8894,#8895,#8896,
#8897,#8898,#8899,#8900,#8901,#8902,#8903,#8904,#8905,#8906,#8907,#8908,
#8909,#8910,#8911,#8912,#8913,#8914,#8915,#8916,#8917,#8918,#8919,#8920,
#8921,#8922,#8923,#8924,#8925,#8926,#8927,#8928,#8929,#8930,#8931,#8932,
#8933,#8934,#8935,#8936,#8937,#8938,#8939,#8940,#8941,#8942,#8943,#8944,
#8945,#8946,#8947,#8948,#8949,#8950,#8951,#8952,#8953,#8954,#8955,#8956,
#8957,#8958,#8959,#8960,#8961,#8962,#8963,#8964,#8965,#8966,#8967,#8968,
#8969,#8970,#8971,#8972,#8973,#8974,#8975,#8976,#8977,#8978,#8979,#8980,
#8981,#8982,#8983,#8984,#8985,#8986,#8987,#8988,#8989,#8990,#8991,#8992,
#8993,#8994,#8995,#8996,#8997,#8998,#8999,#9000,#9001,#9002,#9003,#9004,
#9005,#9006,#9007,#9008,#9009,#9010,#9011,#9012,#9013,#9014,#9015,#9016,
#9017,#9018,#9019,#9020,#9021,#9022,#9023,#9024,#9025,#9026,#9027,#9028,
#9029));
#9032=DERIVED_UNIT_ELEMENT(#9034,1.);
#9033=DERIVED_UNIT_ELEMENT(#15849,-3.);
#9034=(
MASS_UNIT()
NAMED_UNIT(*)
SI_UNIT(.KILO.,.GRAM.)
);
#9035=DERIVED_UNIT((#9032,#9033));
#9036=MEASURE_REPRESENTATION_ITEM('density measure',
POSITIVE_RATIO_MEASURE(7850.),#9035);
#9037=PROPERTY_DEFINITION_REPRESENTATION(#9042,#9039);
#9038=PROPERTY_DEFINITION_REPRESENTATION(#9043,#9040);
#9039=REPRESENTATION('material name',(#9041),#15846);
#9040=REPRESENTATION('density',(#9036),#15846);
#9041=DESCRIPTIVE_REPRESENTATION_ITEM('Steel','Steel');
#9042=PROPERTY_DEFINITION('material property','material name',#15861);
#9043=PROPERTY_DEFINITION('material property','density of part',#15861);
#9044=AXIS2_PLACEMENT_3D('',#11641,#9598,#9599);
#9045=AXIS2_PLACEMENT_3D('',#11642,#9600,#9601);
#9046=AXIS2_PLACEMENT_3D('',#11643,#9602,#9603);
#9047=AXIS2_PLACEMENT_3D('',#11652,#9608,#9609);
#9048=AXIS2_PLACEMENT_3D('',#11658,#9613,#9614);
#9049=AXIS2_PLACEMENT_3D('',#11668,#9620,#9621);
#9050=AXIS2_PLACEMENT_3D('',#11674,#9625,#9626);
#9051=AXIS2_PLACEMENT_3D('',#11680,#9630,#9631);
#9052=AXIS2_PLACEMENT_3D('',#11690,#9637,#9638);
#9053=AXIS2_PLACEMENT_3D('',#11694,#9641,#9642);
#9054=AXIS2_PLACEMENT_3D('',#11698,#9645,#9646);
#9055=AXIS2_PLACEMENT_3D('',#11702,#9649,#9650);
#9056=AXIS2_PLACEMENT_3D('',#11705,#9651,#9652);
#9057=AXIS2_PLACEMENT_3D('',#11709,#9654,#9655);
#9058=AXIS2_PLACEMENT_3D('',#11711,#9657,#9658);
#9059=AXIS2_PLACEMENT_3D('',#11717,#9662,#9663);
#9060=AXIS2_PLACEMENT_3D('',#11719,#9664,#9665);
#9061=AXIS2_PLACEMENT_3D('',#11722,#9667,#9668);
#9062=AXIS2_PLACEMENT_3D('',#11723,#9669,#9670);
#9063=AXIS2_PLACEMENT_3D('',#11729,#9674,#9675);
#9064=AXIS2_PLACEMENT_3D('',#11731,#9676,#9677);
#9065=AXIS2_PLACEMENT_3D('',#11734,#9679,#9680);
#9066=AXIS2_PLACEMENT_3D('',#11735,#9681,#9682);
#9067=AXIS2_PLACEMENT_3D('',#11741,#9686,#9687);
#9068=AXIS2_PLACEMENT_3D('',#11743,#9688,#9689);
#9069=AXIS2_PLACEMENT_3D('',#11746,#9691,#9692);
#9070=AXIS2_PLACEMENT_3D('',#11747,#9693,#9694);
#9071=AXIS2_PLACEMENT_3D('',#11750,#9697,#9698);
#9072=AXIS2_PLACEMENT_3D('',#11759,#9703,#9704);
#9073=AXIS2_PLACEMENT_3D('',#11765,#9708,#9709);
#9074=AXIS2_PLACEMENT_3D('',#11771,#9713,#9714);
#9075=AXIS2_PLACEMENT_3D('',#11774,#9717,#9718);
#9076=AXIS2_PLACEMENT_3D('',#11783,#9723,#9724);
#9077=AXIS2_PLACEMENT_3D('',#11789,#9728,#9729);
#9078=AXIS2_PLACEMENT_3D('',#11795,#9733,#9734);
#9079=AXIS2_PLACEMENT_3D('',#11798,#9737,#9738);
#9080=AXIS2_PLACEMENT_3D('',#11807,#9743,#9744);
#9081=AXIS2_PLACEMENT_3D('',#11813,#9748,#9749);
#9082=AXIS2_PLACEMENT_3D('',#11819,#9753,#9754);
#9083=AXIS2_PLACEMENT_3D('',#11822,#9757,#9758);
#9084=AXIS2_PLACEMENT_3D('',#11831,#9763,#9764);
#9085=AXIS2_PLACEMENT_3D('',#11837,#9768,#9769);
#9086=AXIS2_PLACEMENT_3D('',#11843,#9773,#9774);
#9087=AXIS2_PLACEMENT_3D('',#11846,#9777,#9778);
#9088=AXIS2_PLACEMENT_3D('',#11855,#9783,#9784);
#9089=AXIS2_PLACEMENT_3D('',#11861,#9788,#9789);
#9090=AXIS2_PLACEMENT_3D('',#11867,#9793,#9794);
#9091=AXIS2_PLACEMENT_3D('',#11870,#9797,#9798);
#9092=AXIS2_PLACEMENT_3D('',#11879,#9803,#9804);
#9093=AXIS2_PLACEMENT_3D('',#11885,#9808,#9809);
#9094=AXIS2_PLACEMENT_3D('',#11891,#9813,#9814);
#9095=AXIS2_PLACEMENT_3D('',#11894,#9817,#9818);
#9096=AXIS2_PLACEMENT_3D('',#11903,#9823,#9824);
#9097=AXIS2_PLACEMENT_3D('',#11909,#9828,#9829);
#9098=AXIS2_PLACEMENT_3D('',#11915,#9833,#9834);
#9099=AXIS2_PLACEMENT_3D('',#11918,#9837,#9838);
#9100=AXIS2_PLACEMENT_3D('',#11927,#9843,#9844);
#9101=AXIS2_PLACEMENT_3D('',#11933,#9848,#9849);
#9102=AXIS2_PLACEMENT_3D('',#11939,#9853,#9854);
#9103=AXIS2_PLACEMENT_3D('',#11942,#9857,#9858);
#9104=AXIS2_PLACEMENT_3D('',#11950,#9863,#9864);
#9105=AXIS2_PLACEMENT_3D('',#11952,#9865,#9866);
#9106=AXIS2_PLACEMENT_3D('',#11955,#9868,#9869);
#9107=AXIS2_PLACEMENT_3D('',#11956,#9870,#9871);
#9108=AXIS2_PLACEMENT_3D('',#11962,#9875,#9876);
#9109=AXIS2_PLACEMENT_3D('',#11968,#9880,#9881);
#9110=AXIS2_PLACEMENT_3D('',#11971,#9884,#9885);
#9111=AXIS2_PLACEMENT_3D('',#11973,#9886,#9887);
#9112=AXIS2_PLACEMENT_3D('',#11976,#9889,#9890);
#9113=AXIS2_PLACEMENT_3D('',#11977,#9891,#9892);
#9114=AXIS2_PLACEMENT_3D('',#11979,#9893,#9894);
#9115=AXIS2_PLACEMENT_3D('',#11980,#9895,#9896);
#9116=AXIS2_PLACEMENT_3D('',#11982,#9897,#9898);
#9117=AXIS2_PLACEMENT_3D('',#11985,#9900,#9901);
#9118=AXIS2_PLACEMENT_3D('',#11986,#9902,#9903);
#9119=AXIS2_PLACEMENT_3D('',#11988,#9904,#9905);
#9120=AXIS2_PLACEMENT_3D('',#11989,#9906,#9907);
#9121=AXIS2_PLACEMENT_3D('',#11991,#9908,#9909);
#9122=AXIS2_PLACEMENT_3D('',#11994,#9911,#9912);
#9123=AXIS2_PLACEMENT_3D('',#11995,#9913,#9914);
#9124=AXIS2_PLACEMENT_3D('',#11997,#9915,#9916);
#9125=AXIS2_PLACEMENT_3D('',#11998,#9917,#9918);
#9126=AXIS2_PLACEMENT_3D('',#12000,#9919,#9920);
#9127=AXIS2_PLACEMENT_3D('',#12003,#9922,#9923);
#9128=AXIS2_PLACEMENT_3D('',#12004,#9924,#9925);
#9129=AXIS2_PLACEMENT_3D('',#12006,#9926,#9927);
#9130=AXIS2_PLACEMENT_3D('',#12007,#9928,#9929);
#9131=AXIS2_PLACEMENT_3D('',#12009,#9930,#9931);
#9132=AXIS2_PLACEMENT_3D('',#12011,#9933,#9934);
#9133=AXIS2_PLACEMENT_3D('',#12013,#9935,#9936);
#9134=AXIS2_PLACEMENT_3D('',#12015,#9938,#9939);
#9135=AXIS2_PLACEMENT_3D('',#12017,#9940,#9941);
#9136=AXIS2_PLACEMENT_3D('',#12019,#9943,#9944);
#9137=AXIS2_PLACEMENT_3D('',#12021,#9945,#9946);
#9138=AXIS2_PLACEMENT_3D('',#12023,#9948,#9949);
#9139=AXIS2_PLACEMENT_3D('',#12026,#9950,#9951);
#9140=AXIS2_PLACEMENT_3D('',#12030,#9953,#9954);
#9141=AXIS2_PLACEMENT_3D('',#12032,#9956,#9957);
#9142=AXIS2_PLACEMENT_3D('',#12036,#9959,#9960);
#9143=AXIS2_PLACEMENT_3D('',#12040,#9962,#9963);
#9144=AXIS2_PLACEMENT_3D('',#12044,#9965,#9966);
#9145=AXIS2_PLACEMENT_3D('',#12047,#9968,#9969);
#9146=AXIS2_PLACEMENT_3D('',#12051,#9971,#9972);
#9147=AXIS2_PLACEMENT_3D('',#12055,#9974,#9975);
#9148=AXIS2_PLACEMENT_3D('',#12061,#9978,#9979);
#9149=AXIS2_PLACEMENT_3D('',#12065,#9981,#9982);
#9150=AXIS2_PLACEMENT_3D('',#12069,#9984,#9985);
#9151=AXIS2_PLACEMENT_3D('',#12072,#9987,#9988);
#9152=AXIS2_PLACEMENT_3D('',#12077,#9990,#9991);
#9153=AXIS2_PLACEMENT_3D('',#12081,#9993,#9994);
#9154=AXIS2_PLACEMENT_3D('',#12085,#9996,#9997);
#9155=AXIS2_PLACEMENT_3D('',#12088,#9999,#10000);
#9156=AXIS2_PLACEMENT_3D('',#12093,#10002,#10003);
#9157=AXIS2_PLACEMENT_3D('',#12097,#10005,#10006);
#9158=AXIS2_PLACEMENT_3D('',#12101,#10008,#10009);
#9159=AXIS2_PLACEMENT_3D('',#12104,#10011,#10012);
#9160=AXIS2_PLACEMENT_3D('',#12109,#10014,#10015);
#9161=AXIS2_PLACEMENT_3D('',#12113,#10017,#10018);
#9162=AXIS2_PLACEMENT_3D('',#12117,#10020,#10021);
#9163=AXIS2_PLACEMENT_3D('',#12120,#10023,#10024);
#9164=AXIS2_PLACEMENT_3D('',#12125,#10026,#10027);
#9165=AXIS2_PLACEMENT_3D('',#12129,#10029,#10030);
#9166=AXIS2_PLACEMENT_3D('',#12133,#10032,#10033);
#9167=AXIS2_PLACEMENT_3D('',#12136,#10035,#10036);
#9168=AXIS2_PLACEMENT_3D('',#12141,#10038,#10039);
#9169=AXIS2_PLACEMENT_3D('',#12145,#10041,#10042);
#9170=AXIS2_PLACEMENT_3D('',#12149,#10044,#10045);
#9171=AXIS2_PLACEMENT_3D('',#12152,#10047,#10048);
#9172=AXIS2_PLACEMENT_3D('',#12157,#10050,#10051);
#9173=AXIS2_PLACEMENT_3D('',#12161,#10053,#10054);
#9174=AXIS2_PLACEMENT_3D('',#12165,#10056,#10057);
#9175=AXIS2_PLACEMENT_3D('',#12168,#10059,#10060);
#9176=AXIS2_PLACEMENT_3D('',#12169,#10061,#10062);
#9177=AXIS2_PLACEMENT_3D('',#12173,#10065,#10066);
#9178=AXIS2_PLACEMENT_3D('',#12175,#10067,#10068);
#9179=AXIS2_PLACEMENT_3D('',#12177,#10070,#10071);
#9180=AXIS2_PLACEMENT_3D('',#12180,#10072,#10073);
#9181=AXIS2_PLACEMENT_3D('',#12183,#10076,#10077);
#9182=AXIS2_PLACEMENT_3D('',#12187,#10080,#10081);
#9183=AXIS2_PLACEMENT_3D('',#12189,#10082,#10083);
#9184=AXIS2_PLACEMENT_3D('',#12191,#10085,#10086);
#9185=AXIS2_PLACEMENT_3D('',#12197,#10090,#10091);
#9186=AXIS2_PLACEMENT_3D('',#12200,#10093,#10094);
#9187=AXIS2_PLACEMENT_3D('',#12201,#10095,#10096);
#9188=AXIS2_PLACEMENT_3D('',#12205,#10099,#10100);
#9189=AXIS2_PLACEMENT_3D('',#12208,#10102,#10103);
#9190=AXIS2_PLACEMENT_3D('',#12209,#10104,#10105);
#9191=AXIS2_PLACEMENT_3D('',#12213,#10108,#10109);
#9192=AXIS2_PLACEMENT_3D('',#12216,#10111,#10112);
#9193=AXIS2_PLACEMENT_3D('',#12217,#10113,#10114);
#9194=AXIS2_PLACEMENT_3D('',#12221,#10117,#10118);
#9195=AXIS2_PLACEMENT_3D('',#12222,#10119,#10120);
#9196=AXIS2_PLACEMENT_3D('',#12223,#10121,#10122);
#9197=AXIS2_PLACEMENT_3D('',#12226,#10123,#10124);
#9198=AXIS2_PLACEMENT_3D('',#12230,#10126,#10127);
#9199=AXIS2_PLACEMENT_3D('',#12234,#10129,#10130);
#9200=AXIS2_PLACEMENT_3D('',#12238,#10132,#10133);
#9201=AXIS2_PLACEMENT_3D('',#12240,#10135,#10136);
#9202=AXIS2_PLACEMENT_3D('',#12246,#10140,#10141);
#9203=AXIS2_PLACEMENT_3D('',#12249,#10143,#10144);
#9204=AXIS2_PLACEMENT_3D('',#12250,#10145,#10146);
#9205=AXIS2_PLACEMENT_3D('',#12254,#10149,#10150);
#9206=AXIS2_PLACEMENT_3D('',#12257,#10152,#10153);
#9207=AXIS2_PLACEMENT_3D('',#12258,#10154,#10155);
#9208=AXIS2_PLACEMENT_3D('',#12262,#10158,#10159);
#9209=AXIS2_PLACEMENT_3D('',#12265,#10161,#10162);
#9210=AXIS2_PLACEMENT_3D('',#12266,#10163,#10164);
#9211=AXIS2_PLACEMENT_3D('',#12270,#10167,#10168);
#9212=AXIS2_PLACEMENT_3D('',#12271,#10169,#10170);
#9213=AXIS2_PLACEMENT_3D('',#12272,#10171,#10172);
#9214=AXIS2_PLACEMENT_3D('',#12275,#10173,#10174);
#9215=AXIS2_PLACEMENT_3D('',#12279,#10176,#10177);
#9216=AXIS2_PLACEMENT_3D('',#12283,#10179,#10180);
#9217=AXIS2_PLACEMENT_3D('',#12287,#10182,#10183);
#9218=AXIS2_PLACEMENT_3D('',#12289,#10185,#10186);
#9219=AXIS2_PLACEMENT_3D('',#12293,#10189,#10190);
#9220=AXIS2_PLACEMENT_3D('',#12296,#10192,#10193);
#9221=AXIS2_PLACEMENT_3D('',#12297,#10194,#10195);
#9222=AXIS2_PLACEMENT_3D('',#12301,#10198,#10199);
#9223=AXIS2_PLACEMENT_3D('',#12304,#10201,#10202);
#9224=AXIS2_PLACEMENT_3D('',#12305,#10203,#10204);
#9225=AXIS2_PLACEMENT_3D('',#12309,#10207,#10208);
#9226=AXIS2_PLACEMENT_3D('',#12310,#10209,#10210);
#9227=AXIS2_PLACEMENT_3D('',#12311,#10211,#10212);
#9228=AXIS2_PLACEMENT_3D('',#12313,#10213,#10214);
#9229=AXIS2_PLACEMENT_3D('',#12317,#10216,#10217);
#9230=AXIS2_PLACEMENT_3D('',#12321,#10219,#10220);
#9231=AXIS2_PLACEMENT_3D('',#12324,#10222,#10223);
#9232=AXIS2_PLACEMENT_3D('',#12325,#10224,#10225);
#9233=AXIS2_PLACEMENT_3D('',#12331,#10229,#10230);
#9234=AXIS2_PLACEMENT_3D('',#12334,#10232,#10233);
#9235=AXIS2_PLACEMENT_3D('',#12335,#10234,#10235);
#9236=AXIS2_PLACEMENT_3D('',#12339,#10238,#10239);
#9237=AXIS2_PLACEMENT_3D('',#12342,#10241,#10242);
#9238=AXIS2_PLACEMENT_3D('',#12343,#10243,#10244);
#9239=AXIS2_PLACEMENT_3D('',#12347,#10247,#10248);
#9240=AXIS2_PLACEMENT_3D('',#12350,#10250,#10251);
#9241=AXIS2_PLACEMENT_3D('',#12351,#10252,#10253);
#9242=AXIS2_PLACEMENT_3D('',#12355,#10256,#10257);
#9243=AXIS2_PLACEMENT_3D('',#12356,#10258,#10259);
#9244=AXIS2_PLACEMENT_3D('',#12357,#10260,#10261);
#9245=AXIS2_PLACEMENT_3D('',#12360,#10262,#10263);
#9246=AXIS2_PLACEMENT_3D('',#12364,#10265,#10266);
#9247=AXIS2_PLACEMENT_3D('',#12368,#10268,#10269);
#9248=AXIS2_PLACEMENT_3D('',#12372,#10271,#10272);
#9249=AXIS2_PLACEMENT_3D('',#12374,#10274,#10275);
#9250=AXIS2_PLACEMENT_3D('',#12380,#10279,#10280);
#9251=AXIS2_PLACEMENT_3D('',#12383,#10282,#10283);
#9252=AXIS2_PLACEMENT_3D('',#12384,#10284,#10285);
#9253=AXIS2_PLACEMENT_3D('',#12388,#10288,#10289);
#9254=AXIS2_PLACEMENT_3D('',#12391,#10291,#10292);
#9255=AXIS2_PLACEMENT_3D('',#12392,#10293,#10294);
#9256=AXIS2_PLACEMENT_3D('',#12396,#10297,#10298);
#9257=AXIS2_PLACEMENT_3D('',#12399,#10300,#10301);
#9258=AXIS2_PLACEMENT_3D('',#12400,#10302,#10303);
#9259=AXIS2_PLACEMENT_3D('',#12404,#10306,#10307);
#9260=AXIS2_PLACEMENT_3D('',#12405,#10308,#10309);
#9261=AXIS2_PLACEMENT_3D('',#12406,#10310,#10311);
#9262=AXIS2_PLACEMENT_3D('',#12409,#10312,#10313);
#9263=AXIS2_PLACEMENT_3D('',#12413,#10315,#10316);
#9264=AXIS2_PLACEMENT_3D('',#12417,#10318,#10319);
#9265=AXIS2_PLACEMENT_3D('',#12421,#10321,#10322);
#9266=AXIS2_PLACEMENT_3D('',#12423,#10324,#10325);
#9267=AXIS2_PLACEMENT_3D('',#12429,#10329,#10330);
#9268=AXIS2_PLACEMENT_3D('',#12432,#10332,#10333);
#9269=AXIS2_PLACEMENT_3D('',#12433,#10334,#10335);
#9270=AXIS2_PLACEMENT_3D('',#12437,#10338,#10339);
#9271=AXIS2_PLACEMENT_3D('',#12440,#10341,#10342);
#9272=AXIS2_PLACEMENT_3D('',#12441,#10343,#10344);
#9273=AXIS2_PLACEMENT_3D('',#12445,#10347,#10348);
#9274=AXIS2_PLACEMENT_3D('',#12448,#10350,#10351);
#9275=AXIS2_PLACEMENT_3D('',#12449,#10352,#10353);
#9276=AXIS2_PLACEMENT_3D('',#12453,#10356,#10357);
#9277=AXIS2_PLACEMENT_3D('',#12454,#10358,#10359);
#9278=AXIS2_PLACEMENT_3D('',#12455,#10360,#10361);
#9279=AXIS2_PLACEMENT_3D('',#12458,#10362,#10363);
#9280=AXIS2_PLACEMENT_3D('',#12462,#10365,#10366);
#9281=AXIS2_PLACEMENT_3D('',#12466,#10368,#10369);
#9282=AXIS2_PLACEMENT_3D('',#12470,#10371,#10372);
#9283=AXIS2_PLACEMENT_3D('',#12472,#10374,#10375);
#9284=AXIS2_PLACEMENT_3D('',#12478,#10379,#10380);
#9285=AXIS2_PLACEMENT_3D('',#12481,#10382,#10383);
#9286=AXIS2_PLACEMENT_3D('',#12482,#10384,#10385);
#9287=AXIS2_PLACEMENT_3D('',#12486,#10388,#10389);
#9288=AXIS2_PLACEMENT_3D('',#12489,#10391,#10392);
#9289=AXIS2_PLACEMENT_3D('',#12490,#10393,#10394);
#9290=AXIS2_PLACEMENT_3D('',#12494,#10397,#10398);
#9291=AXIS2_PLACEMENT_3D('',#12497,#10400,#10401);
#9292=AXIS2_PLACEMENT_3D('',#12498,#10402,#10403);
#9293=AXIS2_PLACEMENT_3D('',#12502,#10406,#10407);
#9294=AXIS2_PLACEMENT_3D('',#12503,#10408,#10409);
#9295=AXIS2_PLACEMENT_3D('',#12504,#10410,#10411);
#9296=AXIS2_PLACEMENT_3D('',#12507,#10412,#10413);
#9297=AXIS2_PLACEMENT_3D('',#12511,#10415,#10416);
#9298=AXIS2_PLACEMENT_3D('',#12515,#10418,#10419);
#9299=AXIS2_PLACEMENT_3D('',#12519,#10421,#10422);
#9300=AXIS2_PLACEMENT_3D('',#12521,#10424,#10425);
#9301=AXIS2_PLACEMENT_3D('',#12527,#10429,#10430);
#9302=AXIS2_PLACEMENT_3D('',#12530,#10432,#10433);
#9303=AXIS2_PLACEMENT_3D('',#12531,#10434,#10435);
#9304=AXIS2_PLACEMENT_3D('',#12535,#10438,#10439);
#9305=AXIS2_PLACEMENT_3D('',#12538,#10441,#10442);
#9306=AXIS2_PLACEMENT_3D('',#12539,#10443,#10444);
#9307=AXIS2_PLACEMENT_3D('',#12543,#10447,#10448);
#9308=AXIS2_PLACEMENT_3D('',#12546,#10450,#10451);
#9309=AXIS2_PLACEMENT_3D('',#12547,#10452,#10453);
#9310=AXIS2_PLACEMENT_3D('',#12551,#10456,#10457);
#9311=AXIS2_PLACEMENT_3D('',#12552,#10458,#10459);
#9312=AXIS2_PLACEMENT_3D('',#12553,#10460,#10461);
#9313=AXIS2_PLACEMENT_3D('',#12556,#10462,#10463);
#9314=AXIS2_PLACEMENT_3D('',#12560,#10465,#10466);
#9315=AXIS2_PLACEMENT_3D('',#12564,#10468,#10469);
#9316=AXIS2_PLACEMENT_3D('',#12568,#10471,#10472);
#9317=AXIS2_PLACEMENT_3D('',#12570,#10474,#10475);
#9318=AXIS2_PLACEMENT_3D('',#12576,#10479,#10480);
#9319=AXIS2_PLACEMENT_3D('',#12579,#10482,#10483);
#9320=AXIS2_PLACEMENT_3D('',#12580,#10484,#10485);
#9321=AXIS2_PLACEMENT_3D('',#12584,#10488,#10489);
#9322=AXIS2_PLACEMENT_3D('',#12587,#10491,#10492);
#9323=AXIS2_PLACEMENT_3D('',#12588,#10493,#10494);
#9324=AXIS2_PLACEMENT_3D('',#12594,#10498,#10499);
#9325=AXIS2_PLACEMENT_3D('',#12597,#10501,#10502);
#9326=AXIS2_PLACEMENT_3D('',#12598,#10503,#10504);
#9327=AXIS2_PLACEMENT_3D('',#12602,#10507,#10508);
#9328=AXIS2_PLACEMENT_3D('',#12605,#10510,#10511);
#9329=AXIS2_PLACEMENT_3D('',#12606,#10512,#10513);
#9330=AXIS2_PLACEMENT_3D('',#12612,#10517,#10518);
#9331=AXIS2_PLACEMENT_3D('',#12615,#10520,#10521);
#9332=AXIS2_PLACEMENT_3D('',#12616,#10522,#10523);
#9333=AXIS2_PLACEMENT_3D('',#12620,#10526,#10527);
#9334=AXIS2_PLACEMENT_3D('',#12623,#10529,#10530);
#9335=AXIS2_PLACEMENT_3D('',#12624,#10531,#10532);
#9336=AXIS2_PLACEMENT_3D('',#12630,#10536,#10537);
#9337=AXIS2_PLACEMENT_3D('',#12633,#10539,#10540);
#9338=AXIS2_PLACEMENT_3D('',#12634,#10541,#10542);
#9339=AXIS2_PLACEMENT_3D('',#12638,#10545,#10546);
#9340=AXIS2_PLACEMENT_3D('',#12641,#10548,#10549);
#9341=AXIS2_PLACEMENT_3D('',#12642,#10550,#10551);
#9342=AXIS2_PLACEMENT_3D('',#12648,#10555,#10556);
#9343=AXIS2_PLACEMENT_3D('',#12651,#10558,#10559);
#9344=AXIS2_PLACEMENT_3D('',#12652,#10560,#10561);
#9345=AXIS2_PLACEMENT_3D('',#12656,#10564,#10565);
#9346=AXIS2_PLACEMENT_3D('',#12659,#10567,#10568);
#9347=AXIS2_PLACEMENT_3D('',#12660,#10569,#10570);
#9348=AXIS2_PLACEMENT_3D('',#12666,#10574,#10575);
#9349=AXIS2_PLACEMENT_3D('',#12669,#10577,#10578);
#9350=AXIS2_PLACEMENT_3D('',#12670,#10579,#10580);
#9351=AXIS2_PLACEMENT_3D('',#12674,#10583,#10584);
#9352=AXIS2_PLACEMENT_3D('',#12677,#10586,#10587);
#9353=AXIS2_PLACEMENT_3D('',#12678,#10588,#10589);
#9354=AXIS2_PLACEMENT_3D('',#12684,#10593,#10594);
#9355=AXIS2_PLACEMENT_3D('',#12687,#10596,#10597);
#9356=AXIS2_PLACEMENT_3D('',#12688,#10598,#10599);
#9357=AXIS2_PLACEMENT_3D('',#12692,#10602,#10603);
#9358=AXIS2_PLACEMENT_3D('',#12695,#10605,#10606);
#9359=AXIS2_PLACEMENT_3D('',#12696,#10607,#10608);
#9360=AXIS2_PLACEMENT_3D('',#12702,#10612,#10613);
#9361=AXIS2_PLACEMENT_3D('',#12705,#10615,#10616);
#9362=AXIS2_PLACEMENT_3D('',#12706,#10617,#10618);
#9363=AXIS2_PLACEMENT_3D('',#12710,#10621,#10622);
#9364=AXIS2_PLACEMENT_3D('',#12713,#10624,#10625);
#9365=AXIS2_PLACEMENT_3D('',#12714,#10626,#10627);
#9366=AXIS2_PLACEMENT_3D('',#12716,#10629,#10630);
#9367=AXIS2_PLACEMENT_3D('',#12718,#10632,#10633);
#9368=AXIS2_PLACEMENT_3D('',#12720,#10634,#10635);
#9369=AXIS2_PLACEMENT_3D('',#12722,#10637,#10638);
#9370=AXIS2_PLACEMENT_3D('',#12726,#10641,#10642);
#9371=AXIS2_PLACEMENT_3D('',#12728,#10643,#10644);
#9372=AXIS2_PLACEMENT_3D('',#12730,#10646,#10647);
#9373=AXIS2_PLACEMENT_3D('',#12732,#10649,#10650);
#9374=AXIS2_PLACEMENT_3D('',#12734,#10651,#10652);
#9375=AXIS2_PLACEMENT_3D('',#12736,#10654,#10655);
#9376=AXIS2_PLACEMENT_3D('',#12740,#10658,#10659);
#9377=AXIS2_PLACEMENT_3D('',#12742,#10660,#10661);
#9378=AXIS2_PLACEMENT_3D('',#12744,#10663,#10664);
#9379=AXIS2_PLACEMENT_3D('',#12746,#10666,#10667);
#9380=AXIS2_PLACEMENT_3D('',#12748,#10668,#10669);
#9381=AXIS2_PLACEMENT_3D('',#12750,#10671,#10672);
#9382=AXIS2_PLACEMENT_3D('',#12754,#10675,#10676);
#9383=AXIS2_PLACEMENT_3D('',#12756,#10677,#10678);
#9384=AXIS2_PLACEMENT_3D('',#12758,#10680,#10681);
#9385=AXIS2_PLACEMENT_3D('',#12760,#10683,#10684);
#9386=AXIS2_PLACEMENT_3D('',#12762,#10685,#10686);
#9387=AXIS2_PLACEMENT_3D('',#12764,#10688,#10689);
#9388=AXIS2_PLACEMENT_3D('',#12768,#10692,#10693);
#9389=AXIS2_PLACEMENT_3D('',#12770,#10694,#10695);
#9390=AXIS2_PLACEMENT_3D('',#12772,#10697,#10698);
#9391=AXIS2_PLACEMENT_3D('',#12774,#10700,#10701);
#9392=AXIS2_PLACEMENT_3D('',#12776,#10702,#10703);
#9393=AXIS2_PLACEMENT_3D('',#12778,#10705,#10706);
#9394=AXIS2_PLACEMENT_3D('',#12782,#10709,#10710);
#9395=AXIS2_PLACEMENT_3D('',#12784,#10711,#10712);
#9396=AXIS2_PLACEMENT_3D('',#12786,#10714,#10715);
#9397=AXIS2_PLACEMENT_3D('',#12788,#10717,#10718);
#9398=AXIS2_PLACEMENT_3D('',#12790,#10719,#10720);
#9399=AXIS2_PLACEMENT_3D('',#12792,#10722,#10723);
#9400=AXIS2_PLACEMENT_3D('',#12796,#10726,#10727);
#9401=AXIS2_PLACEMENT_3D('',#12798,#10728,#10729);
#9402=AXIS2_PLACEMENT_3D('',#12800,#10731,#10732);
#9403=AXIS2_PLACEMENT_3D('',#12802,#10734,#10735);
#9404=AXIS2_PLACEMENT_3D('',#12804,#10736,#10737);
#9405=AXIS2_PLACEMENT_3D('',#12806,#10739,#10740);
#9406=AXIS2_PLACEMENT_3D('',#12810,#10743,#10744);
#9407=AXIS2_PLACEMENT_3D('',#12812,#10745,#10746);
#9408=AXIS2_PLACEMENT_3D('',#12814,#10748,#10749);
#9409=AXIS2_PLACEMENT_3D('',#12816,#10751,#10752);
#9410=AXIS2_PLACEMENT_3D('',#12818,#10753,#10754);
#9411=AXIS2_PLACEMENT_3D('',#12820,#10756,#10757);
#9412=AXIS2_PLACEMENT_3D('',#12824,#10760,#10761);
#9413=AXIS2_PLACEMENT_3D('',#12826,#10762,#10763);
#9414=AXIS2_PLACEMENT_3D('',#12828,#10765,#10766);
#9415=AXIS2_PLACEMENT_3D('',#12830,#10768,#10769);
#9416=AXIS2_PLACEMENT_3D('',#12831,#10770,#10771);
#9417=AXIS2_PLACEMENT_3D('',#12838,#10775,#10776);
#9418=AXIS2_PLACEMENT_3D('',#12844,#10780,#10781);
#9419=AXIS2_PLACEMENT_3D('',#12851,#10785,#10786);
#9420=AXIS2_PLACEMENT_3D('',#12857,#10790,#10791);
#9421=AXIS2_PLACEMENT_3D('',#12860,#10794,#10795);
#9422=AXIS2_PLACEMENT_3D('',#12866,#10799,#10800);
#9423=AXIS2_PLACEMENT_3D('',#12872,#10804,#10805);
#9424=AXIS2_PLACEMENT_3D('',#12875,#10808,#10809);
#9425=AXIS2_PLACEMENT_3D('',#12877,#10811,#10812);
#9426=AXIS2_PLACEMENT_3D('',#12878,#10813,#10814);
#9427=AXIS2_PLACEMENT_3D('',#12887,#10819,#10820);
#9428=AXIS2_PLACEMENT_3D('',#12893,#10824,#10825);
#9429=AXIS2_PLACEMENT_3D('',#12899,#10829,#10830);
#9430=AXIS2_PLACEMENT_3D('',#12902,#10833,#10834);
#9431=AXIS2_PLACEMENT_3D('',#12908,#10838,#10839);
#9432=AXIS2_PLACEMENT_3D('',#12912,#10842,#10843);
#9433=AXIS2_PLACEMENT_3D('',#12969,#10872,#10873);
#9434=AXIS2_PLACEMENT_3D('',#12975,#10877,#10878);
#9435=AXIS2_PLACEMENT_3D('',#12979,#10881,#10882);
#9436=AXIS2_PLACEMENT_3D('',#12983,#10885,#10886);
#9437=AXIS2_PLACEMENT_3D('',#12985,#10888,#10889);
#9438=AXIS2_PLACEMENT_3D('',#12991,#10893,#10894);
#9439=AXIS2_PLACEMENT_3D('',#12995,#10897,#10898);
#9440=AXIS2_PLACEMENT_3D('',#13001,#10902,#10903);
#9441=AXIS2_PLACEMENT_3D('',#13005,#10906,#10907);
#9442=AXIS2_PLACEMENT_3D('',#13009,#10910,#10911);
#9443=AXIS2_PLACEMENT_3D('',#13011,#10913,#10914);
#9444=AXIS2_PLACEMENT_3D('',#13017,#10918,#10919);
#9445=AXIS2_PLACEMENT_3D('',#13021,#10922,#10923);
#9446=AXIS2_PLACEMENT_3D('',#13027,#10927,#10928);
#9447=AXIS2_PLACEMENT_3D('',#13031,#10931,#10932);
#9448=AXIS2_PLACEMENT_3D('',#13035,#10935,#10936);
#9449=AXIS2_PLACEMENT_3D('',#13037,#10938,#10939);
#9450=AXIS2_PLACEMENT_3D('',#13043,#10943,#10944);
#9451=AXIS2_PLACEMENT_3D('',#13047,#10947,#10948);
#9452=AXIS2_PLACEMENT_3D('',#13053,#10952,#10953);
#9453=AXIS2_PLACEMENT_3D('',#13057,#10956,#10957);
#9454=AXIS2_PLACEMENT_3D('',#13061,#10960,#10961);
#9455=AXIS2_PLACEMENT_3D('',#13063,#10963,#10964);
#9456=AXIS2_PLACEMENT_3D('',#13069,#10968,#10969);
#9457=AXIS2_PLACEMENT_3D('',#13073,#10972,#10973);
#9458=AXIS2_PLACEMENT_3D('',#13079,#10977,#10978);
#9459=AXIS2_PLACEMENT_3D('',#13083,#10981,#10982);
#9460=AXIS2_PLACEMENT_3D('',#13087,#10985,#10986);
#9461=AXIS2_PLACEMENT_3D('',#13089,#10988,#10989);
#9462=AXIS2_PLACEMENT_3D('',#13095,#10993,#10994);
#9463=AXIS2_PLACEMENT_3D('',#13099,#10997,#10998);
#9464=AXIS2_PLACEMENT_3D('',#13105,#11002,#11003);
#9465=AXIS2_PLACEMENT_3D('',#13109,#11006,#11007);
#9466=AXIS2_PLACEMENT_3D('',#13113,#11010,#11011);
#9467=AXIS2_PLACEMENT_3D('',#13115,#11013,#11014);
#9468=AXIS2_PLACEMENT_3D('',#13121,#11018,#11019);
#9469=AXIS2_PLACEMENT_3D('',#13125,#11022,#11023);
#9470=AXIS2_PLACEMENT_3D('',#13127,#11024,#11025);
#9471=AXIS2_PLACEMENT_3D('',#13130,#11027,#11028);
#9472=AXIS2_PLACEMENT_3D('',#13131,#11029,#11030);
#9473=AXIS2_PLACEMENT_3D('',#13132,#11031,#11032);
#9474=AXIS2_PLACEMENT_3D('',#13138,#11036,#11037);
#9475=AXIS2_PLACEMENT_3D('',#13144,#11041,#11042);
#9476=AXIS2_PLACEMENT_3D('',#13150,#11046,#11047);
#9477=AXIS2_PLACEMENT_3D('',#13156,#11051,#11052);
#9478=AXIS2_PLACEMENT_3D('',#13162,#11056,#11057);
#9479=AXIS2_PLACEMENT_3D('',#13168,#11061,#11062);
#9480=AXIS2_PLACEMENT_3D('',#13170,#11064,#11065);
#9481=AXIS2_PLACEMENT_3D('',#13176,#11069,#11070);
#9482=AXIS2_PLACEMENT_3D('',#13182,#11074,#11075);
#9483=AXIS2_PLACEMENT_3D('',#13184,#11077,#11078);
#9484=AXIS2_PLACEMENT_3D('',#13186,#11080,#11081);
#9485=AXIS2_PLACEMENT_3D('',#13188,#11083,#11084);
#9486=AXIS2_PLACEMENT_3D('',#13190,#11086,#11087);
#9487=AXIS2_PLACEMENT_3D('',#13192,#11089,#11090);
#9488=AXIS2_PLACEMENT_3D('',#13196,#11093,#11094);
#9489=AXIS2_PLACEMENT_3D('',#13200,#11097,#11098);
#9490=AXIS2_PLACEMENT_3D('',#13204,#11101,#11102);
#9491=AXIS2_PLACEMENT_3D('',#13206,#11104,#11105);
#9492=AXIS2_PLACEMENT_3D('',#13208,#11107,#11108);
#9493=AXIS2_PLACEMENT_3D('',#13210,#11110,#11111);
#9494=AXIS2_PLACEMENT_3D('',#13211,#11112,#11113);
#9495=AXIS2_PLACEMENT_3D('',#13220,#11118,#11119);
#9496=AXIS2_PLACEMENT_3D('',#13229,#11124,#11125);
#9497=AXIS2_PLACEMENT_3D('',#13235,#11129,#11130);
#9498=AXIS2_PLACEMENT_3D('',#13241,#11134,#11135);
#9499=AXIS2_PLACEMENT_3D('',#13247,#11139,#11140);
#9500=AXIS2_PLACEMENT_3D('',#13253,#11144,#11145);
#9501=AXIS2_PLACEMENT_3D('',#13259,#11149,#11150);
#9502=AXIS2_PLACEMENT_3D('',#13265,#11154,#11155);
#9503=AXIS2_PLACEMENT_3D('',#13271,#11159,#11160);
#9504=AXIS2_PLACEMENT_3D('',#13277,#11164,#11165);
#9505=AXIS2_PLACEMENT_3D('',#13280,#11168,#11169);
#9506=AXIS2_PLACEMENT_3D('',#13353,#11174,#11175);
#9507=AXIS2_PLACEMENT_3D('',#13589,#11189,#11190);
#9508=AXIS2_PLACEMENT_3D('',#13595,#11194,#11195);
#9509=AXIS2_PLACEMENT_3D('',#13601,#11199,#11200);
#9510=AXIS2_PLACEMENT_3D('',#13607,#11204,#11205);
#9511=AXIS2_PLACEMENT_3D('',#13613,#11209,#11210);
#9512=AXIS2_PLACEMENT_3D('',#13777,#11220,#11221);
#9513=AXIS2_PLACEMENT_3D('',#13804,#11224,#11225);
#9514=AXIS2_PLACEMENT_3D('',#13810,#11229,#11230);
#9515=AXIS2_PLACEMENT_3D('',#13816,#11234,#11235);
#9516=AXIS2_PLACEMENT_3D('',#13960,#11245,#11246);
#9517=AXIS2_PLACEMENT_3D('',#13966,#11250,#11251);
#9518=AXIS2_PLACEMENT_3D('',#13972,#11255,#11256);
#9519=AXIS2_PLACEMENT_3D('',#13978,#11260,#11261);
#9520=AXIS2_PLACEMENT_3D('',#13984,#11265,#11266);
#9521=AXIS2_PLACEMENT_3D('',#14102,#11274,#11275);
#9522=AXIS2_PLACEMENT_3D('',#14336,#11287,#11288);
#9523=AXIS2_PLACEMENT_3D('',#14342,#11292,#11293);
#9524=AXIS2_PLACEMENT_3D('',#14345,#11296,#11297);
#9525=AXIS2_PLACEMENT_3D('',#14538,#11310,#11311);
#9526=AXIS2_PLACEMENT_3D('',#14636,#11319,#11320);
#9527=AXIS2_PLACEMENT_3D('',#14642,#11324,#11325);
#9528=AXIS2_PLACEMENT_3D('',#14832,#11337,#11338);
#9529=AXIS2_PLACEMENT_3D('',#14838,#11342,#11343);
#9530=AXIS2_PLACEMENT_3D('',#14841,#11346,#11347);
#9531=AXIS2_PLACEMENT_3D('',#14914,#11352,#11353);
#9532=AXIS2_PLACEMENT_3D('',#15035,#11362,#11363);
#9533=AXIS2_PLACEMENT_3D('',#15038,#11366,#11367);
#9534=AXIS2_PLACEMENT_3D('',#15407,#11384,#11385);
#9535=AXIS2_PLACEMENT_3D('',#15480,#11390,#11391);
#9536=AXIS2_PLACEMENT_3D('',#15601,#11400,#11401);
#9537=AXIS2_PLACEMENT_3D('',#15604,#11404,#11405);
#9538=AXIS2_PLACEMENT_3D('',#15605,#11406,#11407);
#9539=AXIS2_PLACEMENT_3D('',#15606,#11408,#11409);
#9540=AXIS2_PLACEMENT_3D('',#15607,#11410,#11411);
#9541=AXIS2_PLACEMENT_3D('',#15608,#11412,#11413);
#9542=AXIS2_PLACEMENT_3D('',#15612,#11416,#11417);
#9543=AXIS2_PLACEMENT_3D('',#15614,#11419,#11420);
#9544=AXIS2_PLACEMENT_3D('',#15618,#11423,#11424);
#9545=AXIS2_PLACEMENT_3D('',#15620,#11426,#11427);
#9546=AXIS2_PLACEMENT_3D('',#15624,#11430,#11431);
#9547=AXIS2_PLACEMENT_3D('',#15626,#11433,#11434);
#9548=AXIS2_PLACEMENT_3D('',#15630,#11437,#11438);
#9549=AXIS2_PLACEMENT_3D('',#15632,#11440,#11441);
#9550=AXIS2_PLACEMENT_3D('',#15636,#11444,#11445);
#9551=AXIS2_PLACEMENT_3D('',#15638,#11447,#11448);
#9552=AXIS2_PLACEMENT_3D('',#15642,#11451,#11452);
#9553=AXIS2_PLACEMENT_3D('',#15644,#11454,#11455);
#9554=AXIS2_PLACEMENT_3D('',#15651,#11459,#11460);
#9555=AXIS2_PLACEMENT_3D('',#15657,#11464,#11465);
#9556=AXIS2_PLACEMENT_3D('',#15664,#11469,#11470);
#9557=AXIS2_PLACEMENT_3D('',#15670,#11474,#11475);
#9558=AXIS2_PLACEMENT_3D('',#15677,#11479,#11480);
#9559=AXIS2_PLACEMENT_3D('',#15683,#11484,#11485);
#9560=AXIS2_PLACEMENT_3D('',#15686,#11488,#11489);
#9561=AXIS2_PLACEMENT_3D('',#15693,#11493,#11494);
#9562=AXIS2_PLACEMENT_3D('',#15699,#11498,#11499);
#9563=AXIS2_PLACEMENT_3D('',#15706,#11503,#11504);
#9564=AXIS2_PLACEMENT_3D('',#15712,#11508,#11509);
#9565=AXIS2_PLACEMENT_3D('',#15715,#11512,#11513);
#9566=AXIS2_PLACEMENT_3D('',#15722,#11517,#11518);
#9567=AXIS2_PLACEMENT_3D('',#15728,#11522,#11523);
#9568=AXIS2_PLACEMENT_3D('',#15731,#11526,#11527);
#9569=AXIS2_PLACEMENT_3D('',#15734,#11530,#11531);
#9570=AXIS2_PLACEMENT_3D('',#15737,#11534,#11535);
#9571=AXIS2_PLACEMENT_3D('',#15740,#11538,#11539);
#9572=AXIS2_PLACEMENT_3D('',#15742,#11541,#11542);
#9573=AXIS2_PLACEMENT_3D('',#15744,#11544,#11545);
#9574=AXIS2_PLACEMENT_3D('',#15746,#11547,#11548);
#9575=AXIS2_PLACEMENT_3D('',#15771,#11563,#11564);
#9576=AXIS2_PLACEMENT_3D('',#15777,#11568,#11569);
#9577=AXIS2_PLACEMENT_3D('',#15783,#11573,#11574);
#9578=AXIS2_PLACEMENT_3D('',#15787,#11577,#11578);
#9579=AXIS2_PLACEMENT_3D('',#15791,#11581,#11582);
#9580=AXIS2_PLACEMENT_3D('',#15793,#11584,#11585);
#9581=AXIS2_PLACEMENT_3D('',#15794,#11586,#11587);
#9582=AXIS2_PLACEMENT_3D('',#15800,#11591,#11592);
#9583=AXIS2_PLACEMENT_3D('',#15804,#11595,#11596);
#9584=AXIS2_PLACEMENT_3D('',#15808,#11599,#11600);
#9585=AXIS2_PLACEMENT_3D('',#15810,#11602,#11603);
#9586=AXIS2_PLACEMENT_3D('',#15811,#11604,#11605);
#9587=AXIS2_PLACEMENT_3D('',#15815,#11608,#11609);
#9588=AXIS2_PLACEMENT_3D('',#15819,#11612,#11613);
#9589=AXIS2_PLACEMENT_3D('',#15821,#11615,#11616);
#9590=AXIS2_PLACEMENT_3D('',#15830,#11621,#11622);
#9591=AXIS2_PLACEMENT_3D('',#15833,#11625,#11626);
#9592=AXIS2_PLACEMENT_3D('',#15835,#11628,#11629);
#9593=AXIS2_PLACEMENT_3D('',#15837,#11631,#11632);
#9594=AXIS2_PLACEMENT_3D('',#15838,#11633,#11634);
#9595=AXIS2_PLACEMENT_3D('',#15839,#11635,#11636);
#9596=AXIS2_PLACEMENT_3D('',#15840,#11637,#11638);
#9597=AXIS2_PLACEMENT_3D('',#15841,#11639,#11640);
#9598=DIRECTION('axis',(0.,0.,1.));
#9599=DIRECTION('refdir',(1.,0.,0.));
#9600=DIRECTION('axis',(0.,0.,1.));
#9601=DIRECTION('refdir',(1.,0.,0.));
#9602=DIRECTION('center_axis',(1.,5.03069808033274E-17,0.));
#9603=DIRECTION('ref_axis',(5.03069808033274E-17,-1.,-1.38777878078145E-17));
#9604=DIRECTION('',(3.2740809054583E-33,1.,1.38777878078145E-17));
#9605=DIRECTION('',(0.,0.,1.));
#9606=DIRECTION('',(5.03069808033274E-17,-1.,-1.38777878078145E-17));
#9607=DIRECTION('',(0.,0.,-1.));
#9608=DIRECTION('center_axis',(-0.0311311092568231,0.999515309555807,0.));
#9609=DIRECTION('ref_axis',(0.999515309555806,0.0311311092568231,-6.50349975985064E-18));
#9610=DIRECTION('',(-0.999515309555806,-0.0311311092568231,6.50349975985069E-18));
#9611=DIRECTION('',(0.999515309555806,0.0311311092568231,-6.50349975985064E-18));
#9612=DIRECTION('',(0.,0.,1.));
#9613=DIRECTION('center_axis',(-6.93889390390727E-18,1.38777878078145E-17,
-1.));
#9614=DIRECTION('ref_axis',(1.,5.03069808033274E-17,-6.93889390390727E-18));
#9615=DIRECTION('',(0.764226667398243,-0.644947750470823,-1.42533357917744E-17));
#9616=DIRECTION('',(0.,-1.,-1.38777878078144E-17));
#9617=DIRECTION('',(-0.830469697337974,-0.557063804068596,-1.9682721480397E-18));
#9618=DIRECTION('',(0.990936946344926,-0.134327839142127,-8.74017958444596E-18));
#9619=DIRECTION('',(3.2740809054583E-33,1.,1.38777878078145E-17));
#9620=DIRECTION('center_axis',(-0.134327839142127,-0.990936946344926,0.));
#9621=DIRECTION('ref_axis',(-0.990936946344926,0.134327839142127,8.74017958444594E-18));
#9622=DIRECTION('',(0.,0.,-1.));
#9623=DIRECTION('',(-0.990936946344926,0.134327839142127,8.74017958444594E-18));
#9624=DIRECTION('',(0.,0.,-1.));
#9625=DIRECTION('center_axis',(1.,5.03069808033274E-17,0.));
#9626=DIRECTION('ref_axis',(5.03069808033274E-17,-1.,-1.38777878078145E-17));
#9627=DIRECTION('',(3.2740809054583E-33,1.,1.38777878078145E-17));
#9628=DIRECTION('',(5.03069808033274E-17,-1.,-1.38777878078145E-17));
#9629=DIRECTION('',(0.,0.,-1.));
#9630=DIRECTION('center_axis',(0.328081798922137,0.944649317586169,0.));
#9631=DIRECTION('ref_axis',(-0.944649317586169,0.328081798922137,1.11078709801763E-17));
#9632=DIRECTION('',(-0.944649317586169,0.328081798922137,1.11078709801763E-17));
#9633=DIRECTION('',(0.,0.,1.));
#9634=DIRECTION('',(-0.944649317586169,0.328081798922137,0.));
#9635=DIRECTION('',(0.,0.,1.));
#9636=DIRECTION('',(-0.686702245736208,0.238495390734727,-0.686702245736198));
#9637=DIRECTION('center_axis',(-0.557063804068596,0.830469697337974,0.));
#9638=DIRECTION('ref_axis',(-0.830469697337974,-0.557063804068596,-1.9682721480397E-18));
#9639=DIRECTION('',(-0.830469697337974,-0.557063804068596,-2.04726586625205E-32));
#9640=DIRECTION('',(0.,0.,1.));
#9641=DIRECTION('center_axis',(-0.644947750470823,-0.764226667398243,0.));
#9642=DIRECTION('ref_axis',(0.764226667398243,-0.644947750470823,-1.42533357917744E-17));
#9643=DIRECTION('',(0.764226667398243,-0.644947750470823,1.88396418949316E-32));
#9644=DIRECTION('',(0.,0.,1.));
#9645=DIRECTION('center_axis',(0.707106781186542,9.81307786677367E-18,-0.707106781186553));
#9646=DIRECTION('ref_axis',(-0.707106781186553,0.,-0.707106781186542));
#9647=DIRECTION('',(3.2740809054583E-33,1.,0.));
#9648=DIRECTION('',(0.696183930884389,0.175088174234399,0.696183930884379));
#9649=DIRECTION('center_axis',(0.,0.,-1.));
#9650=DIRECTION('ref_axis',(-0.707106781186551,-0.707106781186544,0.));
#9651=DIRECTION('center_axis',(0.,0.,1.));
#9652=DIRECTION('ref_axis',(-0.707106781186551,-0.707106781186544,0.));
#9653=DIRECTION('',(0.,0.,-1.));
#9654=DIRECTION('center_axis',(0.,0.,-1.));
#9655=DIRECTION('ref_axis',(-0.707106781186551,-0.707106781186544,0.));
#9656=DIRECTION('',(0.,0.,1.));
#9657=DIRECTION('center_axis',(-3.17778440823894E-33,-1.,0.));
#9658=DIRECTION('ref_axis',(-1.,3.17778440823894E-33,6.93889390390733E-18));
#9659=DIRECTION('',(-1.,3.17778440823894E-33,0.));
#9660=DIRECTION('',(0.,0.,1.));
#9661=DIRECTION('',(1.,-3.17778440823894E-33,0.));
#9662=DIRECTION('center_axis',(0.,0.,-1.));
#9663=DIRECTION('ref_axis',(0.707106781186551,-0.707106781186544,0.));
#9664=DIRECTION('center_axis',(0.,0.,1.));
#9665=DIRECTION('ref_axis',(0.707106781186551,-0.707106781186544,0.));
#9666=DIRECTION('',(0.,0.,-1.));
#9667=DIRECTION('center_axis',(0.,0.,-1.));
#9668=DIRECTION('ref_axis',(0.707106781186551,-0.707106781186544,0.));
#9669=DIRECTION('center_axis',(1.,-3.2740809054583E-33,0.));
#9670=DIRECTION('ref_axis',(-3.2740809054583E-33,-1.,-1.38777878078144E-17));
#9671=DIRECTION('',(-3.2740809054583E-33,-1.,0.));
#9672=DIRECTION('',(0.,0.,1.));
#9673=DIRECTION('',(3.2740809054583E-33,1.,0.));
#9674=DIRECTION('center_axis',(0.,0.,-1.));
#9675=DIRECTION('ref_axis',(0.707106781186553,0.707106781186542,0.));
#9676=DIRECTION('center_axis',(0.,0.,1.));
#9677=DIRECTION('ref_axis',(0.707106781186553,0.707106781186542,0.));
#9678=DIRECTION('',(0.,0.,-1.));
#9679=DIRECTION('center_axis',(0.,0.,-1.));
#9680=DIRECTION('ref_axis',(0.707106781186553,0.707106781186542,0.));
#9681=DIRECTION('center_axis',(3.17778440823894E-33,1.,0.));
#9682=DIRECTION('ref_axis',(1.,-3.17778440823894E-33,-6.93889390390733E-18));
#9683=DIRECTION('',(1.,-3.17778440823894E-33,0.));
#9684=DIRECTION('',(0.,0.,1.));
#9685=DIRECTION('',(-1.,3.17778440823894E-33,0.));
#9686=DIRECTION('center_axis',(0.,0.,-1.));
#9687=DIRECTION('ref_axis',(-0.707106781186552,0.707106781186543,0.));
#9688=DIRECTION('center_axis',(0.,0.,1.));
#9689=DIRECTION('ref_axis',(-0.707106781186552,0.707106781186543,0.));
#9690=DIRECTION('',(0.,0.,-1.));
#9691=DIRECTION('center_axis',(0.,0.,-1.));
#9692=DIRECTION('ref_axis',(-0.707106781186552,0.707106781186543,0.));
#9693=DIRECTION('center_axis',(-1.,3.2740809054583E-33,0.));
#9694=DIRECTION('ref_axis',(3.2740809054583E-33,1.,1.38777878078144E-17));
#9695=DIRECTION('',(-3.2740809054583E-33,-1.,0.));
#9696=DIRECTION('',(3.2740809054583E-33,1.,0.));
#9697=DIRECTION('center_axis',(5.97038282760043E-33,1.,0.));
#9698=DIRECTION('ref_axis',(1.,-5.97038282760043E-33,-1.04083408558608E-16));
#9699=DIRECTION('',(1.,-5.97038282760043E-33,0.));
#9700=DIRECTION('',(0.,0.,-1.));
#9701=DIRECTION('',(-1.,5.97038282760043E-33,0.));
#9702=DIRECTION('',(0.,0.,-1.));
#9703=DIRECTION('center_axis',(1.,-7.41483028589086E-33,0.));
#9704=DIRECTION('ref_axis',(-7.41483028589086E-33,-1.,-1.38777878078145E-17));
#9705=DIRECTION('',(-7.41483028589086E-33,-1.,0.));
#9706=DIRECTION('',(7.41483028589086E-33,1.,0.));
#9707=DIRECTION('',(0.,0.,-1.));
#9708=DIRECTION('center_axis',(-5.97038282760043E-33,-1.,0.));
#9709=DIRECTION('ref_axis',(-1.,5.97038282760043E-33,1.04083408558608E-16));
#9710=DIRECTION('',(-1.,5.97038282760043E-33,0.));
#9711=DIRECTION('',(1.,-5.97038282760043E-33,0.));
#9712=DIRECTION('',(0.,0.,-1.));
#9713=DIRECTION('center_axis',(-1.,7.41483028589086E-33,0.));
#9714=DIRECTION('ref_axis',(7.41483028589086E-33,1.,1.38777878078145E-17));
#9715=DIRECTION('',(7.41483028589086E-33,1.,0.));
#9716=DIRECTION('',(-7.41483028589086E-33,-1.,0.));
#9717=DIRECTION('center_axis',(1.,-7.41483028589086E-33,0.));
#9718=DIRECTION('ref_axis',(-7.41483028589086E-33,-1.,-1.38777878078145E-17));
#9719=DIRECTION('',(-7.41483028589086E-33,-1.,0.));
#9720=DIRECTION('',(0.,0.,-1.));
#9721=DIRECTION('',(7.41483028589086E-33,1.,0.));
#9722=DIRECTION('',(0.,0.,-1.));
#9723=DIRECTION('center_axis',(-5.97038282760043E-33,-1.,0.));
#9724=DIRECTION('ref_axis',(-1.,5.97038282760043E-33,1.04083408558608E-16));
#9725=DIRECTION('',(-1.,5.97038282760043E-33,0.));
#9726=DIRECTION('',(1.,-5.97038282760043E-33,0.));
#9727=DIRECTION('',(0.,0.,-1.));
#9728=DIRECTION('center_axis',(-1.,7.41483028589086E-33,0.));
#9729=DIRECTION('ref_axis',(7.41483028589086E-33,1.,1.38777878078145E-17));
#9730=DIRECTION('',(7.41483028589086E-33,1.,0.));
#9731=DIRECTION('',(-7.41483028589086E-33,-1.,0.));
#9732=DIRECTION('',(0.,0.,-1.));
#9733=DIRECTION('center_axis',(5.97038282760043E-33,1.,0.));
#9734=DIRECTION('ref_axis',(1.,-5.97038282760043E-33,-1.04083408558608E-16));
#9735=DIRECTION('',(1.,-5.97038282760043E-33,0.));
#9736=DIRECTION('',(-1.,5.97038282760043E-33,0.));
#9737=DIRECTION('center_axis',(5.97038282760043E-33,1.,0.));
#9738=DIRECTION('ref_axis',(1.,-5.97038282760043E-33,-1.04083408558608E-16));
#9739=DIRECTION('',(1.,-5.97038282760043E-33,0.));
#9740=DIRECTION('',(0.,0.,-1.));
#9741=DIRECTION('',(-1.,5.97038282760043E-33,0.));
#9742=DIRECTION('',(0.,0.,-1.));
#9743=DIRECTION('center_axis',(1.,-7.41483028589086E-33,0.));
#9744=DIRECTION('ref_axis',(-7.41483028589086E-33,-1.,-1.38777878078145E-17));
#9745=DIRECTION('',(-7.41483028589086E-33,-1.,0.));
#9746=DIRECTION('',(7.41483028589086E-33,1.,0.));
#9747=DIRECTION('',(0.,0.,-1.));
#9748=DIRECTION('center_axis',(-5.97038282760043E-33,-1.,0.));
#9749=DIRECTION('ref_axis',(-1.,5.97038282760043E-33,1.04083408558608E-16));
#9750=DIRECTION('',(-1.,5.97038282760043E-33,0.));
#9751=DIRECTION('',(1.,-5.97038282760043E-33,0.));
#9752=DIRECTION('',(0.,0.,-1.));
#9753=DIRECTION('center_axis',(-1.,7.41483028589086E-33,0.));
#9754=DIRECTION('ref_axis',(7.41483028589086E-33,1.,1.38777878078145E-17));
#9755=DIRECTION('',(7.41483028589086E-33,1.,0.));
#9756=DIRECTION('',(-7.41483028589086E-33,-1.,0.));
#9757=DIRECTION('center_axis',(5.97038282760043E-33,1.,0.));
#9758=DIRECTION('ref_axis',(1.,-5.97038282760043E-33,-1.04083408558608E-16));
#9759=DIRECTION('',(1.,-5.97038282760043E-33,0.));
#9760=DIRECTION('',(0.,0.,-1.));
#9761=DIRECTION('',(-1.,5.97038282760043E-33,0.));
#9762=DIRECTION('',(0.,0.,-1.));
#9763=DIRECTION('center_axis',(1.,-7.41483028589086E-33,0.));
#9764=DIRECTION('ref_axis',(-7.41483028589086E-33,-1.,-1.38777878078145E-17));
#9765=DIRECTION('',(-7.41483028589086E-33,-1.,0.));
#9766=DIRECTION('',(7.41483028589086E-33,1.,0.));
#9767=DIRECTION('',(0.,0.,-1.));
#9768=DIRECTION('center_axis',(-5.97038282760043E-33,-1.,0.));
#9769=DIRECTION('ref_axis',(-1.,5.97038282760043E-33,1.04083408558608E-16));
#9770=DIRECTION('',(-1.,5.97038282760043E-33,0.));
#9771=DIRECTION('',(1.,-5.97038282760043E-33,0.));
#9772=DIRECTION('',(0.,0.,-1.));
#9773=DIRECTION('center_axis',(-1.,7.41483028589086E-33,0.));
#9774=DIRECTION('ref_axis',(7.41483028589086E-33,1.,1.38777878078145E-17));
#9775=DIRECTION('',(7.41483028589086E-33,1.,0.));
#9776=DIRECTION('',(-7.41483028589086E-33,-1.,0.));
#9777=DIRECTION('center_axis',(5.97038282760043E-33,1.,0.));
#9778=DIRECTION('ref_axis',(1.,-5.97038282760043E-33,-1.04083408558608E-16));
#9779=DIRECTION('',(1.,-5.97038282760043E-33,0.));
#9780=DIRECTION('',(0.,0.,-1.));
#9781=DIRECTION('',(-1.,5.97038282760043E-33,0.));
#9782=DIRECTION('',(0.,0.,-1.));
#9783=DIRECTION('center_axis',(1.,-7.41483028589086E-33,0.));
#9784=DIRECTION('ref_axis',(-7.41483028589086E-33,-1.,-1.38777878078145E-17));
#9785=DIRECTION('',(-7.41483028589086E-33,-1.,0.));
#9786=DIRECTION('',(7.41483028589086E-33,1.,0.));
#9787=DIRECTION('',(0.,0.,-1.));
#9788=DIRECTION('center_axis',(-5.97038282760043E-33,-1.,0.));
#9789=DIRECTION('ref_axis',(-1.,5.97038282760043E-33,1.04083408558608E-16));
#9790=DIRECTION('',(-1.,5.97038282760043E-33,0.));
#9791=DIRECTION('',(1.,-5.97038282760043E-33,0.));
#9792=DIRECTION('',(0.,0.,-1.));
#9793=DIRECTION('center_axis',(-1.,7.41483028589086E-33,0.));
#9794=DIRECTION('ref_axis',(7.41483028589086E-33,1.,1.38777878078145E-17));
#9795=DIRECTION('',(7.41483028589086E-33,1.,0.));
#9796=DIRECTION('',(-7.41483028589086E-33,-1.,0.));
#9797=DIRECTION('center_axis',(5.97038282760043E-33,1.,0.));
#9798=DIRECTION('ref_axis',(1.,-5.97038282760043E-33,-1.04083408558608E-16));
#9799=DIRECTION('',(1.,-5.97038282760043E-33,0.));
#9800=DIRECTION('',(0.,0.,-1.));
#9801=DIRECTION('',(-1.,5.97038282760043E-33,0.));
#9802=DIRECTION('',(0.,0.,-1.));
#9803=DIRECTION('center_axis',(1.,-7.41483028589086E-33,0.));
#9804=DIRECTION('ref_axis',(-7.41483028589086E-33,-1.,-1.38777878078145E-17));
#9805=DIRECTION('',(-7.41483028589086E-33,-1.,0.));
#9806=DIRECTION('',(7.41483028589086E-33,1.,0.));
#9807=DIRECTION('',(0.,0.,-1.));
#9808=DIRECTION('center_axis',(-5.97038282760043E-33,-1.,0.));
#9809=DIRECTION('ref_axis',(-1.,5.97038282760043E-33,1.04083408558608E-16));
#9810=DIRECTION('',(-1.,5.97038282760043E-33,0.));
#9811=DIRECTION('',(1.,-5.97038282760043E-33,0.));
#9812=DIRECTION('',(0.,0.,-1.));
#9813=DIRECTION('center_axis',(-1.,7.41483028589086E-33,0.));
#9814=DIRECTION('ref_axis',(7.41483028589086E-33,1.,1.38777878078145E-17));
#9815=DIRECTION('',(7.41483028589086E-33,1.,0.));
#9816=DIRECTION('',(-7.41483028589086E-33,-1.,0.));
#9817=DIRECTION('center_axis',(-1.,4.81482486096809E-33,0.));
#9818=DIRECTION('ref_axis',(-4.81482486096809E-33,-1.,-1.38777878078144E-17));
#9819=DIRECTION('',(4.81482486096809E-33,1.,0.));
#9820=DIRECTION('',(0.,0.,1.));
#9821=DIRECTION('',(-4.81482486096809E-33,-1.,0.));
#9822=DIRECTION('',(0.,0.,1.));
#9823=DIRECTION('center_axis',(4.71852836374873E-33,1.,0.));
#9824=DIRECTION('ref_axis',(-1.,4.71852836374873E-33,6.93889390390733E-18));
#9825=DIRECTION('',(1.,-4.71852836374873E-33,0.));
#9826=DIRECTION('',(-1.,4.71852836374873E-33,0.));
#9827=DIRECTION('',(0.,0.,1.));
#9828=DIRECTION('center_axis',(1.,-4.81482486096809E-33,0.));
#9829=DIRECTION('ref_axis',(4.81482486096809E-33,1.,1.38777878078144E-17));
#9830=DIRECTION('',(-4.81482486096809E-33,-1.,0.));
#9831=DIRECTION('',(4.81482486096809E-33,1.,0.));
#9832=DIRECTION('',(0.,0.,1.));
#9833=DIRECTION('center_axis',(-4.71852836374873E-33,-1.,0.));
#9834=DIRECTION('ref_axis',(1.,-4.71852836374873E-33,-6.93889390390733E-18));
#9835=DIRECTION('',(-1.,4.71852836374873E-33,0.));
#9836=DIRECTION('',(1.,-4.71852836374873E-33,0.));
#9837=DIRECTION('center_axis',(-4.71852836374873E-33,-1.,0.));
#9838=DIRECTION('ref_axis',(1.,-4.71852836374873E-33,-6.93889390390733E-18));
#9839=DIRECTION('',(-1.,4.71852836374873E-33,0.));
#9840=DIRECTION('',(0.,0.,1.));
#9841=DIRECTION('',(1.,-4.71852836374873E-33,0.));
#9842=DIRECTION('',(0.,0.,1.));
#9843=DIRECTION('center_axis',(-1.,4.81482486096809E-33,0.));
#9844=DIRECTION('ref_axis',(-4.81482486096809E-33,-1.,-1.38777878078144E-17));
#9845=DIRECTION('',(4.81482486096809E-33,1.,0.));
#9846=DIRECTION('',(-4.81482486096809E-33,-1.,0.));
#9847=DIRECTION('',(0.,0.,1.));
#9848=DIRECTION('center_axis',(4.71852836374873E-33,1.,0.));
#9849=DIRECTION('ref_axis',(-1.,4.71852836374873E-33,6.93889390390734E-18));
#9850=DIRECTION('',(1.,-4.71852836374873E-33,0.));
#9851=DIRECTION('',(-1.,4.71852836374873E-33,0.));
#9852=DIRECTION('',(0.,0.,1.));
#9853=DIRECTION('center_axis',(1.,-4.81482486096809E-33,0.));
#9854=DIRECTION('ref_axis',(4.81482486096809E-33,1.,1.38777878078144E-17));
#9855=DIRECTION('',(-4.81482486096809E-33,-1.,0.));
#9856=DIRECTION('',(4.81482486096809E-33,1.,0.));
#9857=DIRECTION('center_axis',(0.24390178100593,-0.969799938761668,0.));
#9858=DIRECTION('ref_axis',(0.969799938761668,0.24390178100593,-3.34452172033458E-18));
#9859=DIRECTION('',(0.,0.,1.));
#9860=DIRECTION('',(0.969799938761668,0.24390178100593,0.));
#9861=DIRECTION('',(0.,0.,-1.));
#9862=DIRECTION('',(0.969799938761668,0.24390178100593,-3.34452172033466E-18));
#9863=DIRECTION('center_axis',(0.,0.,1.));
#9864=DIRECTION('ref_axis',(1.,2.21524187882238E-15,0.));
#9865=DIRECTION('center_axis',(0.,0.,1.));
#9866=DIRECTION('ref_axis',(1.,2.21524187882238E-15,0.));
#9867=DIRECTION('',(0.,0.,1.));
#9868=DIRECTION('center_axis',(-2.46519032881566E-32,7.35544848217372E-48,
1.));
#9869=DIRECTION('ref_axis',(1.,2.21524187882238E-15,3.08148791101957E-32));
#9870=DIRECTION('center_axis',(-3.17778440823894E-33,-1.,0.));
#9871=DIRECTION('ref_axis',(1.,-3.17778440823894E-33,-6.93889390390733E-18));
#9872=DIRECTION('',(-1.,3.17778440823894E-33,0.));
#9873=DIRECTION('',(0.,0.,1.));
#9874=DIRECTION('',(1.,-3.17778440823894E-33,0.));
#9875=DIRECTION('center_axis',(3.17778440823894E-33,1.,0.));
#9876=DIRECTION('ref_axis',(-1.,3.17778440823894E-33,6.93889390390733E-18));
#9877=DIRECTION('',(1.,-3.17778440823894E-33,0.));
#9878=DIRECTION('',(-1.,3.17778440823894E-33,0.));
#9879=DIRECTION('',(0.,0.,1.));
#9880=DIRECTION('center_axis',(1.,-3.2740809054583E-33,0.));
#9881=DIRECTION('ref_axis',(3.2740809054583E-33,1.,1.38777878078144E-17));
#9882=DIRECTION('',(-3.2740809054583E-33,-1.,0.));
#9883=DIRECTION('',(3.2740809054583E-33,1.,0.));
#9884=DIRECTION('center_axis',(0.,0.,-1.));
#9885=DIRECTION('ref_axis',(-1.,3.17778440823894E-33,0.));
#9886=DIRECTION('center_axis',(0.,0.,-1.));
#9887=DIRECTION('ref_axis',(-1.,3.17778440823894E-33,0.));
#9888=DIRECTION('',(0.,0.,-1.));
#9889=DIRECTION('center_axis',(-6.93889390390733E-18,1.38777878078144E-17,
-1.));
#9890=DIRECTION('ref_axis',(-1.,3.17778440823894E-33,6.93889390390731E-18));
#9891=DIRECTION('center_axis',(6.93889390390733E-18,-1.38777878078144E-17,
1.));
#9892=DIRECTION('ref_axis',(-1.,3.17778440823894E-33,6.93889390390733E-18));
#9893=DIRECTION('center_axis',(6.93889390390733E-18,-1.38777878078144E-17,
1.));
#9894=DIRECTION('ref_axis',(1.,-3.17778440823894E-33,0.));
#9895=DIRECTION('center_axis',(0.,0.,-1.));
#9896=DIRECTION('ref_axis',(-1.,3.17778440823894E-33,0.));
#9897=DIRECTION('center_axis',(0.,0.,-1.));
#9898=DIRECTION('ref_axis',(-1.,3.17778440823894E-33,0.));
#9899=DIRECTION('',(0.,0.,-1.));
#9900=DIRECTION('center_axis',(-6.93889390390733E-18,1.38777878078144E-17,
-1.));
#9901=DIRECTION('ref_axis',(-1.,3.17778440823894E-33,6.93889390390732E-18));
#9902=DIRECTION('center_axis',(6.93889390390733E-18,-1.38777878078144E-17,
1.));
#9903=DIRECTION('ref_axis',(-1.,3.17778440823894E-33,6.93889390390733E-18));
#9904=DIRECTION('center_axis',(6.93889390390733E-18,-1.38777878078144E-17,
1.));
#9905=DIRECTION('ref_axis',(1.,-3.17778440823894E-33,0.));
#9906=DIRECTION('center_axis',(0.,0.,-1.));
#9907=DIRECTION('ref_axis',(-1.,3.17778440823894E-33,0.));
#9908=DIRECTION('center_axis',(0.,0.,-1.));
#9909=DIRECTION('ref_axis',(-1.,3.17778440823894E-33,0.));
#9910=DIRECTION('',(0.,0.,-1.));
#9911=DIRECTION('center_axis',(-6.93889390390733E-18,1.38777878078144E-17,
-1.));
#9912=DIRECTION('ref_axis',(-1.,3.17778440823894E-33,6.93889390390731E-18));
#9913=DIRECTION('center_axis',(6.93889390390733E-18,-1.38777878078144E-17,
1.));
#9914=DIRECTION('ref_axis',(-1.,3.17778440823894E-33,6.93889390390733E-18));
#9915=DIRECTION('center_axis',(6.93889390390733E-18,-1.38777878078144E-17,
1.));
#9916=DIRECTION('ref_axis',(1.,-3.17778440823894E-33,0.));
#9917=DIRECTION('center_axis',(0.,0.,-1.));
#9918=DIRECTION('ref_axis',(-1.,3.17778440823894E-33,0.));
#9919=DIRECTION('center_axis',(0.,0.,-1.));
#9920=DIRECTION('ref_axis',(-1.,3.17778440823894E-33,0.));
#9921=DIRECTION('',(0.,0.,-1.));
#9922=DIRECTION('center_axis',(-6.93889390390733E-18,1.38777878078144E-17,
-1.));
#9923=DIRECTION('ref_axis',(-1.,3.17778440823894E-33,6.93889390390732E-18));
#9924=DIRECTION('center_axis',(6.93889390390733E-18,-1.38777878078144E-17,
1.));
#9925=DIRECTION('ref_axis',(-1.,3.17778440823894E-33,6.93889390390733E-18));
#9926=DIRECTION('center_axis',(6.93889390390733E-18,-1.38777878078144E-17,
1.));
#9927=DIRECTION('ref_axis',(1.,-3.17778440823894E-33,0.));
#9928=DIRECTION('center_axis',(0.,0.,1.));
#9929=DIRECTION('ref_axis',(1.,-3.17778440823894E-33,0.));
#9930=DIRECTION('center_axis',(0.,0.,1.));
#9931=DIRECTION('ref_axis',(1.,-3.17778440823894E-33,0.));
#9932=DIRECTION('',(0.,0.,1.));
#9933=DIRECTION('center_axis',(0.,0.,1.));
#9934=DIRECTION('ref_axis',(1.,-3.17778440823894E-33,0.));
#9935=DIRECTION('center_axis',(0.,0.,1.));
#9936=DIRECTION('ref_axis',(1.,-3.17778440823894E-33,0.));
#9937=DIRECTION('',(0.,0.,1.));
#9938=DIRECTION('center_axis',(0.,0.,1.));
#9939=DIRECTION('ref_axis',(1.,-3.17778440823894E-33,0.));
#9940=DIRECTION('center_axis',(0.,0.,1.));
#9941=DIRECTION('ref_axis',(1.,-3.17778440823894E-33,0.));
#9942=DIRECTION('',(0.,0.,1.));
#9943=DIRECTION('center_axis',(0.,0.,1.));
#9944=DIRECTION('ref_axis',(1.,-3.17778440823894E-33,0.));
#9945=DIRECTION('center_axis',(0.,0.,1.));
#9946=DIRECTION('ref_axis',(1.,-3.17778440823894E-33,0.));
#9947=DIRECTION('',(0.,0.,1.));
#9948=DIRECTION('center_axis',(-9.71445146547012E-17,5.05556610401649E-34,
-1.));
#9949=DIRECTION('ref_axis',(0.707106781186548,0.707106781186547,-1.30841038223648E-16));
#9950=DIRECTION('center_axis',(0.,0.,1.));
#9951=DIRECTION('ref_axis',(0.707106781186548,0.707106781186547,-1.30841038223648E-16));
#9952=DIRECTION('',(9.71445146547012E-17,-5.05556610401649E-34,1.));
#9953=DIRECTION('center_axis',(0.,0.,-1.));
#9954=DIRECTION('ref_axis',(0.707106781186548,0.707106781186547,-1.30841038223648E-16));
#9955=DIRECTION('',(-9.71445146547012E-17,5.05556610401649E-34,-1.));
#9956=DIRECTION('center_axis',(0.,0.,1.));
#9957=DIRECTION('ref_axis',(1.,0.,0.));
#9958=DIRECTION('',(-5.20417042793042E-18,-1.,0.));
#9959=DIRECTION('center_axis',(0.,0.,1.));
#9960=DIRECTION('ref_axis',(0.70710678118655,-0.707106781186545,0.));
#9961=DIRECTION('',(1.,0.,0.));
#9962=DIRECTION('center_axis',(0.,0.,1.));
#9963=DIRECTION('ref_axis',(-0.707106781186547,-0.707106781186548,1.30841038223648E-16));
#9964=DIRECTION('',(0.,-1.,0.));
#9965=DIRECTION('center_axis',(0.,0.,1.));
#9966=DIRECTION('ref_axis',(-0.707106781186548,0.707106781186548,0.));
#9967=DIRECTION('',(-1.,0.,0.));
#9968=DIRECTION('center_axis',(0.,0.,1.));
#9969=DIRECTION('ref_axis',(5.20417042793042E-18,1.,0.));
#9970=DIRECTION('',(-1.,5.20417042793042E-18,0.));
#9971=DIRECTION('center_axis',(0.,0.,1.));
#9972=DIRECTION('ref_axis',(-1.,5.20417042793042E-18,0.));
#9973=DIRECTION('',(-5.20417042793042E-18,-1.,0.));
#9974=DIRECTION('center_axis',(0.,0.,1.));
#9975=DIRECTION('ref_axis',(-5.20417042793042E-18,-1.,0.));
#9976=DIRECTION('',(1.,-3.46811254927979E-16,0.));
#9977=DIRECTION('',(-1.,5.20417042793042E-18,0.));
#9978=DIRECTION('center_axis',(0.,0.,1.));
#9979=DIRECTION('ref_axis',(-1.,5.20417042793042E-18,0.));
#9980=DIRECTION('',(-5.20417042793042E-18,-1.,0.));
#9981=DIRECTION('center_axis',(0.,0.,1.));
#9982=DIRECTION('ref_axis',(-5.20417042793042E-18,-1.,0.));
#9983=DIRECTION('',(1.,-1.76007712677955E-16,0.));
#9984=DIRECTION('center_axis',(0.,0.,1.));
#9985=DIRECTION('ref_axis',(1.,1.10501885419723E-15,0.));
#9986=DIRECTION('',(-6.78009998572167E-16,1.,0.));
#9987=DIRECTION('center_axis',(0.,0.,1.));
#9988=DIRECTION('ref_axis',(5.20417042793042E-18,1.,0.));
#9989=DIRECTION('',(1.,-5.20417042793042E-18,0.));
#9990=DIRECTION('center_axis',(0.,0.,1.));
#9991=DIRECTION('ref_axis',(1.,-5.20417042793042E-18,0.));
#9992=DIRECTION('',(5.20417042793042E-18,1.,0.));
#9993=DIRECTION('center_axis',(0.,0.,1.));
#9994=DIRECTION('ref_axis',(5.20417042793042E-18,1.,0.));
#9995=DIRECTION('',(-1.,5.20417042793042E-18,0.));
#9996=DIRECTION('center_axis',(0.,0.,1.));
#9997=DIRECTION('ref_axis',(-1.,5.20417042793042E-18,0.));
#9998=DIRECTION('',(-5.20417042793042E-18,-1.,0.));
#9999=DIRECTION('center_axis',(0.,0.,1.));
#10000=DIRECTION('ref_axis',(-5.20417042793042E-18,-1.,0.));
#10001=DIRECTION('',(1.,-5.20417042793042E-18,0.));
#10002=DIRECTION('center_axis',(0.,0.,1.));
#10003=DIRECTION('ref_axis',(1.,-5.20417042793042E-18,0.));
#10004=DIRECTION('',(3.46811254927978E-16,1.,0.));
#10005=DIRECTION('center_axis',(0.,0.,1.));
#10006=DIRECTION('ref_axis',(1.11542719505308E-15,1.,0.));
#10007=DIRECTION('',(-1.,-6.78009998572166E-16,0.));
#10008=DIRECTION('center_axis',(0.,0.,1.));
#10009=DIRECTION('ref_axis',(-1.,5.20417042793042E-18,0.));
#10010=DIRECTION('',(2.29650700165852E-16,-1.,0.));
#10011=DIRECTION('center_axis',(0.,0.,1.));
#10012=DIRECTION('ref_axis',(-1.39298295120937E-15,-1.,0.));
#10013=DIRECTION('',(1.,-5.20417042793042E-18,0.));
#10014=DIRECTION('center_axis',(0.,0.,1.));
#10015=DIRECTION('ref_axis',(1.,-5.20417042793042E-18,0.));
#10016=DIRECTION('',(3.46811254927978E-16,1.,0.));
#10017=DIRECTION('center_axis',(0.,0.,1.));
#10018=DIRECTION('ref_axis',(5.20417042793042E-18,1.,0.));
#10019=DIRECTION('',(-1.,-6.78009998572167E-16,0.));
#10020=DIRECTION('center_axis',(0.,0.,1.));
#10021=DIRECTION('ref_axis',(-1.,5.20417042793042E-18,0.));
#10022=DIRECTION('',(-1.11956384334195E-16,-1.,0.));
#10023=DIRECTION('center_axis',(0.,0.,1.));
#10024=DIRECTION('ref_axis',(2.72351585728359E-16,-1.,0.));
#10025=DIRECTION('',(1.,-5.20417042793042E-18,0.));
#10026=DIRECTION('center_axis',(0.,0.,1.));
#10027=DIRECTION('ref_axis',(1.,-5.20417042793042E-18,0.));
#10028=DIRECTION('',(5.20417042793042E-18,1.,0.));
#10029=DIRECTION('center_axis',(0.,0.,1.));
#10030=DIRECTION('ref_axis',(5.20417042793042E-18,1.,0.));
#10031=DIRECTION('',(-1.,5.20417042793042E-18,0.));
#10032=DIRECTION('center_axis',(0.,0.,1.));
#10033=DIRECTION('ref_axis',(-1.,5.20417042793042E-18,0.));
#10034=DIRECTION('',(-5.20417042793042E-18,-1.,0.));
#10035=DIRECTION('center_axis',(0.,0.,1.));
#10036=DIRECTION('ref_axis',(-5.20417042793042E-18,-1.,0.));
#10037=DIRECTION('',(1.,-5.20417042793042E-18,0.));
#10038=DIRECTION('center_axis',(0.,0.,1.));
#10039=DIRECTION('ref_axis',(1.,-5.20417042793042E-18,0.));
#10040=DIRECTION('',(6.88418339428025E-16,1.,0.));
#10041=DIRECTION('center_axis',(0.,0.,1.));
#10042=DIRECTION('ref_axis',(5.20417042793042E-18,1.,0.));
#10043=DIRECTION('',(-1.,-6.78009998572165E-16,0.));
#10044=DIRECTION('center_axis',(0.,0.,1.));
#10045=DIRECTION('ref_axis',(-1.,5.20417042793042E-18,0.));
#10046=DIRECTION('',(-5.20417042793042E-18,-1.,0.));
#10047=DIRECTION('center_axis',(0.,0.,1.));
#10048=DIRECTION('ref_axis',(-5.20417042793042E-18,-1.,0.));
#10049=DIRECTION('',(1.,8.01976006970817E-17,0.));
#10050=DIRECTION('center_axis',(0.,0.,1.));
#10051=DIRECTION('ref_axis',(1.,-5.20417042793042E-18,0.));
#10052=DIRECTION('',(1.76007712677955E-16,1.,0.));
#10053=DIRECTION('center_axis',(0.,0.,1.));
#10054=DIRECTION('ref_axis',(5.20417042793042E-18,1.,0.));
#10055=DIRECTION('',(-1.,5.20417042793042E-18,0.));
#10056=DIRECTION('center_axis',(0.,0.,1.));
#10057=DIRECTION('ref_axis',(-1.,5.20417042793042E-18,0.));
#10058=DIRECTION('',(-2.61409483802966E-16,-1.,0.));
#10059=DIRECTION('center_axis',(0.,0.,1.));
#10060=DIRECTION('ref_axis',(8.27463098040937E-16,-1.,0.));
#10061=DIRECTION('center_axis',(1.,-5.20417042793042E-18,-9.71445146547012E-17));
#10062=DIRECTION('ref_axis',(-9.71445146547012E-17,0.,-1.));
#10063=DIRECTION('',(5.20417042793042E-18,1.,0.));
#10064=DIRECTION('',(9.71445146547012E-17,-5.05556610401649E-34,1.));
#10065=DIRECTION('center_axis',(9.71445146547012E-17,-5.05556610401649E-34,
1.));
#10066=DIRECTION('ref_axis',(0.70710678118655,-0.707106781186545,0.));
#10067=DIRECTION('center_axis',(0.,0.,-1.));
#10068=DIRECTION('ref_axis',(0.70710678118655,-0.707106781186545,0.));
#10069=DIRECTION('',(-9.71445146547012E-17,5.05556610401649E-34,-1.));
#10070=DIRECTION('center_axis',(9.71445146547012E-17,-5.05556610401649E-34,
1.));
#10071=DIRECTION('ref_axis',(-0.707106781186548,0.707106781186548,0.));
#10072=DIRECTION('center_axis',(0.,0.,-1.));
#10073=DIRECTION('ref_axis',(-0.707106781186548,0.707106781186548,0.));
#10074=DIRECTION('',(-9.71445146547012E-17,5.05556610401649E-34,-1.));
#10075=DIRECTION('',(9.71445146547012E-17,-5.05556610401649E-34,1.));
#10076=DIRECTION('center_axis',(-1.,5.20417042793042E-18,9.71445146547012E-17));
#10077=DIRECTION('ref_axis',(9.71445146547012E-17,0.,1.));
#10078=DIRECTION('',(-9.71445146547012E-17,5.05556610401649E-34,-1.));
#10079=DIRECTION('',(-5.20417042793042E-18,-1.,0.));
#10080=DIRECTION('center_axis',(9.71445146547012E-17,-5.05556610401649E-34,
1.));
#10081=DIRECTION('ref_axis',(-0.707106781186547,-0.707106781186548,1.30841038223648E-16));
#10082=DIRECTION('center_axis',(0.,0.,-1.));
#10083=DIRECTION('ref_axis',(-0.707106781186547,-0.707106781186548,1.30841038223648E-16));
#10084=DIRECTION('',(9.71445146547012E-17,-5.05556610401649E-34,1.));
#10085=DIRECTION('center_axis',(8.01976006970817E-17,-1.,0.));
#10086=DIRECTION('ref_axis',(1.,8.01976006970817E-17,2.46519032881566E-32));
#10087=DIRECTION('',(0.,0.,1.));
#10088=DIRECTION('',(1.,8.01976006970817E-17,2.46519032881566E-32));
#10089=DIRECTION('',(0.,0.,1.));
#10090=DIRECTION('center_axis',(0.,0.,1.));
#10091=DIRECTION('ref_axis',(8.27463098040937E-16,-1.,0.));
#10092=DIRECTION('',(0.,0.,1.));
#10093=DIRECTION('center_axis',(-2.46519032881566E-32,-1.1973985901213E-47,
1.));
#10094=DIRECTION('ref_axis',(8.27463098040937E-16,-1.,1.3684555315672E-47));
#10095=DIRECTION('center_axis',(-1.,2.61409483802966E-16,0.));
#10096=DIRECTION('ref_axis',(-2.61409483802966E-16,-1.,1.42222518970134E-33));
#10097=DIRECTION('',(0.,0.,1.));
#10098=DIRECTION('',(-2.61409483802966E-16,-1.,1.42222518970134E-33));
#10099=DIRECTION('center_axis',(0.,0.,1.));
#10100=DIRECTION('ref_axis',(-1.,5.20417042793042E-18,0.));
#10101=DIRECTION('',(0.,0.,1.));
#10102=DIRECTION('center_axis',(-2.46519032881566E-32,5.13170824337702E-49,
1.));
#10103=DIRECTION('ref_axis',(-1.,5.20417042793042E-18,-3.08148791101958E-32));
#10104=DIRECTION('center_axis',(5.20417042793042E-18,1.,0.));
#10105=DIRECTION('ref_axis',(-1.,5.20417042793042E-18,-2.46519032881566E-32));
#10106=DIRECTION('',(0.,0.,1.));
#10107=DIRECTION('',(-1.,5.20417042793042E-18,-2.46519032881566E-32));
#10108=DIRECTION('center_axis',(0.,0.,1.));
#10109=DIRECTION('ref_axis',(5.20417042793042E-18,1.,0.));
#10110=DIRECTION('',(0.,0.,1.));
#10111=DIRECTION('center_axis',(-2.46519032881566E-32,-2.68559398070064E-47,
1.));
#10112=DIRECTION('ref_axis',(5.20417042793042E-18,1.,2.70590699249735E-47));
#10113=DIRECTION('center_axis',(1.,-1.76007712677955E-16,0.));
#10114=DIRECTION('ref_axis',(1.76007712677955E-16,1.,-1.42222518970134E-33));
#10115=DIRECTION('',(0.,0.,1.));
#10116=DIRECTION('',(1.76007712677955E-16,1.,-1.42222518970134E-33));
#10117=DIRECTION('center_axis',(0.,0.,1.));
#10118=DIRECTION('ref_axis',(1.,-5.20417042793042E-18,0.));
#10119=DIRECTION('center_axis',(-2.46519032881566E-32,5.13170824337702E-49,
1.));
#10120=DIRECTION('ref_axis',(1.,-5.20417042793042E-18,3.08148791101958E-32));
#10121=DIRECTION('center_axis',(2.46519032881566E-32,2.68559398070064E-47,
-1.));
#10122=DIRECTION('ref_axis',(1.,-5.20417042793042E-18,2.46519032881566E-32));
#10123=DIRECTION('center_axis',(2.46519032881566E-32,2.68559398070064E-47,
-1.));
#10124=DIRECTION('ref_axis',(0.,1.,0.));
#10125=DIRECTION('',(0.,1.,2.68559398070064E-47));
#10126=DIRECTION('center_axis',(2.46519032881566E-32,2.68559398070064E-47,
-1.));
#10127=DIRECTION('ref_axis',(-1.,0.,0.));
#10128=DIRECTION('',(-1.,0.,-2.46519032881566E-32));
#10129=DIRECTION('center_axis',(2.46519032881566E-32,2.68559398070064E-47,
-1.));
#10130=DIRECTION('ref_axis',(0.,-1.,0.));
#10131=DIRECTION('',(0.,-1.,-2.68559398070064E-47));
#10132=DIRECTION('center_axis',(2.46519032881566E-32,2.68559398070064E-47,
-1.));
#10133=DIRECTION('ref_axis',(1.,0.,0.));
#10134=DIRECTION('',(1.,0.,2.46519032881566E-32));
#10135=DIRECTION('center_axis',(-5.20417042793042E-18,-1.,0.));
#10136=DIRECTION('ref_axis',(1.,-5.20417042793042E-18,2.46519032881566E-32));
#10137=DIRECTION('',(0.,0.,1.));
#10138=DIRECTION('',(1.,-5.20417042793042E-18,2.46519032881566E-32));
#10139=DIRECTION('',(0.,0.,1.));
#10140=DIRECTION('center_axis',(0.,0.,1.));
#10141=DIRECTION('ref_axis',(-5.20417042793042E-18,-1.,0.));
#10142=DIRECTION('',(0.,0.,1.));
#10143=DIRECTION('center_axis',(-2.46519032881566E-32,-6.41463530422127E-48,
1.));
#10144=DIRECTION('ref_axis',(-5.20417042793042E-18,-1.,-6.55361906914606E-48));
#10145=DIRECTION('center_axis',(-1.,5.20417042793042E-18,0.));
#10146=DIRECTION('ref_axis',(-5.20417042793042E-18,-1.,1.42222518970134E-33));
#10147=DIRECTION('',(0.,0.,1.));
#10148=DIRECTION('',(-5.20417042793042E-18,-1.,1.42222518970134E-33));
#10149=DIRECTION('center_axis',(0.,0.,1.));
#10150=DIRECTION('ref_axis',(-1.,5.20417042793042E-18,0.));
#10151=DIRECTION('',(0.,0.,1.));
#10152=DIRECTION('center_axis',(-2.46519032881566E-32,5.13170824337702E-49,
1.));
#10153=DIRECTION('ref_axis',(-1.,5.20417042793042E-18,-3.08148791101958E-32));
#10154=DIRECTION('center_axis',(-6.78009998572165E-16,1.,0.));
#10155=DIRECTION('ref_axis',(-1.,-6.78009998572165E-16,-2.46519032881566E-32));
#10156=DIRECTION('',(0.,0.,1.));
#10157=DIRECTION('',(-1.,-6.78009998572165E-16,-2.46519032881566E-32));
#10158=DIRECTION('center_axis',(0.,0.,1.));
#10159=DIRECTION('ref_axis',(5.20417042793042E-18,1.,0.));
#10160=DIRECTION('',(0.,0.,1.));
#10161=DIRECTION('center_axis',(-2.46519032881566E-32,-2.68559398070064E-47,
1.));
#10162=DIRECTION('ref_axis',(5.20417042793042E-18,1.,2.7059069924973E-47));
#10163=DIRECTION('center_axis',(1.,-6.88418339428025E-16,0.));
#10164=DIRECTION('ref_axis',(6.88418339428025E-16,1.,-1.42222518970133E-33));
#10165=DIRECTION('',(0.,0.,1.));
#10166=DIRECTION('',(6.88418339428025E-16,1.,-1.42222518970133E-33));
#10167=DIRECTION('center_axis',(0.,0.,1.));
#10168=DIRECTION('ref_axis',(1.,-5.20417042793042E-18,0.));
#10169=DIRECTION('center_axis',(-2.46519032881566E-32,5.13170824337702E-49,
1.));
#10170=DIRECTION('ref_axis',(1.,-5.20417042793042E-18,3.08148791101958E-32));
#10171=DIRECTION('center_axis',(2.46519032881566E-32,2.68559398070064E-47,
-1.));
#10172=DIRECTION('ref_axis',(1.,-5.20417042793042E-18,2.46519032881566E-32));
#10173=DIRECTION('center_axis',(2.46519032881566E-32,2.68559398070064E-47,
-1.));
#10174=DIRECTION('ref_axis',(0.,1.,0.));
#10175=DIRECTION('',(0.,1.,2.68559398070064E-47));
#10176=DIRECTION('center_axis',(2.46519032881566E-32,2.68559398070064E-47,
-1.));
#10177=DIRECTION('ref_axis',(-1.,0.,0.));
#10178=DIRECTION('',(-1.,-1.70803542250024E-16,-2.46519032881566E-32));
#10179=DIRECTION('center_axis',(2.46519032881566E-32,2.68559398070064E-47,
-1.));
#10180=DIRECTION('ref_axis',(0.,-1.,0.));
#10181=DIRECTION('',(3.41607084500048E-16,-1.,-1.8434674997362E-47));
#10182=DIRECTION('center_axis',(2.46519032881566E-32,2.68559398070064E-47,
-1.));
#10183=DIRECTION('ref_axis',(1.,0.,0.));
#10184=DIRECTION('',(1.,0.,2.46519032881566E-32));
#10185=DIRECTION('center_axis',(-3.46811254927979E-16,-1.,0.));
#10186=DIRECTION('ref_axis',(1.,-3.46811254927979E-16,2.46519032881566E-32));
#10187=DIRECTION('',(0.,0.,1.));
#10188=DIRECTION('',(1.,-3.46811254927979E-16,2.46519032881566E-32));
#10189=DIRECTION('center_axis',(0.,0.,1.));
#10190=DIRECTION('ref_axis',(-5.20417042793042E-18,-1.,0.));
#10191=DIRECTION('',(0.,0.,1.));
#10192=DIRECTION('center_axis',(-2.46519032881566E-32,1.28292706084425E-47,
1.));
#10193=DIRECTION('ref_axis',(-5.20417042793042E-18,-1.,1.26902868435178E-47));
#10194=DIRECTION('center_axis',(-1.,5.20417042793042E-18,0.));
#10195=DIRECTION('ref_axis',(-5.20417042793042E-18,-1.,1.42222518970134E-33));
#10196=DIRECTION('',(0.,0.,1.));
#10197=DIRECTION('',(-5.20417042793042E-18,-1.,1.42222518970134E-33));
#10198=DIRECTION('center_axis',(0.,0.,1.));
#10199=DIRECTION('ref_axis',(-1.,5.20417042793042E-18,0.));
#10200=DIRECTION('',(0.,0.,1.));
#10201=DIRECTION('center_axis',(-2.46519032881566E-32,5.13170824337702E-49,
1.));
#10202=DIRECTION('ref_axis',(-1.,5.20417042793042E-18,-3.08148791101957E-32));
#10203=DIRECTION('center_axis',(5.20417042793042E-18,1.,0.));
#10204=DIRECTION('ref_axis',(-1.,5.20417042793042E-18,-2.46519032881566E-32));
#10205=DIRECTION('',(0.,0.,1.));
#10206=DIRECTION('',(-1.,5.20417042793042E-18,-2.46519032881566E-32));
#10207=DIRECTION('center_axis',(0.,0.,1.));
#10208=DIRECTION('ref_axis',(5.20417042793042E-18,1.,0.));
#10209=DIRECTION('center_axis',(-2.46519032881566E-32,-2.13308005983038E-46,
1.));
#10210=DIRECTION('ref_axis',(5.20417042793042E-18,1.,2.13511136101008E-46));
#10211=DIRECTION('center_axis',(2.46519032881566E-32,2.13308005983038E-46,
-1.));
#10212=DIRECTION('ref_axis',(1.,-5.20417042793042E-18,2.46519032881566E-32));
#10213=DIRECTION('center_axis',(2.46519032881566E-32,2.13308005983038E-46,
-1.));
#10214=DIRECTION('ref_axis',(1.,0.,0.));
#10215=DIRECTION('',(1.,0.,2.46519032881566E-32));
#10216=DIRECTION('center_axis',(2.46519032881566E-32,2.13308005983038E-46,
-1.));
#10217=DIRECTION('ref_axis',(0.,1.,0.));
#10218=DIRECTION('',(0.,1.,2.13308005983038E-46));
#10219=DIRECTION('center_axis',(2.46519032881566E-32,2.13308005983038E-46,
-1.));
#10220=DIRECTION('ref_axis',(-1.,0.,0.));
#10221=DIRECTION('',(-1.,0.,-2.46519032881566E-32));
#10222=DIRECTION('center_axis',(2.46519032881566E-32,2.13308005983038E-46,
-1.));
#10223=DIRECTION('ref_axis',(0.,-1.,0.));
#10224=DIRECTION('center_axis',(-5.20417042793042E-18,-1.,0.));
#10225=DIRECTION('ref_axis',(1.,-5.20417042793042E-18,2.46519032881566E-32));
#10226=DIRECTION('',(0.,0.,1.));
#10227=DIRECTION('',(1.,-5.20417042793042E-18,2.46519032881566E-32));
#10228=DIRECTION('',(0.,0.,1.));
#10229=DIRECTION('center_axis',(0.,0.,1.));
#10230=DIRECTION('ref_axis',(-5.20417042793042E-18,-1.,0.));
#10231=DIRECTION('',(0.,0.,1.));
#10232=DIRECTION('center_axis',(-2.46519032881566E-32,-7.69756236506552E-48,
1.));
#10233=DIRECTION('ref_axis',(-5.20417042793042E-18,-1.,-7.83654612999032E-48));
#10234=DIRECTION('center_axis',(-1.,5.20417042793042E-18,0.));
#10235=DIRECTION('ref_axis',(-5.20417042793042E-18,-1.,1.42222518970134E-33));
#10236=DIRECTION('',(0.,0.,1.));
#10237=DIRECTION('',(-5.20417042793042E-18,-1.,1.42222518970134E-33));
#10238=DIRECTION('center_axis',(0.,0.,1.));
#10239=DIRECTION('ref_axis',(-1.,5.20417042793042E-18,0.));
#10240=DIRECTION('',(0.,0.,1.));
#10241=DIRECTION('center_axis',(-2.46519032881566E-32,5.13170824337702E-49,
1.));
#10242=DIRECTION('ref_axis',(-1.,5.20417042793042E-18,-3.08148791101958E-32));
#10243=DIRECTION('center_axis',(5.20417042793042E-18,1.,0.));
#10244=DIRECTION('ref_axis',(-1.,5.20417042793042E-18,-2.46519032881566E-32));
#10245=DIRECTION('',(0.,0.,1.));
#10246=DIRECTION('',(-1.,5.20417042793042E-18,-2.46519032881566E-32));
#10247=DIRECTION('center_axis',(0.,0.,1.));
#10248=DIRECTION('ref_axis',(5.20417042793042E-18,1.,0.));
#10249=DIRECTION('',(0.,0.,1.));
#10250=DIRECTION('center_axis',(-2.46519032881566E-32,-8.15941610696945E-47,
1.));
#10251=DIRECTION('ref_axis',(5.20417042793042E-18,1.,8.17972911876619E-47));
#10252=DIRECTION('center_axis',(1.,-5.20417042793042E-18,0.));
#10253=DIRECTION('ref_axis',(5.20417042793042E-18,1.,-1.42222518970134E-33));
#10254=DIRECTION('',(0.,0.,1.));
#10255=DIRECTION('',(5.20417042793042E-18,1.,-1.42222518970134E-33));
#10256=DIRECTION('center_axis',(0.,0.,1.));
#10257=DIRECTION('ref_axis',(1.,-5.20417042793042E-18,0.));
#10258=DIRECTION('center_axis',(-2.46519032881566E-32,5.13170824337702E-49,
1.));
#10259=DIRECTION('ref_axis',(1.,-5.20417042793042E-18,3.08148791101958E-32));
#10260=DIRECTION('center_axis',(2.46519032881566E-32,8.15941610696945E-47,
-1.));
#10261=DIRECTION('ref_axis',(1.,-5.20417042793042E-18,2.46519032881566E-32));
#10262=DIRECTION('center_axis',(2.46519032881566E-32,8.15941610696945E-47,
-1.));
#10263=DIRECTION('ref_axis',(0.,1.,0.));
#10264=DIRECTION('',(0.,1.,8.15941610696945E-47));
#10265=DIRECTION('center_axis',(2.46519032881566E-32,8.15941610696945E-47,
-1.));
#10266=DIRECTION('ref_axis',(-1.,0.,0.));
#10267=DIRECTION('',(-1.,0.,-2.46519032881566E-32));
#10268=DIRECTION('center_axis',(2.46519032881566E-32,8.15941610696945E-47,
-1.));
#10269=DIRECTION('ref_axis',(0.,-1.,0.));
#10270=DIRECTION('',(0.,-1.,-8.15941610696945E-47));
#10271=DIRECTION('center_axis',(2.46519032881566E-32,8.15941610696945E-47,
-1.));
#10272=DIRECTION('ref_axis',(1.,0.,0.));
#10273=DIRECTION('',(1.,0.,2.46519032881566E-32));
#10274=DIRECTION('center_axis',(-5.20417042793042E-18,-1.,0.));
#10275=DIRECTION('ref_axis',(1.,-5.20417042793042E-18,2.46519032881566E-32));
#10276=DIRECTION('',(0.,0.,1.));
#10277=DIRECTION('',(1.,-5.20417042793042E-18,2.46519032881566E-32));
#10278=DIRECTION('',(0.,0.,1.));
#10279=DIRECTION('center_axis',(0.,0.,1.));
#10280=DIRECTION('ref_axis',(2.72351585728359E-16,-1.,0.));
#10281=DIRECTION('',(0.,0.,1.));
#10282=DIRECTION('center_axis',(-2.46519032881566E-32,-5.55935059699177E-48,
1.));
#10283=DIRECTION('ref_axis',(2.72351585728359E-16,-1.,0.));
#10284=DIRECTION('center_axis',(-1.,1.11956384334195E-16,0.));
#10285=DIRECTION('ref_axis',(-1.11956384334195E-16,-1.,1.42222518970134E-33));
#10286=DIRECTION('',(0.,0.,1.));
#10287=DIRECTION('',(-1.11956384334195E-16,-1.,1.42222518970134E-33));
#10288=DIRECTION('center_axis',(0.,0.,1.));
#10289=DIRECTION('ref_axis',(-1.,5.20417042793042E-18,0.));
#10290=DIRECTION('',(0.,0.,1.));
#10291=DIRECTION('center_axis',(-2.46519032881566E-32,5.13170824337702E-49,
1.));
#10292=DIRECTION('ref_axis',(-1.,5.20417042793042E-18,-3.08148791101958E-32));
#10293=DIRECTION('center_axis',(-6.78009998572167E-16,1.,0.));
#10294=DIRECTION('ref_axis',(-1.,-6.78009998572167E-16,-2.46519032881566E-32));
#10295=DIRECTION('',(0.,0.,1.));
#10296=DIRECTION('',(-1.,-6.78009998572167E-16,-2.46519032881566E-32));
#10297=DIRECTION('center_axis',(0.,0.,1.));
#10298=DIRECTION('ref_axis',(5.20417042793042E-18,1.,0.));
#10299=DIRECTION('',(0.,0.,1.));
#10300=DIRECTION('center_axis',(-2.46519032881566E-32,-2.68559398070064E-47,
1.));
#10301=DIRECTION('ref_axis',(5.20417042793042E-18,1.,2.70590699249732E-47));
#10302=DIRECTION('center_axis',(1.,-3.46811254927978E-16,0.));
#10303=DIRECTION('ref_axis',(3.46811254927978E-16,1.,-1.42222518970134E-33));
#10304=DIRECTION('',(0.,0.,1.));
#10305=DIRECTION('',(3.46811254927978E-16,1.,-1.42222518970134E-33));
#10306=DIRECTION('center_axis',(0.,0.,1.));
#10307=DIRECTION('ref_axis',(1.,-5.20417042793042E-18,0.));
#10308=DIRECTION('center_axis',(-2.46519032881566E-32,5.13170824337702E-49,
1.));
#10309=DIRECTION('ref_axis',(1.,-5.20417042793042E-18,3.08148791101959E-32));
#10310=DIRECTION('center_axis',(2.46519032881566E-32,2.68559398070064E-47,
-1.));
#10311=DIRECTION('ref_axis',(1.,-5.20417042793042E-18,2.46519032881566E-32));
#10312=DIRECTION('center_axis',(2.46519032881566E-32,2.68559398070064E-47,
-1.));
#10313=DIRECTION('ref_axis',(0.,1.,0.));
#10314=DIRECTION('',(0.,1.,2.68559398070064E-47));
#10315=DIRECTION('center_axis',(2.46519032881566E-32,2.68559398070064E-47,
-1.));
#10316=DIRECTION('ref_axis',(-1.,0.,0.));
#10317=DIRECTION('',(-1.,0.,-2.46519032881566E-32));
#10318=DIRECTION('center_axis',(2.46519032881566E-32,2.68559398070064E-47,
-1.));
#10319=DIRECTION('ref_axis',(0.,-1.,0.));
#10320=DIRECTION('',(0.,-1.,-2.68559398070064E-47));
#10321=DIRECTION('center_axis',(2.46519032881566E-32,2.68559398070064E-47,
-1.));
#10322=DIRECTION('ref_axis',(1.,0.,0.));
#10323=DIRECTION('',(1.,0.,2.46519032881566E-32));
#10324=DIRECTION('center_axis',(-5.20417042793042E-18,-1.,0.));
#10325=DIRECTION('ref_axis',(1.,-5.20417042793042E-18,2.46519032881566E-32));
#10326=DIRECTION('',(0.,0.,1.));
#10327=DIRECTION('',(1.,-5.20417042793042E-18,2.46519032881566E-32));
#10328=DIRECTION('',(0.,0.,1.));
#10329=DIRECTION('center_axis',(0.,0.,1.));
#10330=DIRECTION('ref_axis',(-1.39298295120937E-15,-1.,0.));
#10331=DIRECTION('',(0.,0.,1.));
#10332=DIRECTION('center_axis',(-2.46519032881566E-32,8.12520471868027E-48,
1.));
#10333=DIRECTION('ref_axis',(-1.39298295120937E-15,-1.,-2.73691106313441E-47));
#10334=DIRECTION('center_axis',(-1.,-2.29650700165852E-16,0.));
#10335=DIRECTION('ref_axis',(2.29650700165852E-16,-1.,1.42222518970134E-33));
#10336=DIRECTION('',(0.,0.,1.));
#10337=DIRECTION('',(2.29650700165852E-16,-1.,1.42222518970134E-33));
#10338=DIRECTION('center_axis',(0.,0.,1.));
#10339=DIRECTION('ref_axis',(-1.,5.20417042793042E-18,0.));
#10340=DIRECTION('',(0.,0.,1.));
#10341=DIRECTION('center_axis',(-2.46519032881566E-32,5.13170824337702E-49,
1.));
#10342=DIRECTION('ref_axis',(-1.,5.20417042793042E-18,-3.08148791101957E-32));
#10343=DIRECTION('center_axis',(-6.78009998572166E-16,1.,0.));
#10344=DIRECTION('ref_axis',(-1.,-6.78009998572166E-16,-2.46519032881566E-32));
#10345=DIRECTION('',(0.,0.,1.));
#10346=DIRECTION('',(-1.,-6.78009998572166E-16,-2.46519032881566E-32));
#10347=DIRECTION('center_axis',(0.,0.,1.));
#10348=DIRECTION('ref_axis',(1.11542719505308E-15,1.,0.));
#10349=DIRECTION('',(0.,0.,1.));
#10350=DIRECTION('center_axis',(-2.46519032881566E-32,-1.31713844913343E-47,
1.));
#10351=DIRECTION('ref_axis',(1.11542719505308E-15,1.,4.10536659470159E-47));
#10352=DIRECTION('center_axis',(1.,-3.46811254927978E-16,0.));
#10353=DIRECTION('ref_axis',(3.46811254927978E-16,1.,-1.42222518970134E-33));
#10354=DIRECTION('',(0.,0.,1.));
#10355=DIRECTION('',(3.46811254927978E-16,1.,-1.42222518970134E-33));
#10356=DIRECTION('center_axis',(0.,0.,1.));
#10357=DIRECTION('ref_axis',(1.,-5.20417042793042E-18,0.));
#10358=DIRECTION('center_axis',(-2.46519032881566E-32,5.13170824337702E-49,
1.));
#10359=DIRECTION('ref_axis',(1.,-5.20417042793042E-18,3.08148791101957E-32));
#10360=DIRECTION('center_axis',(2.46519032881566E-32,1.31713844913343E-47,
-1.));
#10361=DIRECTION('ref_axis',(1.,-5.20417042793042E-18,2.46519032881566E-32));
#10362=DIRECTION('center_axis',(2.46519032881566E-32,1.31713844913343E-47,
-1.));
#10363=DIRECTION('ref_axis',(0.,1.,0.));
#10364=DIRECTION('',(0.,1.,1.31713844913343E-47));
#10365=DIRECTION('center_axis',(2.46519032881566E-32,1.31713844913343E-47,
-1.));
#10366=DIRECTION('ref_axis',(-1.,0.,0.));
#10367=DIRECTION('',(-1.,0.,-2.46519032881566E-32));
#10368=DIRECTION('center_axis',(2.46519032881566E-32,1.31713844913343E-47,
-1.));
#10369=DIRECTION('ref_axis',(0.,-1.,0.));
#10370=DIRECTION('',(0.,-1.,-1.31713844913343E-47));
#10371=DIRECTION('center_axis',(2.46519032881566E-32,1.31713844913343E-47,
-1.));
#10372=DIRECTION('ref_axis',(1.,0.,0.));
#10373=DIRECTION('',(1.,0.,2.46519032881566E-32));
#10374=DIRECTION('center_axis',(-5.20417042793042E-18,-1.,0.));
#10375=DIRECTION('ref_axis',(1.,-5.20417042793042E-18,2.46519032881566E-32));
#10376=DIRECTION('',(0.,0.,1.));
#10377=DIRECTION('',(1.,-5.20417042793042E-18,2.46519032881566E-32));
#10378=DIRECTION('',(0.,0.,1.));
#10379=DIRECTION('center_axis',(0.,0.,1.));
#10380=DIRECTION('ref_axis',(-5.20417042793042E-18,-1.,0.));
#10381=DIRECTION('',(0.,0.,1.));
#10382=DIRECTION('center_axis',(-2.46519032881566E-32,-2.00991906198933E-47,
1.));
#10383=DIRECTION('ref_axis',(-5.20417042793042E-18,-1.,-2.02381743848181E-47));
#10384=DIRECTION('center_axis',(-1.,5.20417042793042E-18,0.));
#10385=DIRECTION('ref_axis',(-5.20417042793042E-18,-1.,1.42222518970134E-33));
#10386=DIRECTION('',(0.,0.,1.));
#10387=DIRECTION('',(-5.20417042793042E-18,-1.,1.42222518970134E-33));
#10388=DIRECTION('center_axis',(0.,0.,1.));
#10389=DIRECTION('ref_axis',(-1.,5.20417042793042E-18,0.));
#10390=DIRECTION('',(0.,0.,1.));
#10391=DIRECTION('center_axis',(-2.46519032881566E-32,5.13170824337702E-49,
1.));
#10392=DIRECTION('ref_axis',(-1.,5.20417042793042E-18,-3.08148791101958E-32));
#10393=DIRECTION('center_axis',(5.20417042793042E-18,1.,0.));
#10394=DIRECTION('ref_axis',(-1.,5.20417042793042E-18,-2.46519032881566E-32));
#10395=DIRECTION('',(0.,0.,1.));
#10396=DIRECTION('',(-1.,5.20417042793042E-18,-2.46519032881566E-32));
#10397=DIRECTION('center_axis',(0.,0.,1.));
#10398=DIRECTION('ref_axis',(5.20417042793042E-18,1.,0.));
#10399=DIRECTION('',(0.,0.,1.));
#10400=DIRECTION('center_axis',(-2.46519032881566E-32,-8.15941610696945E-47,
1.));
#10401=DIRECTION('ref_axis',(5.20417042793042E-18,1.,8.17972911876619E-47));
#10402=DIRECTION('center_axis',(1.,-5.20417042793042E-18,0.));
#10403=DIRECTION('ref_axis',(5.20417042793042E-18,1.,-1.42222518970134E-33));
#10404=DIRECTION('',(0.,0.,1.));
#10405=DIRECTION('',(5.20417042793042E-18,1.,-1.42222518970134E-33));
#10406=DIRECTION('center_axis',(0.,0.,1.));
#10407=DIRECTION('ref_axis',(1.,-5.20417042793042E-18,0.));
#10408=DIRECTION('center_axis',(-2.46519032881566E-32,5.13170824337702E-49,
1.));
#10409=DIRECTION('ref_axis',(1.,-5.20417042793042E-18,3.08148791101958E-32));
#10410=DIRECTION('center_axis',(2.46519032881566E-32,8.15941610696945E-47,
-1.));
#10411=DIRECTION('ref_axis',(1.,-5.20417042793042E-18,2.46519032881566E-32));
#10412=DIRECTION('center_axis',(2.46519032881566E-32,8.15941610696945E-47,
-1.));
#10413=DIRECTION('ref_axis',(0.,1.,0.));
#10414=DIRECTION('',(0.,1.,8.15941610696945E-47));
#10415=DIRECTION('center_axis',(2.46519032881566E-32,8.15941610696945E-47,
-1.));
#10416=DIRECTION('ref_axis',(-1.,0.,0.));
#10417=DIRECTION('',(-1.,0.,-2.46519032881566E-32));
#10418=DIRECTION('center_axis',(2.46519032881566E-32,8.15941610696945E-47,
-1.));
#10419=DIRECTION('ref_axis',(0.,-1.,0.));
#10420=DIRECTION('',(0.,-1.,-8.15941610696945E-47));
#10421=DIRECTION('center_axis',(2.46519032881566E-32,8.15941610696945E-47,
-1.));
#10422=DIRECTION('ref_axis',(1.,0.,0.));
#10423=DIRECTION('',(1.,0.,2.46519032881566E-32));
#10424=DIRECTION('center_axis',(5.20417042793042E-18,1.,0.));
#10425=DIRECTION('ref_axis',(-1.,5.20417042793042E-18,-2.46519032881566E-32));
#10426=DIRECTION('',(0.,0.,1.));
#10427=DIRECTION('',(-1.,5.20417042793042E-18,-2.46519032881566E-32));
#10428=DIRECTION('',(0.,0.,1.));
#10429=DIRECTION('center_axis',(0.,0.,1.));
#10430=DIRECTION('ref_axis',(5.20417042793042E-18,1.,0.));
#10431=DIRECTION('',(0.,0.,1.));
#10432=DIRECTION('center_axis',(-2.46519032881566E-32,-5.29421233775062E-47,
1.));
#10433=DIRECTION('ref_axis',(5.20417042793042E-18,1.,5.31452534954734E-47));
#10434=DIRECTION('center_axis',(1.,6.78009998572167E-16,0.));
#10435=DIRECTION('ref_axis',(-6.78009998572167E-16,1.,-1.42222518970135E-33));
#10436=DIRECTION('',(0.,0.,1.));
#10437=DIRECTION('',(-6.78009998572167E-16,1.,-1.42222518970135E-33));
#10438=DIRECTION('center_axis',(0.,0.,1.));
#10439=DIRECTION('ref_axis',(1.,1.10501885419723E-15,0.));
#10440=DIRECTION('',(0.,0.,1.));
#10441=DIRECTION('center_axis',(-2.46519032881566E-32,3.93430965325571E-48,
1.));
#10442=DIRECTION('ref_axis',(1.,1.10501885419723E-15,3.08148791101957E-32));
#10443=DIRECTION('center_axis',(-1.76007712677955E-16,-1.,0.));
#10444=DIRECTION('ref_axis',(1.,-1.76007712677955E-16,2.46519032881566E-32));
#10445=DIRECTION('',(0.,0.,1.));
#10446=DIRECTION('',(1.,-1.76007712677955E-16,2.46519032881566E-32));
#10447=DIRECTION('center_axis',(0.,0.,1.));
#10448=DIRECTION('ref_axis',(-5.20417042793042E-18,-1.,0.));
#10449=DIRECTION('',(0.,0.,1.));
#10450=DIRECTION('center_axis',(-2.46519032881566E-32,9.96406683922371E-47,
1.));
#10451=DIRECTION('ref_axis',(-5.20417042793042E-18,-1.,9.94375382742699E-47));
#10452=DIRECTION('center_axis',(-1.,5.20417042793042E-18,0.));
#10453=DIRECTION('ref_axis',(-5.20417042793042E-18,-1.,1.42222518970134E-33));
#10454=DIRECTION('',(0.,0.,1.));
#10455=DIRECTION('',(-5.20417042793042E-18,-1.,1.42222518970134E-33));
#10456=DIRECTION('center_axis',(0.,0.,1.));
#10457=DIRECTION('ref_axis',(-1.,5.20417042793042E-18,0.));
#10458=DIRECTION('center_axis',(-2.46519032881566E-32,5.13170824337702E-49,
1.));
#10459=DIRECTION('ref_axis',(-1.,5.20417042793042E-18,-3.08148791101957E-32));
#10460=DIRECTION('center_axis',(2.46519032881566E-32,-9.96406683922371E-47,
-1.));
#10461=DIRECTION('ref_axis',(1.,-5.20417042793042E-18,2.46519032881566E-32));
#10462=DIRECTION('center_axis',(2.46519032881566E-32,-9.96406683922371E-47,
-1.));
#10463=DIRECTION('ref_axis',(0.,1.,0.));
#10464=DIRECTION('',(0.,1.,-9.96406683922371E-47));
#10465=DIRECTION('center_axis',(2.46519032881566E-32,-9.96406683922371E-47,
-1.));
#10466=DIRECTION('ref_axis',(-1.,0.,0.));
#10467=DIRECTION('',(-1.,0.,-2.46519032881566E-32));
#10468=DIRECTION('center_axis',(2.46519032881566E-32,-9.96406683922371E-47,
-1.));
#10469=DIRECTION('ref_axis',(0.,-1.,0.));
#10470=DIRECTION('',(0.,-1.,9.96406683922371E-47));
#10471=DIRECTION('center_axis',(2.46519032881566E-32,-9.96406683922371E-47,
-1.));
#10472=DIRECTION('ref_axis',(1.,0.,0.));
#10473=DIRECTION('',(1.,0.,2.46519032881566E-32));
#10474=DIRECTION('center_axis',(0.,1.,0.));
#10475=DIRECTION('ref_axis',(-1.,0.,0.));
#10476=DIRECTION('',(0.,0.,1.));
#10477=DIRECTION('',(-1.,0.,0.));
#10478=DIRECTION('',(0.,0.,1.));
#10479=DIRECTION('center_axis',(0.,0.,1.));
#10480=DIRECTION('ref_axis',(-1.,0.,0.));
#10481=DIRECTION('',(0.,0.,1.));
#10482=DIRECTION('center_axis',(0.,0.,-1.));
#10483=DIRECTION('ref_axis',(-1.,0.,0.));
#10484=DIRECTION('center_axis',(1.,0.,0.));
#10485=DIRECTION('ref_axis',(0.,1.,0.));
#10486=DIRECTION('',(0.,0.,1.));
#10487=DIRECTION('',(0.,1.,0.));
#10488=DIRECTION('center_axis',(0.,0.,1.));
#10489=DIRECTION('ref_axis',(0.,1.,0.));
#10490=DIRECTION('',(0.,0.,1.));
#10491=DIRECTION('center_axis',(0.,0.,-1.));
#10492=DIRECTION('ref_axis',(0.,1.,0.));
#10493=DIRECTION('center_axis',(-1.70803542250024E-16,1.,0.));
#10494=DIRECTION('ref_axis',(-1.,-1.70803542250024E-16,0.));
#10495=DIRECTION('',(0.,0.,1.));
#10496=DIRECTION('',(-1.,-1.70803542250024E-16,0.));
#10497=DIRECTION('',(0.,0.,1.));
#10498=DIRECTION('center_axis',(0.,0.,1.));
#10499=DIRECTION('ref_axis',(-1.,0.,0.));
#10500=DIRECTION('',(0.,0.,1.));
#10501=DIRECTION('center_axis',(0.,0.,-1.));
#10502=DIRECTION('ref_axis',(-1.,0.,0.));
#10503=DIRECTION('center_axis',(1.,0.,0.));
#10504=DIRECTION('ref_axis',(0.,1.,0.));
#10505=DIRECTION('',(0.,0.,1.));
#10506=DIRECTION('',(0.,1.,0.));
#10507=DIRECTION('center_axis',(0.,0.,1.));
#10508=DIRECTION('ref_axis',(0.,1.,0.));
#10509=DIRECTION('',(0.,0.,1.));
#10510=DIRECTION('center_axis',(0.,0.,-1.));
#10511=DIRECTION('ref_axis',(0.,1.,0.));
#10512=DIRECTION('center_axis',(0.,1.,0.));
#10513=DIRECTION('ref_axis',(-1.,0.,0.));
#10514=DIRECTION('',(0.,0.,1.));
#10515=DIRECTION('',(-1.,0.,0.));
#10516=DIRECTION('',(0.,0.,1.));
#10517=DIRECTION('center_axis',(0.,0.,1.));
#10518=DIRECTION('ref_axis',(-1.,0.,0.));
#10519=DIRECTION('',(0.,0.,1.));
#10520=DIRECTION('center_axis',(0.,0.,-1.));
#10521=DIRECTION('ref_axis',(-1.,0.,0.));
#10522=DIRECTION('center_axis',(1.,0.,0.));
#10523=DIRECTION('ref_axis',(0.,1.,0.));
#10524=DIRECTION('',(0.,0.,1.));
#10525=DIRECTION('',(0.,1.,0.));
#10526=DIRECTION('center_axis',(0.,0.,1.));
#10527=DIRECTION('ref_axis',(0.,1.,0.));
#10528=DIRECTION('',(0.,0.,1.));
#10529=DIRECTION('center_axis',(0.,0.,-1.));
#10530=DIRECTION('ref_axis',(0.,1.,0.));
#10531=DIRECTION('center_axis',(0.,1.,0.));
#10532=DIRECTION('ref_axis',(-1.,0.,0.));
#10533=DIRECTION('',(0.,0.,1.));
#10534=DIRECTION('',(-1.,0.,0.));
#10535=DIRECTION('',(0.,0.,1.));
#10536=DIRECTION('center_axis',(0.,0.,1.));
#10537=DIRECTION('ref_axis',(-1.,0.,0.));
#10538=DIRECTION('',(0.,0.,1.));
#10539=DIRECTION('center_axis',(0.,0.,-1.));
#10540=DIRECTION('ref_axis',(-1.,0.,0.));
#10541=DIRECTION('center_axis',(1.,0.,0.));
#10542=DIRECTION('ref_axis',(0.,1.,0.));
#10543=DIRECTION('',(0.,0.,1.));
#10544=DIRECTION('',(0.,1.,0.));
#10545=DIRECTION('center_axis',(0.,0.,1.));
#10546=DIRECTION('ref_axis',(0.,1.,0.));
#10547=DIRECTION('',(0.,0.,1.));
#10548=DIRECTION('center_axis',(0.,0.,-1.));
#10549=DIRECTION('ref_axis',(0.,1.,0.));
#10550=DIRECTION('center_axis',(0.,1.,0.));
#10551=DIRECTION('ref_axis',(-1.,0.,0.));
#10552=DIRECTION('',(0.,0.,1.));
#10553=DIRECTION('',(-1.,0.,0.));
#10554=DIRECTION('',(0.,0.,1.));
#10555=DIRECTION('center_axis',(0.,0.,1.));
#10556=DIRECTION('ref_axis',(-1.,0.,0.));
#10557=DIRECTION('',(0.,0.,1.));
#10558=DIRECTION('center_axis',(0.,0.,-1.));
#10559=DIRECTION('ref_axis',(-1.,0.,0.));
#10560=DIRECTION('center_axis',(1.,0.,0.));
#10561=DIRECTION('ref_axis',(0.,1.,0.));
#10562=DIRECTION('',(0.,0.,1.));
#10563=DIRECTION('',(0.,1.,0.));
#10564=DIRECTION('center_axis',(0.,0.,1.));
#10565=DIRECTION('ref_axis',(0.,1.,0.));
#10566=DIRECTION('',(0.,0.,1.));
#10567=DIRECTION('center_axis',(0.,0.,-1.));
#10568=DIRECTION('ref_axis',(0.,1.,0.));
#10569=DIRECTION('center_axis',(0.,1.,0.));
#10570=DIRECTION('ref_axis',(-1.,0.,0.));
#10571=DIRECTION('',(0.,0.,1.));
#10572=DIRECTION('',(-1.,0.,0.));
#10573=DIRECTION('',(0.,0.,1.));
#10574=DIRECTION('center_axis',(0.,0.,1.));
#10575=DIRECTION('ref_axis',(-1.,0.,0.));
#10576=DIRECTION('',(0.,0.,1.));
#10577=DIRECTION('center_axis',(0.,0.,-1.));
#10578=DIRECTION('ref_axis',(-1.,0.,0.));
#10579=DIRECTION('center_axis',(1.,0.,0.));
#10580=DIRECTION('ref_axis',(0.,1.,0.));
#10581=DIRECTION('',(0.,0.,1.));
#10582=DIRECTION('',(0.,1.,0.));
#10583=DIRECTION('center_axis',(0.,0.,1.));
#10584=DIRECTION('ref_axis',(0.,1.,0.));
#10585=DIRECTION('',(0.,0.,1.));
#10586=DIRECTION('center_axis',(0.,0.,-1.));
#10587=DIRECTION('ref_axis',(0.,1.,0.));
#10588=DIRECTION('center_axis',(0.,1.,0.));
#10589=DIRECTION('ref_axis',(-1.,0.,0.));
#10590=DIRECTION('',(0.,0.,1.));
#10591=DIRECTION('',(-1.,0.,0.));
#10592=DIRECTION('',(0.,0.,1.));
#10593=DIRECTION('center_axis',(0.,0.,1.));
#10594=DIRECTION('ref_axis',(-1.,0.,0.));
#10595=DIRECTION('',(0.,0.,1.));
#10596=DIRECTION('center_axis',(0.,0.,-1.));
#10597=DIRECTION('ref_axis',(-1.,0.,0.));
#10598=DIRECTION('center_axis',(1.,0.,0.));
#10599=DIRECTION('ref_axis',(0.,1.,0.));
#10600=DIRECTION('',(0.,0.,1.));
#10601=DIRECTION('',(0.,1.,0.));
#10602=DIRECTION('center_axis',(0.,0.,1.));
#10603=DIRECTION('ref_axis',(0.,1.,0.));
#10604=DIRECTION('',(0.,0.,1.));
#10605=DIRECTION('center_axis',(0.,0.,-1.));
#10606=DIRECTION('ref_axis',(0.,1.,0.));
#10607=DIRECTION('center_axis',(0.,1.,0.));
#10608=DIRECTION('ref_axis',(-1.,0.,0.));
#10609=DIRECTION('',(0.,0.,1.));
#10610=DIRECTION('',(-1.,0.,0.));
#10611=DIRECTION('',(0.,0.,1.));
#10612=DIRECTION('center_axis',(0.,0.,1.));
#10613=DIRECTION('ref_axis',(-1.,0.,0.));
#10614=DIRECTION('',(0.,0.,1.));
#10615=DIRECTION('center_axis',(0.,0.,-1.));
#10616=DIRECTION('ref_axis',(-1.,0.,0.));
#10617=DIRECTION('center_axis',(1.,0.,0.));
#10618=DIRECTION('ref_axis',(0.,1.,0.));
#10619=DIRECTION('',(0.,0.,1.));
#10620=DIRECTION('',(0.,1.,0.));
#10621=DIRECTION('center_axis',(0.,0.,1.));
#10622=DIRECTION('ref_axis',(0.,1.,0.));
#10623=DIRECTION('',(0.,0.,1.));
#10624=DIRECTION('center_axis',(0.,0.,-1.));
#10625=DIRECTION('ref_axis',(0.,1.,0.));
#10626=DIRECTION('center_axis',(7.10998175188157E-17,-1.,-7.41251387530482E-33));
#10627=DIRECTION('ref_axis',(0.,7.41251387530482E-33,-1.));
#10628=DIRECTION('',(1.,7.10998175188157E-17,0.));
#10629=DIRECTION('center_axis',(5.20417042793042E-18,1.,-8.55284707229503E-50));
#10630=DIRECTION('ref_axis',(0.,8.55284707229503E-50,1.));
#10631=DIRECTION('',(1.,0.,0.));
#10632=DIRECTION('center_axis',(0.,0.,1.));
#10633=DIRECTION('ref_axis',(0.,-1.,0.));
#10634=DIRECTION('center_axis',(0.,0.,-1.));
#10635=DIRECTION('ref_axis',(0.,-1.,0.));
#10636=DIRECTION('',(0.,0.,1.));
#10637=DIRECTION('center_axis',(-1.,0.,0.));
#10638=DIRECTION('ref_axis',(0.,-1.,0.));
#10639=DIRECTION('',(0.,-1.,0.));
#10640=DIRECTION('',(0.,0.,1.));
#10641=DIRECTION('center_axis',(0.,0.,1.));
#10642=DIRECTION('ref_axis',(1.,0.,0.));
#10643=DIRECTION('center_axis',(0.,0.,-1.));
#10644=DIRECTION('ref_axis',(1.,0.,0.));
#10645=DIRECTION('',(0.,0.,1.));
#10646=DIRECTION('center_axis',(0.,-1.,0.));
#10647=DIRECTION('ref_axis',(1.,0.,0.));
#10648=DIRECTION('',(1.,0.,0.));
#10649=DIRECTION('center_axis',(0.,0.,1.));
#10650=DIRECTION('ref_axis',(0.,-1.,0.));
#10651=DIRECTION('center_axis',(0.,0.,-1.));
#10652=DIRECTION('ref_axis',(0.,-1.,0.));
#10653=DIRECTION('',(0.,0.,1.));
#10654=DIRECTION('center_axis',(-1.,0.,0.));
#10655=DIRECTION('ref_axis',(0.,-1.,0.));
#10656=DIRECTION('',(0.,-1.,0.));
#10657=DIRECTION('',(0.,0.,1.));
#10658=DIRECTION('center_axis',(0.,0.,1.));
#10659=DIRECTION('ref_axis',(1.,0.,0.));
#10660=DIRECTION('center_axis',(0.,0.,-1.));
#10661=DIRECTION('ref_axis',(1.,0.,0.));
#10662=DIRECTION('',(0.,0.,1.));
#10663=DIRECTION('center_axis',(0.,-1.,0.));
#10664=DIRECTION('ref_axis',(1.,0.,0.));
#10665=DIRECTION('',(1.,0.,0.));
#10666=DIRECTION('center_axis',(0.,0.,1.));
#10667=DIRECTION('ref_axis',(0.,-1.,0.));
#10668=DIRECTION('center_axis',(0.,0.,-1.));
#10669=DIRECTION('ref_axis',(0.,-1.,0.));
#10670=DIRECTION('',(0.,0.,1.));
#10671=DIRECTION('center_axis',(-1.,0.,0.));
#10672=DIRECTION('ref_axis',(0.,-1.,0.));
#10673=DIRECTION('',(0.,-1.,0.));
#10674=DIRECTION('',(0.,0.,1.));
#10675=DIRECTION('center_axis',(0.,0.,1.));
#10676=DIRECTION('ref_axis',(1.,0.,0.));
#10677=DIRECTION('center_axis',(0.,0.,-1.));
#10678=DIRECTION('ref_axis',(1.,0.,0.));
#10679=DIRECTION('',(0.,0.,1.));
#10680=DIRECTION('center_axis',(0.,-1.,0.));
#10681=DIRECTION('ref_axis',(1.,0.,0.));
#10682=DIRECTION('',(1.,0.,0.));
#10683=DIRECTION('center_axis',(0.,0.,1.));
#10684=DIRECTION('ref_axis',(0.,-1.,0.));
#10685=DIRECTION('center_axis',(0.,0.,-1.));
#10686=DIRECTION('ref_axis',(0.,-1.,0.));
#10687=DIRECTION('',(0.,0.,1.));
#10688=DIRECTION('center_axis',(-1.,-3.41607084500048E-16,0.));
#10689=DIRECTION('ref_axis',(3.41607084500048E-16,-1.,0.));
#10690=DIRECTION('',(3.41607084500048E-16,-1.,0.));
#10691=DIRECTION('',(0.,0.,1.));
#10692=DIRECTION('center_axis',(0.,0.,1.));
#10693=DIRECTION('ref_axis',(1.,0.,0.));
#10694=DIRECTION('center_axis',(0.,0.,-1.));
#10695=DIRECTION('ref_axis',(1.,0.,0.));
#10696=DIRECTION('',(0.,0.,1.));
#10697=DIRECTION('center_axis',(0.,-1.,0.));
#10698=DIRECTION('ref_axis',(1.,0.,0.));
#10699=DIRECTION('',(1.,0.,0.));
#10700=DIRECTION('center_axis',(0.,0.,1.));
#10701=DIRECTION('ref_axis',(0.,-1.,0.));
#10702=DIRECTION('center_axis',(0.,0.,-1.));
#10703=DIRECTION('ref_axis',(0.,-1.,0.));
#10704=DIRECTION('',(0.,0.,1.));
#10705=DIRECTION('center_axis',(-1.,0.,0.));
#10706=DIRECTION('ref_axis',(0.,-1.,0.));
#10707=DIRECTION('',(0.,-1.,0.));
#10708=DIRECTION('',(0.,0.,1.));
#10709=DIRECTION('center_axis',(0.,0.,1.));
#10710=DIRECTION('ref_axis',(1.,0.,0.));
#10711=DIRECTION('center_axis',(0.,0.,-1.));
#10712=DIRECTION('ref_axis',(1.,0.,0.));
#10713=DIRECTION('',(0.,0.,1.));
#10714=DIRECTION('center_axis',(0.,-1.,0.));
#10715=DIRECTION('ref_axis',(1.,0.,0.));
#10716=DIRECTION('',(1.,0.,0.));
#10717=DIRECTION('center_axis',(0.,0.,1.));
#10718=DIRECTION('ref_axis',(0.,-1.,0.));
#10719=DIRECTION('center_axis',(0.,0.,-1.));
#10720=DIRECTION('ref_axis',(0.,-1.,0.));
#10721=DIRECTION('',(0.,0.,1.));
#10722=DIRECTION('center_axis',(-1.,0.,0.));
#10723=DIRECTION('ref_axis',(0.,-1.,0.));
#10724=DIRECTION('',(0.,-1.,0.));
#10725=DIRECTION('',(0.,0.,1.));
#10726=DIRECTION('center_axis',(0.,0.,1.));
#10727=DIRECTION('ref_axis',(1.,0.,0.));
#10728=DIRECTION('center_axis',(0.,0.,-1.));
#10729=DIRECTION('ref_axis',(1.,0.,0.));
#10730=DIRECTION('',(0.,0.,1.));
#10731=DIRECTION('center_axis',(0.,-1.,0.));
#10732=DIRECTION('ref_axis',(1.,0.,0.));
#10733=DIRECTION('',(1.,0.,0.));
#10734=DIRECTION('center_axis',(0.,0.,1.));
#10735=DIRECTION('ref_axis',(0.,-1.,0.));
#10736=DIRECTION('center_axis',(0.,0.,-1.));
#10737=DIRECTION('ref_axis',(0.,-1.,0.));
#10738=DIRECTION('',(0.,0.,1.));
#10739=DIRECTION('center_axis',(-1.,0.,0.));
#10740=DIRECTION('ref_axis',(0.,-1.,0.));
#10741=DIRECTION('',(0.,-1.,0.));
#10742=DIRECTION('',(0.,0.,1.));
#10743=DIRECTION('center_axis',(0.,0.,1.));
#10744=DIRECTION('ref_axis',(1.,0.,0.));
#10745=DIRECTION('center_axis',(0.,0.,-1.));
#10746=DIRECTION('ref_axis',(1.,0.,0.));
#10747=DIRECTION('',(0.,0.,1.));
#10748=DIRECTION('center_axis',(0.,-1.,0.));
#10749=DIRECTION('ref_axis',(1.,0.,0.));
#10750=DIRECTION('',(1.,0.,0.));
#10751=DIRECTION('center_axis',(0.,0.,1.));
#10752=DIRECTION('ref_axis',(0.,-1.,0.));
#10753=DIRECTION('center_axis',(0.,0.,-1.));
#10754=DIRECTION('ref_axis',(0.,-1.,0.));
#10755=DIRECTION('',(0.,0.,1.));
#10756=DIRECTION('center_axis',(-1.,0.,0.));
#10757=DIRECTION('ref_axis',(0.,-1.,0.));
#10758=DIRECTION('',(0.,-1.,0.));
#10759=DIRECTION('',(0.,0.,1.));
#10760=DIRECTION('center_axis',(0.,0.,1.));
#10761=DIRECTION('ref_axis',(1.,0.,0.));
#10762=DIRECTION('center_axis',(0.,0.,-1.));
#10763=DIRECTION('ref_axis',(1.,0.,0.));
#10764=DIRECTION('',(0.,0.,1.));
#10765=DIRECTION('center_axis',(0.,-1.,0.));
#10766=DIRECTION('ref_axis',(1.,0.,0.));
#10767=DIRECTION('',(1.,0.,0.));
#10768=DIRECTION('center_axis',(0.,0.,1.));
#10769=DIRECTION('ref_axis',(1.,0.,0.));
#10770=DIRECTION('center_axis',(0.577350269189616,0.577350269189626,0.577350269189636));
#10771=DIRECTION('ref_axis',(0.70710678118656,0.,-0.707106781186535));
#10772=DIRECTION('',(-0.70710678118656,0.,0.707106781186535));
#10773=DIRECTION('',(0.707106781186554,-0.707106781186541,0.));
#10774=DIRECTION('',(0.,0.707106781186554,-0.707106781186541));
#10775=DIRECTION('center_axis',(0.707106781186541,0.707106781186554,0.));
#10776=DIRECTION('ref_axis',(0.,0.,-1.));
#10777=DIRECTION('',(0.707106781186554,-0.707106781186541,0.));
#10778=DIRECTION('',(0.,0.,1.));
#10779=DIRECTION('',(0.,0.,-1.));
#10780=DIRECTION('center_axis',(0.577350269189616,-0.577350269189624,0.577350269189637));
#10781=DIRECTION('ref_axis',(0.70710678118656,0.,-0.707106781186535));
#10782=DIRECTION('',(0.,0.707106781186555,0.70710678118654));
#10783=DIRECTION('',(-0.707106781186552,-0.707106781186543,0.));
#10784=DIRECTION('',(0.70710678118656,0.,-0.707106781186535));
#10785=DIRECTION('center_axis',(0.707106781186543,-0.707106781186552,0.));
#10786=DIRECTION('ref_axis',(0.,0.,-1.));
#10787=DIRECTION('',(-0.707106781186552,-0.707106781186543,0.));
#10788=DIRECTION('',(0.,0.,1.));
#10789=DIRECTION('',(0.,0.,-1.));
#10790=DIRECTION('center_axis',(0.707106781186535,3.55724072670536E-17,
0.70710678118656));
#10791=DIRECTION('ref_axis',(0.70710678118656,0.,-0.707106781186535));
#10792=DIRECTION('',(5.03069808033274E-17,-1.,0.));
#10793=DIRECTION('',(-5.03069808033274E-17,1.,0.));
#10794=DIRECTION('center_axis',(3.55724072670539E-17,-0.70710678118654,
0.707106781186555));
#10795=DIRECTION('ref_axis',(1.,0.,-5.03069808033263E-17));
#10796=DIRECTION('',(1.,5.03069808033274E-17,0.));
#10797=DIRECTION('',(-1.,-5.03069808033274E-17,0.));
#10798=DIRECTION('',(-0.577350269189635,-0.577350269189628,-0.577350269189615));
#10799=DIRECTION('center_axis',(-0.707106781186573,4.35788199605278E-33,
0.707106781186522));
#10800=DIRECTION('ref_axis',(0.707106781186522,0.,0.707106781186573));
#10801=DIRECTION('',(-6.16297582203915E-33,-1.,0.));
#10802=DIRECTION('',(6.16297582203915E-33,1.,0.));
#10803=DIRECTION('',(-0.577350269189636,0.577350269189626,-0.577350269189616));
#10804=DIRECTION('center_axis',(-3.5572407267054E-17,0.707106781186541,
0.707106781186554));
#10805=DIRECTION('ref_axis',(1.,0.,5.03069808033265E-17));
#10806=DIRECTION('',(1.,5.03069808033274E-17,0.));
#10807=DIRECTION('',(-1.,-5.03069808033274E-17,0.));
#10808=DIRECTION('center_axis',(1.,5.03069808033274E-17,0.));
#10809=DIRECTION('ref_axis',(-5.03069808033274E-17,1.,1.38777878078145E-17));
#10810=DIRECTION('',(5.03069808033274E-17,-1.,0.));
#10811=DIRECTION('center_axis',(0.,0.,1.));
#10812=DIRECTION('ref_axis',(1.,0.,0.));
#10813=DIRECTION('center_axis',(-3.55724072670539E-17,0.70710678118654,
0.707106781186555));
#10814=DIRECTION('ref_axis',(1.,0.,5.03069808033263E-17));
#10815=DIRECTION('',(1.,5.03069808033274E-17,0.));
#10816=DIRECTION('',(-0.577350269189622,0.577350269189634,-0.577350269189622));
#10817=DIRECTION('',(-1.,-5.03069808033274E-17,0.));
#10818=DIRECTION('',(0.57735026918962,0.577350269189636,-0.57735026918962));
#10819=DIRECTION('center_axis',(-0.707106781186548,-3.55724072670543E-17,
0.707106781186548));
#10820=DIRECTION('ref_axis',(0.707106781186548,0.,0.707106781186548));
#10821=DIRECTION('',(-5.03069808033274E-17,1.,0.));
#10822=DIRECTION('',(-0.577350269189622,-0.577350269189634,-0.577350269189622));
#10823=DIRECTION('',(5.03069808033274E-17,-1.,0.));
#10824=DIRECTION('center_axis',(3.55724072670539E-17,-0.70710678118654,
0.707106781186555));
#10825=DIRECTION('ref_axis',(1.,0.,-5.03069808033263E-17));
#10826=DIRECTION('',(-1.,-5.03069808033274E-17,0.));
#10827=DIRECTION('',(0.577350269189622,-0.577350269189634,-0.577350269189622));
#10828=DIRECTION('',(1.,5.03069808033274E-17,0.));
#10829=DIRECTION('center_axis',(0.707106781186548,3.55724072670543E-17,
0.707106781186548));
#10830=DIRECTION('ref_axis',(0.707106781186548,0.,-0.707106781186548));
#10831=DIRECTION('',(-5.03069808033274E-17,1.,0.));
#10832=DIRECTION('',(5.03069808033274E-17,-1.,0.));
#10833=DIRECTION('center_axis',(1.,5.03069808033274E-17,0.));
#10834=DIRECTION('ref_axis',(-5.03069808033274E-17,1.,1.38777878078145E-17));
#10835=DIRECTION('',(0.,0.,1.));
#10836=DIRECTION('',(5.03069808033274E-17,-1.,0.));
#10837=DIRECTION('',(0.,0.,1.));
#10838=DIRECTION('center_axis',(-5.03069808033274E-17,1.,0.));
#10839=DIRECTION('ref_axis',(-1.,-5.03069808033274E-17,6.93889390390727E-18));
#10840=DIRECTION('',(0.,0.,1.));
#10841=DIRECTION('',(1.,5.03069808033274E-17,0.));
#10842=DIRECTION('center_axis',(0.,0.,1.));
#10843=DIRECTION('ref_axis',(1.,0.,0.));
#10844=DIRECTION('',(5.03069808033274E-17,-1.,0.));
#10845=DIRECTION('',(1.,1.83474363462202E-16,0.));
#10846=DIRECTION('',(-5.03069808033274E-17,1.,0.));
#10847=DIRECTION('',(-1.,-5.03069808033274E-17,0.));
#10848=DIRECTION('',(-1.,6.06667932481979E-33,0.));
#10849=DIRECTION('',(6.16297582203915E-33,1.,0.));
#10850=DIRECTION('',(1.,-6.06667932481979E-33,0.));
#10851=DIRECTION('',(-6.16297582203915E-33,-1.,0.));
#10852=DIRECTION('',(-6.16297582203915E-33,-1.,0.));
#10853=DIRECTION('',(-1.,6.06667932481979E-33,0.));
#10854=DIRECTION('',(6.16297582203915E-33,1.,0.));
#10855=DIRECTION('',(1.,-6.06667932481979E-33,0.));
#10856=DIRECTION('',(-1.,6.06667932481979E-33,0.));
#10857=DIRECTION('',(6.16297582203915E-33,1.,0.));
#10858=DIRECTION('',(1.,-6.06667932481979E-33,0.));
#10859=DIRECTION('',(-6.16297582203915E-33,-1.,0.));
#10860=DIRECTION('',(-1.,6.06667932481979E-33,0.));
#10861=DIRECTION('',(6.16297582203915E-33,1.,0.));
#10862=DIRECTION('',(1.,-6.06667932481979E-33,0.));
#10863=DIRECTION('',(-6.16297582203915E-33,-1.,0.));
#10864=DIRECTION('',(-6.16297582203915E-33,-1.,0.));
#10865=DIRECTION('',(-1.,6.06667932481979E-33,0.));
#10866=DIRECTION('',(6.16297582203915E-33,1.,0.));
#10867=DIRECTION('',(1.,-6.06667932481979E-33,0.));
#10868=DIRECTION('',(-1.,6.06667932481979E-33,0.));
#10869=DIRECTION('',(6.16297582203915E-33,1.,0.));
#10870=DIRECTION('',(1.,-6.06667932481979E-33,0.));
#10871=DIRECTION('',(-6.16297582203915E-33,-1.,0.));
#10872=DIRECTION('center_axis',(-4.28979008986454E-33,-0.707106781186587,
0.707106781186508));
#10873=DIRECTION('ref_axis',(1.,0.,6.06667932482046E-33));
#10874=DIRECTION('',(0.577350269189626,-0.577350269189626,-0.577350269189626));
#10875=DIRECTION('',(1.,-6.06667932481979E-33,0.));
#10876=DIRECTION('',(-0.577350269189442,-0.577350269189686,-0.57735026918975));
#10877=DIRECTION('center_axis',(0.707106781186359,-4.35788199605146E-33,
0.707106781186736));
#10878=DIRECTION('ref_axis',(0.707106781186736,0.,-0.707106781186359));
#10879=DIRECTION('',(0.577350269189803,0.577350269189579,-0.577350269189496));
#10880=DIRECTION('',(6.16297582203915E-33,1.,0.));
#10881=DIRECTION('center_axis',(4.28979008986399E-33,0.707106781186497,
0.707106781186599));
#10882=DIRECTION('ref_axis',(1.,0.,-6.06667932481892E-33));
#10883=DIRECTION('',(-0.577350269189393,0.577350269189784,-0.577350269189701));
#10884=DIRECTION('',(-1.,6.06667932481979E-33,0.));
#10885=DIRECTION('center_axis',(-0.707106781186736,4.35788199605378E-33,
0.707106781186359));
#10886=DIRECTION('ref_axis',(0.707106781186359,0.,0.707106781186736));
#10887=DIRECTION('',(-6.16297582203915E-33,-1.,0.));
#10888=DIRECTION('center_axis',(1.,-6.16297582203915E-33,0.));
#10889=DIRECTION('ref_axis',(-6.16297582203915E-33,-1.,-1.38777878078145E-17));
#10890=DIRECTION('',(0.,0.,-1.));
#10891=DIRECTION('',(6.16297582203915E-33,1.,1.38777878078144E-17));
#10892=DIRECTION('',(0.,0.,-1.));
#10893=DIRECTION('center_axis',(6.06667932481979E-33,1.,0.));
#10894=DIRECTION('ref_axis',(1.,-6.06667932481979E-33,-6.93889390390727E-18));
#10895=DIRECTION('',(0.,0.,1.));
#10896=DIRECTION('',(-1.,6.06667932481979E-33,-9.02056207507938E-17));
#10897=DIRECTION('center_axis',(-4.28979008986454E-33,-0.707106781186587,
0.707106781186508));
#10898=DIRECTION('ref_axis',(1.,0.,6.06667932482046E-33));
#10899=DIRECTION('',(0.577350269189852,-0.57735026918948,-0.577350269189545));
#10900=DIRECTION('',(1.,-6.06667932481979E-33,0.));
#10901=DIRECTION('',(-0.577350269189442,-0.577350269189686,-0.57735026918975));
#10902=DIRECTION('center_axis',(0.707106781186359,-4.35788199605146E-33,
0.707106781186736));
#10903=DIRECTION('ref_axis',(0.707106781186736,0.,-0.707106781186359));
#10904=DIRECTION('',(0.577350269189622,0.577350269189634,-0.577350269189622));
#10905=DIRECTION('',(6.16297582203915E-33,1.,0.));
#10906=DIRECTION('center_axis',(4.28979008986411E-33,0.707106781186516,
0.707106781186579));
#10907=DIRECTION('ref_axis',(1.,0.,-6.06667932481925E-33));
#10908=DIRECTION('',(-0.577350269189403,0.577350269189763,-0.577350269189711));
#10909=DIRECTION('',(-1.,6.06667932481979E-33,0.));
#10910=DIRECTION('center_axis',(-0.707106781186736,4.35788199605378E-33,
0.707106781186359));
#10911=DIRECTION('ref_axis',(0.707106781186359,0.,0.707106781186736));
#10912=DIRECTION('',(-6.16297582203915E-33,-1.,0.));
#10913=DIRECTION('center_axis',(1.,-6.16297582203915E-33,0.));
#10914=DIRECTION('ref_axis',(-6.16297582203915E-33,-1.,-1.38777878078145E-17));
#10915=DIRECTION('',(0.,0.,-1.));
#10916=DIRECTION('',(6.16297582203915E-33,1.,1.38777878078144E-17));
#10917=DIRECTION('',(0.,0.,-1.));
#10918=DIRECTION('center_axis',(6.06667932481979E-33,1.,0.));
#10919=DIRECTION('ref_axis',(1.,-6.06667932481979E-33,-6.93889390390727E-18));
#10920=DIRECTION('',(0.,0.,-1.));
#10921=DIRECTION('',(-1.,6.06667932481979E-33,-9.02056207507938E-17));
#10922=DIRECTION('center_axis',(0.707106781186328,-4.35788199605127E-33,
0.707106781186767));
#10923=DIRECTION('ref_axis',(0.707106781186767,0.,-0.707106781186328));
#10924=DIRECTION('',(0.577350269189622,0.577350269189634,-0.577350269189622));
#10925=DIRECTION('',(6.16297582203915E-33,1.,0.));
#10926=DIRECTION('',(0.577350269189887,-0.577350269189463,-0.577350269189527));
#10927=DIRECTION('center_axis',(4.28979008986406E-33,0.707106781186508,
0.707106781186587));
#10928=DIRECTION('ref_axis',(1.,0.,-6.06667932481912E-33));
#10929=DIRECTION('',(-0.577350269189399,0.577350269189771,-0.577350269189707));
#10930=DIRECTION('',(-1.,6.06667932481979E-33,0.));
#10931=DIRECTION('center_axis',(-0.707106781186736,4.35788199605378E-33,
0.707106781186359));
#10932=DIRECTION('ref_axis',(0.707106781186359,0.,0.707106781186736));
#10933=DIRECTION('',(-0.577350269189442,-0.577350269189686,-0.57735026918975));
#10934=DIRECTION('',(-6.16297582203915E-33,-1.,0.));
#10935=DIRECTION('center_axis',(-4.28979008986454E-33,-0.707106781186587,
0.707106781186508));
#10936=DIRECTION('ref_axis',(1.,0.,6.06667932482046E-33));
#10937=DIRECTION('',(1.,-6.06667932481979E-33,0.));
#10938=DIRECTION('center_axis',(6.06667932481979E-33,1.,0.));
#10939=DIRECTION('ref_axis',(1.,-6.06667932481979E-33,-6.93889390390727E-18));
#10940=DIRECTION('',(0.,0.,-1.));
#10941=DIRECTION('',(-1.,6.06667932481979E-33,-9.02056207507938E-17));
#10942=DIRECTION('',(0.,0.,-1.));
#10943=DIRECTION('center_axis',(-1.,6.16297582203915E-33,0.));
#10944=DIRECTION('ref_axis',(6.16297582203915E-33,1.,1.38777878078145E-17));
#10945=DIRECTION('',(0.,0.,1.));
#10946=DIRECTION('',(-6.16297582203915E-33,-1.,-1.38777878078144E-17));
#10947=DIRECTION('center_axis',(0.707106781186328,-4.35788199605127E-33,
0.707106781186767));
#10948=DIRECTION('ref_axis',(0.707106781186767,0.,-0.707106781186328));
#10949=DIRECTION('',(0.577350269189622,0.577350269189634,-0.577350269189622));
#10950=DIRECTION('',(6.16297582203915E-33,1.,0.));
#10951=DIRECTION('',(0.577350269189887,-0.577350269189463,-0.577350269189527));
#10952=DIRECTION('center_axis',(4.28979008986406E-33,0.707106781186508,
0.707106781186587));
#10953=DIRECTION('ref_axis',(1.,0.,-6.06667932481912E-33));
#10954=DIRECTION('',(-0.577350269189365,0.577350269189788,-0.577350269189724));
#10955=DIRECTION('',(-1.,6.06667932481979E-33,0.));
#10956=DIRECTION('center_axis',(-0.707106781186767,4.35788199605398E-33,
0.707106781186328));
#10957=DIRECTION('ref_axis',(0.707106781186328,0.,0.707106781186767));
#10958=DIRECTION('',(-0.577350269189408,-0.577350269189703,-0.577350269189767));
#10959=DIRECTION('',(-6.16297582203915E-33,-1.,0.));
#10960=DIRECTION('center_axis',(-4.28979008986454E-33,-0.707106781186587,
0.707106781186508));
#10961=DIRECTION('ref_axis',(1.,0.,6.06667932482046E-33));
#10962=DIRECTION('',(1.,-6.06667932481979E-33,0.));
#10963=DIRECTION('center_axis',(6.06667932481979E-33,1.,0.));
#10964=DIRECTION('ref_axis',(1.,-6.06667932481979E-33,-6.93889390390727E-18));
#10965=DIRECTION('',(0.,0.,-1.));
#10966=DIRECTION('',(-1.,6.06667932481979E-33,-9.02056207507938E-17));
#10967=DIRECTION('',(0.,0.,-1.));
#10968=DIRECTION('center_axis',(-1.,6.16297582203915E-33,0.));
#10969=DIRECTION('ref_axis',(6.16297582203915E-33,1.,1.38777878078145E-17));
#10970=DIRECTION('',(0.,0.,1.));
#10971=DIRECTION('',(-6.16297582203915E-33,-1.,-1.38777878078144E-17));
#10972=DIRECTION('center_axis',(-4.28979008986454E-33,-0.707106781186587,
0.707106781186508));
#10973=DIRECTION('ref_axis',(1.,0.,6.06667932482046E-33));
#10974=DIRECTION('',(0.577350269189852,-0.57735026918948,-0.577350269189545));
#10975=DIRECTION('',(1.,-6.06667932481979E-33,0.));
#10976=DIRECTION('',(-0.577350269189442,-0.577350269189686,-0.57735026918975));
#10977=DIRECTION('center_axis',(0.707106781186359,-4.35788199605146E-33,
0.707106781186736));
#10978=DIRECTION('ref_axis',(0.707106781186736,0.,-0.707106781186359));
#10979=DIRECTION('',(0.577350269189622,0.577350269189634,-0.577350269189622));
#10980=DIRECTION('',(6.16297582203915E-33,1.,0.));
#10981=DIRECTION('center_axis',(4.28979008986406E-33,0.707106781186508,
0.707106781186587));
#10982=DIRECTION('ref_axis',(1.,0.,-6.06667932481912E-33));
#10983=DIRECTION('',(-0.577350269189399,0.577350269189771,-0.577350269189707));
#10984=DIRECTION('',(-1.,6.06667932481979E-33,0.));
#10985=DIRECTION('center_axis',(-0.707106781186736,4.35788199605378E-33,
0.707106781186359));
#10986=DIRECTION('ref_axis',(0.707106781186359,0.,0.707106781186736));
#10987=DIRECTION('',(-6.16297582203915E-33,-1.,0.));
#10988=DIRECTION('center_axis',(1.,-6.16297582203915E-33,0.));
#10989=DIRECTION('ref_axis',(-6.16297582203915E-33,-1.,-1.38777878078145E-17));
#10990=DIRECTION('',(0.,0.,-1.));
#10991=DIRECTION('',(6.16297582203915E-33,1.,1.38777878078144E-17));
#10992=DIRECTION('',(0.,0.,-1.));
#10993=DIRECTION('center_axis',(6.06667932481979E-33,1.,0.));
#10994=DIRECTION('ref_axis',(1.,-6.06667932481979E-33,-6.93889390390727E-18));
#10995=DIRECTION('',(0.,0.,-1.));
#10996=DIRECTION('',(-1.,6.06667932481979E-33,-9.02056207507938E-17));
#10997=DIRECTION('center_axis',(-4.28979008986454E-33,-0.707106781186587,
0.707106781186508));
#10998=DIRECTION('ref_axis',(1.,0.,6.06667932482046E-33));
#10999=DIRECTION('',(0.577350269189852,-0.57735026918948,-0.577350269189545));
#11000=DIRECTION('',(1.,-6.06667932481979E-33,0.));
#11001=DIRECTION('',(-0.577350269189442,-0.577350269189686,-0.57735026918975));
#11002=DIRECTION('center_axis',(0.707106781186359,-4.35788199605146E-33,
0.707106781186736));
#11003=DIRECTION('ref_axis',(0.707106781186736,0.,-0.707106781186359));
#11004=DIRECTION('',(0.577350269189622,0.577350269189634,-0.577350269189622));
#11005=DIRECTION('',(6.16297582203915E-33,1.,0.));
#11006=DIRECTION('center_axis',(4.28979008986406E-33,0.707106781186508,
0.707106781186587));
#11007=DIRECTION('ref_axis',(1.,0.,-6.06667932481912E-33));
#11008=DIRECTION('',(-0.577350269189399,0.577350269189771,-0.577350269189707));
#11009=DIRECTION('',(-1.,6.06667932481979E-33,0.));
#11010=DIRECTION('center_axis',(-0.707106781186736,4.35788199605378E-33,
0.707106781186359));
#11011=DIRECTION('ref_axis',(0.707106781186359,0.,0.707106781186736));
#11012=DIRECTION('',(-6.16297582203915E-33,-1.,0.));
#11013=DIRECTION('center_axis',(1.,-6.16297582203915E-33,0.));
#11014=DIRECTION('ref_axis',(-6.16297582203915E-33,-1.,-1.38777878078145E-17));
#11015=DIRECTION('',(0.,0.,-1.));
#11016=DIRECTION('',(6.16297582203915E-33,1.,1.38777878078144E-17));
#11017=DIRECTION('',(0.,0.,-1.));
#11018=DIRECTION('center_axis',(6.06667932481979E-33,1.,0.));
#11019=DIRECTION('ref_axis',(1.,-6.06667932481979E-33,-6.93889390390727E-18));
#11020=DIRECTION('',(0.,0.,-1.));
#11021=DIRECTION('',(-1.,6.06667932481979E-33,-9.02056207507938E-17));
#11022=DIRECTION('center_axis',(0.,0.,-1.));
#11023=DIRECTION('ref_axis',(-1.,-5.03069808033274E-17,2.31296463463573E-18));
#11024=DIRECTION('center_axis',(-6.93889390390727E-18,1.38777878078145E-17,
-1.));
#11025=DIRECTION('ref_axis',(-1.,-5.03069808033274E-17,6.93889390390726E-18));
#11026=DIRECTION('',(0.707106781186554,1.22168012890605E-16,-0.707106781186541));
#11027=DIRECTION('center_axis',(0.,0.,-1.));
#11028=DIRECTION('ref_axis',(-1.,-5.03069808033274E-17,0.));
#11029=DIRECTION('center_axis',(6.93889390390727E-18,-1.38777878078145E-17,
1.));
#11030=DIRECTION('ref_axis',(-1.,-5.03069808033274E-17,6.93889390390727E-18));
#11031=DIRECTION('center_axis',(0.577350269189622,0.577350269189622,0.577350269189634));
#11032=DIRECTION('ref_axis',(0.707106781186555,0.,-0.70710678118654));
#11033=DIRECTION('',(-0.70710678118656,9.42055475210268E-15,0.707106781186535));
#11034=DIRECTION('',(0.707106781186547,-0.707106781186547,0.));
#11035=DIRECTION('',(0.,0.707106781186555,-0.70710678118654));
#11036=DIRECTION('center_axis',(0.707106781186548,0.707106781186548,0.));
#11037=DIRECTION('ref_axis',(0.,0.,-1.));
#11038=DIRECTION('',(0.707106781186548,-0.707106781186548,0.));
#11039=DIRECTION('',(0.,0.,1.));
#11040=DIRECTION('',(0.,0.,-1.));
#11041=DIRECTION('center_axis',(-0.577350269189624,0.57735026918962,0.577350269189633));
#11042=DIRECTION('ref_axis',(0.707106781186553,0.,0.707106781186542));
#11043=DIRECTION('',(0.,-0.707106781186555,0.70710678118654));
#11044=DIRECTION('',(0.707106781186545,0.70710678118655,0.));
#11045=DIRECTION('',(-0.707106781186554,-1.57009245868379E-15,-0.707106781186541));
#11046=DIRECTION('center_axis',(-0.70710678118655,0.707106781186545,0.));
#11047=DIRECTION('ref_axis',(0.,0.,1.));
#11048=DIRECTION('',(0.707106781186545,0.70710678118655,0.));
#11049=DIRECTION('',(0.,0.,1.));
#11050=DIRECTION('',(0.,0.,-1.));
#11051=DIRECTION('center_axis',(0.577350269189616,-0.577350269189625,0.577350269189636));
#11052=DIRECTION('ref_axis',(0.70710678118656,0.,-0.707106781186535));
#11053=DIRECTION('',(0.,0.707106781186555,0.70710678118654));
#11054=DIRECTION('',(-0.707106781186553,-0.707106781186542,0.));
#11055=DIRECTION('',(0.70710678118656,7.8504622934189E-16,-0.707106781186535));
#11056=DIRECTION('center_axis',(0.707106781186542,-0.707106781186553,0.));
#11057=DIRECTION('ref_axis',(0.,0.,-1.));
#11058=DIRECTION('',(-0.707106781186553,-0.707106781186542,0.));
#11059=DIRECTION('',(0.,0.,1.));
#11060=DIRECTION('',(0.,0.,-1.));
#11061=DIRECTION('center_axis',(0.707106781186535,3.55724072670536E-17,
0.70710678118656));
#11062=DIRECTION('ref_axis',(0.70710678118656,0.,-0.707106781186535));
#11063=DIRECTION('',(-5.03069808033274E-17,1.,0.));
#11064=DIRECTION('center_axis',(-0.577350269189623,-0.577350269189622,0.577350269189633));
#11065=DIRECTION('ref_axis',(0.707106781186554,0.,0.707106781186541));
#11066=DIRECTION('',(0.707106781186554,0.,0.707106781186541));
#11067=DIRECTION('',(-0.707106781186547,0.707106781186548,0.));
#11068=DIRECTION('',(0.,-0.707106781186555,-0.70710678118654));
#11069=DIRECTION('center_axis',(-0.707106781186548,-0.707106781186547,0.));
#11070=DIRECTION('ref_axis',(0.,0.,1.));
#11071=DIRECTION('',(-0.707106781186547,0.707106781186548,0.));
#11072=DIRECTION('',(0.,0.,1.));
#11073=DIRECTION('',(0.,0.,-1.));
#11074=DIRECTION('center_axis',(3.55724072670539E-17,-0.70710678118654,
0.707106781186555));
#11075=DIRECTION('ref_axis',(1.,0.,-5.03069808033264E-17));
#11076=DIRECTION('',(1.,5.03069808033274E-17,0.));
#11077=DIRECTION('center_axis',(-0.707106781186541,-3.5572407267054E-17,
0.707106781186554));
#11078=DIRECTION('ref_axis',(0.707106781186554,0.,0.707106781186541));
#11079=DIRECTION('',(5.03069808033274E-17,-1.,0.));
#11080=DIRECTION('center_axis',(-1.29735966578007E-16,0.70710678118654,
0.707106781186555));
#11081=DIRECTION('ref_axis',(1.,0.,1.83474363462198E-16));
#11082=DIRECTION('',(-1.,-1.83474363462202E-16,0.));
#11083=DIRECTION('center_axis',(1.,5.03069808033274E-17,0.));
#11084=DIRECTION('ref_axis',(-5.03069808033274E-17,1.,1.38777878078145E-17));
#11085=DIRECTION('',(5.03069808033274E-17,-1.,0.));
#11086=DIRECTION('center_axis',(5.03069808033274E-17,-1.,0.));
#11087=DIRECTION('ref_axis',(1.,5.03069808033274E-17,-6.93889390390727E-18));
#11088=DIRECTION('',(-1.,-5.03069808033274E-17,0.));
#11089=DIRECTION('center_axis',(-5.03069808033274E-17,1.,0.));
#11090=DIRECTION('ref_axis',(-1.,-5.03069808033274E-17,6.93889390390727E-18));
#11091=DIRECTION('',(1.,5.03069808033274E-17,0.));
#11092=DIRECTION('',(0.,0.,1.));
#11093=DIRECTION('center_axis',(5.03069808033274E-17,-1.,0.));
#11094=DIRECTION('ref_axis',(1.,5.03069808033274E-17,-6.93889390390727E-18));
#11095=DIRECTION('',(0.,0.,1.));
#11096=DIRECTION('',(-1.,-5.03069808033274E-17,0.));
#11097=DIRECTION('center_axis',(-1.,-5.03069808033274E-17,0.));
#11098=DIRECTION('ref_axis',(5.03069808033274E-17,-1.,-1.38777878078145E-17));
#11099=DIRECTION('',(0.,0.,1.));
#11100=DIRECTION('',(-5.03069808033274E-17,1.,0.));
#11101=DIRECTION('center_axis',(5.03069808033274E-17,-1.,0.));
#11102=DIRECTION('ref_axis',(1.,5.03069808033274E-17,-6.93889390390727E-18));
#11103=DIRECTION('',(-1.,-5.03069808033274E-17,0.));
#11104=DIRECTION('center_axis',(-1.,-5.03069808033274E-17,0.));
#11105=DIRECTION('ref_axis',(5.03069808033274E-17,-1.,-1.38777878078145E-17));
#11106=DIRECTION('',(-5.03069808033274E-17,1.,0.));
#11107=DIRECTION('center_axis',(-1.83474363462202E-16,1.,0.));
#11108=DIRECTION('ref_axis',(-1.,-1.83474363462202E-16,6.93889390390726E-18));
#11109=DIRECTION('',(1.,1.83474363462202E-16,0.));
#11110=DIRECTION('center_axis',(0.,0.,1.));
#11111=DIRECTION('ref_axis',(1.,0.,0.));
#11112=DIRECTION('center_axis',(-1.,-5.03069808033274E-17,0.));
#11113=DIRECTION('ref_axis',(5.03069808033274E-17,-1.,-1.38777878078145E-17));
#11114=DIRECTION('',(5.03069808033274E-17,-1.,-1.38777878078144E-17));
#11115=DIRECTION('',(0.,0.,1.));
#11116=DIRECTION('',(5.03069808033274E-17,-1.,-1.38777878078145E-17));
#11117=DIRECTION('',(0.,0.,1.));
#11118=DIRECTION('center_axis',(6.06667932481979E-33,1.,0.));
#11119=DIRECTION('ref_axis',(1.,-6.06667932481979E-33,-6.93889390390727E-18));
#11120=DIRECTION('',(1.,-6.06667932481979E-33,0.));
#11121=DIRECTION('',(0.,0.,-1.));
#11122=DIRECTION('',(1.,-6.06667932481979E-33,-6.93889390390727E-18));
#11123=DIRECTION('',(0.,0.,-1.));
#11124=DIRECTION('center_axis',(-1.,6.16297582203915E-33,0.));
#11125=DIRECTION('ref_axis',(6.16297582203915E-33,1.,1.38777878078145E-17));
#11126=DIRECTION('',(6.16297582203915E-33,1.,0.));
#11127=DIRECTION('',(0.,0.,-1.));
#11128=DIRECTION('',(6.16297582203915E-33,1.,1.38777878078145E-17));
#11129=DIRECTION('center_axis',(1.44204860175228E-15,-1.,0.));
#11130=DIRECTION('ref_axis',(-1.,-1.44204860175228E-15,6.93889390390725E-18));
#11131=DIRECTION('',(-1.,-1.44204860175228E-15,0.));
#11132=DIRECTION('',(0.,0.,-1.));
#11133=DIRECTION('',(-1.,-1.44204860175228E-15,6.93889390390725E-18));
#11134=DIRECTION('center_axis',(1.,-6.16297582203915E-33,0.));
#11135=DIRECTION('ref_axis',(-6.16297582203915E-33,-1.,-1.38777878078145E-17));
#11136=DIRECTION('',(-6.16297582203915E-33,-1.,0.));
#11137=DIRECTION('',(0.,0.,-1.));
#11138=DIRECTION('',(-6.16297582203915E-33,-1.,-1.38777878078145E-17));
#11139=DIRECTION('center_axis',(6.06667932481979E-33,1.,0.));
#11140=DIRECTION('ref_axis',(1.,-6.06667932481979E-33,-6.93889390390727E-18));
#11141=DIRECTION('',(1.,-6.06667932481979E-33,0.));
#11142=DIRECTION('',(0.,0.,-1.));
#11143=DIRECTION('',(1.,-6.06667932481979E-33,-6.93889390390727E-18));
#11144=DIRECTION('center_axis',(1.,-6.16297582203915E-33,0.));
#11145=DIRECTION('ref_axis',(-6.16297582203915E-33,-1.,-1.38777878078145E-17));
#11146=DIRECTION('',(-6.16297582203915E-33,-1.,0.));
#11147=DIRECTION('',(0.,0.,-1.));
#11148=DIRECTION('',(-6.16297582203915E-33,-1.,-1.38777878078145E-17));
#11149=DIRECTION('center_axis',(6.06667932481979E-33,1.,0.));
#11150=DIRECTION('ref_axis',(1.,-6.06667932481979E-33,-6.93889390390727E-18));
#11151=DIRECTION('',(1.,-6.06667932481979E-33,0.));
#11152=DIRECTION('',(0.,0.,-1.));
#11153=DIRECTION('',(1.,-6.06667932481979E-33,-6.93889390390727E-18));
#11154=DIRECTION('center_axis',(-1.,6.16297582203915E-33,0.));
#11155=DIRECTION('ref_axis',(6.16297582203915E-33,1.,1.38777878078145E-17));
#11156=DIRECTION('',(6.16297582203915E-33,1.,0.));
#11157=DIRECTION('',(0.,0.,-1.));
#11158=DIRECTION('',(6.16297582203915E-33,1.,1.38777878078145E-17));
#11159=DIRECTION('center_axis',(-6.06667932481979E-33,-1.,0.));
#11160=DIRECTION('ref_axis',(-1.,6.06667932481979E-33,6.93889390390727E-18));
#11161=DIRECTION('',(-1.,6.06667932481979E-33,0.));
#11162=DIRECTION('',(0.,0.,-1.));
#11163=DIRECTION('',(-1.,6.06667932481979E-33,6.93889390390727E-18));
#11164=DIRECTION('center_axis',(-1.,6.16297582203915E-33,0.));
#11165=DIRECTION('ref_axis',(6.16297582203915E-33,1.,1.38777878078145E-17));
#11166=DIRECTION('',(6.16297582203915E-33,1.,0.));
#11167=DIRECTION('',(6.16297582203915E-33,1.,1.38777878078145E-17));
#11168=DIRECTION('center_axis',(0.,0.,-1.));
#11169=DIRECTION('ref_axis',(-1.,0.,0.));
#11170=DIRECTION('',(0.,0.,-1.));
#11171=DIRECTION('',(0.,0.,-1.));
#11172=DIRECTION('',(0.,0.,-1.));
#11173=DIRECTION('',(0.,0.,-1.));
#11174=DIRECTION('center_axis',(-1.,6.16297582203915E-33,0.));
#11175=DIRECTION('ref_axis',(6.16297582203915E-33,1.,1.38777878078145E-17));
#11176=DIRECTION('',(6.16297582203915E-33,1.,0.));
#11177=DIRECTION('',(0.,0.,-1.));
#11178=DIRECTION('',(6.16297582203915E-33,1.,1.38777878078145E-17));
#11179=DIRECTION('',(0.,0.,-1.));
#11180=DIRECTION('',(0.,0.,-1.));
#11181=DIRECTION('',(0.,0.,-1.));
#11182=DIRECTION('',(0.,0.,-1.));
#11183=DIRECTION('',(0.,0.,-1.));
#11184=DIRECTION('',(0.,0.,-1.));
#11185=DIRECTION('',(0.,0.,-1.));
#11186=DIRECTION('',(0.,0.,-1.));
#11187=DIRECTION('',(0.,0.,-1.));
#11188=DIRECTION('',(0.,0.,-1.));
#11189=DIRECTION('center_axis',(-0.999501791134852,-0.0315621532570709,
0.));
#11190=DIRECTION('ref_axis',(-0.0315621532570709,0.999501791134852,1.40898802037296E-17));
#11191=DIRECTION('',(-0.0315621532570709,0.999501791134852,0.));
#11192=DIRECTION('',(0.,0.,-1.));
#11193=DIRECTION('',(-0.0315621532570709,0.999501791134852,1.40898802037296E-17));
#11194=DIRECTION('center_axis',(-6.06667932481979E-33,-1.,0.));
#11195=DIRECTION('ref_axis',(-1.,6.06667932481979E-33,6.93889390390727E-18));
#11196=DIRECTION('',(-1.,6.06667932481979E-33,0.));
#11197=DIRECTION('',(0.,0.,-1.));
#11198=DIRECTION('',(-1.,6.06667932481979E-33,6.93889390390727E-18));
#11199=DIRECTION('center_axis',(1.,-6.16297582203915E-33,0.));
#11200=DIRECTION('ref_axis',(-6.16297582203915E-33,-1.,-1.38777878078145E-17));
#11201=DIRECTION('',(-6.16297582203915E-33,-1.,0.));
#11202=DIRECTION('',(0.,0.,-1.));
#11203=DIRECTION('',(-6.16297582203915E-33,-1.,-1.38777878078145E-17));
#11204=DIRECTION('center_axis',(6.06667932481979E-33,1.,0.));
#11205=DIRECTION('ref_axis',(1.,-6.06667932481979E-33,-6.93889390390727E-18));
#11206=DIRECTION('',(1.,-6.06667932481979E-33,0.));
#11207=DIRECTION('',(0.,0.,-1.));
#11208=DIRECTION('',(1.,-6.06667932481979E-33,-6.93889390390727E-18));
#11209=DIRECTION('center_axis',(-1.,6.16297582203915E-33,0.));
#11210=DIRECTION('ref_axis',(6.16297582203915E-33,1.,1.38777878078145E-17));
#11211=DIRECTION('',(6.16297582203915E-33,1.,0.));
#11212=DIRECTION('',(0.,0.,-1.));
#11213=DIRECTION('',(6.16297582203915E-33,1.,1.38777878078145E-17));
#11214=DIRECTION('',(0.,0.,-1.));
#11215=DIRECTION('',(0.,0.,-1.));
#11216=DIRECTION('',(0.,0.,-1.));
#11217=DIRECTION('',(0.,0.,-1.));
#11218=DIRECTION('',(0.,0.,-1.));
#11219=DIRECTION('',(0.,0.,-1.));
#11220=DIRECTION('center_axis',(6.93889390390727E-18,-1.38777878078145E-17,
1.));
#11221=DIRECTION('ref_axis',(-1.,6.06667932481979E-33,6.93889390390727E-18));
#11222=DIRECTION('',(0.,0.,-1.));
#11223=DIRECTION('',(0.,0.,-1.));
#11224=DIRECTION('center_axis',(6.06667932481979E-33,1.,0.));
#11225=DIRECTION('ref_axis',(1.,-6.06667932481979E-33,-6.93889390390727E-18));
#11226=DIRECTION('',(1.,-6.06667932481979E-33,0.));
#11227=DIRECTION('',(0.,0.,-1.));
#11228=DIRECTION('',(1.,-6.06667932481979E-33,-6.93889390390727E-18));
#11229=DIRECTION('center_axis',(1.,-6.16297582203915E-33,0.));
#11230=DIRECTION('ref_axis',(-6.16297582203915E-33,-1.,-1.38777878078145E-17));
#11231=DIRECTION('',(-6.16297582203915E-33,-1.,0.));
#11232=DIRECTION('',(0.,0.,-1.));
#11233=DIRECTION('',(-6.16297582203915E-33,-1.,-1.38777878078145E-17));
#11234=DIRECTION('center_axis',(-6.06667932481979E-33,-1.,0.));
#11235=DIRECTION('ref_axis',(-1.,6.06667932481979E-33,6.93889390390727E-18));
#11236=DIRECTION('',(-1.,6.06667932481979E-33,0.));
#11237=DIRECTION('',(0.,0.,-1.));
#11238=DIRECTION('',(-1.,6.06667932481979E-33,6.93889390390727E-18));
#11239=DIRECTION('',(0.,0.,-1.));
#11240=DIRECTION('',(0.,0.,-1.));
#11241=DIRECTION('',(0.,0.,-1.));
#11242=DIRECTION('',(0.,0.,-1.));
#11243=DIRECTION('',(0.,0.,-1.));
#11244=DIRECTION('',(0.,0.,-1.));
#11245=DIRECTION('center_axis',(6.06667932481979E-33,1.,0.));
#11246=DIRECTION('ref_axis',(1.,-6.06667932481979E-33,-6.93889390390727E-18));
#11247=DIRECTION('',(1.,-6.06667932481979E-33,0.));
#11248=DIRECTION('',(0.,0.,-1.));
#11249=DIRECTION('',(1.,-6.06667932481979E-33,-6.93889390390727E-18));
#11250=DIRECTION('center_axis',(-1.,6.16297582203915E-33,0.));
#11251=DIRECTION('ref_axis',(6.16297582203915E-33,1.,1.38777878078145E-17));
#11252=DIRECTION('',(6.16297582203915E-33,1.,0.));
#11253=DIRECTION('',(0.,0.,-1.));
#11254=DIRECTION('',(6.16297582203915E-33,1.,1.38777878078145E-17));
#11255=DIRECTION('center_axis',(-6.06667932481979E-33,-1.,0.));
#11256=DIRECTION('ref_axis',(-1.,6.06667932481979E-33,6.93889390390727E-18));
#11257=DIRECTION('',(-1.,6.06667932481979E-33,0.));
#11258=DIRECTION('',(0.,0.,-1.));
#11259=DIRECTION('',(-1.,6.06667932481979E-33,6.93889390390727E-18));
#11260=DIRECTION('center_axis',(1.,-6.16297582203915E-33,0.));
#11261=DIRECTION('ref_axis',(-6.16297582203915E-33,-1.,-1.38777878078145E-17));
#11262=DIRECTION('',(-6.16297582203915E-33,-1.,0.));
#11263=DIRECTION('',(0.,0.,-1.));
#11264=DIRECTION('',(-6.16297582203915E-33,-1.,-1.38777878078145E-17));
#11265=DIRECTION('center_axis',(-6.06667932481979E-33,-1.,0.));
#11266=DIRECTION('ref_axis',(-1.,6.06667932481979E-33,6.93889390390727E-18));
#11267=DIRECTION('',(-1.,6.06667932481979E-33,0.));
#11268=DIRECTION('',(0.,0.,-1.));
#11269=DIRECTION('',(-1.,6.06667932481979E-33,6.93889390390727E-18));
#11270=DIRECTION('',(0.,0.,-1.));
#11271=DIRECTION('',(0.,0.,-1.));
#11272=DIRECTION('',(0.,0.,-1.));
#11273=DIRECTION('',(0.,0.,-1.));
#11274=DIRECTION('center_axis',(6.93889390390727E-18,-1.38777878078145E-17,
1.));
#11275=DIRECTION('ref_axis',(-1.,6.06667932481979E-33,6.93889390390727E-18));
#11276=DIRECTION('',(0.,0.,-1.));
#11277=DIRECTION('',(0.,0.,-1.));
#11278=DIRECTION('',(0.,0.,-1.));
#11279=DIRECTION('',(0.,0.,-1.));
#11280=DIRECTION('',(0.,0.,-1.));
#11281=DIRECTION('',(0.,0.,-1.));
#11282=DIRECTION('',(0.,0.,-1.));
#11283=DIRECTION('',(0.,0.,-1.));
#11284=DIRECTION('',(0.,0.,-1.));
#11285=DIRECTION('',(0.,0.,-1.));
#11286=DIRECTION('',(0.,0.,-1.));
#11287=DIRECTION('center_axis',(-6.06667932481979E-33,-1.,0.));
#11288=DIRECTION('ref_axis',(-1.,6.06667932481979E-33,6.93889390390727E-18));
#11289=DIRECTION('',(-1.,6.06667932481979E-33,0.));
#11290=DIRECTION('',(0.,0.,-1.));
#11291=DIRECTION('',(-1.,6.06667932481979E-33,6.93889390390727E-18));
#11292=DIRECTION('center_axis',(-1.,6.16297582203915E-33,0.));
#11293=DIRECTION('ref_axis',(6.16297582203915E-33,1.,1.38777878078145E-17));
#11294=DIRECTION('',(6.16297582203915E-33,1.,0.));
#11295=DIRECTION('',(6.16297582203915E-33,1.,1.38777878078145E-17));
#11296=DIRECTION('center_axis',(1.,-6.16297582203915E-33,0.));
#11297=DIRECTION('ref_axis',(-6.16297582203915E-33,-1.,-1.38777878078145E-17));
#11298=DIRECTION('',(-6.16297582203915E-33,-1.,0.));
#11299=DIRECTION('',(0.,0.,-1.));
#11300=DIRECTION('',(-6.16297582203915E-33,-1.,-1.38777878078145E-17));
#11301=DIRECTION('',(0.,0.,-1.));
#11302=DIRECTION('',(0.,0.,-1.));
#11303=DIRECTION('',(0.,0.,-1.));
#11304=DIRECTION('',(0.,0.,-1.));
#11305=DIRECTION('',(0.,0.,-1.));
#11306=DIRECTION('',(0.,0.,-1.));
#11307=DIRECTION('',(0.,0.,-1.));
#11308=DIRECTION('',(0.,0.,-1.));
#11309=DIRECTION('',(0.,0.,-1.));
#11310=DIRECTION('center_axis',(-1.,6.16297582203915E-33,0.));
#11311=DIRECTION('ref_axis',(6.16297582203915E-33,1.,1.38777878078145E-17));
#11312=DIRECTION('',(6.16297582203915E-33,1.,0.));
#11313=DIRECTION('',(0.,0.,-1.));
#11314=DIRECTION('',(6.16297582203915E-33,1.,1.38777878078145E-17));
#11315=DIRECTION('',(0.,0.,-1.));
#11316=DIRECTION('',(0.,0.,-1.));
#11317=DIRECTION('',(0.,0.,-1.));
#11318=DIRECTION('',(0.,0.,-1.));
#11319=DIRECTION('center_axis',(-1.,6.16297582203915E-33,0.));
#11320=DIRECTION('ref_axis',(6.16297582203915E-33,1.,1.38777878078145E-17));
#11321=DIRECTION('',(6.16297582203915E-33,1.,0.));
#11322=DIRECTION('',(0.,0.,-1.));
#11323=DIRECTION('',(6.16297582203915E-33,1.,1.38777878078145E-17));
#11324=DIRECTION('center_axis',(6.06667932481979E-33,1.,0.));
#11325=DIRECTION('ref_axis',(1.,-6.06667932481979E-33,-6.93889390390727E-18));
#11326=DIRECTION('',(1.,-6.06667932481979E-33,0.));
#11327=DIRECTION('',(0.,0.,-1.));
#11328=DIRECTION('',(1.,-6.06667932481979E-33,-6.93889390390727E-18));
#11329=DIRECTION('',(0.,0.,-1.));
#11330=DIRECTION('',(0.,0.,-1.));
#11331=DIRECTION('',(0.,0.,-1.));
#11332=DIRECTION('',(0.,0.,-1.));
#11333=DIRECTION('',(0.,0.,-1.));
#11334=DIRECTION('',(0.,0.,-1.));
#11335=DIRECTION('',(0.,0.,-1.));
#11336=DIRECTION('',(0.,0.,-1.));
#11337=DIRECTION('center_axis',(-0.999561224071465,-0.0296202520710835,
0.));
#11338=DIRECTION('ref_axis',(-0.0296202520710835,0.999561224071465,1.40772303551113E-17));
#11339=DIRECTION('',(-0.0296202520710835,0.999561224071465,0.));
#11340=DIRECTION('',(0.,0.,-1.));
#11341=DIRECTION('',(-0.0296202520710835,0.999561224071465,1.40772303551113E-17));
#11342=DIRECTION('center_axis',(-6.06667932481979E-33,-1.,0.));
#11343=DIRECTION('ref_axis',(-1.,6.06667932481979E-33,6.93889390390727E-18));
#11344=DIRECTION('',(-1.,6.06667932481979E-33,0.));
#11345=DIRECTION('',(-1.,6.06667932481979E-33,6.93889390390727E-18));
#11346=DIRECTION('center_axis',(6.93889390390727E-18,-1.38777878078145E-17,
1.));
#11347=DIRECTION('ref_axis',(-1.,6.06667932481979E-33,6.93889390390727E-18));
#11348=DIRECTION('',(0.,0.,-1.));
#11349=DIRECTION('',(0.,0.,-1.));
#11350=DIRECTION('',(0.,0.,-1.));
#11351=DIRECTION('',(0.,0.,-1.));
#11352=DIRECTION('center_axis',(-0.714004656825004,-0.700140950118051,0.));
#11353=DIRECTION('ref_axis',(-0.700140950118051,0.714004656825004,1.47670088918588E-17));
#11354=DIRECTION('',(-0.700140950118051,0.714004656825004,0.));
#11355=DIRECTION('',(0.,0.,-1.));
#11356=DIRECTION('',(-0.700140950118051,0.714004656825004,1.47670088918588E-17));
#11357=DIRECTION('',(0.,0.,-1.));
#11358=DIRECTION('',(0.,0.,-1.));
#11359=DIRECTION('',(0.,0.,-1.));
#11360=DIRECTION('',(0.,0.,-1.));
#11361=DIRECTION('',(0.,0.,-1.));
#11362=DIRECTION('center_axis',(-0.713746135220409,0.700404493459265,0.));
#11363=DIRECTION('ref_axis',(0.700404493459265,0.713746135220409,5.04518494330274E-18));
#11364=DIRECTION('',(0.700404493459265,0.713746135220409,0.));
#11365=DIRECTION('',(0.700404493459265,0.713746135220409,5.04518494330274E-18));
#11366=DIRECTION('center_axis',(6.93889390390727E-18,-1.38777878078145E-17,
1.));
#11367=DIRECTION('ref_axis',(-1.,6.06667932481979E-33,6.93889390390727E-18));
#11368=DIRECTION('',(0.,0.,-1.));
#11369=DIRECTION('',(0.,0.,-1.));
#11370=DIRECTION('',(0.,0.,-1.));
#11371=DIRECTION('',(0.,0.,-1.));
#11372=DIRECTION('',(0.,0.,-1.));
#11373=DIRECTION('',(0.,0.,-1.));
#11374=DIRECTION('',(0.,0.,-1.));
#11375=DIRECTION('',(0.,0.,-1.));
#11376=DIRECTION('',(0.,0.,-1.));
#11377=DIRECTION('',(0.,0.,-1.));
#11378=DIRECTION('',(0.,0.,-1.));
#11379=DIRECTION('',(0.,0.,-1.));
#11380=DIRECTION('',(0.,0.,-1.));
#11381=DIRECTION('',(0.,0.,-1.));
#11382=DIRECTION('',(0.,0.,-1.));
#11383=DIRECTION('',(0.,0.,-1.));
#11384=DIRECTION('center_axis',(6.93889390390727E-18,-1.38777878078145E-17,
1.));
#11385=DIRECTION('ref_axis',(-1.,6.06667932481979E-33,6.93889390390727E-18));
#11386=DIRECTION('',(0.,0.,-1.));
#11387=DIRECTION('',(0.,0.,-1.));
#11388=DIRECTION('',(0.,0.,-1.));
#11389=DIRECTION('',(0.,0.,-1.));
#11390=DIRECTION('center_axis',(0.714004656825004,0.700140950118051,0.));
#11391=DIRECTION('ref_axis',(0.700140950118051,-0.714004656825004,-1.47670088918588E-17));
#11392=DIRECTION('',(0.700140950118051,-0.714004656825004,0.));
#11393=DIRECTION('',(0.,0.,-1.));
#11394=DIRECTION('',(0.700140950118051,-0.714004656825004,-1.47670088918588E-17));
#11395=DIRECTION('',(0.,0.,-1.));
#11396=DIRECTION('',(0.,0.,-1.));
#11397=DIRECTION('',(0.,0.,-1.));
#11398=DIRECTION('',(0.,0.,-1.));
#11399=DIRECTION('',(0.,0.,-1.));
#11400=DIRECTION('center_axis',(0.713745615657338,-0.70040502291883,0.));
#11401=DIRECTION('ref_axis',(-0.70040502291883,-0.713745615657338,-5.04517405905293E-18));
#11402=DIRECTION('',(-0.70040502291883,-0.713745615657338,0.));
#11403=DIRECTION('',(-0.70040502291883,-0.713745615657338,-5.04517405905293E-18));
#11404=DIRECTION('center_axis',(6.93889390390727E-18,-1.38777878078145E-17,
1.));
#11405=DIRECTION('ref_axis',(-1.,6.06667932481979E-33,6.93889390390727E-18));
#11406=DIRECTION('center_axis',(0.,0.,1.));
#11407=DIRECTION('ref_axis',(1.,0.,0.));
#11408=DIRECTION('center_axis',(0.,0.,1.));
#11409=DIRECTION('ref_axis',(1.,0.,0.));
#11410=DIRECTION('center_axis',(0.,0.,1.));
#11411=DIRECTION('ref_axis',(1.,0.,0.));
#11412=DIRECTION('center_axis',(-6.06667932481979E-33,-1.,0.));
#11413=DIRECTION('ref_axis',(-1.,6.06667932481979E-33,6.93889390390727E-18));
#11414=DIRECTION('',(0.,0.,-1.));
#11415=DIRECTION('',(1.,-6.06667932481979E-33,9.02056207507938E-17));
#11416=DIRECTION('center_axis',(1.,-6.16297582203915E-33,0.));
#11417=DIRECTION('ref_axis',(-6.16297582203915E-33,-1.,-1.38777878078145E-17));
#11418=DIRECTION('',(6.16297582203915E-33,1.,1.38777878078144E-17));
#11419=DIRECTION('center_axis',(-1.,6.16297582203915E-33,0.));
#11420=DIRECTION('ref_axis',(6.16297582203915E-33,1.,1.38777878078145E-17));
#11421=DIRECTION('',(0.,0.,-1.));
#11422=DIRECTION('',(-6.16297582203915E-33,-1.,-1.38777878078144E-17));
#11423=DIRECTION('center_axis',(-6.06667932481979E-33,-1.,0.));
#11424=DIRECTION('ref_axis',(-1.,6.06667932481979E-33,6.93889390390727E-18));
#11425=DIRECTION('',(1.,-6.06667932481979E-33,9.02056207507938E-17));
#11426=DIRECTION('center_axis',(-1.,6.16297582203915E-33,0.));
#11427=DIRECTION('ref_axis',(6.16297582203915E-33,1.,1.38777878078145E-17));
#11428=DIRECTION('',(0.,0.,1.));
#11429=DIRECTION('',(-6.16297582203915E-33,-1.,-1.38777878078144E-17));
#11430=DIRECTION('center_axis',(-6.06667932481979E-33,-1.,0.));
#11431=DIRECTION('ref_axis',(-1.,6.06667932481979E-33,6.93889390390727E-18));
#11432=DIRECTION('',(1.,-6.06667932481979E-33,9.02056207507938E-17));
#11433=DIRECTION('center_axis',(-6.06667932481979E-33,-1.,0.));
#11434=DIRECTION('ref_axis',(-1.,6.06667932481979E-33,6.93889390390727E-18));
#11435=DIRECTION('',(0.,0.,-1.));
#11436=DIRECTION('',(1.,-6.06667932481979E-33,9.02056207507938E-17));
#11437=DIRECTION('center_axis',(1.,-6.16297582203915E-33,0.));
#11438=DIRECTION('ref_axis',(-6.16297582203915E-33,-1.,-1.38777878078145E-17));
#11439=DIRECTION('',(6.16297582203915E-33,1.,1.38777878078144E-17));
#11440=DIRECTION('center_axis',(-1.,6.16297582203915E-33,0.));
#11441=DIRECTION('ref_axis',(6.16297582203915E-33,1.,1.38777878078145E-17));
#11442=DIRECTION('',(0.,0.,1.));
#11443=DIRECTION('',(-6.16297582203915E-33,-1.,-1.38777878078144E-17));
#11444=DIRECTION('center_axis',(-6.06667932481979E-33,-1.,0.));
#11445=DIRECTION('ref_axis',(-1.,6.06667932481979E-33,6.93889390390727E-18));
#11446=DIRECTION('',(1.,-6.06667932481979E-33,9.02056207507938E-17));
#11447=DIRECTION('center_axis',(-1.,6.16297582203915E-33,0.));
#11448=DIRECTION('ref_axis',(6.16297582203915E-33,1.,1.38777878078145E-17));
#11449=DIRECTION('',(0.,0.,1.));
#11450=DIRECTION('',(-6.16297582203915E-33,-1.,-1.38777878078144E-17));
#11451=DIRECTION('center_axis',(-6.06667932481979E-33,-1.,0.));
#11452=DIRECTION('ref_axis',(-1.,6.06667932481979E-33,6.93889390390727E-18));
#11453=DIRECTION('',(1.,-6.06667932481979E-33,9.02056207507938E-17));
#11454=DIRECTION('center_axis',(0.301511344577764,0.301511344577764,0.90453403373329));
#11455=DIRECTION('ref_axis',(0.948683298050513,0.,-0.316227766016839));
#11456=DIRECTION('',(-0.816496580927727,-0.40824829046386,0.408248290463864));
#11457=DIRECTION('',(0.707106781186548,-0.707106781186548,0.));
#11458=DIRECTION('',(0.408248290463864,0.816496580927725,-0.408248290463864));
#11459=DIRECTION('center_axis',(0.707106781186548,0.707106781186548,0.));
#11460=DIRECTION('ref_axis',(0.,0.,-1.));
#11461=DIRECTION('',(-0.707106781186548,0.707106781186548,-5.39719282672547E-17));
#11462=DIRECTION('',(0.,0.,1.));
#11463=DIRECTION('',(0.,0.,-1.));
#11464=DIRECTION('center_axis',(0.577350269189626,0.577350269189626,0.577350269189626));
#11465=DIRECTION('ref_axis',(0.707106781186547,0.,-0.707106781186547));
#11466=DIRECTION('',(-0.707106781186548,0.,0.707106781186548));
#11467=DIRECTION('',(0.707106781186548,-0.707106781186548,0.));
#11468=DIRECTION('',(0.,0.707106781186548,-0.707106781186548));
#11469=DIRECTION('center_axis',(0.707106781186548,0.707106781186548,0.));
#11470=DIRECTION('ref_axis',(0.,0.,-1.));
#11471=DIRECTION('',(-0.707106781186548,0.707106781186548,-5.39719282672547E-17));
#11472=DIRECTION('',(0.,0.,1.));
#11473=DIRECTION('',(0.,0.,-1.));
#11474=DIRECTION('center_axis',(0.577350269189627,0.577350269189617,0.577350269189633));
#11475=DIRECTION('ref_axis',(0.707106781186551,0.,-0.707106781186544));
#11476=DIRECTION('',(-0.707106781186554,6.28036983473507E-15,0.707106781186541));
#11477=DIRECTION('',(0.707106781186541,-0.707106781186554,0.));
#11478=DIRECTION('',(2.51214793389406E-14,0.707106781186544,-0.707106781186551));
#11479=DIRECTION('center_axis',(0.707106781186554,0.707106781186541,0.));
#11480=DIRECTION('ref_axis',(0.,0.,-1.));
#11481=DIRECTION('',(-0.707106781186541,0.707106781186554,-5.39719282672541E-17));
#11482=DIRECTION('',(0.,0.,1.));
#11483=DIRECTION('',(0.,0.,-1.));
#11484=DIRECTION('center_axis',(-5.46119118894469E-16,0.707106781186551,
0.707106781186544));
#11485=DIRECTION('ref_axis',(1.,0.,7.72329064611806E-16));
#11486=DIRECTION('',(1.,7.72329064611799E-16,0.));
#11487=DIRECTION('',(-1.,-7.72329064611799E-16,0.));
#11488=DIRECTION('center_axis',(-0.577350269189627,0.577350269189627,0.577350269189622));
#11489=DIRECTION('ref_axis',(0.707106781186544,0.,0.707106781186551));
#11490=DIRECTION('',(-6.28036983473512E-15,-0.707106781186548,0.707106781186548));
#11491=DIRECTION('',(0.707106781186548,0.707106781186548,0.));
#11492=DIRECTION('',(-0.707106781186544,0.,-0.707106781186551));
#11493=DIRECTION('center_axis',(-0.707106781186548,0.707106781186548,0.));
#11494=DIRECTION('ref_axis',(0.,0.,1.));
#11495=DIRECTION('',(-0.707106781186548,-0.707106781186548,-7.35980840008019E-17));
#11496=DIRECTION('',(0.,0.,1.));
#11497=DIRECTION('',(0.,0.,-1.));
#11498=DIRECTION('center_axis',(0.577350269189623,-0.577350269189621,0.577350269189634));
#11499=DIRECTION('ref_axis',(0.707106781186555,0.,-0.70710678118654));
#11500=DIRECTION('',(-1.25607396694702E-14,0.707106781186549,0.707106781186546));
#11501=DIRECTION('',(-0.707106781186546,-0.707106781186549,0.));
#11502=DIRECTION('',(0.707106781186554,-1.57009245868377E-15,-0.707106781186541));
#11503=DIRECTION('center_axis',(0.707106781186549,-0.707106781186546,0.));
#11504=DIRECTION('ref_axis',(0.,0.,-1.));
#11505=DIRECTION('',(0.707106781186546,0.707106781186549,7.35980840008018E-17));
#11506=DIRECTION('',(0.,0.,1.));
#11507=DIRECTION('',(0.,0.,-1.));
#11508=DIRECTION('center_axis',(0.707106781186541,1.67700129098399E-16,
0.707106781186554));
#11509=DIRECTION('ref_axis',(0.707106781186554,0.,-0.707106781186541));
#11510=DIRECTION('',(2.37163796982677E-16,-1.,0.));
#11511=DIRECTION('',(-2.37163796982677E-16,1.,0.));
#11512=DIRECTION('center_axis',(-0.577350269189628,-0.577350269189626,0.577350269189623));
#11513=DIRECTION('ref_axis',(0.707106781186544,0.,0.707106781186551));
#11514=DIRECTION('',(0.707106781186544,0.,0.707106781186551));
#11515=DIRECTION('',(-0.707106781186546,0.707106781186549,0.));
#11516=DIRECTION('',(6.28036983473511E-15,-0.707106781186549,-0.707106781186546));
#11517=DIRECTION('center_axis',(-0.707106781186549,-0.707106781186546,0.));
#11518=DIRECTION('ref_axis',(0.,0.,1.));
#11519=DIRECTION('',(0.707106781186546,-0.707106781186549,5.39719282672546E-17));
#11520=DIRECTION('',(0.,0.,1.));
#11521=DIRECTION('',(0.,0.,-1.));
#11522=DIRECTION('center_axis',(1.11354075083955E-16,-0.707106781186546,
0.707106781186549));
#11523=DIRECTION('ref_axis',(1.,0.,-1.57478443209241E-16));
#11524=DIRECTION('',(-1.,-1.57478443209242E-16,0.));
#11525=DIRECTION('',(1.,1.57478443209242E-16,0.));
#11526=DIRECTION('center_axis',(-0.707106781186551,9.458388305324E-17,0.707106781186544));
#11527=DIRECTION('ref_axis',(0.707106781186544,0.,0.707106781186551));
#11528=DIRECTION('',(1.33761810195802E-16,1.,0.));
#11529=DIRECTION('',(-1.33761810195802E-16,-1.,0.));
#11530=DIRECTION('center_axis',(5.68874079233252E-17,0.707106781186548,
0.707106781186548));
#11531=DIRECTION('ref_axis',(1.,0.,-8.04509438134171E-17));
#11532=DIRECTION('',(1.,-8.04509438134171E-17,0.));
#11533=DIRECTION('',(-1.,8.04509438134171E-17,0.));
#11534=DIRECTION('center_axis',(0.707106781186548,-1.42993002995477E-33,
0.707106781186548));
#11535=DIRECTION('ref_axis',(0.707106781186548,0.,-0.707106781186548));
#11536=DIRECTION('',(-2.0222264416066E-33,-1.,0.));
#11537=DIRECTION('',(2.0222264416066E-33,1.,0.));
#11538=DIRECTION('center_axis',(-7.72329064611799E-16,1.,0.));
#11539=DIRECTION('ref_axis',(-1.,-7.72329064611799E-16,-9.02056207507939E-17));
#11540=DIRECTION('',(1.,7.72329064611799E-16,9.02056207507939E-17));
#11541=DIRECTION('center_axis',(1.,2.37163796982677E-16,0.));
#11542=DIRECTION('ref_axis',(-2.37163796982677E-16,1.,1.38777878078144E-17));
#11543=DIRECTION('',(-2.37163796982677E-16,1.,1.38777878078144E-17));
#11544=DIRECTION('center_axis',(1.57478443209242E-16,-1.,0.));
#11545=DIRECTION('ref_axis',(1.,1.57478443209242E-16,9.02056207507938E-17));
#11546=DIRECTION('',(-1.,-1.57478443209242E-16,-9.02056207507938E-17));
#11547=DIRECTION('center_axis',(-9.02056207507939E-17,-1.38777878078144E-17,
1.));
#11548=DIRECTION('ref_axis',(-1.,3.2740809054583E-33,-9.02056207507938E-17));
#11549=DIRECTION('',(1.33761810195802E-16,1.,1.38777878078144E-17));
#11550=DIRECTION('',(-1.,8.04509438134171E-17,-9.02056207507938E-17));
#11551=DIRECTION('',(-2.0222264416066E-33,-1.,-1.38777878078144E-17));
#11552=DIRECTION('',(-1.,4.81482486096809E-33,-9.02056207507938E-17));
#11553=DIRECTION('',(-3.56297039711639E-33,-1.,-1.38777878078144E-17));
#11554=DIRECTION('',(1.,-4.81482486096809E-33,9.02056207507938E-17));
#11555=DIRECTION('',(3.56297039711639E-33,1.,1.38777878078144E-17));
#11556=DIRECTION('',(3.56297039711639E-33,1.,1.38777878078144E-17));
#11557=DIRECTION('',(-1.,4.81482486096809E-33,-9.02056207507938E-17));
#11558=DIRECTION('',(-3.56297039711639E-33,-1.,-1.38777878078144E-17));
#11559=DIRECTION('',(1.,-4.81482486096809E-33,9.02056207507938E-17));
#11560=DIRECTION('',(1.,5.03069808033274E-17,9.02056207507938E-17));
#11561=DIRECTION('',(-2.50045434549333E-15,1.,1.38777878078142E-17));
#11562=DIRECTION('',(-1.,-1.56042506958104E-16,-9.02056207507938E-17));
#11563=DIRECTION('center_axis',(0.,0.,1.));
#11564=DIRECTION('ref_axis',(1.,0.,0.));
#11565=DIRECTION('',(-1.,-8.60638003585392E-17,0.));
#11566=DIRECTION('',(6.16297582203915E-33,1.,0.));
#11567=DIRECTION('',(1.,1.72127600717078E-16,0.));
#11568=DIRECTION('center_axis',(-1.,3.56297039711639E-33,0.));
#11569=DIRECTION('ref_axis',(-3.56297039711639E-33,-1.,-1.38777878078144E-17));
#11570=DIRECTION('',(0.,0.,1.));
#11571=DIRECTION('',(-3.56297039711639E-33,-1.,-1.38777878078144E-17));
#11572=DIRECTION('',(0.,0.,1.));
#11573=DIRECTION('center_axis',(-4.81482486096809E-33,-1.,0.));
#11574=DIRECTION('ref_axis',(1.,-4.81482486096809E-33,9.02056207507938E-17));
#11575=DIRECTION('',(1.,-4.81482486096809E-33,9.02056207507938E-17));
#11576=DIRECTION('',(0.,0.,1.));
#11577=DIRECTION('center_axis',(1.,-3.56297039711639E-33,0.));
#11578=DIRECTION('ref_axis',(3.56297039711639E-33,1.,1.38777878078144E-17));
#11579=DIRECTION('',(3.56297039711639E-33,1.,1.38777878078144E-17));
#11580=DIRECTION('',(0.,0.,1.));
#11581=DIRECTION('center_axis',(4.81482486096809E-33,1.,0.));
#11582=DIRECTION('ref_axis',(-1.,4.81482486096809E-33,-9.02056207507938E-17));
#11583=DIRECTION('',(-1.,4.81482486096809E-33,-9.02056207507938E-17));
#11584=DIRECTION('center_axis',(0.,0.,1.));
#11585=DIRECTION('ref_axis',(1.,0.,0.));
#11586=DIRECTION('center_axis',(-4.81482486096809E-33,-1.,0.));
#11587=DIRECTION('ref_axis',(1.,-4.81482486096809E-33,9.02056207507938E-17));
#11588=DIRECTION('',(0.,0.,1.));
#11589=DIRECTION('',(1.,-4.81482486096809E-33,9.02056207507938E-17));
#11590=DIRECTION('',(0.,0.,1.));
#11591=DIRECTION('center_axis',(1.,-3.56297039711639E-33,0.));
#11592=DIRECTION('ref_axis',(3.56297039711639E-33,1.,1.38777878078144E-17));
#11593=DIRECTION('',(3.56297039711639E-33,1.,1.38777878078144E-17));
#11594=DIRECTION('',(0.,0.,1.));
#11595=DIRECTION('center_axis',(4.81482486096809E-33,1.,0.));
#11596=DIRECTION('ref_axis',(-1.,4.81482486096809E-33,-9.02056207507938E-17));
#11597=DIRECTION('',(-1.,4.81482486096809E-33,-9.02056207507938E-17));
#11598=DIRECTION('',(0.,0.,1.));
#11599=DIRECTION('center_axis',(-1.,3.56297039711639E-33,0.));
#11600=DIRECTION('ref_axis',(-3.56297039711639E-33,-1.,-1.38777878078144E-17));
#11601=DIRECTION('',(-3.56297039711639E-33,-1.,-1.38777878078144E-17));
#11602=DIRECTION('center_axis',(0.,0.,1.));
#11603=DIRECTION('ref_axis',(1.,0.,0.));
#11604=DIRECTION('center_axis',(5.03069808033274E-17,-1.,0.));
#11605=DIRECTION('ref_axis',(1.,5.03069808033274E-17,-6.93889390390725E-18));
#11606=DIRECTION('',(1.,5.03069808033274E-17,-6.93889390390725E-18));
#11607=DIRECTION('',(0.,0.,1.));
#11608=DIRECTION('center_axis',(-1.56042506958104E-16,1.,0.));
#11609=DIRECTION('ref_axis',(-1.,-1.56042506958104E-16,6.93889390390726E-18));
#11610=DIRECTION('',(0.,0.,1.));
#11611=DIRECTION('',(-1.,-1.56042506958104E-16,6.93889390390726E-18));
#11612=DIRECTION('center_axis',(1.,2.50045434549333E-15,0.));
#11613=DIRECTION('ref_axis',(-2.50045434549333E-15,1.,1.38777878078145E-17));
#11614=DIRECTION('',(-2.50045434549333E-15,1.,1.38777878078145E-17));
#11615=DIRECTION('center_axis',(0.,0.,1.));
#11616=DIRECTION('ref_axis',(1.,0.,0.));
#11617=DIRECTION('',(6.16297582203915E-33,1.,0.));
#11618=DIRECTION('',(-1.,-8.60638003585392E-17,0.));
#11619=DIRECTION('',(-6.16297582203915E-33,-1.,0.));
#11620=DIRECTION('',(1.,1.72127600717078E-16,0.));
#11621=DIRECTION('center_axis',(8.60638003585392E-17,-1.,0.));
#11622=DIRECTION('ref_axis',(-1.,-8.60638003585392E-17,6.93889390390726E-18));
#11623=DIRECTION('',(0.,0.,-1.));
#11624=DIRECTION('',(0.,0.,-1.));
#11625=DIRECTION('center_axis',(-1.,6.16297582203915E-33,0.));
#11626=DIRECTION('ref_axis',(6.16297582203915E-33,1.,1.38777878078145E-17));
#11627=DIRECTION('',(0.,0.,-1.));
#11628=DIRECTION('center_axis',(1.,-6.16297582203915E-33,0.));
#11629=DIRECTION('ref_axis',(-6.16297582203915E-33,-1.,-1.38777878078145E-17));
#11630=DIRECTION('',(0.,0.,-1.));
#11631=DIRECTION('center_axis',(-1.72127600717078E-16,1.,0.));
#11632=DIRECTION('ref_axis',(1.,1.72127600717078E-16,-6.93889390390726E-18));
#11633=DIRECTION('center_axis',(1.,-2.0222264416066E-33,0.));
#11634=DIRECTION('ref_axis',(2.0222264416066E-33,1.,1.38777878078144E-17));
#11635=DIRECTION('center_axis',(-1.,1.33761810195802E-16,0.));
#11636=DIRECTION('ref_axis',(-1.33761810195802E-16,-1.,-1.38777878078144E-17));
#11637=DIRECTION('center_axis',(8.04509438134171E-17,1.,0.));
#11638=DIRECTION('ref_axis',(-1.,8.04509438134171E-17,-9.02056207507938E-17));
#11639=DIRECTION('',(-9.71445146547012E-17,0.,1.));
#11640=DIRECTION('',(1.,1.44444745829043E-33,9.71445146547012E-17));
#11641=CARTESIAN_POINT('',(0.,0.,0.));
#11642=CARTESIAN_POINT('',(0.,0.,0.));
#11643=CARTESIAN_POINT('Origin',(57.7999999999999,-36.0405731027625,2.5));
#11644=CARTESIAN_POINT('',(57.8,-36.150748502994,2.5));
#11645=CARTESIAN_POINT('',(57.7999999999999,-36.0405731027625,2.5));
#11646=CARTESIAN_POINT('',(57.8,-25.0981495880061,2.5));
#11647=CARTESIAN_POINT('',(57.7999999999999,-36.150748502994,1.5));
#11648=CARTESIAN_POINT('',(57.7999999999999,-36.150748502994,1.25));
#11649=CARTESIAN_POINT('',(57.7999999999999,-36.0405731027625,1.5));
#11650=CARTESIAN_POINT('',(57.7999999999999,-21.3513473053893,1.5));
#11651=CARTESIAN_POINT('',(57.7999999999999,-36.0405731027625,2.5));
#11652=CARTESIAN_POINT('Origin',(55.8414334327708,-36.1015750195999,2.5));
#11653=CARTESIAN_POINT('',(55.8414334327708,-36.1015750195998,2.5));
#11654=CARTESIAN_POINT('',(56.3786939090047,-36.0848413943866,2.5));
#11655=CARTESIAN_POINT('',(55.8414334327708,-36.1015750195998,1.5));
#11656=CARTESIAN_POINT('',(55.8414334327708,-36.1015750195999,1.5));
#11657=CARTESIAN_POINT('',(55.8414334327708,-36.1015750195998,0.));
#11658=CARTESIAN_POINT('Origin',(56.6855718645668,-28.6712991760123,2.5));
#11659=CARTESIAN_POINT('',(54.625,-35.075,2.5));
#11660=CARTESIAN_POINT('',(54.625,-35.075,2.5));
#11661=CARTESIAN_POINT('',(54.6249999999999,-22.075,2.5));
#11662=CARTESIAN_POINT('',(54.625,-25.3636542181466,2.5));
#11663=CARTESIAN_POINT('',(55.9249136062202,-21.2030418529866,2.5));
#11664=CARTESIAN_POINT('',(54.6249999999999,-22.075,2.5));
#11665=CARTESIAN_POINT('',(57.7999999999999,-21.4572218029928,2.5));
#11666=CARTESIAN_POINT('',(57.7329747152274,-21.4481360970813,2.5));
#11667=CARTESIAN_POINT('',(57.8,-25.0981495880061,2.5));
#11668=CARTESIAN_POINT('Origin',(57.7999999999999,-21.4572218029928,2.5));
#11669=CARTESIAN_POINT('',(55.9249136062202,-21.2030418529866,1.5));
#11670=CARTESIAN_POINT('',(55.9249136062202,-21.2030418529866,0.));
#11671=CARTESIAN_POINT('',(57.7999999999999,-21.4572218029928,1.5));
#11672=CARTESIAN_POINT('',(55.9249136062202,-21.2030418529866,1.5));
#11673=CARTESIAN_POINT('',(57.7999999999999,-21.4572218029928,2.5));
#11674=CARTESIAN_POINT('Origin',(57.7999999999999,-21.3513473053893,2.5));
#11675=CARTESIAN_POINT('',(57.8,-21.3513473053893,2.5));
#11676=CARTESIAN_POINT('',(57.8,-25.0981495880061,2.5));
#11677=CARTESIAN_POINT('',(57.7999999999999,-21.3513473053893,1.5));
#11678=CARTESIAN_POINT('',(57.7999999999999,-21.3513473053893,1.5));
#11679=CARTESIAN_POINT('',(57.7999999999999,-21.3513473053892,1.25));
#11680=CARTESIAN_POINT('Origin',(58.2999999999999,-21.525,0.));
#11681=CARTESIAN_POINT('',(55.3646889898569,-20.505550667136,1.5));
#11682=CARTESIAN_POINT('',(57.4493754630258,-21.2295735141048,1.5));
#11683=CARTESIAN_POINT('',(55.3646889898569,-20.505550667136,0.));
#11684=CARTESIAN_POINT('',(55.364688989857,-20.505550667136,0.));
#11685=CARTESIAN_POINT('',(58.3,-21.525,-8.88178419700125E-15));
#11686=CARTESIAN_POINT('',(46.1297407448884,-17.2982033724763,0.));
#11687=CARTESIAN_POINT('',(58.3,-21.525,3.));
#11688=CARTESIAN_POINT('',(58.3,-21.525,-8.88178419700125E-15));
#11689=CARTESIAN_POINT('',(57.7673669043101,-21.3400136553892,2.46736690431019));
#11690=CARTESIAN_POINT('Origin',(55.9249136062202,-21.2030418529866,1.5));
#11691=CARTESIAN_POINT('',(54.625,-22.075,1.5));
#11692=CARTESIAN_POINT('',(51.3575471109428,-24.266747323024,1.5));
#11693=CARTESIAN_POINT('',(54.625,-22.075,0.));
#11694=CARTESIAN_POINT('Origin',(54.625,-35.075,1.5));
#11695=CARTESIAN_POINT('',(54.625,-35.075,1.5));
#11696=CARTESIAN_POINT('',(50.9789712254688,-31.9980358523195,1.5));
#11697=CARTESIAN_POINT('',(54.625,-35.075,0.));
#11698=CARTESIAN_POINT('Origin',(58.05,-25.0981495880061,2.75));
#11699=CARTESIAN_POINT('',(58.3,-36.025,3.));
#11700=CARTESIAN_POINT('',(58.3,-25.05,3.));
#11701=CARTESIAN_POINT('',(57.2858203902343,-36.2800631353902,1.98582039023432));
#11702=CARTESIAN_POINT('Origin',(41.0749999999999,-16.375,2.99999999999999));
#11703=CARTESIAN_POINT('',(40.5749999999999,-16.375,3.));
#11704=CARTESIAN_POINT('',(41.0749999999999,-16.875,3.));
#11705=CARTESIAN_POINT('Origin',(41.0749999999999,-16.375,3.));
#11706=CARTESIAN_POINT('',(41.0749999999999,-16.875,0.));
#11707=CARTESIAN_POINT('',(41.0749999999999,-16.875,2.99999999999999));
#11708=CARTESIAN_POINT('',(40.5749999999999,-16.375,0.));
#11709=CARTESIAN_POINT('Origin',(41.0749999999999,-16.375,0.));
#11710=CARTESIAN_POINT('',(40.5749999999999,-16.375,2.99999999999999));
#11711=CARTESIAN_POINT('Origin',(55.0749999999999,-16.875,2.99999999999999));
#11712=CARTESIAN_POINT('',(54.5749999999999,-16.875,3.));
#11713=CARTESIAN_POINT('',(41.825,-16.875,3.));
#11714=CARTESIAN_POINT('',(54.5749999999999,-16.875,0.));
#11715=CARTESIAN_POINT('',(54.5749999999999,-16.875,2.99999999999999));
#11716=CARTESIAN_POINT('',(41.825,-16.875,0.));
#11717=CARTESIAN_POINT('Origin',(54.5749999999999,-16.375,2.99999999999999));
#11718=CARTESIAN_POINT('',(55.0749999999999,-16.375,3.));
#11719=CARTESIAN_POINT('Origin',(54.5749999999999,-16.375,3.));
#11720=CARTESIAN_POINT('',(55.0749999999999,-16.375,0.));
#11721=CARTESIAN_POINT('',(55.0749999999999,-16.375,2.99999999999999));
#11722=CARTESIAN_POINT('Origin',(54.5749999999999,-16.375,0.));
#11723=CARTESIAN_POINT('Origin',(55.0749999999999,-2.57500000000001,2.99999999999999));
#11724=CARTESIAN_POINT('',(55.0749999999999,-3.07500000000001,3.));
#11725=CARTESIAN_POINT('',(55.0749999999999,-15.575,3.));
#11726=CARTESIAN_POINT('',(55.0749999999999,-3.07500000000001,0.));
#11727=CARTESIAN_POINT('',(55.0749999999999,-3.07500000000001,2.99999999999999));
#11728=CARTESIAN_POINT('',(55.0749999999999,-15.575,0.));
#11729=CARTESIAN_POINT('Origin',(54.5749999999999,-3.07500000000001,2.99999999999999));
#11730=CARTESIAN_POINT('',(54.5749999999999,-2.57500000000001,3.));
#11731=CARTESIAN_POINT('Origin',(54.5749999999999,-3.07500000000001,3.));
#11732=CARTESIAN_POINT('',(54.5749999999999,-2.57500000000001,0.));
#11733=CARTESIAN_POINT('',(54.5749999999999,-2.57500000000001,2.99999999999999));
#11734=CARTESIAN_POINT('Origin',(54.5749999999999,-3.07500000000001,0.));
#11735=CARTESIAN_POINT('Origin',(40.5749999999999,-2.57500000000001,2.99999999999999));
#11736=CARTESIAN_POINT('',(41.0749999999999,-2.57500000000001,3.));
#11737=CARTESIAN_POINT('',(34.575,-2.57500000000001,3.));
#11738=CARTESIAN_POINT('',(41.0749999999999,-2.57500000000001,0.));
#11739=CARTESIAN_POINT('',(41.0749999999999,-2.57500000000001,2.99999999999999));
#11740=CARTESIAN_POINT('',(34.575,-2.57500000000001,0.));
#11741=CARTESIAN_POINT('Origin',(41.0749999999999,-3.07500000000001,2.99999999999999));
#11742=CARTESIAN_POINT('',(40.5749999999999,-3.07500000000001,3.));
#11743=CARTESIAN_POINT('Origin',(41.0749999999999,-3.07500000000001,3.));
#11744=CARTESIAN_POINT('',(40.5749999999999,-3.07500000000001,0.));
#11745=CARTESIAN_POINT('',(40.5749999999999,-3.07500000000001,2.99999999999999));
#11746=CARTESIAN_POINT('Origin',(41.0749999999999,-3.07500000000001,0.));
#11747=CARTESIAN_POINT('Origin',(40.5749999999999,-16.875,2.99999999999999));
#11748=CARTESIAN_POINT('',(40.5749999999999,-22.725,0.));
#11749=CARTESIAN_POINT('',(40.5749999999999,-22.725,3.));
#11750=CARTESIAN_POINT('Origin',(76.23880970911,-39.3822791369,4.99999999999999));
#11751=CARTESIAN_POINT('',(76.23880970911,-39.3822791369,3.));
#11752=CARTESIAN_POINT('',(78.51200661613,-39.3822791369,3.));
#11753=CARTESIAN_POINT('',(52.406904854555,-39.3822791369,3.));
#11754=CARTESIAN_POINT('',(76.23880970911,-39.3822791369,0.));
#11755=CARTESIAN_POINT('',(76.23880970911,-39.3822791369,4.99999999999999));
#11756=CARTESIAN_POINT('',(78.51200661613,-39.3822791369,0.));
#11757=CARTESIAN_POINT('',(52.406904854555,-39.3822791369,0.));
#11758=CARTESIAN_POINT('',(78.51200661613,-39.3822791369,4.99999999999999));
#11759=CARTESIAN_POINT('Origin',(78.51200661613,-39.3822791369,4.99999999999999));
#11760=CARTESIAN_POINT('',(78.51200661613,-41.98021825432,3.));
#11761=CARTESIAN_POINT('',(78.51200661613,-33.97863956845,3.));
#11762=CARTESIAN_POINT('',(78.51200661613,-41.98021825432,0.));
#11763=CARTESIAN_POINT('',(78.51200661613,-33.97863956845,0.));
#11764=CARTESIAN_POINT('',(78.51200661613,-41.98021825432,4.99999999999999));
#11765=CARTESIAN_POINT('Origin',(78.51200661613,-41.98021825432,4.99999999999999));
#11766=CARTESIAN_POINT('',(76.23880970911,-41.98021825432,3.));
#11767=CARTESIAN_POINT('',(53.543503308065,-41.98021825432,3.));
#11768=CARTESIAN_POINT('',(76.23880970911,-41.98021825432,0.));
#11769=CARTESIAN_POINT('',(53.543503308065,-41.98021825432,0.));
#11770=CARTESIAN_POINT('',(76.23880970911,-41.98021825432,4.99999999999999));
#11771=CARTESIAN_POINT('Origin',(76.23880970911,-41.98021825432,4.99999999999999));
#11772=CARTESIAN_POINT('',(76.23880970911,-35.27760912716,3.));
#11773=CARTESIAN_POINT('',(76.23880970911,-35.27760912716,0.));
#11774=CARTESIAN_POINT('Origin',(64.22450661613,-39.3822791369,4.99999999999999));
#11775=CARTESIAN_POINT('',(64.22450661613,-39.3822791369,3.));
#11776=CARTESIAN_POINT('',(64.22450661613,-41.98021825432,3.));
#11777=CARTESIAN_POINT('',(64.22450661613,-33.97863956845,3.));
#11778=CARTESIAN_POINT('',(64.22450661613,-39.3822791369,0.));
#11779=CARTESIAN_POINT('',(64.22450661613,-39.3822791369,4.99999999999999));
#11780=CARTESIAN_POINT('',(64.22450661613,-41.98021825432,0.));
#11781=CARTESIAN_POINT('',(64.22450661613,-33.97863956845,0.));
#11782=CARTESIAN_POINT('',(64.22450661613,-41.98021825432,4.99999999999999));
#11783=CARTESIAN_POINT('Origin',(64.22450661613,-41.98021825432,4.99999999999999));
#11784=CARTESIAN_POINT('',(61.95130970911,-41.98021825432,3.));
#11785=CARTESIAN_POINT('',(46.399753308065,-41.98021825432,3.));
#11786=CARTESIAN_POINT('',(61.95130970911,-41.98021825432,0.));
#11787=CARTESIAN_POINT('',(46.399753308065,-41.98021825432,0.));
#11788=CARTESIAN_POINT('',(61.95130970911,-41.98021825432,4.99999999999999));
#11789=CARTESIAN_POINT('Origin',(61.95130970911,-41.98021825432,4.99999999999999));
#11790=CARTESIAN_POINT('',(61.95130970911,-39.3822791369,3.));
#11791=CARTESIAN_POINT('',(61.95130970911,-35.27760912716,3.));
#11792=CARTESIAN_POINT('',(61.95130970911,-39.3822791369,0.));
#11793=CARTESIAN_POINT('',(61.95130970911,-35.27760912716,0.));
#11794=CARTESIAN_POINT('',(61.95130970911,-39.3822791369,4.99999999999999));
#11795=CARTESIAN_POINT('Origin',(61.95130970911,-39.3822791369,4.99999999999999));
#11796=CARTESIAN_POINT('',(45.263154854555,-39.3822791369,3.));
#11797=CARTESIAN_POINT('',(45.263154854555,-39.3822791369,0.));
#11798=CARTESIAN_POINT('Origin',(81.00130970911,-39.3822791369,4.99999999999999));
#11799=CARTESIAN_POINT('',(81.00130970911,-39.3822791369,3.));
#11800=CARTESIAN_POINT('',(83.27450661613,-39.3822791369,3.));
#11801=CARTESIAN_POINT('',(54.788154854555,-39.3822791369,3.));
#11802=CARTESIAN_POINT('',(81.00130970911,-39.3822791369,0.));
#11803=CARTESIAN_POINT('',(81.00130970911,-39.3822791369,4.99999999999999));
#11804=CARTESIAN_POINT('',(83.27450661613,-39.3822791369,0.));
#11805=CARTESIAN_POINT('',(54.788154854555,-39.3822791369,0.));
#11806=CARTESIAN_POINT('',(83.27450661613,-39.3822791369,4.99999999999999));
#11807=CARTESIAN_POINT('Origin',(83.27450661613,-39.3822791369,4.99999999999999));
#11808=CARTESIAN_POINT('',(83.27450661613,-41.98021825432,3.));
#11809=CARTESIAN_POINT('',(83.27450661613,-33.97863956845,3.));
#11810=CARTESIAN_POINT('',(83.27450661613,-41.98021825432,0.));
#11811=CARTESIAN_POINT('',(83.27450661613,-33.97863956845,0.));
#11812=CARTESIAN_POINT('',(83.27450661613,-41.98021825432,4.99999999999999));
#11813=CARTESIAN_POINT('Origin',(83.27450661613,-41.98021825432,4.99999999999999));
#11814=CARTESIAN_POINT('',(81.00130970911,-41.98021825432,3.));
#11815=CARTESIAN_POINT('',(55.924753308065,-41.98021825432,3.));
#11816=CARTESIAN_POINT('',(81.00130970911,-41.98021825432,0.));
#11817=CARTESIAN_POINT('',(55.924753308065,-41.98021825432,0.));
#11818=CARTESIAN_POINT('',(81.00130970911,-41.98021825432,4.99999999999999));
#11819=CARTESIAN_POINT('Origin',(81.00130970911,-41.98021825432,4.99999999999999));
#11820=CARTESIAN_POINT('',(81.00130970911,-35.27760912716,3.));
#11821=CARTESIAN_POINT('',(81.00130970911,-35.27760912716,0.));
#11822=CARTESIAN_POINT('Origin',(71.47630970911,-39.3822791369,4.99999999999999));
#11823=CARTESIAN_POINT('',(71.47630970911,-39.3822791369,3.));
#11824=CARTESIAN_POINT('',(73.74950661613,-39.3822791369,3.));
#11825=CARTESIAN_POINT('',(50.025654854555,-39.3822791369,3.));
#11826=CARTESIAN_POINT('',(71.47630970911,-39.3822791369,0.));
#11827=CARTESIAN_POINT('',(71.47630970911,-39.3822791369,4.99999999999999));
#11828=CARTESIAN_POINT('',(73.74950661613,-39.3822791369,0.));
#11829=CARTESIAN_POINT('',(50.025654854555,-39.3822791369,0.));
#11830=CARTESIAN_POINT('',(73.74950661613,-39.3822791369,4.99999999999999));
#11831=CARTESIAN_POINT('Origin',(73.74950661613,-39.3822791369,4.99999999999999));
#11832=CARTESIAN_POINT('',(73.74950661613,-41.98021825432,3.));
#11833=CARTESIAN_POINT('',(73.74950661613,-33.97863956845,3.));
#11834=CARTESIAN_POINT('',(73.74950661613,-41.98021825432,0.));
#11835=CARTESIAN_POINT('',(73.74950661613,-33.97863956845,0.));
#11836=CARTESIAN_POINT('',(73.74950661613,-41.98021825432,4.99999999999999));
#11837=CARTESIAN_POINT('Origin',(73.74950661613,-41.98021825432,4.99999999999999));
#11838=CARTESIAN_POINT('',(71.47630970911,-41.98021825432,3.));
#11839=CARTESIAN_POINT('',(51.162253308065,-41.98021825432,3.));
#11840=CARTESIAN_POINT('',(71.47630970911,-41.98021825432,0.));
#11841=CARTESIAN_POINT('',(51.162253308065,-41.98021825432,0.));
#11842=CARTESIAN_POINT('',(71.47630970911,-41.98021825432,4.99999999999999));
#11843=CARTESIAN_POINT('Origin',(71.47630970911,-41.98021825432,4.99999999999999));
#11844=CARTESIAN_POINT('',(71.47630970911,-35.27760912716,3.));
#11845=CARTESIAN_POINT('',(71.47630970911,-35.27760912716,0.));
#11846=CARTESIAN_POINT('Origin',(66.71380970911,-39.3822791369,4.99999999999999));
#11847=CARTESIAN_POINT('',(66.71380970911,-39.3822791369,3.));
#11848=CARTESIAN_POINT('',(68.98700661613,-39.3822791369,3.));
#11849=CARTESIAN_POINT('',(47.644404854555,-39.3822791369,3.));
#11850=CARTESIAN_POINT('',(66.71380970911,-39.3822791369,0.));
#11851=CARTESIAN_POINT('',(66.71380970911,-39.3822791369,4.99999999999999));
#11852=CARTESIAN_POINT('',(68.98700661613,-39.3822791369,0.));
#11853=CARTESIAN_POINT('',(47.644404854555,-39.3822791369,0.));
#11854=CARTESIAN_POINT('',(68.98700661613,-39.3822791369,4.99999999999999));
#11855=CARTESIAN_POINT('Origin',(68.98700661613,-39.3822791369,4.99999999999999));
#11856=CARTESIAN_POINT('',(68.98700661613,-41.98021825432,3.));
#11857=CARTESIAN_POINT('',(68.98700661613,-33.97863956845,3.));
#11858=CARTESIAN_POINT('',(68.98700661613,-41.98021825432,0.));
#11859=CARTESIAN_POINT('',(68.98700661613,-33.97863956845,0.));
#11860=CARTESIAN_POINT('',(68.98700661613,-41.98021825432,4.99999999999999));
#11861=CARTESIAN_POINT('Origin',(68.98700661613,-41.98021825432,4.99999999999999));
#11862=CARTESIAN_POINT('',(66.71380970911,-41.98021825432,3.));
#11863=CARTESIAN_POINT('',(48.781003308065,-41.98021825432,3.));
#11864=CARTESIAN_POINT('',(66.71380970911,-41.98021825432,0.));
#11865=CARTESIAN_POINT('',(48.781003308065,-41.98021825432,0.));
#11866=CARTESIAN_POINT('',(66.71380970911,-41.98021825432,4.99999999999999));
#11867=CARTESIAN_POINT('Origin',(66.71380970911,-41.98021825432,4.99999999999999));
#11868=CARTESIAN_POINT('',(66.71380970911,-35.27760912716,3.));
#11869=CARTESIAN_POINT('',(66.71380970911,-35.27760912716,0.));
#11870=CARTESIAN_POINT('Origin',(85.76380970911,-39.3822791369,4.99999999999999));
#11871=CARTESIAN_POINT('',(85.76380970911,-39.3822791369,3.));
#11872=CARTESIAN_POINT('',(88.03700661613,-39.3822791369,3.));
#11873=CARTESIAN_POINT('',(57.169404854555,-39.3822791369,3.));
#11874=CARTESIAN_POINT('',(85.76380970911,-39.3822791369,0.));
#11875=CARTESIAN_POINT('',(85.76380970911,-39.3822791369,4.99999999999999));
#11876=CARTESIAN_POINT('',(88.03700661613,-39.3822791369,0.));
#11877=CARTESIAN_POINT('',(57.169404854555,-39.3822791369,0.));
#11878=CARTESIAN_POINT('',(88.03700661613,-39.3822791369,4.99999999999999));
#11879=CARTESIAN_POINT('Origin',(88.03700661613,-39.3822791369,4.99999999999999));
#11880=CARTESIAN_POINT('',(88.03700661613,-41.98021825432,3.));
#11881=CARTESIAN_POINT('',(88.03700661613,-33.97863956845,3.));
#11882=CARTESIAN_POINT('',(88.03700661613,-41.98021825432,0.));
#11883=CARTESIAN_POINT('',(88.03700661613,-33.97863956845,0.));
#11884=CARTESIAN_POINT('',(88.03700661613,-41.98021825432,4.99999999999999));
#11885=CARTESIAN_POINT('Origin',(88.03700661613,-41.98021825432,4.99999999999999));
#11886=CARTESIAN_POINT('',(85.76380970911,-41.98021825432,3.));
#11887=CARTESIAN_POINT('',(58.306003308065,-41.98021825432,3.));
#11888=CARTESIAN_POINT('',(85.76380970911,-41.98021825432,0.));
#11889=CARTESIAN_POINT('',(58.306003308065,-41.98021825432,0.));
#11890=CARTESIAN_POINT('',(85.76380970911,-41.98021825432,4.99999999999999));
#11891=CARTESIAN_POINT('Origin',(85.76380970911,-41.98021825432,4.99999999999999));
#11892=CARTESIAN_POINT('',(85.76380970911,-35.27760912716,3.));
#11893=CARTESIAN_POINT('',(85.76380970911,-35.27760912716,0.));
#11894=CARTESIAN_POINT('Origin',(66.0237499999999,2.38749999999999,-1.30481736526633E-14));
#11895=CARTESIAN_POINT('',(66.0237499999999,-17.3925000000001,3.));
#11896=CARTESIAN_POINT('',(66.0237499999999,2.38749999999999,3.));
#11897=CARTESIAN_POINT('',(66.0237499999999,-13.09375,3.));
#11898=CARTESIAN_POINT('',(66.0237499999999,-17.3925000000001,-1.33226762955019E-14));
#11899=CARTESIAN_POINT('',(66.0237499999999,-17.3925000000001,-1.33226762955019E-14));
#11900=CARTESIAN_POINT('',(66.0237499999999,2.38749999999999,-1.33226762955019E-14));
#11901=CARTESIAN_POINT('',(66.0237499999999,-13.09375,0.));
#11902=CARTESIAN_POINT('',(66.0237499999999,2.38749999999999,-1.33226762955019E-14));
#11903=CARTESIAN_POINT('Origin',(70.56375,2.38749999999999,-1.33541788738256E-14));
#11904=CARTESIAN_POINT('',(70.56375,2.38749999999999,3.));
#11905=CARTESIAN_POINT('',(49.569375,2.38749999999999,3.));
#11906=CARTESIAN_POINT('',(70.56375,2.38749999999999,-1.33226762955019E-14));
#11907=CARTESIAN_POINT('',(49.569375,2.38749999999999,0.));
#11908=CARTESIAN_POINT('',(70.56375,2.38749999999999,-1.33226762955019E-14));
#11909=CARTESIAN_POINT('Origin',(70.56375,-17.3925000000001,-1.35971789383404E-14));
#11910=CARTESIAN_POINT('',(70.56375,-17.3925000000001,3.));
#11911=CARTESIAN_POINT('',(70.56375,-22.98375,3.));
#11912=CARTESIAN_POINT('',(70.56375,-17.3925000000001,-1.33226762955019E-14));
#11913=CARTESIAN_POINT('',(70.56375,-22.98375,0.));
#11914=CARTESIAN_POINT('',(70.56375,-17.3925000000001,-1.33226762955019E-14));
#11915=CARTESIAN_POINT('Origin',(66.0237499999999,-17.3925000000001,-1.32911737171781E-14));
#11916=CARTESIAN_POINT('',(47.299375,-17.3925000000001,3.));
#11917=CARTESIAN_POINT('',(47.299375,-17.3925000000001,0.));
#11918=CARTESIAN_POINT('Origin',(81.2737499999999,-17.3925000000001,-1.33226762955019E-14));
#11919=CARTESIAN_POINT('',(85.8137499999999,-17.3925000000001,3.));
#11920=CARTESIAN_POINT('',(81.2737499999999,-17.3925000000001,3.));
#11921=CARTESIAN_POINT('',(54.924375,-17.3925000000001,3.));
#11922=CARTESIAN_POINT('',(85.8137499999999,-17.3925000000001,-1.33226762955019E-14));
#11923=CARTESIAN_POINT('',(85.8137499999999,-17.3925000000001,-1.33226762955019E-14));
#11924=CARTESIAN_POINT('',(81.2737499999999,-17.3925000000001,-1.33226762955019E-14));
#11925=CARTESIAN_POINT('',(54.924375,-17.3925000000001,0.));
#11926=CARTESIAN_POINT('',(81.2737499999999,-17.3925000000001,-1.33226762955019E-14));
#11927=CARTESIAN_POINT('Origin',(81.2737499999999,2.38749999999999,-1.33226762955019E-14));
#11928=CARTESIAN_POINT('',(81.2737499999999,2.38749999999999,3.));
#11929=CARTESIAN_POINT('',(81.2737499999999,-13.09375,3.));
#11930=CARTESIAN_POINT('',(81.2737499999999,2.38749999999999,-1.33226762955019E-14));
#11931=CARTESIAN_POINT('',(81.2737499999999,-13.09375,0.));
#11932=CARTESIAN_POINT('',(81.2737499999999,2.38749999999999,-1.33226762955019E-14));
#11933=CARTESIAN_POINT('Origin',(85.8137499999999,2.38749999999999,-1.33226762955019E-14));
#11934=CARTESIAN_POINT('',(85.8137499999999,2.38749999999999,3.));
#11935=CARTESIAN_POINT('',(57.194375,2.38749999999999,3.));
#11936=CARTESIAN_POINT('',(85.8137499999999,2.38749999999999,-1.33226762955019E-14));
#11937=CARTESIAN_POINT('',(57.194375,2.38749999999999,0.));
#11938=CARTESIAN_POINT('',(85.8137499999999,2.38749999999999,-1.33226762955019E-14));
#11939=CARTESIAN_POINT('Origin',(85.8137499999999,-17.3925000000001,-1.33226762955019E-14));
#11940=CARTESIAN_POINT('',(85.8137499999999,-22.98375,3.));
#11941=CARTESIAN_POINT('',(85.8137499999999,-22.98375,0.));
#11942=CARTESIAN_POINT('Origin',(55.0711437291336,-36.8370476848886,1.11352656337967E-17));
#11943=CARTESIAN_POINT('',(58.3,-36.025,-8.88178419700125E-15));
#11944=CARTESIAN_POINT('',(58.3,-36.025,-8.88178419700125E-15));
#11945=CARTESIAN_POINT('',(55.0711437291336,-36.8370476848886,0.));
#11946=CARTESIAN_POINT('',(43.5883097831585,-39.724946042559,0.));
#11947=CARTESIAN_POINT('',(55.0711437291336,-36.8370476848886,1.5));
#11948=CARTESIAN_POINT('',(55.0711437291336,-36.8370476848885,0.));
#11949=CARTESIAN_POINT('',(55.7598729071023,-36.6638343586928,1.5));
#11950=CARTESIAN_POINT('Origin',(54.125,-35.075,0.));
#11951=CARTESIAN_POINT('',(54.125,-37.075,0.));
#11952=CARTESIAN_POINT('Origin',(54.125,-35.075,0.));
#11953=CARTESIAN_POINT('',(54.125,-37.075,1.5));
#11954=CARTESIAN_POINT('',(54.125,-37.075,0.));
#11955=CARTESIAN_POINT('Origin',(54.125,-35.075,1.5));
#11956=CARTESIAN_POINT('Origin',(58.3,-36.025,-8.59035065303714E-15));
#11957=CARTESIAN_POINT('',(100.3,-36.025,3.));
#11958=CARTESIAN_POINT('',(43.4375,-36.025,3.));
#11959=CARTESIAN_POINT('',(100.3,-36.025,-8.88178419700125E-15));
#11960=CARTESIAN_POINT('',(100.3,-36.025,-8.88178419700125E-15));
#11961=CARTESIAN_POINT('',(43.4375,-36.025,0.));
#11962=CARTESIAN_POINT('Origin',(100.3,-21.525,-8.88178419700125E-15));
#11963=CARTESIAN_POINT('',(100.3,-21.525,3.));
#11964=CARTESIAN_POINT('',(64.4375,-21.525,3.));
#11965=CARTESIAN_POINT('',(100.3,-21.525,-8.88178419700125E-15));
#11966=CARTESIAN_POINT('',(64.4375,-21.525,0.));
#11967=CARTESIAN_POINT('',(100.3,-21.525,-8.88178419700125E-15));
#11968=CARTESIAN_POINT('Origin',(100.3,-36.025,-9.07607322631065E-15));
#11969=CARTESIAN_POINT('',(100.3,-32.3,3.));
#11970=CARTESIAN_POINT('',(100.3,-32.3,0.));
#11971=CARTESIAN_POINT('Origin',(102.975000059605,7.77500005960462,2.99999999999999));
#11972=CARTESIAN_POINT('',(105.845000059605,7.77500005960462,2.99999999999999));
#11973=CARTESIAN_POINT('Origin',(102.975000059605,7.77500005960462,3.));
#11974=CARTESIAN_POINT('',(105.845000059605,7.77500005960462,1.99999999999999));
#11975=CARTESIAN_POINT('',(105.845000059605,7.77500005960462,2.99999999999999));
#11976=CARTESIAN_POINT('Origin',(102.975000059605,7.77500005960462,1.99999999999999));
#11977=CARTESIAN_POINT('Origin',(102.975000059605,7.77500005960462,1.99999999999999));
#11978=CARTESIAN_POINT('',(101.275000059605,7.77500005960476,1.99999999999999));
#11979=CARTESIAN_POINT('Origin',(102.975000059605,7.77500005960476,1.99999999999999));
#11980=CARTESIAN_POINT('Origin',(-5.42500005960475,7.77500005960459,2.99999999999999));
#11981=CARTESIAN_POINT('',(-2.55500005960475,7.77500005960459,2.99999999999999));
#11982=CARTESIAN_POINT('Origin',(-5.42500005960475,7.77500005960459,3.));
#11983=CARTESIAN_POINT('',(-2.55500005960475,7.77500005960459,1.99999999999999));
#11984=CARTESIAN_POINT('',(-2.55500005960475,7.77500005960459,2.99999999999999));
#11985=CARTESIAN_POINT('Origin',(-5.42500005960475,7.77500005960459,1.99999999999999));
#11986=CARTESIAN_POINT('Origin',(-5.42500005960475,7.77500005960459,1.99999999999999));
#11987=CARTESIAN_POINT('',(-7.1250000596048,7.77500005960462,1.99999999999999));
#11988=CARTESIAN_POINT('Origin',(-5.4250000596048,7.77500005960462,1.99999999999999));
#11989=CARTESIAN_POINT('Origin',(102.975000059605,-65.1250000596047,2.99999999999999));
#11990=CARTESIAN_POINT('',(105.845000059605,-65.1250000596047,2.99999999999999));
#11991=CARTESIAN_POINT('Origin',(102.975000059605,-65.1250000596047,3.));
#11992=CARTESIAN_POINT('',(105.845000059605,-65.1250000596047,1.99999999999999));
#11993=CARTESIAN_POINT('',(105.845000059605,-65.1250000596047,2.99999999999999));
#11994=CARTESIAN_POINT('Origin',(102.975000059605,-65.1250000596047,1.99999999999999));
#11995=CARTESIAN_POINT('Origin',(102.975000059605,-65.1250000596047,1.99999999999999));
#11996=CARTESIAN_POINT('',(101.275000059605,-65.1250000596047,1.99999999999999));
#11997=CARTESIAN_POINT('Origin',(102.975000059605,-65.1250000596047,1.99999999999999));
#11998=CARTESIAN_POINT('Origin',(-5.42500005960475,-65.1250000596047,2.99999999999999));
#11999=CARTESIAN_POINT('',(-2.55500005960475,-65.1250000596047,2.99999999999999));
#12000=CARTESIAN_POINT('Origin',(-5.42500005960475,-65.1250000596047,3.));
#12001=CARTESIAN_POINT('',(-2.55500005960475,-65.1250000596047,1.99999999999999));
#12002=CARTESIAN_POINT('',(-2.55500005960475,-65.1250000596047,2.99999999999999));
#12003=CARTESIAN_POINT('Origin',(-5.42500005960475,-65.1250000596047,1.99999999999999));
#12004=CARTESIAN_POINT('Origin',(-5.42500005960475,-65.1250000596047,1.99999999999999));
#12005=CARTESIAN_POINT('',(-7.12500005960475,-65.1250000596047,1.99999999999999));
#12006=CARTESIAN_POINT('Origin',(-5.42500005960475,-65.1250000596047,1.99999999999999));
#12007=CARTESIAN_POINT('Origin',(102.975000059605,-65.1250000596047,-8.88178419700125E-15));
#12008=CARTESIAN_POINT('',(101.275000059605,-65.1250000596047,-8.88178419700125E-15));
#12009=CARTESIAN_POINT('Origin',(102.975000059605,-65.1250000596047,0.));
#12010=CARTESIAN_POINT('',(101.275000059605,-65.1250000596047,-8.88178419700125E-15));
#12011=CARTESIAN_POINT('Origin',(102.975000059605,7.77500005960476,-8.88178419700125E-15));
#12012=CARTESIAN_POINT('',(101.275000059605,7.77500005960476,-8.88178419700125E-15));
#12013=CARTESIAN_POINT('Origin',(102.975000059605,7.77500005960476,0.));
#12014=CARTESIAN_POINT('',(101.275000059605,7.77500005960476,-8.88178419700125E-15));
#12015=CARTESIAN_POINT('Origin',(-5.42500005960475,-65.1250000596047,-8.88178419700125E-15));
#12016=CARTESIAN_POINT('',(-7.12500005960475,-65.1250000596047,-8.88178419700125E-15));
#12017=CARTESIAN_POINT('Origin',(-5.42500005960475,-65.1250000596047,0.));
#12018=CARTESIAN_POINT('',(-7.12500005960475,-65.1250000596047,-8.88178419700125E-15));
#12019=CARTESIAN_POINT('Origin',(-5.4250000596048,7.77500005960462,-8.88178419700125E-15));
#12020=CARTESIAN_POINT('',(-7.1250000596048,7.77500005960462,-8.88178419700125E-15));
#12021=CARTESIAN_POINT('Origin',(-5.4250000596048,7.77500005960462,0.));
#12022=CARTESIAN_POINT('',(-7.1250000596048,7.77500005960462,-8.88178419700125E-15));
#12023=CARTESIAN_POINT('Origin',(103.975,8.77499999999996,1.5));
#12024=CARTESIAN_POINT('',(106.975,8.77499999999996,0.));
#12025=CARTESIAN_POINT('',(103.975,11.775,0.));
#12026=CARTESIAN_POINT('Origin',(103.975,8.77499999999996,-7.21644966006352E-15));
#12027=CARTESIAN_POINT('',(103.975,11.775,3.));
#12028=CARTESIAN_POINT('',(103.975,11.775,1.5));
#12029=CARTESIAN_POINT('',(106.975,8.77499999999996,3.));
#12030=CARTESIAN_POINT('Origin',(103.975,8.77499999999996,2.99999999999999));
#12031=CARTESIAN_POINT('',(106.975,8.77499999999996,1.5));
#12032=CARTESIAN_POINT('Origin',(28.575,-28.575,0.));
#12033=CARTESIAN_POINT('',(106.975,-66.1250000000001,0.));
#12034=CARTESIAN_POINT('',(106.975,-48.9000000000001,0.));
#12035=CARTESIAN_POINT('',(103.975,-69.1250000000001,0.));
#12036=CARTESIAN_POINT('Origin',(103.975,-66.1250000000001,-7.21644966006352E-15));
#12037=CARTESIAN_POINT('',(-6.42500000000002,-69.1250000000001,0.));
#12038=CARTESIAN_POINT('',(57.15,-69.1250000000001,0.));
#12039=CARTESIAN_POINT('',(-9.42500000000002,-66.1250000000001,0.));
#12040=CARTESIAN_POINT('Origin',(-6.42500000000001,-66.1250000000001,3.33066907387547E-15));
#12041=CARTESIAN_POINT('',(-9.42500000000002,8.77499999999996,0.));
#12042=CARTESIAN_POINT('',(-9.42500000000002,-57.15,0.));
#12043=CARTESIAN_POINT('',(-6.42500000000002,11.775,0.));
#12044=CARTESIAN_POINT('Origin',(-6.42500000000002,8.77499999999996,3.33066907387547E-15));
#12045=CARTESIAN_POINT('',(0.,11.775,0.));
#12046=CARTESIAN_POINT('',(54.125,-20.075,0.));
#12047=CARTESIAN_POINT('Origin',(54.125,-22.075,0.));
#12048=CARTESIAN_POINT('',(41.125,-20.075,0.));
#12049=CARTESIAN_POINT('',(41.35,-20.075,0.));
#12050=CARTESIAN_POINT('',(39.125,-22.075,0.));
#12051=CARTESIAN_POINT('Origin',(41.125,-22.075,0.));
#12052=CARTESIAN_POINT('',(39.125,-35.075,0.));
#12053=CARTESIAN_POINT('',(39.125,-25.325,0.));
#12054=CARTESIAN_POINT('',(41.125,-37.075,0.));
#12055=CARTESIAN_POINT('Origin',(41.125,-35.075,0.));
#12056=CARTESIAN_POINT('',(34.85,-37.075,0.));
#12057=CARTESIAN_POINT('',(54.125,-39.125,0.));
#12058=CARTESIAN_POINT('',(41.125,-39.125,0.));
#12059=CARTESIAN_POINT('',(41.35,-39.125,0.));
#12060=CARTESIAN_POINT('',(39.125,-41.125,0.));
#12061=CARTESIAN_POINT('Origin',(41.125,-41.125,0.));
#12062=CARTESIAN_POINT('',(39.125,-54.125,0.));
#12063=CARTESIAN_POINT('',(39.125,-34.85,0.));
#12064=CARTESIAN_POINT('',(41.125,-56.125,0.));
#12065=CARTESIAN_POINT('Origin',(41.125,-54.125,0.));
#12066=CARTESIAN_POINT('',(54.125,-56.125,0.));
#12067=CARTESIAN_POINT('',(34.85,-56.125,0.));
#12068=CARTESIAN_POINT('',(56.125,-54.125,0.));
#12069=CARTESIAN_POINT('Origin',(54.125,-54.125,0.));
#12070=CARTESIAN_POINT('',(56.125,-41.125,0.));
#12071=CARTESIAN_POINT('',(56.125,-41.35,0.));
#12072=CARTESIAN_POINT('Origin',(54.125,-41.125,0.));
#12073=CARTESIAN_POINT('',(22.075,-37.075,0.));
#12074=CARTESIAN_POINT('',(35.075,-37.075,0.));
#12075=CARTESIAN_POINT('',(25.325,-37.075,0.));
#12076=CARTESIAN_POINT('',(37.075,-35.075,0.));
#12077=CARTESIAN_POINT('Origin',(35.075,-35.075,0.));
#12078=CARTESIAN_POINT('',(37.075,-22.075,0.));
#12079=CARTESIAN_POINT('',(37.075,-31.825,0.));
#12080=CARTESIAN_POINT('',(35.075,-20.075,0.));
#12081=CARTESIAN_POINT('Origin',(35.075,-22.075,0.));
#12082=CARTESIAN_POINT('',(22.075,-20.075,0.));
#12083=CARTESIAN_POINT('',(31.825,-20.075,0.));
#12084=CARTESIAN_POINT('',(20.075,-22.075,0.));
#12085=CARTESIAN_POINT('Origin',(22.075,-22.075,0.));
#12086=CARTESIAN_POINT('',(20.075,-35.075,0.));
#12087=CARTESIAN_POINT('',(20.075,-25.325,0.));
#12088=CARTESIAN_POINT('Origin',(22.075,-35.075,0.));
#12089=CARTESIAN_POINT('',(3.025,-18.025,0.));
#12090=CARTESIAN_POINT('',(16.025,-18.025,0.));
#12091=CARTESIAN_POINT('',(15.8,-18.025,0.));
#12092=CARTESIAN_POINT('',(18.025,-16.025,0.));
#12093=CARTESIAN_POINT('Origin',(16.025,-16.025,0.));
#12094=CARTESIAN_POINT('',(18.025,-3.02499999999999,0.));
#12095=CARTESIAN_POINT('',(18.025,-22.3,0.));
#12096=CARTESIAN_POINT('',(16.025,-1.02500000000002,0.));
#12097=CARTESIAN_POINT('Origin',(16.025,-3.02500000000003,0.));
#12098=CARTESIAN_POINT('',(3.025,-1.02500000000003,0.));
#12099=CARTESIAN_POINT('',(22.3,-1.02500000000001,0.));
#12100=CARTESIAN_POINT('',(1.025,-3.02500000000003,0.));
#12101=CARTESIAN_POINT('Origin',(3.025,-3.02500000000003,0.));
#12102=CARTESIAN_POINT('',(1.025,-16.0250000000001,0.));
#12103=CARTESIAN_POINT('',(1.025,-15.8,0.));
#12104=CARTESIAN_POINT('Origin',(3.025,-16.025,0.));
#12105=CARTESIAN_POINT('',(3.025,-37.075,0.));
#12106=CARTESIAN_POINT('',(16.025,-37.075,0.));
#12107=CARTESIAN_POINT('',(15.8,-37.075,0.));
#12108=CARTESIAN_POINT('',(18.025,-35.075,0.));
#12109=CARTESIAN_POINT('Origin',(16.025,-35.075,0.));
#12110=CARTESIAN_POINT('',(18.025,-22.075,0.));
#12111=CARTESIAN_POINT('',(18.025,-31.825,0.));
#12112=CARTESIAN_POINT('',(16.025,-20.075,0.));
#12113=CARTESIAN_POINT('Origin',(16.025,-22.075,0.));
#12114=CARTESIAN_POINT('',(3.02500000000001,-20.075,0.));
#12115=CARTESIAN_POINT('',(22.3,-20.075,0.));
#12116=CARTESIAN_POINT('',(1.025,-22.075,0.));
#12117=CARTESIAN_POINT('Origin',(3.025,-22.075,0.));
#12118=CARTESIAN_POINT('',(1.025,-35.075,0.));
#12119=CARTESIAN_POINT('',(1.025,-25.325,0.));
#12120=CARTESIAN_POINT('Origin',(3.025,-35.075,0.));
#12121=CARTESIAN_POINT('',(22.075,-56.125,0.));
#12122=CARTESIAN_POINT('',(35.075,-56.125,0.));
#12123=CARTESIAN_POINT('',(25.325,-56.125,0.));
#12124=CARTESIAN_POINT('',(37.075,-54.125,0.));
#12125=CARTESIAN_POINT('Origin',(35.075,-54.125,0.));
#12126=CARTESIAN_POINT('',(37.075,-41.125,0.));
#12127=CARTESIAN_POINT('',(37.075,-41.35,0.));
#12128=CARTESIAN_POINT('',(35.075,-39.125,0.));
#12129=CARTESIAN_POINT('Origin',(35.075,-41.125,0.));
#12130=CARTESIAN_POINT('',(22.075,-39.125,0.));
#12131=CARTESIAN_POINT('',(31.825,-39.125,0.));
#12132=CARTESIAN_POINT('',(20.075,-41.125,0.));
#12133=CARTESIAN_POINT('Origin',(22.075,-41.125,0.));
#12134=CARTESIAN_POINT('',(20.075,-54.125,0.));
#12135=CARTESIAN_POINT('',(20.075,-34.85,0.));
#12136=CARTESIAN_POINT('Origin',(22.075,-54.125,0.));
#12137=CARTESIAN_POINT('',(22.075,-18.025,0.));
#12138=CARTESIAN_POINT('',(35.075,-18.025,0.));
#12139=CARTESIAN_POINT('',(25.325,-18.025,0.));
#12140=CARTESIAN_POINT('',(37.075,-16.025,0.));
#12141=CARTESIAN_POINT('Origin',(35.075,-16.025,0.));
#12142=CARTESIAN_POINT('',(37.075,-3.02499999999999,0.));
#12143=CARTESIAN_POINT('',(37.075,-22.3,0.));
#12144=CARTESIAN_POINT('',(35.075,-1.02500000000002,0.));
#12145=CARTESIAN_POINT('Origin',(35.075,-3.02500000000003,0.));
#12146=CARTESIAN_POINT('',(22.075,-1.02500000000003,0.));
#12147=CARTESIAN_POINT('',(31.825,-1.02500000000002,0.));
#12148=CARTESIAN_POINT('',(20.075,-3.02500000000003,0.));
#12149=CARTESIAN_POINT('Origin',(22.075,-3.02500000000003,0.));
#12150=CARTESIAN_POINT('',(20.075,-16.0250000000001,0.));
#12151=CARTESIAN_POINT('',(20.075,-15.8,0.));
#12152=CARTESIAN_POINT('Origin',(22.075,-16.025,0.));
#12153=CARTESIAN_POINT('',(3.025,-56.125,0.));
#12154=CARTESIAN_POINT('',(16.025,-56.125,0.));
#12155=CARTESIAN_POINT('',(15.8,-56.125,0.));
#12156=CARTESIAN_POINT('',(18.025,-54.125,0.));
#12157=CARTESIAN_POINT('Origin',(16.025,-54.125,0.));
#12158=CARTESIAN_POINT('',(18.025,-41.125,0.));
#12159=CARTESIAN_POINT('',(18.025,-41.35,0.));
#12160=CARTESIAN_POINT('',(16.025,-39.125,0.));
#12161=CARTESIAN_POINT('Origin',(16.025,-41.125,0.));
#12162=CARTESIAN_POINT('',(3.02500000000001,-39.125,0.));
#12163=CARTESIAN_POINT('',(22.3,-39.125,0.));
#12164=CARTESIAN_POINT('',(1.025,-41.125,0.));
#12165=CARTESIAN_POINT('Origin',(3.025,-41.125,0.));
#12166=CARTESIAN_POINT('',(1.025,-54.125,0.));
#12167=CARTESIAN_POINT('',(1.025,-34.85,0.));
#12168=CARTESIAN_POINT('Origin',(3.025,-54.125,0.));
#12169=CARTESIAN_POINT('Origin',(106.975,-28.6750000000001,1.5));
#12170=CARTESIAN_POINT('',(106.975,-66.1250000000001,3.));
#12171=CARTESIAN_POINT('',(106.975,-8.45000000000005,3.));
#12172=CARTESIAN_POINT('',(106.975,-66.1250000000001,1.5));
#12173=CARTESIAN_POINT('Origin',(103.975,-66.1250000000001,1.5));
#12174=CARTESIAN_POINT('',(103.975,-69.1250000000001,3.));
#12175=CARTESIAN_POINT('Origin',(103.975,-66.1250000000001,2.99999999999999));
#12176=CARTESIAN_POINT('',(103.975,-69.1250000000001,1.5));
#12177=CARTESIAN_POINT('Origin',(-6.42500000000002,8.77499999999996,1.5));
#12178=CARTESIAN_POINT('',(-9.42500000000002,8.77499999999996,3.));
#12179=CARTESIAN_POINT('',(-6.42500000000002,11.775,3.));
#12180=CARTESIAN_POINT('Origin',(-6.42500000000002,8.77499999999996,3.));
#12181=CARTESIAN_POINT('',(-6.42500000000002,11.775,1.5));
#12182=CARTESIAN_POINT('',(-9.42500000000002,8.77499999999996,1.5));
#12183=CARTESIAN_POINT('Origin',(-9.42500000000002,-22.6875,1.5));
#12184=CARTESIAN_POINT('',(-9.42500000000002,-66.1250000000001,3.));
#12185=CARTESIAN_POINT('',(-9.42500000000002,-66.1250000000001,1.5));
#12186=CARTESIAN_POINT('',(-9.42500000000002,-39.91875,3.));
#12187=CARTESIAN_POINT('Origin',(-6.42500000000001,-66.1250000000001,1.5));
#12188=CARTESIAN_POINT('',(-6.42500000000002,-69.1250000000001,3.));
#12189=CARTESIAN_POINT('Origin',(-6.42500000000001,-66.1250000000001,3.));
#12190=CARTESIAN_POINT('',(-6.42500000000001,-69.1250000000001,1.5));
#12191=CARTESIAN_POINT('Origin',(3.025,-56.125,0.));
#12192=CARTESIAN_POINT('',(3.025,-56.125,1.5));
#12193=CARTESIAN_POINT('',(3.025,-56.125,0.));
#12194=CARTESIAN_POINT('',(16.025,-56.125,1.5));
#12195=CARTESIAN_POINT('',(3.025,-56.125,1.5));
#12196=CARTESIAN_POINT('',(16.025,-56.125,0.));
#12197=CARTESIAN_POINT('Origin',(3.025,-54.125,0.));
#12198=CARTESIAN_POINT('',(1.025,-54.125,1.5));
#12199=CARTESIAN_POINT('',(1.025,-54.125,0.));
#12200=CARTESIAN_POINT('Origin',(3.025,-54.125,1.5));
#12201=CARTESIAN_POINT('Origin',(1.025,-41.125,0.));
#12202=CARTESIAN_POINT('',(1.025,-41.125,1.5));
#12203=CARTESIAN_POINT('',(1.025,-41.125,0.));
#12204=CARTESIAN_POINT('',(1.025,-41.125,1.5));
#12205=CARTESIAN_POINT('Origin',(3.025,-41.125,0.));
#12206=CARTESIAN_POINT('',(3.02500000000001,-39.125,1.5));
#12207=CARTESIAN_POINT('',(3.02500000000001,-39.125,0.));
#12208=CARTESIAN_POINT('Origin',(3.025,-41.125,1.5));
#12209=CARTESIAN_POINT('Origin',(16.025,-39.125,0.));
#12210=CARTESIAN_POINT('',(16.025,-39.125,1.5));
#12211=CARTESIAN_POINT('',(16.025,-39.125,0.));
#12212=CARTESIAN_POINT('',(16.025,-39.125,1.5));
#12213=CARTESIAN_POINT('Origin',(16.025,-41.125,0.));
#12214=CARTESIAN_POINT('',(18.025,-41.125,1.5));
#12215=CARTESIAN_POINT('',(18.025,-41.125,0.));
#12216=CARTESIAN_POINT('Origin',(16.025,-41.125,1.5));
#12217=CARTESIAN_POINT('Origin',(18.025,-54.125,0.));
#12218=CARTESIAN_POINT('',(18.025,-54.125,1.5));
#12219=CARTESIAN_POINT('',(18.025,-54.125,0.));
#12220=CARTESIAN_POINT('',(18.025,-54.125,1.5));
#12221=CARTESIAN_POINT('Origin',(16.025,-54.125,0.));
#12222=CARTESIAN_POINT('Origin',(16.025,-54.125,1.5));
#12223=CARTESIAN_POINT('Origin',(9.525,-47.625,1.5));
#12224=CARTESIAN_POINT('',(2.525,-41.125,1.5));
#12225=CARTESIAN_POINT('',(3.025,-40.625,1.5));
#12226=CARTESIAN_POINT('Origin',(3.025,-41.125,1.5));
#12227=CARTESIAN_POINT('',(2.525,-54.125,1.5));
#12228=CARTESIAN_POINT('',(2.525,-50.875,1.5));
#12229=CARTESIAN_POINT('',(3.025,-54.625,1.5));
#12230=CARTESIAN_POINT('Origin',(3.025,-54.125,1.5));
#12231=CARTESIAN_POINT('',(16.025,-54.625,1.5));
#12232=CARTESIAN_POINT('',(12.775,-54.625,1.5));
#12233=CARTESIAN_POINT('',(16.525,-54.125,1.5));
#12234=CARTESIAN_POINT('Origin',(16.025,-54.125,1.5));
#12235=CARTESIAN_POINT('',(16.525,-41.125,1.5));
#12236=CARTESIAN_POINT('',(16.525,-44.375,1.5));
#12237=CARTESIAN_POINT('',(16.025,-40.625,1.5));
#12238=CARTESIAN_POINT('Origin',(16.025,-41.125,1.5));
#12239=CARTESIAN_POINT('',(6.275,-40.625,1.5));
#12240=CARTESIAN_POINT('Origin',(22.075,-18.025,0.));
#12241=CARTESIAN_POINT('',(22.075,-18.025,1.5));
#12242=CARTESIAN_POINT('',(22.075,-18.025,0.));
#12243=CARTESIAN_POINT('',(35.075,-18.025,1.5));
#12244=CARTESIAN_POINT('',(22.075,-18.025,1.5));
#12245=CARTESIAN_POINT('',(35.075,-18.025,0.));
#12246=CARTESIAN_POINT('Origin',(22.075,-16.025,0.));
#12247=CARTESIAN_POINT('',(20.075,-16.0250000000001,1.5));
#12248=CARTESIAN_POINT('',(20.075,-16.0250000000001,0.));
#12249=CARTESIAN_POINT('Origin',(22.075,-16.025,1.5));
#12250=CARTESIAN_POINT('Origin',(20.075,-3.02500000000003,1.73000532342461E-114));
#12251=CARTESIAN_POINT('',(20.075,-3.02500000000003,1.5));
#12252=CARTESIAN_POINT('',(20.075,-3.02500000000003,0.));
#12253=CARTESIAN_POINT('',(20.075,-3.02500000000003,1.5));
#12254=CARTESIAN_POINT('Origin',(22.075,-3.02500000000003,0.));
#12255=CARTESIAN_POINT('',(22.075,-1.02500000000003,1.5));
#12256=CARTESIAN_POINT('',(22.075,-1.02500000000003,0.));
#12257=CARTESIAN_POINT('Origin',(22.075,-3.02500000000003,1.5));
#12258=CARTESIAN_POINT('Origin',(35.075,-1.02500000000002,0.));
#12259=CARTESIAN_POINT('',(35.075,-1.02500000000002,1.5));
#12260=CARTESIAN_POINT('',(35.075,-1.02500000000002,0.));
#12261=CARTESIAN_POINT('',(35.075,-1.02500000000002,1.5));
#12262=CARTESIAN_POINT('Origin',(35.075,-3.02500000000003,0.));
#12263=CARTESIAN_POINT('',(37.075,-3.02499999999999,1.5));
#12264=CARTESIAN_POINT('',(37.075,-3.02499999999999,0.));
#12265=CARTESIAN_POINT('Origin',(35.075,-3.02500000000003,1.5));
#12266=CARTESIAN_POINT('Origin',(37.075,-16.025,-1.73000532342461E-114));
#12267=CARTESIAN_POINT('',(37.075,-16.025,1.5));
#12268=CARTESIAN_POINT('',(37.075,-16.025,0.));
#12269=CARTESIAN_POINT('',(37.075,-16.025,1.5));
#12270=CARTESIAN_POINT('Origin',(35.075,-16.025,0.));
#12271=CARTESIAN_POINT('Origin',(35.075,-16.025,1.5));
#12272=CARTESIAN_POINT('Origin',(28.575,-9.52500000000002,1.5));
#12273=CARTESIAN_POINT('',(21.575,-3.02500000000003,1.5));
#12274=CARTESIAN_POINT('',(22.075,-2.52500000000003,1.5));
#12275=CARTESIAN_POINT('Origin',(22.075,-3.025,1.5));
#12276=CARTESIAN_POINT('',(21.575,-16.025,1.5));
#12277=CARTESIAN_POINT('',(21.575,-12.775,1.5));
#12278=CARTESIAN_POINT('',(22.075,-16.525,1.5));
#12279=CARTESIAN_POINT('Origin',(22.075,-16.025,1.5));
#12280=CARTESIAN_POINT('',(35.075,-16.525,1.5));
#12281=CARTESIAN_POINT('',(31.825,-16.525,1.5));
#12282=CARTESIAN_POINT('',(35.575,-16.025,1.5));
#12283=CARTESIAN_POINT('Origin',(35.075,-16.025,1.5));
#12284=CARTESIAN_POINT('',(35.575,-3.02500000000002,1.5));
#12285=CARTESIAN_POINT('',(35.575,-6.27500000000001,1.5));
#12286=CARTESIAN_POINT('',(35.075,-2.52500000000002,1.5));
#12287=CARTESIAN_POINT('Origin',(35.075,-3.025,1.5));
#12288=CARTESIAN_POINT('',(25.325,-2.525,1.5));
#12289=CARTESIAN_POINT('Origin',(41.125,-37.075,9.74050051840034E-143));
#12290=CARTESIAN_POINT('',(41.125,-37.075,1.5));
#12291=CARTESIAN_POINT('',(41.125,-37.075,0.));
#12292=CARTESIAN_POINT('',(41.125,-37.075,1.5));
#12293=CARTESIAN_POINT('Origin',(41.125,-35.075,0.));
#12294=CARTESIAN_POINT('',(39.125,-35.075,1.5));
#12295=CARTESIAN_POINT('',(39.125,-35.075,0.));
#12296=CARTESIAN_POINT('Origin',(41.125,-35.075,1.5));
#12297=CARTESIAN_POINT('Origin',(39.125,-22.075,0.));
#12298=CARTESIAN_POINT('',(39.125,-22.075,1.5));
#12299=CARTESIAN_POINT('',(39.125,-22.075,0.));
#12300=CARTESIAN_POINT('',(39.125,-22.075,1.5));
#12301=CARTESIAN_POINT('Origin',(41.125,-22.075,0.));
#12302=CARTESIAN_POINT('',(41.125,-20.075,1.5));
#12303=CARTESIAN_POINT('',(41.125,-20.075,0.));
#12304=CARTESIAN_POINT('Origin',(41.125,-22.075,1.5));
#12305=CARTESIAN_POINT('Origin',(54.125,-20.075,0.));
#12306=CARTESIAN_POINT('',(54.125,-20.075,1.5));
#12307=CARTESIAN_POINT('',(54.125,-20.075,0.));
#12308=CARTESIAN_POINT('',(54.125,-20.075,1.5));
#12309=CARTESIAN_POINT('Origin',(54.125,-22.075,0.));
#12310=CARTESIAN_POINT('Origin',(54.125,-22.075,1.5));
#12311=CARTESIAN_POINT('Origin',(47.625,-28.575,1.5));
#12312=CARTESIAN_POINT('',(54.125,-21.575,1.5));
#12313=CARTESIAN_POINT('Origin',(54.125,-22.075,1.5));
#12314=CARTESIAN_POINT('',(41.125,-21.575,1.5));
#12315=CARTESIAN_POINT('',(44.375,-21.575,1.5));
#12316=CARTESIAN_POINT('',(40.625,-22.075,1.5));
#12317=CARTESIAN_POINT('Origin',(41.125,-22.075,1.5));
#12318=CARTESIAN_POINT('',(40.625,-35.075,1.5));
#12319=CARTESIAN_POINT('',(40.625,-31.825,1.5));
#12320=CARTESIAN_POINT('',(41.125,-35.575,1.5));
#12321=CARTESIAN_POINT('Origin',(41.125,-35.075,1.5));
#12322=CARTESIAN_POINT('',(54.125,-35.575,1.5));
#12323=CARTESIAN_POINT('',(50.875,-35.575,1.5));
#12324=CARTESIAN_POINT('Origin',(54.125,-35.075,1.5));
#12325=CARTESIAN_POINT('Origin',(22.075,-56.125,0.));
#12326=CARTESIAN_POINT('',(22.075,-56.125,1.5));
#12327=CARTESIAN_POINT('',(22.075,-56.125,0.));
#12328=CARTESIAN_POINT('',(35.075,-56.125,1.5));
#12329=CARTESIAN_POINT('',(22.075,-56.125,1.5));
#12330=CARTESIAN_POINT('',(35.075,-56.125,0.));
#12331=CARTESIAN_POINT('Origin',(22.075,-54.125,0.));
#12332=CARTESIAN_POINT('',(20.075,-54.125,1.5));
#12333=CARTESIAN_POINT('',(20.075,-54.125,0.));
#12334=CARTESIAN_POINT('Origin',(22.075,-54.125,1.5));
#12335=CARTESIAN_POINT('Origin',(20.075,-41.125,3.46001064684924E-114));
#12336=CARTESIAN_POINT('',(20.075,-41.125,1.5));
#12337=CARTESIAN_POINT('',(20.075,-41.125,0.));
#12338=CARTESIAN_POINT('',(20.075,-41.125,1.5));
#12339=CARTESIAN_POINT('Origin',(22.075,-41.125,0.));
#12340=CARTESIAN_POINT('',(22.075,-39.125,1.5));
#12341=CARTESIAN_POINT('',(22.075,-39.125,0.));
#12342=CARTESIAN_POINT('Origin',(22.075,-41.125,1.5));
#12343=CARTESIAN_POINT('Origin',(35.075,-39.125,0.));
#12344=CARTESIAN_POINT('',(35.075,-39.125,1.5));
#12345=CARTESIAN_POINT('',(35.075,-39.125,0.));
#12346=CARTESIAN_POINT('',(35.075,-39.125,1.5));
#12347=CARTESIAN_POINT('Origin',(35.075,-41.125,0.));
#12348=CARTESIAN_POINT('',(37.075,-41.125,1.5));
#12349=CARTESIAN_POINT('',(37.075,-41.125,0.));
#12350=CARTESIAN_POINT('Origin',(35.075,-41.125,1.5));
#12351=CARTESIAN_POINT('Origin',(37.075,-54.125,0.));
#12352=CARTESIAN_POINT('',(37.075,-54.125,1.5));
#12353=CARTESIAN_POINT('',(37.075,-54.125,0.));
#12354=CARTESIAN_POINT('',(37.075,-54.125,1.5));
#12355=CARTESIAN_POINT('Origin',(35.075,-54.125,0.));
#12356=CARTESIAN_POINT('Origin',(35.075,-54.125,1.5));
#12357=CARTESIAN_POINT('Origin',(28.575,-47.625,1.5));
#12358=CARTESIAN_POINT('',(21.575,-41.125,1.5));
#12359=CARTESIAN_POINT('',(22.075,-40.625,1.5));
#12360=CARTESIAN_POINT('Origin',(22.075,-41.125,1.5));
#12361=CARTESIAN_POINT('',(21.575,-54.125,1.5));
#12362=CARTESIAN_POINT('',(21.575,-50.875,1.5));
#12363=CARTESIAN_POINT('',(22.075,-54.625,1.5));
#12364=CARTESIAN_POINT('Origin',(22.075,-54.125,1.5));
#12365=CARTESIAN_POINT('',(35.075,-54.625,1.5));
#12366=CARTESIAN_POINT('',(31.825,-54.625,1.5));
#12367=CARTESIAN_POINT('',(35.575,-54.125,1.5));
#12368=CARTESIAN_POINT('Origin',(35.075,-54.125,1.5));
#12369=CARTESIAN_POINT('',(35.575,-41.125,1.5));
#12370=CARTESIAN_POINT('',(35.575,-44.375,1.5));
#12371=CARTESIAN_POINT('',(35.075,-40.625,1.5));
#12372=CARTESIAN_POINT('Origin',(35.075,-41.125,1.5));
#12373=CARTESIAN_POINT('',(25.325,-40.625,1.5));
#12374=CARTESIAN_POINT('Origin',(3.025,-37.075,0.));
#12375=CARTESIAN_POINT('',(3.025,-37.075,1.5));
#12376=CARTESIAN_POINT('',(3.025,-37.075,0.));
#12377=CARTESIAN_POINT('',(16.025,-37.075,1.5));
#12378=CARTESIAN_POINT('',(3.025,-37.075,1.5));
#12379=CARTESIAN_POINT('',(16.025,-37.075,0.));
#12380=CARTESIAN_POINT('Origin',(3.025,-35.075,0.));
#12381=CARTESIAN_POINT('',(1.025,-35.075,1.5));
#12382=CARTESIAN_POINT('',(1.025,-35.075,0.));
#12383=CARTESIAN_POINT('Origin',(3.025,-35.075,1.5));
#12384=CARTESIAN_POINT('Origin',(1.025,-22.075,0.));
#12385=CARTESIAN_POINT('',(1.025,-22.075,1.5));
#12386=CARTESIAN_POINT('',(1.025,-22.075,0.));
#12387=CARTESIAN_POINT('',(1.025,-22.075,1.5));
#12388=CARTESIAN_POINT('Origin',(3.025,-22.075,0.));
#12389=CARTESIAN_POINT('',(3.02500000000001,-20.075,1.5));
#12390=CARTESIAN_POINT('',(3.02500000000001,-20.075,0.));
#12391=CARTESIAN_POINT('Origin',(3.025,-22.075,1.5));
#12392=CARTESIAN_POINT('Origin',(16.025,-20.075,0.));
#12393=CARTESIAN_POINT('',(16.025,-20.075,1.5));
#12394=CARTESIAN_POINT('',(16.025,-20.075,0.));
#12395=CARTESIAN_POINT('',(16.025,-20.075,1.5));
#12396=CARTESIAN_POINT('Origin',(16.025,-22.075,0.));
#12397=CARTESIAN_POINT('',(18.025,-22.075,1.5));
#12398=CARTESIAN_POINT('',(18.025,-22.075,0.));
#12399=CARTESIAN_POINT('Origin',(16.025,-22.075,1.5));
#12400=CARTESIAN_POINT('Origin',(18.025,-35.075,0.));
#12401=CARTESIAN_POINT('',(18.025,-35.075,1.5));
#12402=CARTESIAN_POINT('',(18.025,-35.075,0.));
#12403=CARTESIAN_POINT('',(18.025,-35.075,1.5));
#12404=CARTESIAN_POINT('Origin',(16.025,-35.075,0.));
#12405=CARTESIAN_POINT('Origin',(16.025,-35.075,1.5));
#12406=CARTESIAN_POINT('Origin',(9.525,-28.575,1.5));
#12407=CARTESIAN_POINT('',(2.525,-22.075,1.5));
#12408=CARTESIAN_POINT('',(3.025,-21.575,1.5));
#12409=CARTESIAN_POINT('Origin',(3.025,-22.075,1.5));
#12410=CARTESIAN_POINT('',(2.525,-35.075,1.5));
#12411=CARTESIAN_POINT('',(2.525,-31.825,1.5));
#12412=CARTESIAN_POINT('',(3.025,-35.575,1.5));
#12413=CARTESIAN_POINT('Origin',(3.025,-35.075,1.5));
#12414=CARTESIAN_POINT('',(16.025,-35.575,1.5));
#12415=CARTESIAN_POINT('',(12.775,-35.575,1.5));
#12416=CARTESIAN_POINT('',(16.525,-35.075,1.5));
#12417=CARTESIAN_POINT('Origin',(16.025,-35.075,1.5));
#12418=CARTESIAN_POINT('',(16.525,-22.075,1.5));
#12419=CARTESIAN_POINT('',(16.525,-25.325,1.5));
#12420=CARTESIAN_POINT('',(16.025,-21.575,1.5));
#12421=CARTESIAN_POINT('Origin',(16.025,-22.075,1.5));
#12422=CARTESIAN_POINT('',(6.275,-21.575,1.5));
#12423=CARTESIAN_POINT('Origin',(3.025,-18.025,0.));
#12424=CARTESIAN_POINT('',(3.025,-18.025,1.5));
#12425=CARTESIAN_POINT('',(3.025,-18.025,0.));
#12426=CARTESIAN_POINT('',(16.025,-18.025,1.5));
#12427=CARTESIAN_POINT('',(3.025,-18.025,1.5));
#12428=CARTESIAN_POINT('',(16.025,-18.025,0.));
#12429=CARTESIAN_POINT('Origin',(3.025,-16.025,0.));
#12430=CARTESIAN_POINT('',(1.025,-16.0250000000001,1.5));
#12431=CARTESIAN_POINT('',(1.025,-16.0250000000001,0.));
#12432=CARTESIAN_POINT('Origin',(3.025,-16.025,1.5));
#12433=CARTESIAN_POINT('Origin',(1.025,-3.02500000000003,0.));
#12434=CARTESIAN_POINT('',(1.025,-3.02500000000003,1.5));
#12435=CARTESIAN_POINT('',(1.025,-3.02500000000003,0.));
#12436=CARTESIAN_POINT('',(1.025,-3.02500000000003,1.5));
#12437=CARTESIAN_POINT('Origin',(3.025,-3.02500000000003,0.));
#12438=CARTESIAN_POINT('',(3.025,-1.02500000000003,1.5));
#12439=CARTESIAN_POINT('',(3.025,-1.02500000000003,0.));
#12440=CARTESIAN_POINT('Origin',(3.025,-3.02500000000003,1.5));
#12441=CARTESIAN_POINT('Origin',(16.025,-1.02500000000002,0.));
#12442=CARTESIAN_POINT('',(16.025,-1.02500000000002,1.5));
#12443=CARTESIAN_POINT('',(16.025,-1.02500000000002,0.));
#12444=CARTESIAN_POINT('',(16.025,-1.02500000000002,1.5));
#12445=CARTESIAN_POINT('Origin',(16.025,-3.02500000000003,0.));
#12446=CARTESIAN_POINT('',(18.025,-3.02499999999999,1.5));
#12447=CARTESIAN_POINT('',(18.025,-3.02499999999999,0.));
#12448=CARTESIAN_POINT('Origin',(16.025,-3.02500000000003,1.5));
#12449=CARTESIAN_POINT('Origin',(18.025,-16.025,-1.73000532342464E-114));
#12450=CARTESIAN_POINT('',(18.025,-16.025,1.5));
#12451=CARTESIAN_POINT('',(18.025,-16.025,0.));
#12452=CARTESIAN_POINT('',(18.025,-16.025,1.5));
#12453=CARTESIAN_POINT('Origin',(16.025,-16.025,0.));
#12454=CARTESIAN_POINT('Origin',(16.025,-16.025,1.5));
#12455=CARTESIAN_POINT('Origin',(9.525,-9.52500000000002,1.5));
#12456=CARTESIAN_POINT('',(2.525,-3.02500000000003,1.5));
#12457=CARTESIAN_POINT('',(3.025,-2.52500000000003,1.5));
#12458=CARTESIAN_POINT('Origin',(3.025,-3.025,1.5));
#12459=CARTESIAN_POINT('',(2.525,-16.025,1.5));
#12460=CARTESIAN_POINT('',(2.525,-12.775,1.5));
#12461=CARTESIAN_POINT('',(3.025,-16.525,1.5));
#12462=CARTESIAN_POINT('Origin',(3.025,-16.025,1.5));
#12463=CARTESIAN_POINT('',(16.025,-16.525,1.5));
#12464=CARTESIAN_POINT('',(12.775,-16.525,1.5));
#12465=CARTESIAN_POINT('',(16.525,-16.025,1.5));
#12466=CARTESIAN_POINT('Origin',(16.025,-16.025,1.5));
#12467=CARTESIAN_POINT('',(16.525,-3.02500000000002,1.5));
#12468=CARTESIAN_POINT('',(16.525,-6.27500000000001,1.5));
#12469=CARTESIAN_POINT('',(16.025,-2.52500000000002,1.5));
#12470=CARTESIAN_POINT('Origin',(16.025,-3.025,1.5));
#12471=CARTESIAN_POINT('',(6.275,-2.525,1.5));
#12472=CARTESIAN_POINT('Origin',(22.075,-37.075,0.));
#12473=CARTESIAN_POINT('',(22.075,-37.075,1.5));
#12474=CARTESIAN_POINT('',(22.075,-37.075,0.));
#12475=CARTESIAN_POINT('',(35.075,-37.075,1.5));
#12476=CARTESIAN_POINT('',(22.075,-37.075,1.5));
#12477=CARTESIAN_POINT('',(35.075,-37.075,0.));
#12478=CARTESIAN_POINT('Origin',(22.075,-35.075,0.));
#12479=CARTESIAN_POINT('',(20.075,-35.075,1.5));
#12480=CARTESIAN_POINT('',(20.075,-35.075,0.));
#12481=CARTESIAN_POINT('Origin',(22.075,-35.075,1.5));
#12482=CARTESIAN_POINT('Origin',(20.075,-22.075,3.46001064684926E-114));
#12483=CARTESIAN_POINT('',(20.075,-22.075,1.5));
#12484=CARTESIAN_POINT('',(20.075,-22.075,0.));
#12485=CARTESIAN_POINT('',(20.075,-22.075,1.5));
#12486=CARTESIAN_POINT('Origin',(22.075,-22.075,0.));
#12487=CARTESIAN_POINT('',(22.075,-20.075,1.5));
#12488=CARTESIAN_POINT('',(22.075,-20.075,0.));
#12489=CARTESIAN_POINT('Origin',(22.075,-22.075,1.5));
#12490=CARTESIAN_POINT('Origin',(35.075,-20.075,0.));
#12491=CARTESIAN_POINT('',(35.075,-20.075,1.5));
#12492=CARTESIAN_POINT('',(35.075,-20.075,0.));
#12493=CARTESIAN_POINT('',(35.075,-20.075,1.5));
#12494=CARTESIAN_POINT('Origin',(35.075,-22.075,0.));
#12495=CARTESIAN_POINT('',(37.075,-22.075,1.5));
#12496=CARTESIAN_POINT('',(37.075,-22.075,0.));
#12497=CARTESIAN_POINT('Origin',(35.075,-22.075,1.5));
#12498=CARTESIAN_POINT('Origin',(37.075,-35.075,-3.46001064684925E-114));
#12499=CARTESIAN_POINT('',(37.075,-35.075,1.5));
#12500=CARTESIAN_POINT('',(37.075,-35.075,0.));
#12501=CARTESIAN_POINT('',(37.075,-35.075,1.5));
#12502=CARTESIAN_POINT('Origin',(35.075,-35.075,0.));
#12503=CARTESIAN_POINT('Origin',(35.075,-35.075,1.5));
#12504=CARTESIAN_POINT('Origin',(28.575,-28.575,1.5));
#12505=CARTESIAN_POINT('',(21.575,-22.075,1.5));
#12506=CARTESIAN_POINT('',(22.075,-21.575,1.5));
#12507=CARTESIAN_POINT('Origin',(22.075,-22.075,1.5));
#12508=CARTESIAN_POINT('',(21.575,-35.075,1.5));
#12509=CARTESIAN_POINT('',(21.575,-31.825,1.5));
#12510=CARTESIAN_POINT('',(22.075,-35.575,1.5));
#12511=CARTESIAN_POINT('Origin',(22.075,-35.075,1.5));
#12512=CARTESIAN_POINT('',(35.075,-35.575,1.5));
#12513=CARTESIAN_POINT('',(31.825,-35.575,1.5));
#12514=CARTESIAN_POINT('',(35.575,-35.075,1.5));
#12515=CARTESIAN_POINT('Origin',(35.075,-35.075,1.5));
#12516=CARTESIAN_POINT('',(35.575,-22.075,1.5));
#12517=CARTESIAN_POINT('',(35.575,-25.325,1.5));
#12518=CARTESIAN_POINT('',(35.075,-21.575,1.5));
#12519=CARTESIAN_POINT('Origin',(35.075,-22.075,1.5));
#12520=CARTESIAN_POINT('',(25.325,-21.575,1.5));
#12521=CARTESIAN_POINT('Origin',(54.125,-39.125,0.));
#12522=CARTESIAN_POINT('',(54.125,-39.125,1.5));
#12523=CARTESIAN_POINT('',(54.125,-39.125,0.));
#12524=CARTESIAN_POINT('',(41.125,-39.125,1.5));
#12525=CARTESIAN_POINT('',(54.125,-39.125,1.5));
#12526=CARTESIAN_POINT('',(41.125,-39.125,0.));
#12527=CARTESIAN_POINT('Origin',(54.125,-41.125,0.));
#12528=CARTESIAN_POINT('',(56.125,-41.125,1.5));
#12529=CARTESIAN_POINT('',(56.125,-41.125,0.));
#12530=CARTESIAN_POINT('Origin',(54.125,-41.125,1.5));
#12531=CARTESIAN_POINT('Origin',(56.125,-54.125,0.));
#12532=CARTESIAN_POINT('',(56.125,-54.125,1.5));
#12533=CARTESIAN_POINT('',(56.125,-54.125,0.));
#12534=CARTESIAN_POINT('',(56.125,-54.125,1.5));
#12535=CARTESIAN_POINT('Origin',(54.125,-54.125,0.));
#12536=CARTESIAN_POINT('',(54.125,-56.125,1.5));
#12537=CARTESIAN_POINT('',(54.125,-56.125,0.));
#12538=CARTESIAN_POINT('Origin',(54.125,-54.125,1.5));
#12539=CARTESIAN_POINT('Origin',(41.125,-56.125,0.));
#12540=CARTESIAN_POINT('',(41.125,-56.125,1.5));
#12541=CARTESIAN_POINT('',(41.125,-56.125,0.));
#12542=CARTESIAN_POINT('',(41.125,-56.125,1.5));
#12543=CARTESIAN_POINT('Origin',(41.125,-54.125,0.));
#12544=CARTESIAN_POINT('',(39.125,-54.125,1.5));
#12545=CARTESIAN_POINT('',(39.125,-54.125,0.));
#12546=CARTESIAN_POINT('Origin',(41.125,-54.125,1.5));
#12547=CARTESIAN_POINT('Origin',(39.125,-41.125,0.));
#12548=CARTESIAN_POINT('',(39.125,-41.125,1.5));
#12549=CARTESIAN_POINT('',(39.125,-41.125,0.));
#12550=CARTESIAN_POINT('',(39.125,-41.125,1.5));
#12551=CARTESIAN_POINT('Origin',(41.125,-41.125,0.));
#12552=CARTESIAN_POINT('Origin',(41.125,-41.125,1.5));
#12553=CARTESIAN_POINT('Origin',(47.625,-47.625,1.5));
#12554=CARTESIAN_POINT('',(40.625,-41.125,1.5));
#12555=CARTESIAN_POINT('',(41.125,-40.625,1.5));
#12556=CARTESIAN_POINT('Origin',(41.125,-41.125,1.5));
#12557=CARTESIAN_POINT('',(40.625,-54.125,1.5));
#12558=CARTESIAN_POINT('',(40.625,-50.875,1.5));
#12559=CARTESIAN_POINT('',(41.125,-54.625,1.5));
#12560=CARTESIAN_POINT('Origin',(41.125,-54.125,1.5));
#12561=CARTESIAN_POINT('',(54.125,-54.625,1.5));
#12562=CARTESIAN_POINT('',(50.875,-54.625,1.5));
#12563=CARTESIAN_POINT('',(54.625,-54.125,1.5));
#12564=CARTESIAN_POINT('Origin',(54.125,-54.125,1.5));
#12565=CARTESIAN_POINT('',(54.625,-41.125,1.5));
#12566=CARTESIAN_POINT('',(54.625,-44.375,1.5));
#12567=CARTESIAN_POINT('',(54.125,-40.625,1.5));
#12568=CARTESIAN_POINT('Origin',(54.125,-41.125,1.5));
#12569=CARTESIAN_POINT('',(44.375,-40.625,1.5));
#12570=CARTESIAN_POINT('Origin',(16.025,-54.625,0.));
#12571=CARTESIAN_POINT('',(3.025,-54.625,3.));
#12572=CARTESIAN_POINT('',(3.025,-54.625,0.));
#12573=CARTESIAN_POINT('',(16.025,-54.625,3.));
#12574=CARTESIAN_POINT('',(3.025,-54.625,3.));
#12575=CARTESIAN_POINT('',(16.025,-54.625,0.));
#12576=CARTESIAN_POINT('Origin',(3.025,-54.125,0.));
#12577=CARTESIAN_POINT('',(2.525,-54.125,3.));
#12578=CARTESIAN_POINT('',(2.525,-54.125,0.));
#12579=CARTESIAN_POINT('Origin',(3.025,-54.125,3.));
#12580=CARTESIAN_POINT('Origin',(2.525,-54.125,0.));
#12581=CARTESIAN_POINT('',(2.525,-41.125,3.));
#12582=CARTESIAN_POINT('',(2.525,-41.125,0.));
#12583=CARTESIAN_POINT('',(2.525,-41.125,3.));
#12584=CARTESIAN_POINT('Origin',(3.025,-41.125,0.));
#12585=CARTESIAN_POINT('',(3.025,-40.625,3.));
#12586=CARTESIAN_POINT('',(3.025,-40.625,0.));
#12587=CARTESIAN_POINT('Origin',(3.025,-41.125,3.));
#12588=CARTESIAN_POINT('Origin',(35.075,-16.525,0.));
#12589=CARTESIAN_POINT('',(22.075,-16.525,3.));
#12590=CARTESIAN_POINT('',(22.075,-16.525,0.));
#12591=CARTESIAN_POINT('',(35.075,-16.525,3.));
#12592=CARTESIAN_POINT('',(22.075,-16.525,3.));
#12593=CARTESIAN_POINT('',(35.075,-16.525,0.));
#12594=CARTESIAN_POINT('Origin',(22.075,-16.025,0.));
#12595=CARTESIAN_POINT('',(21.575,-16.025,3.));
#12596=CARTESIAN_POINT('',(21.575,-16.025,0.));
#12597=CARTESIAN_POINT('Origin',(22.075,-16.025,3.));
#12598=CARTESIAN_POINT('Origin',(21.575,-16.025,0.));
#12599=CARTESIAN_POINT('',(21.575,-3.025,3.));
#12600=CARTESIAN_POINT('',(21.575,-3.025,0.));
#12601=CARTESIAN_POINT('',(21.575,-3.025,3.));
#12602=CARTESIAN_POINT('Origin',(22.075,-3.025,0.));
#12603=CARTESIAN_POINT('',(22.075,-2.525,3.));
#12604=CARTESIAN_POINT('',(22.075,-2.525,0.));
#12605=CARTESIAN_POINT('Origin',(22.075,-3.025,3.));
#12606=CARTESIAN_POINT('Origin',(54.125,-35.575,0.));
#12607=CARTESIAN_POINT('',(41.125,-35.575,3.));
#12608=CARTESIAN_POINT('',(41.125,-35.575,0.));
#12609=CARTESIAN_POINT('',(54.125,-35.575,3.));
#12610=CARTESIAN_POINT('',(41.125,-35.575,3.));
#12611=CARTESIAN_POINT('',(54.125,-35.575,0.));
#12612=CARTESIAN_POINT('Origin',(41.125,-35.075,0.));
#12613=CARTESIAN_POINT('',(40.625,-35.075,3.));
#12614=CARTESIAN_POINT('',(40.625,-35.075,0.));
#12615=CARTESIAN_POINT('Origin',(41.125,-35.075,3.));
#12616=CARTESIAN_POINT('Origin',(40.625,-35.075,0.));
#12617=CARTESIAN_POINT('',(40.625,-22.075,3.));
#12618=CARTESIAN_POINT('',(40.625,-22.075,0.));
#12619=CARTESIAN_POINT('',(40.625,-22.075,3.));
#12620=CARTESIAN_POINT('Origin',(41.125,-22.075,0.));
#12621=CARTESIAN_POINT('',(41.125,-21.575,3.));
#12622=CARTESIAN_POINT('',(41.125,-21.575,0.));
#12623=CARTESIAN_POINT('Origin',(41.125,-22.075,3.));
#12624=CARTESIAN_POINT('Origin',(35.075,-54.625,0.));
#12625=CARTESIAN_POINT('',(22.075,-54.625,3.));
#12626=CARTESIAN_POINT('',(22.075,-54.625,0.));
#12627=CARTESIAN_POINT('',(35.075,-54.625,3.));
#12628=CARTESIAN_POINT('',(22.075,-54.625,3.));
#12629=CARTESIAN_POINT('',(35.075,-54.625,0.));
#12630=CARTESIAN_POINT('Origin',(22.075,-54.125,0.));
#12631=CARTESIAN_POINT('',(21.575,-54.125,3.));
#12632=CARTESIAN_POINT('',(21.575,-54.125,0.));
#12633=CARTESIAN_POINT('Origin',(22.075,-54.125,3.));
#12634=CARTESIAN_POINT('Origin',(21.575,-54.125,0.));
#12635=CARTESIAN_POINT('',(21.575,-41.125,3.));
#12636=CARTESIAN_POINT('',(21.575,-41.125,0.));
#12637=CARTESIAN_POINT('',(21.575,-41.125,3.));
#12638=CARTESIAN_POINT('Origin',(22.075,-41.125,0.));
#12639=CARTESIAN_POINT('',(22.075,-40.625,3.));
#12640=CARTESIAN_POINT('',(22.075,-40.625,0.));
#12641=CARTESIAN_POINT('Origin',(22.075,-41.125,3.));
#12642=CARTESIAN_POINT('Origin',(16.025,-35.575,0.));
#12643=CARTESIAN_POINT('',(3.025,-35.575,3.));
#12644=CARTESIAN_POINT('',(3.025,-35.575,0.));
#12645=CARTESIAN_POINT('',(16.025,-35.575,3.));
#12646=CARTESIAN_POINT('',(3.025,-35.575,3.));
#12647=CARTESIAN_POINT('',(16.025,-35.575,0.));
#12648=CARTESIAN_POINT('Origin',(3.025,-35.075,0.));
#12649=CARTESIAN_POINT('',(2.525,-35.075,3.));
#12650=CARTESIAN_POINT('',(2.525,-35.075,0.));
#12651=CARTESIAN_POINT('Origin',(3.025,-35.075,3.));
#12652=CARTESIAN_POINT('Origin',(2.525,-35.075,0.));
#12653=CARTESIAN_POINT('',(2.525,-22.075,3.));
#12654=CARTESIAN_POINT('',(2.525,-22.075,0.));
#12655=CARTESIAN_POINT('',(2.525,-22.075,3.));
#12656=CARTESIAN_POINT('Origin',(3.025,-22.075,0.));
#12657=CARTESIAN_POINT('',(3.025,-21.575,3.));
#12658=CARTESIAN_POINT('',(3.025,-21.575,0.));
#12659=CARTESIAN_POINT('Origin',(3.025,-22.075,3.));
#12660=CARTESIAN_POINT('Origin',(16.025,-16.525,0.));
#12661=CARTESIAN_POINT('',(3.025,-16.525,3.));
#12662=CARTESIAN_POINT('',(3.025,-16.525,0.));
#12663=CARTESIAN_POINT('',(16.025,-16.525,3.));
#12664=CARTESIAN_POINT('',(3.025,-16.525,3.));
#12665=CARTESIAN_POINT('',(16.025,-16.525,0.));
#12666=CARTESIAN_POINT('Origin',(3.025,-16.025,0.));
#12667=CARTESIAN_POINT('',(2.525,-16.025,3.));
#12668=CARTESIAN_POINT('',(2.525,-16.025,0.));
#12669=CARTESIAN_POINT('Origin',(3.025,-16.025,3.));
#12670=CARTESIAN_POINT('Origin',(2.525,-16.025,0.));
#12671=CARTESIAN_POINT('',(2.525,-3.025,3.));
#12672=CARTESIAN_POINT('',(2.525,-3.025,0.));
#12673=CARTESIAN_POINT('',(2.525,-3.025,3.));
#12674=CARTESIAN_POINT('Origin',(3.025,-3.025,0.));
#12675=CARTESIAN_POINT('',(3.025,-2.525,3.));
#12676=CARTESIAN_POINT('',(3.025,-2.525,0.));
#12677=CARTESIAN_POINT('Origin',(3.025,-3.025,3.));
#12678=CARTESIAN_POINT('Origin',(35.075,-35.575,0.));
#12679=CARTESIAN_POINT('',(22.075,-35.575,3.));
#12680=CARTESIAN_POINT('',(22.075,-35.575,0.));
#12681=CARTESIAN_POINT('',(35.075,-35.575,3.));
#12682=CARTESIAN_POINT('',(22.075,-35.575,3.));
#12683=CARTESIAN_POINT('',(35.075,-35.575,0.));
#12684=CARTESIAN_POINT('Origin',(22.075,-35.075,0.));
#12685=CARTESIAN_POINT('',(21.575,-35.075,3.));
#12686=CARTESIAN_POINT('',(21.575,-35.075,0.));
#12687=CARTESIAN_POINT('Origin',(22.075,-35.075,3.));
#12688=CARTESIAN_POINT('Origin',(21.575,-35.075,0.));
#12689=CARTESIAN_POINT('',(21.575,-22.075,3.));
#12690=CARTESIAN_POINT('',(21.575,-22.075,0.));
#12691=CARTESIAN_POINT('',(21.575,-22.075,3.));
#12692=CARTESIAN_POINT('Origin',(22.075,-22.075,0.));
#12693=CARTESIAN_POINT('',(22.075,-21.575,3.));
#12694=CARTESIAN_POINT('',(22.075,-21.575,0.));
#12695=CARTESIAN_POINT('Origin',(22.075,-22.075,3.));
#12696=CARTESIAN_POINT('Origin',(54.125,-54.625,0.));
#12697=CARTESIAN_POINT('',(41.125,-54.625,3.));
#12698=CARTESIAN_POINT('',(41.125,-54.625,0.));
#12699=CARTESIAN_POINT('',(54.125,-54.625,3.));
#12700=CARTESIAN_POINT('',(41.125,-54.625,3.));
#12701=CARTESIAN_POINT('',(54.125,-54.625,0.));
#12702=CARTESIAN_POINT('Origin',(41.125,-54.125,0.));
#12703=CARTESIAN_POINT('',(40.625,-54.125,3.));
#12704=CARTESIAN_POINT('',(40.625,-54.125,0.));
#12705=CARTESIAN_POINT('Origin',(41.125,-54.125,3.));
#12706=CARTESIAN_POINT('Origin',(40.625,-54.125,0.));
#12707=CARTESIAN_POINT('',(40.625,-41.125,3.));
#12708=CARTESIAN_POINT('',(40.625,-41.125,0.));
#12709=CARTESIAN_POINT('',(40.625,-41.125,3.));
#12710=CARTESIAN_POINT('Origin',(41.125,-41.125,0.));
#12711=CARTESIAN_POINT('',(41.125,-40.625,3.));
#12712=CARTESIAN_POINT('',(41.125,-40.625,0.));
#12713=CARTESIAN_POINT('Origin',(41.125,-41.125,3.));
#12714=CARTESIAN_POINT('Origin',(23.8625,-69.1250000000001,1.5));
#12715=CARTESIAN_POINT('',(40.50625,-69.1250000000001,3.));
#12716=CARTESIAN_POINT('Origin',(28.575,11.775,1.5));
#12717=CARTESIAN_POINT('',(57.15,11.775,3.));
#12718=CARTESIAN_POINT('Origin',(35.075,-35.075,0.));
#12719=CARTESIAN_POINT('',(35.575,-35.075,3.));
#12720=CARTESIAN_POINT('Origin',(35.075,-35.075,3.));
#12721=CARTESIAN_POINT('',(35.575,-35.075,0.));
#12722=CARTESIAN_POINT('Origin',(35.575,-22.075,0.));
#12723=CARTESIAN_POINT('',(35.575,-22.075,3.));
#12724=CARTESIAN_POINT('',(35.575,-22.075,3.));
#12725=CARTESIAN_POINT('',(35.575,-22.075,0.));
#12726=CARTESIAN_POINT('Origin',(35.075,-22.075,0.));
#12727=CARTESIAN_POINT('',(35.075,-21.575,3.));
#12728=CARTESIAN_POINT('Origin',(35.075,-22.075,3.));
#12729=CARTESIAN_POINT('',(35.075,-21.575,0.));
#12730=CARTESIAN_POINT('Origin',(22.075,-21.575,0.));
#12731=CARTESIAN_POINT('',(22.075,-21.575,3.));
#12732=CARTESIAN_POINT('Origin',(16.025,-35.075,0.));
#12733=CARTESIAN_POINT('',(16.525,-35.075,3.));
#12734=CARTESIAN_POINT('Origin',(16.025,-35.075,3.));
#12735=CARTESIAN_POINT('',(16.525,-35.075,0.));
#12736=CARTESIAN_POINT('Origin',(16.525,-22.075,0.));
#12737=CARTESIAN_POINT('',(16.525,-22.075,3.));
#12738=CARTESIAN_POINT('',(16.525,-22.075,3.));
#12739=CARTESIAN_POINT('',(16.525,-22.075,0.));
#12740=CARTESIAN_POINT('Origin',(16.025,-22.075,0.));
#12741=CARTESIAN_POINT('',(16.025,-21.575,3.));
#12742=CARTESIAN_POINT('Origin',(16.025,-22.075,3.));
#12743=CARTESIAN_POINT('',(16.025,-21.575,0.));
#12744=CARTESIAN_POINT('Origin',(3.025,-21.575,0.));
#12745=CARTESIAN_POINT('',(3.025,-21.575,3.));
#12746=CARTESIAN_POINT('Origin',(16.025,-16.025,0.));
#12747=CARTESIAN_POINT('',(16.525,-16.025,3.));
#12748=CARTESIAN_POINT('Origin',(16.025,-16.025,3.));
#12749=CARTESIAN_POINT('',(16.525,-16.025,0.));
#12750=CARTESIAN_POINT('Origin',(16.525,-3.025,0.));
#12751=CARTESIAN_POINT('',(16.525,-3.025,3.));
#12752=CARTESIAN_POINT('',(16.525,-3.025,3.));
#12753=CARTESIAN_POINT('',(16.525,-3.025,0.));
#12754=CARTESIAN_POINT('Origin',(16.025,-3.025,0.));
#12755=CARTESIAN_POINT('',(16.025,-2.525,3.));
#12756=CARTESIAN_POINT('Origin',(16.025,-3.025,3.));
#12757=CARTESIAN_POINT('',(16.025,-2.525,0.));
#12758=CARTESIAN_POINT('Origin',(3.025,-2.525,0.));
#12759=CARTESIAN_POINT('',(3.025,-2.525,3.));
#12760=CARTESIAN_POINT('Origin',(35.075,-16.025,0.));
#12761=CARTESIAN_POINT('',(35.575,-16.025,3.));
#12762=CARTESIAN_POINT('Origin',(35.075,-16.025,3.));
#12763=CARTESIAN_POINT('',(35.575,-16.025,0.));
#12764=CARTESIAN_POINT('Origin',(35.575,-3.025,0.));
#12765=CARTESIAN_POINT('',(35.575,-3.025,3.));
#12766=CARTESIAN_POINT('',(35.575,-3.025,3.));
#12767=CARTESIAN_POINT('',(35.575,-3.025,0.));
#12768=CARTESIAN_POINT('Origin',(35.075,-3.025,0.));
#12769=CARTESIAN_POINT('',(35.075,-2.525,3.));
#12770=CARTESIAN_POINT('Origin',(35.075,-3.025,3.));
#12771=CARTESIAN_POINT('',(35.075,-2.525,0.));
#12772=CARTESIAN_POINT('Origin',(22.075,-2.525,0.));
#12773=CARTESIAN_POINT('',(22.075,-2.525,3.));
#12774=CARTESIAN_POINT('Origin',(54.125,-54.125,0.));
#12775=CARTESIAN_POINT('',(54.625,-54.125,3.));
#12776=CARTESIAN_POINT('Origin',(54.125,-54.125,3.));
#12777=CARTESIAN_POINT('',(54.625,-54.125,0.));
#12778=CARTESIAN_POINT('Origin',(54.625,-41.125,0.));
#12779=CARTESIAN_POINT('',(54.625,-41.125,3.));
#12780=CARTESIAN_POINT('',(54.625,-41.125,3.));
#12781=CARTESIAN_POINT('',(54.625,-41.125,0.));
#12782=CARTESIAN_POINT('Origin',(54.125,-41.125,0.));
#12783=CARTESIAN_POINT('',(54.125,-40.625,3.));
#12784=CARTESIAN_POINT('Origin',(54.125,-41.125,3.));
#12785=CARTESIAN_POINT('',(54.125,-40.625,0.));
#12786=CARTESIAN_POINT('Origin',(41.125,-40.625,0.));
#12787=CARTESIAN_POINT('',(41.125,-40.625,3.));
#12788=CARTESIAN_POINT('Origin',(35.075,-54.125,0.));
#12789=CARTESIAN_POINT('',(35.575,-54.125,3.));
#12790=CARTESIAN_POINT('Origin',(35.075,-54.125,3.));
#12791=CARTESIAN_POINT('',(35.575,-54.125,0.));
#12792=CARTESIAN_POINT('Origin',(35.575,-41.125,0.));
#12793=CARTESIAN_POINT('',(35.575,-41.125,3.));
#12794=CARTESIAN_POINT('',(35.575,-41.125,3.));
#12795=CARTESIAN_POINT('',(35.575,-41.125,0.));
#12796=CARTESIAN_POINT('Origin',(35.075,-41.125,0.));
#12797=CARTESIAN_POINT('',(35.075,-40.625,3.));
#12798=CARTESIAN_POINT('Origin',(35.075,-41.125,3.));
#12799=CARTESIAN_POINT('',(35.075,-40.625,0.));
#12800=CARTESIAN_POINT('Origin',(22.075,-40.625,0.));
#12801=CARTESIAN_POINT('',(22.075,-40.625,3.));
#12802=CARTESIAN_POINT('Origin',(16.025,-54.125,0.));
#12803=CARTESIAN_POINT('',(16.525,-54.125,3.));
#12804=CARTESIAN_POINT('Origin',(16.025,-54.125,3.));
#12805=CARTESIAN_POINT('',(16.525,-54.125,0.));
#12806=CARTESIAN_POINT('Origin',(16.525,-41.125,0.));
#12807=CARTESIAN_POINT('',(16.525,-41.125,3.));
#12808=CARTESIAN_POINT('',(16.525,-41.125,3.));
#12809=CARTESIAN_POINT('',(16.525,-41.125,0.));
#12810=CARTESIAN_POINT('Origin',(16.025,-41.125,0.));
#12811=CARTESIAN_POINT('',(16.025,-40.625,3.));
#12812=CARTESIAN_POINT('Origin',(16.025,-41.125,3.));
#12813=CARTESIAN_POINT('',(16.025,-40.625,0.));
#12814=CARTESIAN_POINT('Origin',(3.025,-40.625,0.));
#12815=CARTESIAN_POINT('',(3.025,-40.625,3.));
#12816=CARTESIAN_POINT('Origin',(54.125,-35.075,0.));
#12817=CARTESIAN_POINT('',(54.625,-35.075,3.));
#12818=CARTESIAN_POINT('Origin',(54.125,-35.075,3.));
#12819=CARTESIAN_POINT('',(54.625,-35.075,0.));
#12820=CARTESIAN_POINT('Origin',(54.625,-22.075,0.));
#12821=CARTESIAN_POINT('',(54.625,-22.075,3.));
#12822=CARTESIAN_POINT('',(54.625,-22.075,3.));
#12823=CARTESIAN_POINT('',(54.625,-22.075,0.));
#12824=CARTESIAN_POINT('Origin',(54.125,-22.075,0.));
#12825=CARTESIAN_POINT('',(54.125,-21.575,3.));
#12826=CARTESIAN_POINT('Origin',(54.125,-22.075,3.));
#12827=CARTESIAN_POINT('',(54.125,-21.575,0.));
#12828=CARTESIAN_POINT('Origin',(41.125,-21.575,0.));
#12829=CARTESIAN_POINT('',(41.125,-21.575,3.));
#12830=CARTESIAN_POINT('Origin',(28.575,-28.575,3.));
#12831=CARTESIAN_POINT('Origin',(90.4008163252399,22.875,45.5));
#12832=CARTESIAN_POINT('',(90.9008163252399,22.375,45.5));
#12833=CARTESIAN_POINT('',(90.4008163252399,22.375,46.));
#12834=CARTESIAN_POINT('',(90.9008163252399,22.375,45.5));
#12835=CARTESIAN_POINT('',(90.4008163252399,22.875,45.5));
#12836=CARTESIAN_POINT('',(90.4008163252399,22.875,45.5));
#12837=CARTESIAN_POINT('',(90.4008163252399,22.375,46.));
#12838=CARTESIAN_POINT('Origin',(90.6508163252399,22.625,45.));
#12839=CARTESIAN_POINT('',(90.9008163252399,22.375,45.));
#12840=CARTESIAN_POINT('',(90.4008163252399,22.875,45.));
#12841=CARTESIAN_POINT('',(88.0756122439299,25.20020408131,45.));
#12842=CARTESIAN_POINT('',(90.4008163252399,22.875,45.));
#12843=CARTESIAN_POINT('',(90.9008163252399,22.375,45.));
#12844=CARTESIAN_POINT('Origin',(90.9008163252399,12.075,45.5));
#12845=CARTESIAN_POINT('',(90.4008163252399,11.575,45.5));
#12846=CARTESIAN_POINT('',(90.4008163252399,12.075,46.));
#12847=CARTESIAN_POINT('',(90.4008163252399,11.575,45.5));
#12848=CARTESIAN_POINT('',(90.9008163252399,12.075,45.5));
#12849=CARTESIAN_POINT('',(90.9008163252399,12.075,45.5));
#12850=CARTESIAN_POINT('',(90.4008163252399,12.075,46.));
#12851=CARTESIAN_POINT('Origin',(90.6508163252399,11.825,45.));
#12852=CARTESIAN_POINT('',(90.4008163252399,11.575,45.));
#12853=CARTESIAN_POINT('',(90.9008163252399,12.075,45.));
#12854=CARTESIAN_POINT('',(91.7506122439299,12.92479591869,45.));
#12855=CARTESIAN_POINT('',(90.9008163252399,12.075,45.));
#12856=CARTESIAN_POINT('',(90.4008163252399,11.575,45.));
#12857=CARTESIAN_POINT('Origin',(90.6508163252399,14.4,45.75));
#12858=CARTESIAN_POINT('',(90.4008163252399,14.4,46.));
#12859=CARTESIAN_POINT('',(90.9008163252399,14.4,45.5));
#12860=CARTESIAN_POINT('Origin',(90.1127040813099,11.825,45.75));
#12861=CARTESIAN_POINT('',(89.85,11.575,45.5));
#12862=CARTESIAN_POINT('',(90.1127040813099,11.575,45.5));
#12863=CARTESIAN_POINT('',(90.35,12.075,46.));
#12864=CARTESIAN_POINT('',(90.1127040813099,12.075,46.));
#12865=CARTESIAN_POINT('',(90.35,12.075,46.));
#12866=CARTESIAN_POINT('Origin',(90.1,20.05,45.75));
#12867=CARTESIAN_POINT('',(89.85,22.875,45.5));
#12868=CARTESIAN_POINT('',(89.85,20.05,45.5));
#12869=CARTESIAN_POINT('',(90.35,22.375,46.));
#12870=CARTESIAN_POINT('',(90.35,20.05,46.));
#12871=CARTESIAN_POINT('',(90.35,22.375,46.));
#12872=CARTESIAN_POINT('Origin',(90.6381122439299,22.625,45.75));
#12873=CARTESIAN_POINT('',(90.6381122439299,22.375,46.));
#12874=CARTESIAN_POINT('',(90.6381122439299,22.875,45.5));
#12875=CARTESIAN_POINT('Origin',(90.9008163252399,11.575,45.));
#12876=CARTESIAN_POINT('',(90.9008163252399,18.075,45.));
#12877=CARTESIAN_POINT('Origin',(90.3754081626199,17.225,46.));
#12878=CARTESIAN_POINT('Origin',(85.0874573893749,3.96978174567996,45.95));
#12879=CARTESIAN_POINT('',(90.4263097091299,3.91978174567996,46.));
#12880=CARTESIAN_POINT('',(92.8995066161299,3.91978174567996,46.));
#12881=CARTESIAN_POINT('',(85.0874573893749,3.91978174567996,46.));
#12882=CARTESIAN_POINT('',(92.7995066161299,4.01978174567996,45.9));
#12883=CARTESIAN_POINT('',(92.8995066161299,3.91978174567996,46.));
#12884=CARTESIAN_POINT('',(90.5263097091299,4.01978174567996,45.9));
#12885=CARTESIAN_POINT('',(85.0874573893749,4.01978174567996,45.9));
#12886=CARTESIAN_POINT('',(90.4263097091299,3.91978174567996,46.));
#12887=CARTESIAN_POINT('Origin',(92.8495066161299,5.96823608374496,45.95));
#12888=CARTESIAN_POINT('',(92.8995066161299,6.71772086309996,46.));
#12889=CARTESIAN_POINT('',(92.8995066161299,5.96823608374496,46.));
#12890=CARTESIAN_POINT('',(92.7995066161299,6.61772086309996,45.9));
#12891=CARTESIAN_POINT('',(92.8995066161299,6.71772086309996,46.));
#12892=CARTESIAN_POINT('',(92.7995066161299,5.96823608374496,45.9));
#12893=CARTESIAN_POINT('Origin',(83.9508589358749,6.66772086309996,45.95));
#12894=CARTESIAN_POINT('',(90.4263097091299,6.71772086309996,46.));
#12895=CARTESIAN_POINT('',(83.9508589358749,6.71772086309996,46.));
#12896=CARTESIAN_POINT('',(90.5263097091299,6.61772086309996,45.9));
#12897=CARTESIAN_POINT('',(90.4263097091299,6.71772086309996,46.));
#12898=CARTESIAN_POINT('',(83.9508589358749,6.61772086309996,45.9));
#12899=CARTESIAN_POINT('Origin',(90.4763097091299,4.66926652503496,45.95));
#12900=CARTESIAN_POINT('',(90.5263097091299,4.66926652503496,45.9));
#12901=CARTESIAN_POINT('',(90.4263097091299,4.66926652503496,46.));
#12902=CARTESIAN_POINT('Origin',(90.5263097091299,4.01978174567996,45.));
#12903=CARTESIAN_POINT('',(90.5263097091299,4.01978174567996,45.));
#12904=CARTESIAN_POINT('',(90.5263097091299,4.01978174567996,45.));
#12905=CARTESIAN_POINT('',(90.5263097091299,6.61772086309996,45.));
#12906=CARTESIAN_POINT('',(90.5263097091299,14.29739087284,45.));
#12907=CARTESIAN_POINT('',(90.5263097091299,6.61772086309996,45.));
#12908=CARTESIAN_POINT('Origin',(92.7995066161299,4.01978174567996,45.));
#12909=CARTESIAN_POINT('',(92.7995066161299,4.01978174567996,45.));
#12910=CARTESIAN_POINT('',(92.7995066161299,4.01978174567996,45.));
#12911=CARTESIAN_POINT('',(87.549753308065,4.01978174567996,45.));
#12912=CARTESIAN_POINT('Origin',(77.3754081626199,5.31875130438996,46.));
#12913=CARTESIAN_POINT('',(93.5495066161299,7.36772086309996,46.));
#12914=CARTESIAN_POINT('',(93.5495066161299,3.26978174567996,46.));
#12915=CARTESIAN_POINT('',(93.5495066161299,4.04426652503496,46.));
#12916=CARTESIAN_POINT('',(61.2013097091099,7.36772086309995,46.));
#12917=CARTESIAN_POINT('',(85.7124573893749,7.36772086309996,46.));
#12918=CARTESIAN_POINT('',(61.2013097091099,3.26978174567996,46.));
#12919=CARTESIAN_POINT('',(61.2013097091099,6.59323608374495,46.));
#12920=CARTESIAN_POINT('',(69.0383589358649,3.26978174567996,46.));
#12921=CARTESIAN_POINT('',(64.3245066161299,6.71772086309996,46.));
#12922=CARTESIAN_POINT('',(61.8513097091099,6.71772086309996,46.));
#12923=CARTESIAN_POINT('',(69.663358935865,6.71772086309996,46.));
#12924=CARTESIAN_POINT('',(64.3245066161299,3.91978174567996,46.));
#12925=CARTESIAN_POINT('',(64.3245066161299,5.96823608374497,46.));
#12926=CARTESIAN_POINT('',(61.8513097091099,3.91978174567996,46.));
#12927=CARTESIAN_POINT('',(70.799957389375,3.91978174567996,46.));
#12928=CARTESIAN_POINT('',(61.8513097091099,4.66926652503496,46.));
#12929=CARTESIAN_POINT('',(71.3763097091099,6.71772086309996,46.));
#12930=CARTESIAN_POINT('',(71.3763097091099,3.91978174567996,46.));
#12931=CARTESIAN_POINT('',(71.3763097091099,4.66926652503496,46.));
#12932=CARTESIAN_POINT('',(73.8495066161299,6.71772086309996,46.));
#12933=CARTESIAN_POINT('',(74.425858935865,6.71772086309996,46.));
#12934=CARTESIAN_POINT('',(73.8495066161299,3.91978174567996,46.));
#12935=CARTESIAN_POINT('',(73.8495066161299,5.96823608374497,46.));
#12936=CARTESIAN_POINT('',(75.5624573893749,3.91978174567996,46.));
#12937=CARTESIAN_POINT('',(83.3745066161299,6.71772086309996,46.));
#12938=CARTESIAN_POINT('',(80.9013097091099,6.71772086309996,46.));
#12939=CARTESIAN_POINT('',(79.188358935865,6.71772086309996,46.));
#12940=CARTESIAN_POINT('',(83.3745066161299,3.91978174567996,46.));
#12941=CARTESIAN_POINT('',(83.3745066161299,5.96823608374497,46.));
#12942=CARTESIAN_POINT('',(80.9013097091099,3.91978174567996,46.));
#12943=CARTESIAN_POINT('',(80.324957389375,3.91978174567996,46.));
#12944=CARTESIAN_POINT('',(80.9013097091099,4.66926652503496,46.));
#12945=CARTESIAN_POINT('',(88.1370066161299,6.71772086309996,46.));
#12946=CARTESIAN_POINT('',(85.66380970911,6.71772086309996,46.));
#12947=CARTESIAN_POINT('',(81.569608935865,6.71772086309996,46.));
#12948=CARTESIAN_POINT('',(88.1370066161299,3.91978174567996,46.));
#12949=CARTESIAN_POINT('',(88.1370066161299,5.96823608374497,46.));
#12950=CARTESIAN_POINT('',(85.66380970911,3.91978174567996,46.));
#12951=CARTESIAN_POINT('',(82.706207389375,3.91978174567996,46.));
#12952=CARTESIAN_POINT('',(85.66380970911,4.66926652503496,46.));
#12953=CARTESIAN_POINT('',(76.1388097091099,6.71772086309996,46.));
#12954=CARTESIAN_POINT('',(76.1388097091099,3.91978174567996,46.));
#12955=CARTESIAN_POINT('',(76.1388097091099,4.66926652503496,46.));
#12956=CARTESIAN_POINT('',(78.6120066161299,6.71772086309996,46.));
#12957=CARTESIAN_POINT('',(76.807108935865,6.71772086309996,46.));
#12958=CARTESIAN_POINT('',(78.6120066161299,3.91978174567996,46.));
#12959=CARTESIAN_POINT('',(78.6120066161299,5.96823608374497,46.));
#12960=CARTESIAN_POINT('',(77.9437073893749,3.91978174567996,46.));
#12961=CARTESIAN_POINT('',(69.0870066161299,6.71772086309996,46.));
#12962=CARTESIAN_POINT('',(66.6138097091099,6.71772086309996,46.));
#12963=CARTESIAN_POINT('',(72.044608935865,6.71772086309996,46.));
#12964=CARTESIAN_POINT('',(69.0870066161299,3.91978174567996,46.));
#12965=CARTESIAN_POINT('',(69.0870066161299,5.96823608374497,46.));
#12966=CARTESIAN_POINT('',(66.6138097091099,3.91978174567996,46.));
#12967=CARTESIAN_POINT('',(73.1812073893749,3.91978174567996,46.));
#12968=CARTESIAN_POINT('',(66.6138097091099,4.66926652503496,46.));
#12969=CARTESIAN_POINT('Origin',(69.663358935865,6.66772086309997,45.95));
#12970=CARTESIAN_POINT('',(61.9513097091099,6.61772086309996,45.9));
#12971=CARTESIAN_POINT('',(61.8513097091099,6.71772086309996,46.));
#12972=CARTESIAN_POINT('',(64.22450661613,6.61772086309997,45.9));
#12973=CARTESIAN_POINT('',(69.663358935865,6.61772086309997,45.9));
#12974=CARTESIAN_POINT('',(64.3245066161299,6.71772086309996,46.));
#12975=CARTESIAN_POINT('Origin',(61.90130970911,4.66926652503496,45.95));
#12976=CARTESIAN_POINT('',(61.95130970911,4.01978174567997,45.9));
#12977=CARTESIAN_POINT('',(61.8513097091099,3.91978174567996,46.));
#12978=CARTESIAN_POINT('',(61.95130970911,4.66926652503496,45.9));
#12979=CARTESIAN_POINT('Origin',(70.799957389375,3.96978174567997,45.95));
#12980=CARTESIAN_POINT('',(64.22450661613,4.01978174567997,45.9));
#12981=CARTESIAN_POINT('',(64.3245066161299,3.91978174567996,46.));
#12982=CARTESIAN_POINT('',(70.799957389375,4.01978174567997,45.9));
#12983=CARTESIAN_POINT('Origin',(64.2745066161299,5.96823608374497,45.95));
#12984=CARTESIAN_POINT('',(64.22450661613,5.96823608374497,45.9));
#12985=CARTESIAN_POINT('Origin',(64.22450661613,6.61772086309997,45.));
#12986=CARTESIAN_POINT('',(64.22450661613,6.61772086309997,43.));
#12987=CARTESIAN_POINT('',(64.22450661613,6.61772086309997,45.));
#12988=CARTESIAN_POINT('',(64.22450661613,4.01978174567997,43.));
#12989=CARTESIAN_POINT('',(64.22450661613,15.59636043155,43.));
#12990=CARTESIAN_POINT('',(64.22450661613,4.01978174567997,45.));
#12991=CARTESIAN_POINT('Origin',(61.95130970911,6.61772086309997,45.));
#12992=CARTESIAN_POINT('',(61.95130970911,6.61772086309997,43.));
#12993=CARTESIAN_POINT('',(61.9513097091099,6.61772086309996,45.));
#12994=CARTESIAN_POINT('',(72.125654854555,6.61772086309997,43.));
#12995=CARTESIAN_POINT('Origin',(72.044608935865,6.66772086309997,45.95));
#12996=CARTESIAN_POINT('',(66.71380970911,6.61772086309997,45.9));
#12997=CARTESIAN_POINT('',(66.6138097091099,6.71772086309996,46.));
#12998=CARTESIAN_POINT('',(68.98700661613,6.61772086309997,45.9));
#12999=CARTESIAN_POINT('',(72.044608935865,6.61772086309997,45.9));
#13000=CARTESIAN_POINT('',(69.0870066161299,6.71772086309996,46.));
#13001=CARTESIAN_POINT('Origin',(66.66380970911,4.66926652503496,45.95));
#13002=CARTESIAN_POINT('',(66.7138097091099,4.01978174567996,45.9));
#13003=CARTESIAN_POINT('',(66.6138097091099,3.91978174567996,46.));
#13004=CARTESIAN_POINT('',(66.71380970911,4.66926652503496,45.9));
#13005=CARTESIAN_POINT('Origin',(73.1812073893749,3.96978174567997,45.95));
#13006=CARTESIAN_POINT('',(68.98700661613,4.01978174567997,45.9));
#13007=CARTESIAN_POINT('',(69.0870066161299,3.91978174567996,46.));
#13008=CARTESIAN_POINT('',(73.1812073893749,4.01978174567997,45.9));
#13009=CARTESIAN_POINT('Origin',(69.0370066161299,5.96823608374497,45.95));
#13010=CARTESIAN_POINT('',(68.98700661613,5.96823608374497,45.9));
#13011=CARTESIAN_POINT('Origin',(68.98700661613,6.61772086309997,45.));
#13012=CARTESIAN_POINT('',(68.98700661613,6.61772086309997,43.));
#13013=CARTESIAN_POINT('',(68.98700661613,6.61772086309997,45.));
#13014=CARTESIAN_POINT('',(68.98700661613,4.01978174567997,43.));
#13015=CARTESIAN_POINT('',(68.98700661613,15.59636043155,43.));
#13016=CARTESIAN_POINT('',(68.98700661613,4.01978174567997,45.));
#13017=CARTESIAN_POINT('Origin',(66.71380970911,6.61772086309997,45.));
#13018=CARTESIAN_POINT('',(66.71380970911,6.61772086309997,43.));
#13019=CARTESIAN_POINT('',(66.71380970911,6.61772086309997,45.));
#13020=CARTESIAN_POINT('',(74.506904854555,6.61772086309997,43.));
#13021=CARTESIAN_POINT('Origin',(71.4263097091099,4.66926652503496,45.95));
#13022=CARTESIAN_POINT('',(71.4763097091099,4.01978174567996,45.9));
#13023=CARTESIAN_POINT('',(71.3763097091099,3.91978174567996,46.));
#13024=CARTESIAN_POINT('',(71.47630970911,6.61772086309997,45.9));
#13025=CARTESIAN_POINT('',(71.47630970911,4.66926652503496,45.9));
#13026=CARTESIAN_POINT('',(71.3763097091099,6.71772086309996,46.));
#13027=CARTESIAN_POINT('Origin',(75.5624573893749,3.96978174567997,45.95));
#13028=CARTESIAN_POINT('',(73.74950661613,4.01978174567997,45.9));
#13029=CARTESIAN_POINT('',(73.8495066161299,3.91978174567996,46.));
#13030=CARTESIAN_POINT('',(75.5624573893749,4.01978174567997,45.9));
#13031=CARTESIAN_POINT('Origin',(73.7995066161299,5.96823608374497,45.95));
#13032=CARTESIAN_POINT('',(73.74950661613,6.61772086309997,45.9));
#13033=CARTESIAN_POINT('',(73.8495066161299,6.71772086309996,46.));
#13034=CARTESIAN_POINT('',(73.74950661613,5.96823608374497,45.9));
#13035=CARTESIAN_POINT('Origin',(74.425858935865,6.66772086309997,45.95));
#13036=CARTESIAN_POINT('',(74.425858935865,6.61772086309997,45.9));
#13037=CARTESIAN_POINT('Origin',(71.47630970911,6.61772086309997,45.));
#13038=CARTESIAN_POINT('',(71.47630970911,6.61772086309997,43.));
#13039=CARTESIAN_POINT('',(71.47630970911,6.61772086309997,45.));
#13040=CARTESIAN_POINT('',(73.74950661613,6.61772086309997,43.));
#13041=CARTESIAN_POINT('',(76.888154854555,6.61772086309997,43.));
#13042=CARTESIAN_POINT('',(73.74950661613,6.61772086309997,45.));
#13043=CARTESIAN_POINT('Origin',(71.47630970911,4.01978174567997,45.));
#13044=CARTESIAN_POINT('',(71.47630970911,4.01978174567997,43.));
#13045=CARTESIAN_POINT('',(71.4763097091099,4.01978174567996,45.));
#13046=CARTESIAN_POINT('',(71.47630970911,14.29739087284,43.));
#13047=CARTESIAN_POINT('Origin',(76.1888097091099,4.66926652503496,45.95));
#13048=CARTESIAN_POINT('',(76.2388097091099,4.01978174567996,45.9));
#13049=CARTESIAN_POINT('',(76.1388097091099,3.91978174567996,46.));
#13050=CARTESIAN_POINT('',(76.23880970911,6.61772086309997,45.9));
#13051=CARTESIAN_POINT('',(76.23880970911,4.66926652503496,45.9));
#13052=CARTESIAN_POINT('',(76.1388097091099,6.71772086309996,46.));
#13053=CARTESIAN_POINT('Origin',(77.9437073893749,3.96978174567997,45.95));
#13054=CARTESIAN_POINT('',(78.51200661613,4.01978174567997,45.9));
#13055=CARTESIAN_POINT('',(78.6120066161299,3.91978174567996,46.));
#13056=CARTESIAN_POINT('',(77.9437073893749,4.01978174567997,45.9));
#13057=CARTESIAN_POINT('Origin',(78.5620066161299,5.96823608374497,45.95));
#13058=CARTESIAN_POINT('',(78.51200661613,6.61772086309997,45.9));
#13059=CARTESIAN_POINT('',(78.6120066161299,6.71772086309996,46.));
#13060=CARTESIAN_POINT('',(78.51200661613,5.96823608374497,45.9));
#13061=CARTESIAN_POINT('Origin',(76.807108935865,6.66772086309997,45.95));
#13062=CARTESIAN_POINT('',(76.807108935865,6.61772086309997,45.9));
#13063=CARTESIAN_POINT('Origin',(76.23880970911,6.61772086309997,45.));
#13064=CARTESIAN_POINT('',(76.23880970911,6.61772086309997,43.));
#13065=CARTESIAN_POINT('',(76.23880970911,6.61772086309997,45.));
#13066=CARTESIAN_POINT('',(78.51200661613,6.61772086309997,43.));
#13067=CARTESIAN_POINT('',(79.269404854555,6.61772086309997,43.));
#13068=CARTESIAN_POINT('',(78.51200661613,6.61772086309997,45.));
#13069=CARTESIAN_POINT('Origin',(76.23880970911,4.01978174567997,45.));
#13070=CARTESIAN_POINT('',(76.23880970911,4.01978174567997,43.));
#13071=CARTESIAN_POINT('',(76.2388097091099,4.01978174567996,45.));
#13072=CARTESIAN_POINT('',(76.23880970911,14.29739087284,43.));
#13073=CARTESIAN_POINT('Origin',(79.188358935865,6.66772086309997,45.95));
#13074=CARTESIAN_POINT('',(81.00130970911,6.61772086309997,45.9));
#13075=CARTESIAN_POINT('',(80.9013097091099,6.71772086309996,46.));
#13076=CARTESIAN_POINT('',(83.27450661613,6.61772086309997,45.9));
#13077=CARTESIAN_POINT('',(79.188358935865,6.61772086309997,45.9));
#13078=CARTESIAN_POINT('',(83.3745066161299,6.71772086309996,46.));
#13079=CARTESIAN_POINT('Origin',(80.95130970911,4.66926652503496,45.95));
#13080=CARTESIAN_POINT('',(81.0013097091099,4.01978174567996,45.9));
#13081=CARTESIAN_POINT('',(80.9013097091099,3.91978174567996,46.));
#13082=CARTESIAN_POINT('',(81.00130970911,4.66926652503496,45.9));
#13083=CARTESIAN_POINT('Origin',(80.324957389375,3.96978174567997,45.95));
#13084=CARTESIAN_POINT('',(83.27450661613,4.01978174567997,45.9));
#13085=CARTESIAN_POINT('',(83.3745066161299,3.91978174567996,46.));
#13086=CARTESIAN_POINT('',(80.324957389375,4.01978174567997,45.9));
#13087=CARTESIAN_POINT('Origin',(83.32450661613,5.96823608374497,45.95));
#13088=CARTESIAN_POINT('',(83.27450661613,5.96823608374497,45.9));
#13089=CARTESIAN_POINT('Origin',(83.27450661613,6.61772086309997,45.));
#13090=CARTESIAN_POINT('',(83.27450661613,6.61772086309997,43.));
#13091=CARTESIAN_POINT('',(83.27450661613,6.61772086309997,45.));
#13092=CARTESIAN_POINT('',(83.27450661613,4.01978174567997,43.));
#13093=CARTESIAN_POINT('',(83.27450661613,15.59636043155,43.));
#13094=CARTESIAN_POINT('',(83.27450661613,4.01978174567997,45.));
#13095=CARTESIAN_POINT('Origin',(81.00130970911,6.61772086309997,45.));
#13096=CARTESIAN_POINT('',(81.00130970911,6.61772086309997,43.));
#13097=CARTESIAN_POINT('',(81.00130970911,6.61772086309997,45.));
#13098=CARTESIAN_POINT('',(81.650654854555,6.61772086309997,43.));
#13099=CARTESIAN_POINT('Origin',(81.569608935865,6.66772086309997,45.95));
#13100=CARTESIAN_POINT('',(85.76380970911,6.61772086309997,45.9));
#13101=CARTESIAN_POINT('',(85.66380970911,6.71772086309996,46.));
#13102=CARTESIAN_POINT('',(88.03700661613,6.61772086309997,45.9));
#13103=CARTESIAN_POINT('',(81.569608935865,6.61772086309997,45.9));
#13104=CARTESIAN_POINT('',(88.1370066161299,6.71772086309996,46.));
#13105=CARTESIAN_POINT('Origin',(85.71380970911,4.66926652503496,45.95));
#13106=CARTESIAN_POINT('',(85.7638097091099,4.01978174567996,45.9));
#13107=CARTESIAN_POINT('',(85.66380970911,3.91978174567996,46.));
#13108=CARTESIAN_POINT('',(85.76380970911,4.66926652503496,45.9));
#13109=CARTESIAN_POINT('Origin',(82.706207389375,3.96978174567997,45.95));
#13110=CARTESIAN_POINT('',(88.03700661613,4.01978174567997,45.9));
#13111=CARTESIAN_POINT('',(88.1370066161299,3.91978174567996,46.));
#13112=CARTESIAN_POINT('',(82.706207389375,4.01978174567997,45.9));
#13113=CARTESIAN_POINT('Origin',(88.08700661613,5.96823608374497,45.95));
#13114=CARTESIAN_POINT('',(88.03700661613,5.96823608374497,45.9));
#13115=CARTESIAN_POINT('Origin',(88.03700661613,6.61772086309997,45.));
#13116=CARTESIAN_POINT('',(88.03700661613,6.61772086309997,43.));
#13117=CARTESIAN_POINT('',(88.03700661613,6.61772086309997,45.));
#13118=CARTESIAN_POINT('',(88.03700661613,4.01978174567997,43.));
#13119=CARTESIAN_POINT('',(88.03700661613,15.59636043155,43.));
#13120=CARTESIAN_POINT('',(88.03700661613,4.01978174567997,45.));
#13121=CARTESIAN_POINT('Origin',(85.76380970911,6.61772086309997,45.));
#13122=CARTESIAN_POINT('',(85.76380970911,6.61772086309997,43.));
#13123=CARTESIAN_POINT('',(85.76380970911,6.61772086309997,45.));
#13124=CARTESIAN_POINT('',(84.031904854555,6.61772086309997,43.));
#13125=CARTESIAN_POINT('Origin',(91.6629081626299,5.31875130438995,45.25));
#13126=CARTESIAN_POINT('',(92.1629081626299,5.31875130438995,45.5));
#13127=CARTESIAN_POINT('Origin',(91.6629081626299,5.31875130438995,45.5));
#13128=CARTESIAN_POINT('',(92.6629081626299,5.31875130438995,45.));
#13129=CARTESIAN_POINT('',(92.4129081626299,5.31875130438995,45.25));
#13130=CARTESIAN_POINT('Origin',(91.6629081626299,5.31875130438995,45.));
#13131=CARTESIAN_POINT('Origin',(91.6629081626299,5.31875130438995,45.5));
#13132=CARTESIAN_POINT('Origin',(93.5495066161299,7.86772086309996,45.5));
#13133=CARTESIAN_POINT('',(94.0495066161299,7.36772086309995,45.5));
#13134=CARTESIAN_POINT('',(94.0495066161299,7.36772086309995,45.5));
#13135=CARTESIAN_POINT('',(93.5495066161299,7.86772086309996,45.5));
#13136=CARTESIAN_POINT('',(93.5495066161299,7.86772086309996,45.5));
#13137=CARTESIAN_POINT('',(93.5495066161299,7.36772086309996,46.));
#13138=CARTESIAN_POINT('Origin',(93.7995066161299,7.61772086309996,45.));
#13139=CARTESIAN_POINT('',(94.0495066161299,7.36772086309995,45.));
#13140=CARTESIAN_POINT('',(93.5495066161299,7.86772086309996,45.));
#13141=CARTESIAN_POINT('',(86.6853101778724,14.7319173013574,45.));
#13142=CARTESIAN_POINT('',(93.5495066161299,7.86772086309996,45.));
#13143=CARTESIAN_POINT('',(94.0495066161299,7.36772086309995,45.));
#13144=CARTESIAN_POINT('Origin',(60.7013097091099,7.36772086309995,45.5));
#13145=CARTESIAN_POINT('',(61.2013097091099,7.86772086309996,45.5));
#13146=CARTESIAN_POINT('',(61.2013097091099,7.86772086309996,45.5));
#13147=CARTESIAN_POINT('',(60.7013097091099,7.36772086309995,45.5));
#13148=CARTESIAN_POINT('',(60.7013097091099,7.36772086309995,45.5));
#13149=CARTESIAN_POINT('',(61.2013097091099,7.36772086309995,46.));
#13150=CARTESIAN_POINT('Origin',(60.9513097091099,7.61772086309995,45.));
#13151=CARTESIAN_POINT('',(61.2013097091099,7.86772086309996,45.));
#13152=CARTESIAN_POINT('',(60.7013097091099,7.36772086309995,45.));
#13153=CARTESIAN_POINT('',(70.5278020660574,17.1942132200475,45.));
#13154=CARTESIAN_POINT('',(60.7013097091099,7.36772086309995,45.));
#13155=CARTESIAN_POINT('',(61.2013097091099,7.86772086309996,45.));
#13156=CARTESIAN_POINT('Origin',(94.0495066161299,3.26978174567996,45.5));
#13157=CARTESIAN_POINT('',(93.5495066161299,2.76978174567996,45.5));
#13158=CARTESIAN_POINT('',(93.5495066161299,2.76978174567996,45.5));
#13159=CARTESIAN_POINT('',(94.0495066161299,3.26978174567996,45.5));
#13160=CARTESIAN_POINT('',(94.0495066161299,3.26978174567996,45.5));
#13161=CARTESIAN_POINT('',(93.5495066161299,3.26978174567996,46.));
#13162=CARTESIAN_POINT('Origin',(93.7995066161299,3.01978174567996,45.));
#13163=CARTESIAN_POINT('',(93.5495066161299,2.76978174567996,45.));
#13164=CARTESIAN_POINT('',(94.0495066161299,3.26978174567996,45.));
#13165=CARTESIAN_POINT('',(96.3134345256774,5.5337096552274,45.));
#13166=CARTESIAN_POINT('',(94.0495066161299,3.26978174567996,45.));
#13167=CARTESIAN_POINT('',(93.5495066161299,2.76978174567996,45.));
#13168=CARTESIAN_POINT('Origin',(93.7995066161299,4.04426652503496,45.75));
#13169=CARTESIAN_POINT('',(94.0495066161299,4.04426652503496,45.5));
#13170=CARTESIAN_POINT('Origin',(61.2013097091099,2.76978174567996,45.5));
#13171=CARTESIAN_POINT('',(60.7013097091099,3.26978174567996,45.5));
#13172=CARTESIAN_POINT('',(60.7013097091099,3.26978174567996,45.5));
#13173=CARTESIAN_POINT('',(61.2013097091099,2.76978174567996,45.5));
#13174=CARTESIAN_POINT('',(61.2013097091099,2.76978174567996,45.5));
#13175=CARTESIAN_POINT('',(61.2013097091099,3.26978174567996,46.));
#13176=CARTESIAN_POINT('Origin',(60.9513097091099,3.01978174567996,45.));
#13177=CARTESIAN_POINT('',(60.7013097091099,3.26978174567996,45.));
#13178=CARTESIAN_POINT('',(61.2013097091099,2.76978174567996,45.));
#13179=CARTESIAN_POINT('',(60.8996777182524,3.07141373653746,45.));
#13180=CARTESIAN_POINT('',(61.2013097091099,2.76978174567996,45.));
#13181=CARTESIAN_POINT('',(60.7013097091099,3.26978174567996,45.));
#13182=CARTESIAN_POINT('Origin',(69.0383589358649,3.01978174567996,45.75));
#13183=CARTESIAN_POINT('',(69.0383589358649,2.76978174567996,45.5));
#13184=CARTESIAN_POINT('Origin',(60.9513097091099,6.59323608374495,45.75));
#13185=CARTESIAN_POINT('',(60.7013097091099,6.59323608374495,45.5));
#13186=CARTESIAN_POINT('Origin',(85.7124573893749,7.61772086309996,45.75));
#13187=CARTESIAN_POINT('',(85.7124573893749,7.86772086309996,45.5));
#13188=CARTESIAN_POINT('Origin',(94.0495066161299,2.76978174567996,45.));
#13189=CARTESIAN_POINT('',(94.0495066161299,13.67239087284,45.));
#13190=CARTESIAN_POINT('Origin',(60.7013097091099,2.76978174567996,45.));
#13191=CARTESIAN_POINT('',(71.500654854555,2.76978174567996,45.));
#13192=CARTESIAN_POINT('Origin',(90.9008163252399,22.875,45.));
#13193=CARTESIAN_POINT('',(89.85,22.875,45.));
#13194=CARTESIAN_POINT('',(86.6004081626199,22.875,45.));
#13195=CARTESIAN_POINT('',(89.85,22.875,45.));
#13196=CARTESIAN_POINT('Origin',(89.85,11.575,45.));
#13197=CARTESIAN_POINT('',(89.85,11.575,45.));
#13198=CARTESIAN_POINT('',(89.85,11.575,45.));
#13199=CARTESIAN_POINT('',(86.075,11.575,45.));
#13200=CARTESIAN_POINT('Origin',(92.7995066161299,6.61772086309996,45.));
#13201=CARTESIAN_POINT('',(92.7995066161299,6.61772086309996,45.));
#13202=CARTESIAN_POINT('',(92.7995066161299,6.61772086309996,45.));
#13203=CARTESIAN_POINT('',(92.7995066161299,15.59636043155,45.));
#13204=CARTESIAN_POINT('Origin',(90.5263097091299,6.61772086309996,45.));
#13205=CARTESIAN_POINT('',(86.413154854565,6.61772086309996,45.));
#13206=CARTESIAN_POINT('Origin',(60.7013097091099,7.86772086309995,45.));
#13207=CARTESIAN_POINT('',(60.7013097091099,16.22136043155,45.));
#13208=CARTESIAN_POINT('Origin',(94.0495066161299,7.86772086309996,45.));
#13209=CARTESIAN_POINT('',(88.174753308065,7.86772086309996,45.));
#13210=CARTESIAN_POINT('Origin',(82.3,24.575,45.));
#13211=CARTESIAN_POINT('Origin',(58.2999999999999,24.475,43.));
#13212=CARTESIAN_POINT('',(58.2999999999999,24.475,43.));
#13213=CARTESIAN_POINT('',(58.2999999999999,9.97499999999999,43.));
#13214=CARTESIAN_POINT('',(58.2999999999999,24.525,43.));
#13215=CARTESIAN_POINT('',(58.2999999999999,24.475,44.));
#13216=CARTESIAN_POINT('',(58.2999999999999,24.475,43.));
#13217=CARTESIAN_POINT('',(58.2999999999999,9.97499999999999,44.));
#13218=CARTESIAN_POINT('',(58.2999999999999,24.475,44.));
#13219=CARTESIAN_POINT('',(58.2999999999999,9.97499999999999,43.));
#13220=CARTESIAN_POINT('Origin',(68.6346206724643,27.2322619409659,45.));
#13221=CARTESIAN_POINT('',(68.6346206724643,27.2322619409659,45.));
#13222=CARTESIAN_POINT('',(69.897053605318,27.2322619409659,45.));
#13223=CARTESIAN_POINT('',(75.4673103362322,27.2322619409659,45.));
#13224=CARTESIAN_POINT('',(68.6346206724643,27.2322619409659,44.6));
#13225=CARTESIAN_POINT('',(68.6346206724643,27.2322619409659,45.));
#13226=CARTESIAN_POINT('',(69.897053605318,27.2322619409659,44.6));
#13227=CARTESIAN_POINT('',(68.6346206724643,27.2322619409659,44.6));
#13228=CARTESIAN_POINT('',(69.897053605318,27.2322619409659,45.));
#13229=CARTESIAN_POINT('Origin',(68.6346206724643,26.6775566787818,45.));
#13230=CARTESIAN_POINT('',(68.6346206724643,26.6775566787818,45.));
#13231=CARTESIAN_POINT('',(68.6346206724643,25.6262783393909,45.));
#13232=CARTESIAN_POINT('',(68.6346206724643,26.6775566787818,44.6));
#13233=CARTESIAN_POINT('',(68.6346206724643,26.6775566787818,45.));
#13234=CARTESIAN_POINT('',(68.6346206724643,26.6775566787818,44.6));
#13235=CARTESIAN_POINT('Origin',(71.7141923964023,26.6775566787818,45.));
#13236=CARTESIAN_POINT('',(71.7141923964023,26.6775566787818,45.));
#13237=CARTESIAN_POINT('',(77.0070961982012,26.6775566787818,45.));
#13238=CARTESIAN_POINT('',(71.7141923964023,26.6775566787818,44.6));
#13239=CARTESIAN_POINT('',(71.7141923964023,26.6775566787818,45.));
#13240=CARTESIAN_POINT('',(71.7141923964023,26.6775566787818,44.6));
#13241=CARTESIAN_POINT('Origin',(71.7141923964023,27.2322619409659,45.));
#13242=CARTESIAN_POINT('',(71.7141923964023,27.2322619409659,45.));
#13243=CARTESIAN_POINT('',(71.7141923964023,25.903630970483,45.));
#13244=CARTESIAN_POINT('',(71.7141923964023,27.2322619409659,44.6));
#13245=CARTESIAN_POINT('',(71.7141923964023,27.2322619409659,45.));
#13246=CARTESIAN_POINT('',(71.7141923964023,27.2322619409659,44.6));
#13247=CARTESIAN_POINT('Origin',(70.5703512489795,27.2322619409659,45.));
#13248=CARTESIAN_POINT('',(70.5703512489795,27.2322619409659,45.));
#13249=CARTESIAN_POINT('',(76.4351756244898,27.2322619409659,45.));
#13250=CARTESIAN_POINT('',(70.5703512489795,27.2322619409659,44.6));
#13251=CARTESIAN_POINT('',(70.5703512489795,27.2322619409659,45.));
#13252=CARTESIAN_POINT('',(70.5703512489795,27.2322619409659,44.6));
#13253=CARTESIAN_POINT('Origin',(70.5703512489795,30.5184138269523,45.));
#13254=CARTESIAN_POINT('',(70.5703512489795,30.5184138269523,45.));
#13255=CARTESIAN_POINT('',(70.5703512489795,27.5467069134761,45.));
#13256=CARTESIAN_POINT('',(70.5703512489795,30.5184138269523,44.6));
#13257=CARTESIAN_POINT('',(70.5703512489795,30.5184138269523,45.));
#13258=CARTESIAN_POINT('',(70.5703512489795,30.5184138269523,44.6));
#13259=CARTESIAN_POINT('Origin',(68.7608639061451,30.5184138269523,45.));
#13260=CARTESIAN_POINT('',(68.7608639061451,30.5184138269523,45.));
#13261=CARTESIAN_POINT('',(75.5304319530725,30.5184138269523,45.));
#13262=CARTESIAN_POINT('',(68.7608639061451,30.5184138269523,44.6));
#13263=CARTESIAN_POINT('',(68.7608639061451,30.5184138269523,45.));
#13264=CARTESIAN_POINT('',(68.7608639061451,30.5184138269523,44.6));
#13265=CARTESIAN_POINT('Origin',(68.7608639061451,29.9675339908698,45.));
#13266=CARTESIAN_POINT('',(68.7608639061451,29.9675339908698,45.));
#13267=CARTESIAN_POINT('',(68.7608639061451,27.2712669954349,45.));
#13268=CARTESIAN_POINT('',(68.7608639061451,29.9675339908698,44.6));
#13269=CARTESIAN_POINT('',(68.7608639061451,29.9675339908698,45.));
#13270=CARTESIAN_POINT('',(68.7608639061451,29.9675339908698,44.6));
#13271=CARTESIAN_POINT('Origin',(69.897053605318,29.9675339908698,45.));
#13272=CARTESIAN_POINT('',(69.897053605318,29.9675339908698,45.));
#13273=CARTESIAN_POINT('',(76.098526802659,29.9675339908698,45.));
#13274=CARTESIAN_POINT('',(69.897053605318,29.9675339908698,44.6));
#13275=CARTESIAN_POINT('',(69.897053605318,29.9675339908698,45.));
#13276=CARTESIAN_POINT('',(69.897053605318,29.9675339908698,44.6));
#13277=CARTESIAN_POINT('Origin',(69.897053605318,27.2322619409659,45.));
#13278=CARTESIAN_POINT('',(69.897053605318,25.903630970483,45.));
#13279=CARTESIAN_POINT('',(69.897053605318,27.2322619409659,44.6));
#13280=CARTESIAN_POINT('Origin',(76.8499997168779,28.7223154754737,44.6));
#13281=CARTESIAN_POINT('Ctrl Pts',(87.4563494980335,30.0134402961829,45.));
#13282=CARTESIAN_POINT('Ctrl Pts',(87.4563494980335,30.0134402961829,44.6));
#13283=CARTESIAN_POINT('Ctrl Pts',(87.287740664354,30.0015656741553,45.));
#13284=CARTESIAN_POINT('Ctrl Pts',(87.287740664354,30.0015656741553,44.6));
#13285=CARTESIAN_POINT('Ctrl Pts',(86.9648776460153,29.978827385622,45.));
#13286=CARTESIAN_POINT('Ctrl Pts',(86.9648776460153,29.978827385622,44.6));
#13287=CARTESIAN_POINT('Ctrl Pts',(86.7240506492709,29.7640860763015,45.));
#13288=CARTESIAN_POINT('Ctrl Pts',(86.7240506492709,29.7640860763015,44.6));
#13289=CARTESIAN_POINT('Ctrl Pts',(86.6089907944202,29.661489173899,45.));
#13290=CARTESIAN_POINT('Ctrl Pts',(86.6089907944202,29.661489173899,44.6));
#13291=CARTESIAN_POINT('',(87.4563494980335,30.0134402961829,45.));
#13292=CARTESIAN_POINT('',(86.6089907944202,29.661489173899,45.));
#13293=CARTESIAN_POINT('Ctrl Pts',(87.4563494980335,30.0134402961829,45.));
#13294=CARTESIAN_POINT('Ctrl Pts',(87.287740664354,30.0015656741553,45.));
#13295=CARTESIAN_POINT('Ctrl Pts',(86.9648776460153,29.978827385622,45.));
#13296=CARTESIAN_POINT('Ctrl Pts',(86.7240506492709,29.7640860763015,45.));
#13297=CARTESIAN_POINT('Ctrl Pts',(86.6089907944202,29.661489173899,45.));
#13298=CARTESIAN_POINT('',(87.4563494980335,30.0134402961829,44.6));
#13299=CARTESIAN_POINT('',(87.4563494980335,30.0134402961829,45.));
#13300=CARTESIAN_POINT('',(86.6089907944202,29.661489173899,44.6));
#13301=CARTESIAN_POINT('Ctrl Pts',(87.4563494980335,30.0134402961829,44.6));
#13302=CARTESIAN_POINT('Ctrl Pts',(87.287740664354,30.0015656741553,44.6));
#13303=CARTESIAN_POINT('Ctrl Pts',(86.9648776460153,29.978827385622,44.6));
#13304=CARTESIAN_POINT('Ctrl Pts',(86.7240506492709,29.7640860763015,44.6));
#13305=CARTESIAN_POINT('Ctrl Pts',(86.6089907944202,29.661489173899,44.6));
#13306=CARTESIAN_POINT('',(86.6089907944202,29.661489173899,45.));
#13307=CARTESIAN_POINT('Ctrl Pts',(87.8503814995289,29.9732721300224,45.));
#13308=CARTESIAN_POINT('Ctrl Pts',(87.8503814995289,29.9732721300224,44.6));
#13309=CARTESIAN_POINT('Ctrl Pts',(87.7845609531678,29.9849874378156,45.));
#13310=CARTESIAN_POINT('Ctrl Pts',(87.7845609531678,29.9849874378156,44.6));
#13311=CARTESIAN_POINT('Ctrl Pts',(87.6542122100723,30.0081880298837,45.));
#13312=CARTESIAN_POINT('Ctrl Pts',(87.6542122100723,30.0081880298837,44.6));
#13313=CARTESIAN_POINT('Ctrl Pts',(87.5218663520029,30.0117011510929,45.));
#13314=CARTESIAN_POINT('Ctrl Pts',(87.5218663520029,30.0117011510929,44.6));
#13315=CARTESIAN_POINT('Ctrl Pts',(87.4563494980335,30.0134402961829,45.));
#13316=CARTESIAN_POINT('Ctrl Pts',(87.4563494980335,30.0134402961829,44.6));
#13317=CARTESIAN_POINT('',(87.8503814995289,29.9732721300224,45.));
#13318=CARTESIAN_POINT('Ctrl Pts',(87.8503814995289,29.9732721300224,45.));
#13319=CARTESIAN_POINT('Ctrl Pts',(87.7845609531678,29.9849874378156,45.));
#13320=CARTESIAN_POINT('Ctrl Pts',(87.6542122100723,30.0081880298837,45.));
#13321=CARTESIAN_POINT('Ctrl Pts',(87.5218663520029,30.0117011510929,45.));
#13322=CARTESIAN_POINT('Ctrl Pts',(87.4563494980335,30.0134402961829,45.));
#13323=CARTESIAN_POINT('',(87.8503814995289,29.9732721300224,44.6));
#13324=CARTESIAN_POINT('',(87.8503814995289,29.9732721300224,45.));
#13325=CARTESIAN_POINT('Ctrl Pts',(87.8503814995289,29.9732721300224,44.6));
#13326=CARTESIAN_POINT('Ctrl Pts',(87.7845609531678,29.9849874378156,44.6));
#13327=CARTESIAN_POINT('Ctrl Pts',(87.6542122100723,30.0081880298837,44.6));
#13328=CARTESIAN_POINT('Ctrl Pts',(87.5218663520029,30.0117011510929,44.6));
#13329=CARTESIAN_POINT('Ctrl Pts',(87.4563494980335,30.0134402961829,44.6));
#13330=CARTESIAN_POINT('Ctrl Pts',(88.2138100922108,29.8565924615958,45.));
#13331=CARTESIAN_POINT('Ctrl Pts',(88.2138100922108,29.8565924615958,44.6));
#13332=CARTESIAN_POINT('Ctrl Pts',(88.1566540177978,29.8807584804324,45.));
#13333=CARTESIAN_POINT('Ctrl Pts',(88.1566540177978,29.8807584804324,44.6));
#13334=CARTESIAN_POINT('Ctrl Pts',(88.0390133686871,29.9304978331004,45.));
#13335=CARTESIAN_POINT('Ctrl Pts',(88.0390133686871,29.9304978331004,44.6));
#13336=CARTESIAN_POINT('Ctrl Pts',(87.9144337327642,29.9587476000204,45.));
#13337=CARTESIAN_POINT('Ctrl Pts',(87.9144337327642,29.9587476000204,44.6));
#13338=CARTESIAN_POINT('Ctrl Pts',(87.8503814995289,29.9732721300224,45.));
#13339=CARTESIAN_POINT('Ctrl Pts',(87.8503814995289,29.9732721300224,44.6));
#13340=CARTESIAN_POINT('',(88.2138100922108,29.8565924615958,45.));
#13341=CARTESIAN_POINT('Ctrl Pts',(88.2138100922108,29.8565924615958,45.));
#13342=CARTESIAN_POINT('Ctrl Pts',(88.1566540177978,29.8807584804324,45.));
#13343=CARTESIAN_POINT('Ctrl Pts',(88.0390133686871,29.9304978331004,45.));
#13344=CARTESIAN_POINT('Ctrl Pts',(87.9144337327642,29.9587476000204,45.));
#13345=CARTESIAN_POINT('Ctrl Pts',(87.8503814995289,29.9732721300224,45.));
#13346=CARTESIAN_POINT('',(88.2138100922108,29.8565924615958,44.6));
#13347=CARTESIAN_POINT('',(88.2138100922108,29.8565924615958,45.));
#13348=CARTESIAN_POINT('Ctrl Pts',(88.2138100922108,29.8565924615958,44.6));
#13349=CARTESIAN_POINT('Ctrl Pts',(88.1566540177978,29.8807584804324,44.6));
#13350=CARTESIAN_POINT('Ctrl Pts',(88.0390133686871,29.9304978331004,44.6));
#13351=CARTESIAN_POINT('Ctrl Pts',(87.9144337327642,29.9587476000204,44.6));
#13352=CARTESIAN_POINT('Ctrl Pts',(87.8503814995289,29.9732721300224,44.6));
#13353=CARTESIAN_POINT('Origin',(88.2138100922108,28.0738842935661,45.));
#13354=CARTESIAN_POINT('',(88.2138100922108,28.0738842935661,45.));
#13355=CARTESIAN_POINT('',(88.2138100922108,26.324442146783,45.));
#13356=CARTESIAN_POINT('',(88.2138100922108,28.0738842935661,44.6));
#13357=CARTESIAN_POINT('',(88.2138100922108,28.0738842935661,45.));
#13358=CARTESIAN_POINT('',(88.2138100922108,28.0738842935661,44.6));
#13359=CARTESIAN_POINT('Ctrl Pts',(87.6227608978748,27.4044120760062,45.));
#13360=CARTESIAN_POINT('Ctrl Pts',(87.6227608978748,27.4044120760062,44.6));
#13361=CARTESIAN_POINT('Ctrl Pts',(87.721987142413,27.4950355453719,45.));
#13362=CARTESIAN_POINT('Ctrl Pts',(87.721987142413,27.4950355453719,44.6));
#13363=CARTESIAN_POINT('Ctrl Pts',(87.9428988540785,27.6967945238339,45.));
#13364=CARTESIAN_POINT('Ctrl Pts',(87.9428988540785,27.6967945238339,44.6));
#13365=CARTESIAN_POINT('Ctrl Pts',(88.1175864143675,27.9399475666482,45.));
#13366=CARTESIAN_POINT('Ctrl Pts',(88.1175864143675,27.9399475666482,44.6));
#13367=CARTESIAN_POINT('Ctrl Pts',(88.2138100922108,28.0738842935661,45.));
#13368=CARTESIAN_POINT('Ctrl Pts',(88.2138100922108,28.0738842935661,44.6));
#13369=CARTESIAN_POINT('',(87.6227608978748,27.4044120760062,45.));
#13370=CARTESIAN_POINT('Ctrl Pts',(87.6227608978748,27.4044120760062,45.));
#13371=CARTESIAN_POINT('Ctrl Pts',(87.721987142413,27.4950355453719,45.));
#13372=CARTESIAN_POINT('Ctrl Pts',(87.9428988540785,27.6967945238339,45.));
#13373=CARTESIAN_POINT('Ctrl Pts',(88.1175864143675,27.9399475666482,45.));
#13374=CARTESIAN_POINT('Ctrl Pts',(88.2138100922108,28.0738842935661,45.));
#13375=CARTESIAN_POINT('',(87.6227608978748,27.4044120760062,44.6));
#13376=CARTESIAN_POINT('',(87.6227608978748,27.4044120760062,45.));
#13377=CARTESIAN_POINT('Ctrl Pts',(87.6227608978748,27.4044120760062,44.6));
#13378=CARTESIAN_POINT('Ctrl Pts',(87.721987142413,27.4950355453719,44.6));
#13379=CARTESIAN_POINT('Ctrl Pts',(87.9428988540785,27.6967945238339,44.6));
#13380=CARTESIAN_POINT('Ctrl Pts',(88.1175864143675,27.9399475666482,44.6));
#13381=CARTESIAN_POINT('Ctrl Pts',(88.2138100922108,28.0738842935661,44.6));
#13382=CARTESIAN_POINT('Ctrl Pts',(87.0890966713428,27.178704187403,45.));
#13383=CARTESIAN_POINT('Ctrl Pts',(87.0890966713428,27.178704187403,44.6));
#13384=CARTESIAN_POINT('Ctrl Pts',(87.1781813857835,27.1912422592505,45.));
#13385=CARTESIAN_POINT('Ctrl Pts',(87.1781813857835,27.1912422592505,44.6));
#13386=CARTESIAN_POINT('Ctrl Pts',(87.3752456237117,27.2189777196966,45.));
#13387=CARTESIAN_POINT('Ctrl Pts',(87.3752456237117,27.2189777196966,44.6));
#13388=CARTESIAN_POINT('Ctrl Pts',(87.5351453333539,27.3387719418183,45.));
#13389=CARTESIAN_POINT('Ctrl Pts',(87.5351453333539,27.3387719418183,44.6));
#13390=CARTESIAN_POINT('Ctrl Pts',(87.6227608978748,27.4044120760062,45.));
#13391=CARTESIAN_POINT('Ctrl Pts',(87.6227608978748,27.4044120760062,44.6));
#13392=CARTESIAN_POINT('',(87.0890966713428,27.178704187403,45.));
#13393=CARTESIAN_POINT('Ctrl Pts',(87.0890966713428,27.178704187403,45.));
#13394=CARTESIAN_POINT('Ctrl Pts',(87.1781813857835,27.1912422592505,45.));
#13395=CARTESIAN_POINT('Ctrl Pts',(87.3752456237117,27.2189777196966,45.));
#13396=CARTESIAN_POINT('Ctrl Pts',(87.5351453333539,27.3387719418183,45.));
#13397=CARTESIAN_POINT('Ctrl Pts',(87.6227608978748,27.4044120760062,45.));
#13398=CARTESIAN_POINT('',(87.0890966713428,27.178704187403,44.6));
#13399=CARTESIAN_POINT('',(87.0890966713428,27.178704187403,45.));
#13400=CARTESIAN_POINT('Ctrl Pts',(87.0890966713428,27.178704187403,44.6));
#13401=CARTESIAN_POINT('Ctrl Pts',(87.1781813857835,27.1912422592505,44.6));
#13402=CARTESIAN_POINT('Ctrl Pts',(87.3752456237117,27.2189777196966,44.6));
#13403=CARTESIAN_POINT('Ctrl Pts',(87.5351453333539,27.3387719418183,44.6));
#13404=CARTESIAN_POINT('Ctrl Pts',(87.6227608978748,27.4044120760062,44.6));
#13405=CARTESIAN_POINT('Ctrl Pts',(86.5095249474049,27.5210917444328,45.));
#13406=CARTESIAN_POINT('Ctrl Pts',(86.5095249474049,27.5210917444328,44.6));
#13407=CARTESIAN_POINT('Ctrl Pts',(86.5836148110934,27.4212389369062,45.));
#13408=CARTESIAN_POINT('Ctrl Pts',(86.5836148110934,27.4212389369062,44.6));
#13409=CARTESIAN_POINT('Ctrl Pts',(86.7290371642359,27.2252495057549,45.));
#13410=CARTESIAN_POINT('Ctrl Pts',(86.7290371642359,27.2252495057549,44.6));
#13411=CARTESIAN_POINT('Ctrl Pts',(86.9706036278388,27.194021923287,45.));
#13412=CARTESIAN_POINT('Ctrl Pts',(86.9706036278388,27.194021923287,44.6));
#13413=CARTESIAN_POINT('Ctrl Pts',(87.0890966713428,27.178704187403,45.));
#13414=CARTESIAN_POINT('Ctrl Pts',(87.0890966713428,27.178704187403,44.6));
#13415=CARTESIAN_POINT('',(86.5095249474049,27.5210917444328,45.));
#13416=CARTESIAN_POINT('Ctrl Pts',(86.5095249474049,27.5210917444328,45.));
#13417=CARTESIAN_POINT('Ctrl Pts',(86.5836148110934,27.4212389369062,45.));
#13418=CARTESIAN_POINT('Ctrl Pts',(86.7290371642359,27.2252495057549,45.));
#13419=CARTESIAN_POINT('Ctrl Pts',(86.9706036278388,27.194021923287,45.));
#13420=CARTESIAN_POINT('Ctrl Pts',(87.0890966713428,27.178704187403,45.));
#13421=CARTESIAN_POINT('',(86.5095249474049,27.5210917444328,44.6));
#13422=CARTESIAN_POINT('',(86.5095249474049,27.5210917444328,45.));
#13423=CARTESIAN_POINT('Ctrl Pts',(86.5095249474049,27.5210917444328,44.6));
#13424=CARTESIAN_POINT('Ctrl Pts',(86.5836148110934,27.4212389369062,44.6));
#13425=CARTESIAN_POINT('Ctrl Pts',(86.7290371642359,27.2252495057549,44.6));
#13426=CARTESIAN_POINT('Ctrl Pts',(86.9706036278388,27.194021923287,44.6));
#13427=CARTESIAN_POINT('Ctrl Pts',(87.0890966713428,27.178704187403,44.6));
#13428=CARTESIAN_POINT('Ctrl Pts',(86.3048592865467,28.5597295017341,45.));
#13429=CARTESIAN_POINT('Ctrl Pts',(86.3048592865467,28.5597295017341,44.6));
#13430=CARTESIAN_POINT('Ctrl Pts',(86.3072920709544,28.3539700589009,45.));
#13431=CARTESIAN_POINT('Ctrl Pts',(86.3072920709544,28.3539700589009,44.6));
#13432=CARTESIAN_POINT('Ctrl Pts',(86.3115491573441,27.9939152505744,45.));
#13433=CARTESIAN_POINT('Ctrl Pts',(86.3115491573441,27.9939152505744,44.6));
#13434=CARTESIAN_POINT('Ctrl Pts',(86.4501359388246,27.6629298916859,45.));
#13435=CARTESIAN_POINT('Ctrl Pts',(86.4501359388246,27.6629298916859,44.6));
#13436=CARTESIAN_POINT('Ctrl Pts',(86.5095249474049,27.5210917444328,45.));
#13437=CARTESIAN_POINT('Ctrl Pts',(86.5095249474049,27.5210917444328,44.6));
#13438=CARTESIAN_POINT('',(86.3048592865467,28.5597295017341,45.));
#13439=CARTESIAN_POINT('Ctrl Pts',(86.3048592865467,28.5597295017341,45.));
#13440=CARTESIAN_POINT('Ctrl Pts',(86.3072920709544,28.3539700589009,45.));
#13441=CARTESIAN_POINT('Ctrl Pts',(86.3115491573441,27.9939152505744,45.));
#13442=CARTESIAN_POINT('Ctrl Pts',(86.4501359388246,27.6629298916859,45.));
#13443=CARTESIAN_POINT('Ctrl Pts',(86.5095249474049,27.5210917444328,45.));
#13444=CARTESIAN_POINT('',(86.3048592865467,28.5597295017341,44.6));
#13445=CARTESIAN_POINT('',(86.3048592865467,28.5597295017341,45.));
#13446=CARTESIAN_POINT('Ctrl Pts',(86.3048592865467,28.5597295017341,44.6));
#13447=CARTESIAN_POINT('Ctrl Pts',(86.3072920709544,28.3539700589009,44.6));
#13448=CARTESIAN_POINT('Ctrl Pts',(86.3115491573441,27.9939152505744,44.6));
#13449=CARTESIAN_POINT('Ctrl Pts',(86.4501359388246,27.6629298916859,44.6));
#13450=CARTESIAN_POINT('Ctrl Pts',(86.5095249474049,27.5210917444328,44.6));
#13451=CARTESIAN_POINT('Ctrl Pts',(86.6089907944202,29.661489173899,45.));
#13452=CARTESIAN_POINT('Ctrl Pts',(86.6089907944202,29.661489173899,44.6));
#13453=CARTESIAN_POINT('Ctrl Pts',(86.5206560123076,29.5147170432247,45.));
#13454=CARTESIAN_POINT('Ctrl Pts',(86.5206560123076,29.5147170432247,44.6));
#13455=CARTESIAN_POINT('Ctrl Pts',(86.3179626034425,29.1779330179376,45.));
#13456=CARTESIAN_POINT('Ctrl Pts',(86.3179626034425,29.1779330179376,44.6));
#13457=CARTESIAN_POINT('Ctrl Pts',(86.3095855685376,28.7827115274727,45.));
#13458=CARTESIAN_POINT('Ctrl Pts',(86.3095855685376,28.7827115274727,44.6));
#13459=CARTESIAN_POINT('Ctrl Pts',(86.3048592865467,28.5597295017341,45.));
#13460=CARTESIAN_POINT('Ctrl Pts',(86.3048592865467,28.5597295017341,44.6));
#13461=CARTESIAN_POINT('Ctrl Pts',(86.6089907944202,29.661489173899,45.));
#13462=CARTESIAN_POINT('Ctrl Pts',(86.5206560123076,29.5147170432247,45.));
#13463=CARTESIAN_POINT('Ctrl Pts',(86.3179626034425,29.1779330179376,45.));
#13464=CARTESIAN_POINT('Ctrl Pts',(86.3095855685376,28.7827115274727,45.));
#13465=CARTESIAN_POINT('Ctrl Pts',(86.3048592865467,28.5597295017341,45.));
#13466=CARTESIAN_POINT('Ctrl Pts',(86.6089907944202,29.661489173899,44.6));
#13467=CARTESIAN_POINT('Ctrl Pts',(86.5206560123076,29.5147170432247,44.6));
#13468=CARTESIAN_POINT('Ctrl Pts',(86.3179626034425,29.1779330179376,44.6));
#13469=CARTESIAN_POINT('Ctrl Pts',(86.3095855685376,28.7827115274727,44.6));
#13470=CARTESIAN_POINT('Ctrl Pts',(86.3048592865467,28.5597295017341,44.6));
#13471=CARTESIAN_POINT('Ctrl Pts',(85.9586445152759,27.1347105951408,45.));
#13472=CARTESIAN_POINT('Ctrl Pts',(85.9586445152759,27.1347105951408,44.6));
#13473=CARTESIAN_POINT('Ctrl Pts',(85.9060132045232,27.2249939688403,45.));
#13474=CARTESIAN_POINT('Ctrl Pts',(85.9060132045232,27.2249939688403,44.6));
#13475=CARTESIAN_POINT('Ctrl Pts',(85.7955410779675,27.4144970639098,45.));
#13476=CARTESIAN_POINT('Ctrl Pts',(85.7955410779675,27.4144970639098,44.6));
#13477=CARTESIAN_POINT('Ctrl Pts',(85.7381303646391,27.6263262775998,45.));
#13478=CARTESIAN_POINT('Ctrl Pts',(85.7381303646391,27.6263262775998,44.6));
#13479=CARTESIAN_POINT('Ctrl Pts',(85.7080713570118,27.7372354717353,45.));
#13480=CARTESIAN_POINT('Ctrl Pts',(85.7080713570118,27.7372354717353,44.6));
#13481=CARTESIAN_POINT('',(85.9586445152759,27.1347105951408,45.));
#13482=CARTESIAN_POINT('',(85.7080713570118,27.7372354717353,45.));
#13483=CARTESIAN_POINT('Ctrl Pts',(85.9586445152759,27.1347105951408,45.));
#13484=CARTESIAN_POINT('Ctrl Pts',(85.9060132045232,27.2249939688403,45.));
#13485=CARTESIAN_POINT('Ctrl Pts',(85.7955410779675,27.4144970639098,45.));
#13486=CARTESIAN_POINT('Ctrl Pts',(85.7381303646391,27.6263262775998,45.));
#13487=CARTESIAN_POINT('Ctrl Pts',(85.7080713570118,27.7372354717353,45.));
#13488=CARTESIAN_POINT('',(85.9586445152759,27.1347105951408,44.6));
#13489=CARTESIAN_POINT('',(85.9586445152759,27.1347105951408,45.));
#13490=CARTESIAN_POINT('',(85.7080713570118,27.7372354717353,44.6));
#13491=CARTESIAN_POINT('Ctrl Pts',(85.9586445152759,27.1347105951408,44.6));
#13492=CARTESIAN_POINT('Ctrl Pts',(85.9060132045232,27.2249939688403,44.6));
#13493=CARTESIAN_POINT('Ctrl Pts',(85.7955410779675,27.4144970639098,44.6));
#13494=CARTESIAN_POINT('Ctrl Pts',(85.7381303646391,27.6263262775998,44.6));
#13495=CARTESIAN_POINT('Ctrl Pts',(85.7080713570118,27.7372354717353,44.6));
#13496=CARTESIAN_POINT('',(85.7080713570118,27.7372354717353,45.));
#13497=CARTESIAN_POINT('Ctrl Pts',(86.3756314575672,26.7464167327979,45.));
#13498=CARTESIAN_POINT('Ctrl Pts',(86.3756314575672,26.7464167327979,44.6));
#13499=CARTESIAN_POINT('Ctrl Pts',(86.2952575252088,26.7975658173996,45.));
#13500=CARTESIAN_POINT('Ctrl Pts',(86.2952575252088,26.7975658173996,44.6));
#13501=CARTESIAN_POINT('Ctrl Pts',(86.1323523416896,26.9012368805091,45.));
#13502=CARTESIAN_POINT('Ctrl Pts',(86.1323523416896,26.9012368805091,44.6));
#13503=CARTESIAN_POINT('Ctrl Pts',(86.0170560720973,27.0562019670031,45.));
#13504=CARTESIAN_POINT('Ctrl Pts',(86.0170560720973,27.0562019670031,44.6));
#13505=CARTESIAN_POINT('Ctrl Pts',(85.9586445152759,27.1347105951408,45.));
#13506=CARTESIAN_POINT('Ctrl Pts',(85.9586445152759,27.1347105951408,44.6));
#13507=CARTESIAN_POINT('',(86.3756314575672,26.7464167327979,45.));
#13508=CARTESIAN_POINT('Ctrl Pts',(86.3756314575672,26.7464167327979,45.));
#13509=CARTESIAN_POINT('Ctrl Pts',(86.2952575252088,26.7975658173996,45.));
#13510=CARTESIAN_POINT('Ctrl Pts',(86.1323523416896,26.9012368805091,45.));
#13511=CARTESIAN_POINT('Ctrl Pts',(86.0170560720973,27.0562019670031,45.));
#13512=CARTESIAN_POINT('Ctrl Pts',(85.9586445152759,27.1347105951408,45.));
#13513=CARTESIAN_POINT('',(86.3756314575672,26.7464167327979,44.6));
#13514=CARTESIAN_POINT('',(86.3756314575672,26.7464167327979,45.));
#13515=CARTESIAN_POINT('Ctrl Pts',(86.3756314575672,26.7464167327979,44.6));
#13516=CARTESIAN_POINT('Ctrl Pts',(86.2952575252088,26.7975658173996,44.6));
#13517=CARTESIAN_POINT('Ctrl Pts',(86.1323523416896,26.9012368805091,44.6));
#13518=CARTESIAN_POINT('Ctrl Pts',(86.0170560720973,27.0562019670031,44.6));
#13519=CARTESIAN_POINT('Ctrl Pts',(85.9586445152759,27.1347105951408,44.6));
#13520=CARTESIAN_POINT('Ctrl Pts',(86.9552031815052,26.6086966247657,45.));
#13521=CARTESIAN_POINT('Ctrl Pts',(86.9552031815052,26.6086966247657,44.6));
#13522=CARTESIAN_POINT('Ctrl Pts',(86.8504642344553,26.6135439499503,45.));
#13523=CARTESIAN_POINT('Ctrl Pts',(86.8504642344553,26.6135439499503,44.6));
#13524=CARTESIAN_POINT('Ctrl Pts',(86.6484057079083,26.6228952315136,45.));
#13525=CARTESIAN_POINT('Ctrl Pts',(86.6484057079083,26.6228952315136,44.6));
#13526=CARTESIAN_POINT('Ctrl Pts',(86.4643028560593,26.7062632936481,45.));
#13527=CARTESIAN_POINT('Ctrl Pts',(86.4643028560593,26.7062632936481,44.6));
#13528=CARTESIAN_POINT('Ctrl Pts',(86.3756314575672,26.7464167327979,45.));
#13529=CARTESIAN_POINT('Ctrl Pts',(86.3756314575672,26.7464167327979,44.6));
#13530=CARTESIAN_POINT('',(86.9552031815052,26.6086966247657,45.));
#13531=CARTESIAN_POINT('Ctrl Pts',(86.9552031815052,26.6086966247657,45.));
#13532=CARTESIAN_POINT('Ctrl Pts',(86.8504642344553,26.6135439499503,45.));
#13533=CARTESIAN_POINT('Ctrl Pts',(86.6484057079083,26.6228952315136,45.));
#13534=CARTESIAN_POINT('Ctrl Pts',(86.4643028560593,26.7062632936481,45.));
#13535=CARTESIAN_POINT('Ctrl Pts',(86.3756314575672,26.7464167327979,45.));
#13536=CARTESIAN_POINT('',(86.9552031815052,26.6086966247657,44.6));
#13537=CARTESIAN_POINT('',(86.9552031815052,26.6086966247657,45.));
#13538=CARTESIAN_POINT('Ctrl Pts',(86.9552031815052,26.6086966247657,44.6));
#13539=CARTESIAN_POINT('Ctrl Pts',(86.8504642344553,26.6135439499503,44.6));
#13540=CARTESIAN_POINT('Ctrl Pts',(86.6484057079083,26.6228952315136,44.6));
#13541=CARTESIAN_POINT('Ctrl Pts',(86.4643028560593,26.7062632936481,44.6));
#13542=CARTESIAN_POINT('Ctrl Pts',(86.3756314575672,26.7464167327979,44.6));
#13543=CARTESIAN_POINT('Ctrl Pts',(87.6591054260731,26.8037999124625,45.));
#13544=CARTESIAN_POINT('Ctrl Pts',(87.6591054260731,26.8037999124625,44.6));
#13545=CARTESIAN_POINT('Ctrl Pts',(87.5485043832653,26.7468950122847,45.));
#13546=CARTESIAN_POINT('Ctrl Pts',(87.5485043832653,26.7468950122847,44.6));
#13547=CARTESIAN_POINT('Ctrl Pts',(87.3273765322415,26.633123406072,45.));
#13548=CARTESIAN_POINT('Ctrl Pts',(87.3273765322415,26.633123406072,44.6));
#13549=CARTESIAN_POINT('Ctrl Pts',(87.079233197107,26.6168370627109,45.));
#13550=CARTESIAN_POINT('Ctrl Pts',(87.079233197107,26.6168370627109,44.6));
#13551=CARTESIAN_POINT('Ctrl Pts',(86.9552031815052,26.6086966247657,45.));
#13552=CARTESIAN_POINT('Ctrl Pts',(86.9552031815052,26.6086966247657,44.6));
#13553=CARTESIAN_POINT('',(87.6591054260731,26.8037999124625,45.));
#13554=CARTESIAN_POINT('Ctrl Pts',(87.6591054260731,26.8037999124625,45.));
#13555=CARTESIAN_POINT('Ctrl Pts',(87.5485043832653,26.7468950122847,45.));
#13556=CARTESIAN_POINT('Ctrl Pts',(87.3273765322415,26.633123406072,45.));
#13557=CARTESIAN_POINT('Ctrl Pts',(87.079233197107,26.6168370627109,45.));
#13558=CARTESIAN_POINT('Ctrl Pts',(86.9552031815052,26.6086966247657,45.));
#13559=CARTESIAN_POINT('',(87.6591054260731,26.8037999124625,44.6));
#13560=CARTESIAN_POINT('',(87.6591054260731,26.8037999124625,45.));
#13561=CARTESIAN_POINT('Ctrl Pts',(87.6591054260731,26.8037999124625,44.6));
#13562=CARTESIAN_POINT('Ctrl Pts',(87.5485043832653,26.7468950122847,44.6));
#13563=CARTESIAN_POINT('Ctrl Pts',(87.3273765322415,26.633123406072,44.6));
#13564=CARTESIAN_POINT('Ctrl Pts',(87.079233197107,26.6168370627109,44.6));
#13565=CARTESIAN_POINT('Ctrl Pts',(86.9552031815052,26.6086966247657,44.6));
#13566=CARTESIAN_POINT('Ctrl Pts',(88.2635418236256,27.4044120760062,45.));
#13567=CARTESIAN_POINT('Ctrl Pts',(88.2635418236256,27.4044120760062,44.6));
#13568=CARTESIAN_POINT('Ctrl Pts',(88.1726852011196,27.2805921476379,45.));
#13569=CARTESIAN_POINT('Ctrl Pts',(88.1726852011196,27.2805921476379,44.6));
#13570=CARTESIAN_POINT('Ctrl Pts',(88.0024061907287,27.0485349316893,45.));
#13571=CARTESIAN_POINT('Ctrl Pts',(88.0024061907287,27.0485349316893,44.6));
#13572=CARTESIAN_POINT('Ctrl Pts',(87.7682989134942,26.8816426468656,45.));
#13573=CARTESIAN_POINT('Ctrl Pts',(87.7682989134942,26.8816426468656,44.6));
#13574=CARTESIAN_POINT('Ctrl Pts',(87.6591054260731,26.8037999124625,45.));
#13575=CARTESIAN_POINT('Ctrl Pts',(87.6591054260731,26.8037999124625,44.6));
#13576=CARTESIAN_POINT('',(88.2635418236256,27.4044120760062,45.));
#13577=CARTESIAN_POINT('Ctrl Pts',(88.2635418236256,27.4044120760062,45.));
#13578=CARTESIAN_POINT('Ctrl Pts',(88.1726852011196,27.2805921476379,45.));
#13579=CARTESIAN_POINT('Ctrl Pts',(88.0024061907287,27.0485349316893,45.));
#13580=CARTESIAN_POINT('Ctrl Pts',(87.7682989134942,26.8816426468656,45.));
#13581=CARTESIAN_POINT('Ctrl Pts',(87.6591054260731,26.8037999124625,45.));
#13582=CARTESIAN_POINT('',(88.2635418236256,27.4044120760062,44.6));
#13583=CARTESIAN_POINT('',(88.2635418236256,27.4044120760062,45.));
#13584=CARTESIAN_POINT('Ctrl Pts',(88.2635418236256,27.4044120760062,44.6));
#13585=CARTESIAN_POINT('Ctrl Pts',(88.1726852011196,27.2805921476379,44.6));
#13586=CARTESIAN_POINT('Ctrl Pts',(88.0024061907287,27.0485349316893,44.6));
#13587=CARTESIAN_POINT('Ctrl Pts',(87.7682989134942,26.8816426468656,44.6));
#13588=CARTESIAN_POINT('Ctrl Pts',(87.6591054260731,26.8037999124625,44.6));
#13589=CARTESIAN_POINT('Origin',(88.2864943802357,26.6775566787818,45.));
#13590=CARTESIAN_POINT('',(88.2864943802357,26.6775566787818,45.));
#13591=CARTESIAN_POINT('',(88.316676675815,25.7217518499298,45.));
#13592=CARTESIAN_POINT('',(88.2864943802357,26.6775566787818,44.6));
#13593=CARTESIAN_POINT('',(88.2864943802357,26.6775566787818,45.));
#13594=CARTESIAN_POINT('',(88.2864943802357,26.6775566787818,44.6));
#13595=CARTESIAN_POINT('Origin',(88.8832823097706,26.6775566787818,45.));
#13596=CARTESIAN_POINT('',(88.8832823097706,26.6775566787818,45.));
#13597=CARTESIAN_POINT('',(85.5916411548853,26.6775566787818,45.));
#13598=CARTESIAN_POINT('',(88.8832823097706,26.6775566787818,44.6));
#13599=CARTESIAN_POINT('',(88.8832823097706,26.6775566787818,45.));
#13600=CARTESIAN_POINT('',(88.8832823097706,26.6775566787818,44.6));
#13601=CARTESIAN_POINT('Origin',(88.8832823097706,32.0830655546287,45.));
#13602=CARTESIAN_POINT('',(88.8832823097706,32.0830655546287,45.));
#13603=CARTESIAN_POINT('',(88.8832823097706,28.3290327773143,45.));
#13604=CARTESIAN_POINT('',(88.8832823097706,32.0830655546287,44.6));
#13605=CARTESIAN_POINT('',(88.8832823097706,32.0830655546287,45.));
#13606=CARTESIAN_POINT('',(88.8832823097706,32.0830655546287,44.6));
#13607=CARTESIAN_POINT('Origin',(88.2138100922108,32.0830655546287,45.));
#13608=CARTESIAN_POINT('',(88.2138100922108,32.0830655546287,45.));
#13609=CARTESIAN_POINT('',(85.2569050461054,32.0830655546287,45.));
#13610=CARTESIAN_POINT('',(88.2138100922108,32.0830655546287,44.6));
#13611=CARTESIAN_POINT('',(88.2138100922108,32.0830655546287,45.));
#13612=CARTESIAN_POINT('',(88.2138100922108,32.0830655546287,44.6));
#13613=CARTESIAN_POINT('Origin',(88.2138100922108,30.468681499491,45.));
#13614=CARTESIAN_POINT('',(88.2138100922108,30.468681499491,45.));
#13615=CARTESIAN_POINT('',(88.2138100922108,27.5218407497455,45.));
#13616=CARTESIAN_POINT('',(88.2138100922108,30.468681499491,44.6));
#13617=CARTESIAN_POINT('',(88.2138100922108,30.468681499491,45.));
#13618=CARTESIAN_POINT('',(88.2138100922108,30.468681499491,44.6));
#13619=CARTESIAN_POINT('Ctrl Pts',(87.8637710869312,30.5413669796088,45.));
#13620=CARTESIAN_POINT('Ctrl Pts',(87.8637710869312,30.5413669796088,44.6));
#13621=CARTESIAN_POINT('Ctrl Pts',(87.922821069981,30.5326021215257,45.));
#13622=CARTESIAN_POINT('Ctrl Pts',(87.922821069981,30.5326021215257,44.6));
#13623=CARTESIAN_POINT('Ctrl Pts',(88.040892675653,30.5150766149309,45.));
#13624=CARTESIAN_POINT('Ctrl Pts',(88.040892675653,30.5150766149309,44.6));
#13625=CARTESIAN_POINT('Ctrl Pts',(88.1561801839235,30.484144061337,45.));
#13626=CARTESIAN_POINT('Ctrl Pts',(88.1561801839235,30.484144061337,44.6));
#13627=CARTESIAN_POINT('Ctrl Pts',(88.2138100922108,30.468681499491,45.));
#13628=CARTESIAN_POINT('Ctrl Pts',(88.2138100922108,30.468681499491,44.6));
#13629=CARTESIAN_POINT('',(87.8637710869312,30.5413669796088,45.));
#13630=CARTESIAN_POINT('Ctrl Pts',(87.8637710869312,30.5413669796088,45.));
#13631=CARTESIAN_POINT('Ctrl Pts',(87.922821069981,30.5326021215257,45.));
#13632=CARTESIAN_POINT('Ctrl Pts',(88.040892675653,30.5150766149309,45.));
#13633=CARTESIAN_POINT('Ctrl Pts',(88.1561801839235,30.484144061337,45.));
#13634=CARTESIAN_POINT('Ctrl Pts',(88.2138100922108,30.468681499491,45.));
#13635=CARTESIAN_POINT('',(87.8637710869312,30.5413669796088,44.6));
#13636=CARTESIAN_POINT('',(87.8637710869312,30.5413669796088,45.));
#13637=CARTESIAN_POINT('Ctrl Pts',(87.8637710869312,30.5413669796088,44.6));
#13638=CARTESIAN_POINT('Ctrl Pts',(87.922821069981,30.5326021215257,44.6));
#13639=CARTESIAN_POINT('Ctrl Pts',(88.040892675653,30.5150766149309,44.6));
#13640=CARTESIAN_POINT('Ctrl Pts',(88.1561801839235,30.484144061337,44.6));
#13641=CARTESIAN_POINT('Ctrl Pts',(88.2138100922108,30.468681499491,44.6));
#13642=CARTESIAN_POINT('Ctrl Pts',(87.5022569954395,30.5643201322654,45.));
#13643=CARTESIAN_POINT('Ctrl Pts',(87.5022569954395,30.5643201322654,44.6));
#13644=CARTESIAN_POINT('Ctrl Pts',(87.5630501252267,30.5633865772228,45.));
#13645=CARTESIAN_POINT('Ctrl Pts',(87.5630501252267,30.5633865772228,44.6));
#13646=CARTESIAN_POINT('Ctrl Pts',(87.6839238512168,30.5615304089879,45.));
#13647=CARTESIAN_POINT('Ctrl Pts',(87.6839238512168,30.5615304089879,44.6));
#13648=CARTESIAN_POINT('Ctrl Pts',(87.8040580664506,30.5480616572706,45.));
#13649=CARTESIAN_POINT('Ctrl Pts',(87.8040580664506,30.5480616572706,44.6));
#13650=CARTESIAN_POINT('Ctrl Pts',(87.8637710869312,30.5413669796088,45.));
#13651=CARTESIAN_POINT('Ctrl Pts',(87.8637710869312,30.5413669796088,44.6));
#13652=CARTESIAN_POINT('',(87.5022569954395,30.5643201322654,45.));
#13653=CARTESIAN_POINT('Ctrl Pts',(87.5022569954395,30.5643201322654,45.));
#13654=CARTESIAN_POINT('Ctrl Pts',(87.5630501252267,30.5633865772228,45.));
#13655=CARTESIAN_POINT('Ctrl Pts',(87.6839238512168,30.5615304089879,45.));
#13656=CARTESIAN_POINT('Ctrl Pts',(87.8040580664506,30.5480616572706,45.));
#13657=CARTESIAN_POINT('Ctrl Pts',(87.8637710869312,30.5413669796088,45.));
#13658=CARTESIAN_POINT('',(87.5022569954395,30.5643201322654,44.6));
#13659=CARTESIAN_POINT('',(87.5022569954395,30.5643201322654,45.));
#13660=CARTESIAN_POINT('Ctrl Pts',(87.5022569954395,30.5643201322654,44.6));
#13661=CARTESIAN_POINT('Ctrl Pts',(87.5630501252267,30.5633865772228,44.6));
#13662=CARTESIAN_POINT('Ctrl Pts',(87.6839238512168,30.5615304089879,44.6));
#13663=CARTESIAN_POINT('Ctrl Pts',(87.8040580664506,30.5480616572706,44.6));
#13664=CARTESIAN_POINT('Ctrl Pts',(87.8637710869312,30.5413669796088,44.6));
#13665=CARTESIAN_POINT('Ctrl Pts',(86.7314068138599,30.4285130353072,45.));
#13666=CARTESIAN_POINT('Ctrl Pts',(86.7314068138599,30.4285130353072,44.6));
#13667=CARTESIAN_POINT('Ctrl Pts',(86.852333435409,30.4681108361016,45.));
#13668=CARTESIAN_POINT('Ctrl Pts',(86.852333435409,30.4681108361016,44.6));
#13669=CARTESIAN_POINT('Ctrl Pts',(87.1026942805568,30.5500922786151,45.));
#13670=CARTESIAN_POINT('Ctrl Pts',(87.1026942805568,30.5500922786151,44.6));
#13671=CARTESIAN_POINT('Ctrl Pts',(87.3660859546976,30.5594712773375,45.));
#13672=CARTESIAN_POINT('Ctrl Pts',(87.3660859546976,30.5594712773375,44.6));
#13673=CARTESIAN_POINT('Ctrl Pts',(87.5022569954395,30.5643201322654,45.));
#13674=CARTESIAN_POINT('Ctrl Pts',(87.5022569954395,30.5643201322654,44.6));
#13675=CARTESIAN_POINT('',(86.7314068138599,30.4285130353072,45.));
#13676=CARTESIAN_POINT('Ctrl Pts',(86.7314068138599,30.4285130353072,45.));
#13677=CARTESIAN_POINT('Ctrl Pts',(86.852333435409,30.4681108361016,45.));
#13678=CARTESIAN_POINT('Ctrl Pts',(87.1026942805568,30.5500922786151,45.));
#13679=CARTESIAN_POINT('Ctrl Pts',(87.3660859546976,30.5594712773375,45.));
#13680=CARTESIAN_POINT('Ctrl Pts',(87.5022569954395,30.5643201322654,45.));
#13681=CARTESIAN_POINT('',(86.7314068138599,30.4285130353072,44.6));
#13682=CARTESIAN_POINT('',(86.7314068138599,30.4285130353072,45.));
#13683=CARTESIAN_POINT('Ctrl Pts',(86.7314068138599,30.4285130353072,44.6));
#13684=CARTESIAN_POINT('Ctrl Pts',(86.852333435409,30.4681108361016,44.6));
#13685=CARTESIAN_POINT('Ctrl Pts',(87.1026942805568,30.5500922786151,44.6));
#13686=CARTESIAN_POINT('Ctrl Pts',(87.3660859546976,30.5594712773375,44.6));
#13687=CARTESIAN_POINT('Ctrl Pts',(87.5022569954395,30.5643201322654,44.6));
#13688=CARTESIAN_POINT('Ctrl Pts',(86.1384478867054,30.030655309687,45.));
#13689=CARTESIAN_POINT('Ctrl Pts',(86.1384478867054,30.030655309687,44.6));
#13690=CARTESIAN_POINT('Ctrl Pts',(86.2253227789897,30.1129333151602,45.));
#13691=CARTESIAN_POINT('Ctrl Pts',(86.2253227789897,30.1129333151602,44.6));
#13692=CARTESIAN_POINT('Ctrl Pts',(86.4005574989066,30.2788956877779,45.));
#13693=CARTESIAN_POINT('Ctrl Pts',(86.4005574989066,30.2788956877779,44.6));
#13694=CARTESIAN_POINT('Ctrl Pts',(86.6205024392688,30.3783596343305,45.));
#13695=CARTESIAN_POINT('Ctrl Pts',(86.6205024392688,30.3783596343305,44.6));
#13696=CARTESIAN_POINT('Ctrl Pts',(86.7314068138599,30.4285130353072,45.));
#13697=CARTESIAN_POINT('Ctrl Pts',(86.7314068138599,30.4285130353072,44.6));
#13698=CARTESIAN_POINT('',(86.1384478867054,30.030655309687,45.));
#13699=CARTESIAN_POINT('Ctrl Pts',(86.1384478867054,30.030655309687,45.));
#13700=CARTESIAN_POINT('Ctrl Pts',(86.2253227789897,30.1129333151602,45.));
#13701=CARTESIAN_POINT('Ctrl Pts',(86.4005574989066,30.2788956877779,45.));
#13702=CARTESIAN_POINT('Ctrl Pts',(86.6205024392688,30.3783596343305,45.));
#13703=CARTESIAN_POINT('Ctrl Pts',(86.7314068138599,30.4285130353072,45.));
#13704=CARTESIAN_POINT('',(86.1384478867054,30.030655309687,44.6));
#13705=CARTESIAN_POINT('',(86.1384478867054,30.030655309687,45.));
#13706=CARTESIAN_POINT('Ctrl Pts',(86.1384478867054,30.030655309687,44.6));
#13707=CARTESIAN_POINT('Ctrl Pts',(86.2253227789897,30.1129333151602,44.6));
#13708=CARTESIAN_POINT('Ctrl Pts',(86.4005574989066,30.2788956877779,44.6));
#13709=CARTESIAN_POINT('Ctrl Pts',(86.6205024392688,30.3783596343305,44.6));
#13710=CARTESIAN_POINT('Ctrl Pts',(86.7314068138599,30.4285130353072,44.6));
#13711=CARTESIAN_POINT('Ctrl Pts',(85.7578030884266,29.3879622669318,45.));
#13712=CARTESIAN_POINT('Ctrl Pts',(85.7578030884266,29.3879622669318,44.6));
#13713=CARTESIAN_POINT('Ctrl Pts',(85.8058597215614,29.5085271960854,45.));
#13714=CARTESIAN_POINT('Ctrl Pts',(85.8058597215614,29.5085271960854,44.6));
#13715=CARTESIAN_POINT('Ctrl Pts',(85.8992208154276,29.742752378613,45.));
#13716=CARTESIAN_POINT('Ctrl Pts',(85.8992208154276,29.742752378613,44.6));
#13717=CARTESIAN_POINT('Ctrl Pts',(86.0602882205358,29.9365923892081,45.));
#13718=CARTESIAN_POINT('Ctrl Pts',(86.0602882205358,29.9365923892081,44.6));
#13719=CARTESIAN_POINT('Ctrl Pts',(86.1384478867054,30.030655309687,45.));
#13720=CARTESIAN_POINT('Ctrl Pts',(86.1384478867054,30.030655309687,44.6));
#13721=CARTESIAN_POINT('',(85.7578030884266,29.3879622669318,45.));
#13722=CARTESIAN_POINT('Ctrl Pts',(85.7578030884266,29.3879622669318,45.));
#13723=CARTESIAN_POINT('Ctrl Pts',(85.8058597215614,29.5085271960854,45.));
#13724=CARTESIAN_POINT('Ctrl Pts',(85.8992208154276,29.742752378613,45.));
#13725=CARTESIAN_POINT('Ctrl Pts',(86.0602882205358,29.9365923892081,45.));
#13726=CARTESIAN_POINT('Ctrl Pts',(86.1384478867054,30.030655309687,45.));
#13727=CARTESIAN_POINT('',(85.7578030884266,29.3879622669318,44.6));
#13728=CARTESIAN_POINT('',(85.7578030884266,29.3879622669318,45.));
#13729=CARTESIAN_POINT('Ctrl Pts',(85.7578030884266,29.3879622669318,44.6));
#13730=CARTESIAN_POINT('Ctrl Pts',(85.8058597215614,29.5085271960854,44.6));
#13731=CARTESIAN_POINT('Ctrl Pts',(85.8992208154276,29.742752378613,44.6));
#13732=CARTESIAN_POINT('Ctrl Pts',(86.0602882205358,29.9365923892081,44.6));
#13733=CARTESIAN_POINT('Ctrl Pts',(86.1384478867054,30.030655309687,44.6));
#13734=CARTESIAN_POINT('Ctrl Pts',(85.6239095985889,28.5176486225227,45.));
#13735=CARTESIAN_POINT('Ctrl Pts',(85.6239095985889,28.5176486225227,44.6));
#13736=CARTESIAN_POINT('Ctrl Pts',(85.6283037265503,28.6728559572881,45.));
#13737=CARTESIAN_POINT('Ctrl Pts',(85.6283037265503,28.6728559572881,44.6));
#13738=CARTESIAN_POINT('Ctrl Pts',(85.6366792806297,28.9686933651391,45.));
#13739=CARTESIAN_POINT('Ctrl Pts',(85.6366792806297,28.9686933651391,44.6));
#13740=CARTESIAN_POINT('Ctrl Pts',(85.7187769279751,29.2528735859261,45.));
#13741=CARTESIAN_POINT('Ctrl Pts',(85.7187769279751,29.2528735859261,44.6));
#13742=CARTESIAN_POINT('Ctrl Pts',(85.7578030884266,29.3879622669318,45.));
#13743=CARTESIAN_POINT('Ctrl Pts',(85.7578030884266,29.3879622669318,44.6));
#13744=CARTESIAN_POINT('',(85.6239095985889,28.5176486225227,45.));
#13745=CARTESIAN_POINT('Ctrl Pts',(85.6239095985889,28.5176486225227,45.));
#13746=CARTESIAN_POINT('Ctrl Pts',(85.6283037265503,28.6728559572881,45.));
#13747=CARTESIAN_POINT('Ctrl Pts',(85.6366792806297,28.9686933651391,45.));
#13748=CARTESIAN_POINT('Ctrl Pts',(85.7187769279751,29.2528735859261,45.));
#13749=CARTESIAN_POINT('Ctrl Pts',(85.7578030884266,29.3879622669318,45.));
#13750=CARTESIAN_POINT('',(85.6239095985889,28.5176486225227,44.6));
#13751=CARTESIAN_POINT('',(85.6239095985889,28.5176486225227,45.));
#13752=CARTESIAN_POINT('Ctrl Pts',(85.6239095985889,28.5176486225227,44.6));
#13753=CARTESIAN_POINT('Ctrl Pts',(85.6283037265503,28.6728559572881,44.6));
#13754=CARTESIAN_POINT('Ctrl Pts',(85.6366792806297,28.9686933651391,44.6));
#13755=CARTESIAN_POINT('Ctrl Pts',(85.7187769279751,29.2528735859261,44.6));
#13756=CARTESIAN_POINT('Ctrl Pts',(85.7578030884266,29.3879622669318,44.6));
#13757=CARTESIAN_POINT('Ctrl Pts',(85.7080713570118,27.7372354717353,45.));
#13758=CARTESIAN_POINT('Ctrl Pts',(85.7080713570118,27.7372354717353,44.6));
#13759=CARTESIAN_POINT('Ctrl Pts',(85.6835363645716,27.8605425361586,45.));
#13760=CARTESIAN_POINT('Ctrl Pts',(85.6835363645716,27.8605425361586,44.6));
#13761=CARTESIAN_POINT('Ctrl Pts',(85.6322849539595,28.1181199943755,45.));
#13762=CARTESIAN_POINT('Ctrl Pts',(85.6322849539595,28.1181199943755,44.6));
#13763=CARTESIAN_POINT('Ctrl Pts',(85.626779493774,28.3807463377254,45.));
#13764=CARTESIAN_POINT('Ctrl Pts',(85.626779493774,28.3807463377254,44.6));
#13765=CARTESIAN_POINT('Ctrl Pts',(85.6239095985889,28.5176486225227,45.));
#13766=CARTESIAN_POINT('Ctrl Pts',(85.6239095985889,28.5176486225227,44.6));
#13767=CARTESIAN_POINT('Ctrl Pts',(85.7080713570118,27.7372354717353,45.));
#13768=CARTESIAN_POINT('Ctrl Pts',(85.6835363645716,27.8605425361586,45.));
#13769=CARTESIAN_POINT('Ctrl Pts',(85.6322849539595,28.1181199943755,45.));
#13770=CARTESIAN_POINT('Ctrl Pts',(85.626779493774,28.3807463377254,45.));
#13771=CARTESIAN_POINT('Ctrl Pts',(85.6239095985889,28.5176486225227,45.));
#13772=CARTESIAN_POINT('Ctrl Pts',(85.7080713570118,27.7372354717353,44.6));
#13773=CARTESIAN_POINT('Ctrl Pts',(85.6835363645716,27.8605425361586,44.6));
#13774=CARTESIAN_POINT('Ctrl Pts',(85.6322849539595,28.1181199943755,44.6));
#13775=CARTESIAN_POINT('Ctrl Pts',(85.626779493774,28.3807463377254,44.6));
#13776=CARTESIAN_POINT('Ctrl Pts',(85.6239095985889,28.5176486225227,44.6));
#13777=CARTESIAN_POINT('Origin',(76.8499997168779,28.7223154754737,44.6));
#13778=CARTESIAN_POINT('Ctrl Pts',(78.5122028648853,29.0532261581519,45.));
#13779=CARTESIAN_POINT('Ctrl Pts',(78.5122028648853,29.0532261581519,44.6));
#13780=CARTESIAN_POINT('Ctrl Pts',(78.6953950137754,29.0592235251817,45.));
#13781=CARTESIAN_POINT('Ctrl Pts',(78.6953950137754,29.0592235251817,44.6));
#13782=CARTESIAN_POINT('Ctrl Pts',(79.0291452648874,29.0701498818204,45.));
#13783=CARTESIAN_POINT('Ctrl Pts',(79.0291452648874,29.0701498818204,44.6));
#13784=CARTESIAN_POINT('Ctrl Pts',(79.3148440910165,29.2403916998469,45.));
#13785=CARTESIAN_POINT('Ctrl Pts',(79.3148440910165,29.2403916998469,44.6));
#13786=CARTESIAN_POINT('Ctrl Pts',(79.4437257111072,29.3171894998649,45.));
#13787=CARTESIAN_POINT('Ctrl Pts',(79.4437257111072,29.3171894998649,44.6));
#13788=CARTESIAN_POINT('',(78.5122028648853,29.0532261581519,45.));
#13789=CARTESIAN_POINT('',(79.4437257111072,29.3171894998649,45.));
#13790=CARTESIAN_POINT('Ctrl Pts',(78.5122028648853,29.0532261581519,45.));
#13791=CARTESIAN_POINT('Ctrl Pts',(78.6953950137754,29.0592235251817,45.));
#13792=CARTESIAN_POINT('Ctrl Pts',(79.0291452648874,29.0701498818204,45.));
#13793=CARTESIAN_POINT('Ctrl Pts',(79.3148440910165,29.2403916998469,45.));
#13794=CARTESIAN_POINT('Ctrl Pts',(79.4437257111072,29.3171894998649,45.));
#13795=CARTESIAN_POINT('',(78.5122028648853,29.0532261581519,44.6));
#13796=CARTESIAN_POINT('',(78.5122028648853,29.0532261581519,45.));
#13797=CARTESIAN_POINT('',(79.4437257111072,29.3171894998649,44.6));
#13798=CARTESIAN_POINT('Ctrl Pts',(78.5122028648853,29.0532261581519,44.6));
#13799=CARTESIAN_POINT('Ctrl Pts',(78.6953950137754,29.0592235251817,44.6));
#13800=CARTESIAN_POINT('Ctrl Pts',(79.0291452648874,29.0701498818204,44.6));
#13801=CARTESIAN_POINT('Ctrl Pts',(79.3148440910165,29.2403916998469,44.6));
#13802=CARTESIAN_POINT('Ctrl Pts',(79.4437257111072,29.3171894998649,44.6));
#13803=CARTESIAN_POINT('',(79.4437257111072,29.3171894998649,45.));
#13804=CARTESIAN_POINT('Origin',(77.8771606743335,29.0532261581519,45.));
#13805=CARTESIAN_POINT('',(77.8771606743335,29.0532261581519,45.));
#13806=CARTESIAN_POINT('',(80.0885803371668,29.0532261581519,45.));
#13807=CARTESIAN_POINT('',(77.8771606743335,29.0532261581519,44.6));
#13808=CARTESIAN_POINT('',(77.8771606743335,29.0532261581519,45.));
#13809=CARTESIAN_POINT('',(77.8771606743335,29.0532261581519,44.6));
#13810=CARTESIAN_POINT('Origin',(77.8771606743335,31.1113745422462,45.));
#13811=CARTESIAN_POINT('',(77.8771606743335,31.1113745422462,45.));
#13812=CARTESIAN_POINT('',(77.8771606743336,27.8431872711231,45.));
#13813=CARTESIAN_POINT('',(77.8771606743335,31.1113745422462,44.6));
#13814=CARTESIAN_POINT('',(77.8771606743335,31.1113745422462,45.));
#13815=CARTESIAN_POINT('',(77.8771606743335,31.1113745422462,44.6));
#13816=CARTESIAN_POINT('Origin',(78.573412066698,31.1113745422462,45.));
#13817=CARTESIAN_POINT('',(78.573412066698,31.1113745422462,45.));
#13818=CARTESIAN_POINT('',(80.436706033349,31.1113745422462,45.));
#13819=CARTESIAN_POINT('',(78.573412066698,31.1113745422462,44.6));
#13820=CARTESIAN_POINT('',(78.573412066698,31.1113745422462,45.));
#13821=CARTESIAN_POINT('',(78.573412066698,31.1113745422462,44.6));
#13822=CARTESIAN_POINT('Ctrl Pts',(79.4552031815052,30.8550623507598,45.));
#13823=CARTESIAN_POINT('Ctrl Pts',(79.4552031815052,30.8550623507598,44.6));
#13824=CARTESIAN_POINT('Ctrl Pts',(79.3323556577011,30.9296634422123,45.));
#13825=CARTESIAN_POINT('Ctrl Pts',(79.3323556577011,30.9296634422123,44.6));
#13826=CARTESIAN_POINT('Ctrl Pts',(79.0625421859057,31.093511917633,45.));
#13827=CARTESIAN_POINT('Ctrl Pts',(79.0625421859057,31.093511917633,44.6));
#13828=CARTESIAN_POINT('Ctrl Pts',(78.7458905247208,31.1050757725967,45.));
#13829=CARTESIAN_POINT('Ctrl Pts',(78.7458905247208,31.1050757725967,44.6));
#13830=CARTESIAN_POINT('Ctrl Pts',(78.573412066698,31.1113745422462,45.));
#13831=CARTESIAN_POINT('Ctrl Pts',(78.573412066698,31.1113745422462,44.6));
#13832=CARTESIAN_POINT('',(79.4552031815052,30.8550623507598,45.));
#13833=CARTESIAN_POINT('Ctrl Pts',(79.4552031815052,30.8550623507598,45.));
#13834=CARTESIAN_POINT('Ctrl Pts',(79.3323556577011,30.9296634422123,45.));
#13835=CARTESIAN_POINT('Ctrl Pts',(79.0625421859057,31.093511917633,45.));
#13836=CARTESIAN_POINT('Ctrl Pts',(78.7458905247208,31.1050757725967,45.));
#13837=CARTESIAN_POINT('Ctrl Pts',(78.573412066698,31.1113745422462,45.));
#13838=CARTESIAN_POINT('',(79.4552031815052,30.8550623507598,44.6));
#13839=CARTESIAN_POINT('',(79.4552031815052,30.8550623507598,45.));
#13840=CARTESIAN_POINT('Ctrl Pts',(79.4552031815052,30.8550623507598,44.6));
#13841=CARTESIAN_POINT('Ctrl Pts',(79.3323556577011,30.9296634422123,44.6));
#13842=CARTESIAN_POINT('Ctrl Pts',(79.0625421859057,31.093511917633,44.6));
#13843=CARTESIAN_POINT('Ctrl Pts',(78.7458905247208,31.1050757725967,44.6));
#13844=CARTESIAN_POINT('Ctrl Pts',(78.573412066698,31.1113745422462,44.6));
#13845=CARTESIAN_POINT('Ctrl Pts',(79.7708121597767,30.1167303772071,45.));
#13846=CARTESIAN_POINT('Ctrl Pts',(79.7708121597767,30.1167303772071,44.6));
#13847=CARTESIAN_POINT('Ctrl Pts',(79.7604530931145,30.2656298835003,45.));
#13848=CARTESIAN_POINT('Ctrl Pts',(79.7604530931145,30.2656298835003,44.6));
#13849=CARTESIAN_POINT('Ctrl Pts',(79.7407072445455,30.5494534362541,45.));
#13850=CARTESIAN_POINT('Ctrl Pts',(79.7407072445455,30.5494534362541,44.6));
#13851=CARTESIAN_POINT('Ctrl Pts',(79.5471950246551,30.7565925530657,45.));
#13852=CARTESIAN_POINT('Ctrl Pts',(79.5471950246551,30.7565925530657,44.6));
#13853=CARTESIAN_POINT('Ctrl Pts',(79.4552031815052,30.8550623507598,45.));
#13854=CARTESIAN_POINT('Ctrl Pts',(79.4552031815052,30.8550623507598,44.6));
#13855=CARTESIAN_POINT('',(79.7708121597767,30.1167303772071,45.));
#13856=CARTESIAN_POINT('Ctrl Pts',(79.7708121597767,30.1167303772071,45.));
#13857=CARTESIAN_POINT('Ctrl Pts',(79.7604530931145,30.2656298835003,45.));
#13858=CARTESIAN_POINT('Ctrl Pts',(79.7407072445455,30.5494534362541,45.));
#13859=CARTESIAN_POINT('Ctrl Pts',(79.5471950246551,30.7565925530657,45.));
#13860=CARTESIAN_POINT('Ctrl Pts',(79.4552031815052,30.8550623507598,45.));
#13861=CARTESIAN_POINT('',(79.7708121597767,30.1167303772071,44.6));
#13862=CARTESIAN_POINT('',(79.7708121597767,30.1167303772071,45.));
#13863=CARTESIAN_POINT('Ctrl Pts',(79.7708121597767,30.1167303772071,44.6));
#13864=CARTESIAN_POINT('Ctrl Pts',(79.7604530931145,30.2656298835003,44.6));
#13865=CARTESIAN_POINT('Ctrl Pts',(79.7407072445455,30.5494534362541,44.6));
#13866=CARTESIAN_POINT('Ctrl Pts',(79.5471950246551,30.7565925530657,44.6));
#13867=CARTESIAN_POINT('Ctrl Pts',(79.4552031815052,30.8550623507598,44.6));
#13868=CARTESIAN_POINT('Ctrl Pts',(79.4437257111072,29.3171894998649,45.));
#13869=CARTESIAN_POINT('Ctrl Pts',(79.4437257111072,29.3171894998649,44.6));
#13870=CARTESIAN_POINT('Ctrl Pts',(79.5390012792487,29.4220254147293,45.));
#13871=CARTESIAN_POINT('Ctrl Pts',(79.5390012792487,29.4220254147293,44.6));
#13872=CARTESIAN_POINT('Ctrl Pts',(79.7438836888965,29.6474665773911,45.));
#13873=CARTESIAN_POINT('Ctrl Pts',(79.7438836888965,29.6474665773911,44.6));
#13874=CARTESIAN_POINT('Ctrl Pts',(79.7614269593956,29.9531809943829,45.));
#13875=CARTESIAN_POINT('Ctrl Pts',(79.7614269593956,29.9531809943829,44.6));
#13876=CARTESIAN_POINT('Ctrl Pts',(79.7708121597767,30.1167303772071,45.));
#13877=CARTESIAN_POINT('Ctrl Pts',(79.7708121597767,30.1167303772071,44.6));
#13878=CARTESIAN_POINT('Ctrl Pts',(79.4437257111072,29.3171894998649,45.));
#13879=CARTESIAN_POINT('Ctrl Pts',(79.5390012792487,29.4220254147293,45.));
#13880=CARTESIAN_POINT('Ctrl Pts',(79.7438836888965,29.6474665773911,45.));
#13881=CARTESIAN_POINT('Ctrl Pts',(79.7614269593956,29.9531809943829,45.));
#13882=CARTESIAN_POINT('Ctrl Pts',(79.7708121597767,30.1167303772071,45.));
#13883=CARTESIAN_POINT('Ctrl Pts',(79.4437257111072,29.3171894998649,44.6));
#13884=CARTESIAN_POINT('Ctrl Pts',(79.5390012792487,29.4220254147293,44.6));
#13885=CARTESIAN_POINT('Ctrl Pts',(79.7438836888965,29.6474665773911,44.6));
#13886=CARTESIAN_POINT('Ctrl Pts',(79.7614269593956,29.9531809943829,44.6));
#13887=CARTESIAN_POINT('Ctrl Pts',(79.7708121597767,30.1167303772071,44.6));
#13888=CARTESIAN_POINT('Ctrl Pts',(79.9142686188221,31.3294312806228,45.));
#13889=CARTESIAN_POINT('Ctrl Pts',(79.9142686188221,31.3294312806228,44.6));
#13890=CARTESIAN_POINT('Ctrl Pts',(79.9961960300992,31.2633095768672,45.));
#13891=CARTESIAN_POINT('Ctrl Pts',(79.9961960300992,31.2633095768672,44.6));
#13892=CARTESIAN_POINT('Ctrl Pts',(80.1616123366357,31.1298059320354,45.));
#13893=CARTESIAN_POINT('Ctrl Pts',(80.1616123366357,31.1298059320354,44.6));
#13894=CARTESIAN_POINT('Ctrl Pts',(80.2705392495552,30.9472180707479,45.));
#13895=CARTESIAN_POINT('Ctrl Pts',(80.2705392495552,30.9472180707479,44.6));
#13896=CARTESIAN_POINT('Ctrl Pts',(80.3255168259144,30.8550623507598,45.));
#13897=CARTESIAN_POINT('Ctrl Pts',(80.3255168259144,30.8550623507598,44.6));
#13898=CARTESIAN_POINT('',(79.9142686188221,31.3294312806228,45.));
#13899=CARTESIAN_POINT('',(80.3255168259144,30.8550623507598,45.));
#13900=CARTESIAN_POINT('Ctrl Pts',(79.9142686188221,31.3294312806228,45.));
#13901=CARTESIAN_POINT('Ctrl Pts',(79.9961960300992,31.2633095768672,45.));
#13902=CARTESIAN_POINT('Ctrl Pts',(80.1616123366357,31.1298059320354,45.));
#13903=CARTESIAN_POINT('Ctrl Pts',(80.2705392495552,30.9472180707479,45.));
#13904=CARTESIAN_POINT('Ctrl Pts',(80.3255168259144,30.8550623507598,45.));
#13905=CARTESIAN_POINT('',(79.9142686188221,31.3294312806228,44.6));
#13906=CARTESIAN_POINT('',(79.9142686188221,31.3294312806228,45.));
#13907=CARTESIAN_POINT('',(80.3255168259144,30.8550623507598,44.6));
#13908=CARTESIAN_POINT('Ctrl Pts',(79.9142686188221,31.3294312806228,44.6));
#13909=CARTESIAN_POINT('Ctrl Pts',(79.9961960300992,31.2633095768672,44.6));
#13910=CARTESIAN_POINT('Ctrl Pts',(80.1616123366357,31.1298059320354,44.6));
#13911=CARTESIAN_POINT('Ctrl Pts',(80.2705392495552,30.9472180707479,44.6));
#13912=CARTESIAN_POINT('Ctrl Pts',(80.3255168259144,30.8550623507598,44.6));
#13913=CARTESIAN_POINT('',(80.3255168259144,30.8550623507598,45.));
#13914=CARTESIAN_POINT('Ctrl Pts',(79.3155709564685,31.5953073353866,45.));
#13915=CARTESIAN_POINT('Ctrl Pts',(79.3155709564685,31.5953073353866,44.6));
#13916=CARTESIAN_POINT('Ctrl Pts',(79.4244645402486,31.5644902580071,45.));
#13917=CARTESIAN_POINT('Ctrl Pts',(79.4244645402486,31.5644902580071,44.6));
#13918=CARTESIAN_POINT('Ctrl Pts',(79.6367883171907,31.5044022524846,45.));
#13919=CARTESIAN_POINT('Ctrl Pts',(79.6367883171907,31.5044022524846,44.6));
#13920=CARTESIAN_POINT('Ctrl Pts',(79.8233755694428,31.3867457821996,45.));
#13921=CARTESIAN_POINT('Ctrl Pts',(79.8233755694428,31.3867457821996,44.6));
#13922=CARTESIAN_POINT('Ctrl Pts',(79.9142686188221,31.3294312806228,45.));
#13923=CARTESIAN_POINT('Ctrl Pts',(79.9142686188221,31.3294312806228,44.6));
#13924=CARTESIAN_POINT('',(79.3155709564685,31.5953073353866,45.));
#13925=CARTESIAN_POINT('Ctrl Pts',(79.3155709564685,31.5953073353866,45.));
#13926=CARTESIAN_POINT('Ctrl Pts',(79.4244645402486,31.5644902580071,45.));
#13927=CARTESIAN_POINT('Ctrl Pts',(79.6367883171907,31.5044022524846,45.));
#13928=CARTESIAN_POINT('Ctrl Pts',(79.8233755694428,31.3867457821996,45.));
#13929=CARTESIAN_POINT('Ctrl Pts',(79.9142686188221,31.3294312806228,45.));
#13930=CARTESIAN_POINT('',(79.3155709564685,31.5953073353866,44.6));
#13931=CARTESIAN_POINT('',(79.3155709564685,31.5953073353866,45.));
#13932=CARTESIAN_POINT('Ctrl Pts',(79.3155709564685,31.5953073353866,44.6));
#13933=CARTESIAN_POINT('Ctrl Pts',(79.4244645402486,31.5644902580071,44.6));
#13934=CARTESIAN_POINT('Ctrl Pts',(79.6367883171907,31.5044022524846,44.6));
#13935=CARTESIAN_POINT('Ctrl Pts',(79.8233755694428,31.3867457821996,44.6));
#13936=CARTESIAN_POINT('Ctrl Pts',(79.9142686188221,31.3294312806228,44.6));
#13937=CARTESIAN_POINT('Ctrl Pts',(78.6040178596973,31.6775566787818,45.));
#13938=CARTESIAN_POINT('Ctrl Pts',(78.6040178596973,31.6775566787818,44.6));
#13939=CARTESIAN_POINT('Ctrl Pts',(78.7255828616531,31.674333796059,45.));
#13940=CARTESIAN_POINT('Ctrl Pts',(78.7255828616531,31.674333796059,44.6));
#13941=CARTESIAN_POINT('Ctrl Pts',(78.9652204681825,31.6679806196562,45.));
#13942=CARTESIAN_POINT('Ctrl Pts',(78.9652204681825,31.6679806196562,44.6));
#13943=CARTESIAN_POINT('Ctrl Pts',(79.1999276413448,31.6192952554691,45.));
#13944=CARTESIAN_POINT('Ctrl Pts',(79.1999276413448,31.6192952554691,44.6));
#13945=CARTESIAN_POINT('Ctrl Pts',(79.3155709564685,31.5953073353866,45.));
#13946=CARTESIAN_POINT('Ctrl Pts',(79.3155709564685,31.5953073353866,44.6));
#13947=CARTESIAN_POINT('',(78.6040178596973,31.6775566787818,45.));
#13948=CARTESIAN_POINT('Ctrl Pts',(78.6040178596973,31.6775566787818,45.));
#13949=CARTESIAN_POINT('Ctrl Pts',(78.7255828616531,31.674333796059,45.));
#13950=CARTESIAN_POINT('Ctrl Pts',(78.9652204681825,31.6679806196562,45.));
#13951=CARTESIAN_POINT('Ctrl Pts',(79.1999276413448,31.6192952554691,45.));
#13952=CARTESIAN_POINT('Ctrl Pts',(79.3155709564685,31.5953073353866,45.));
#13953=CARTESIAN_POINT('',(78.6040178596973,31.6775566787818,44.6));
#13954=CARTESIAN_POINT('',(78.6040178596973,31.6775566787818,45.));
#13955=CARTESIAN_POINT('Ctrl Pts',(78.6040178596973,31.6775566787818,44.6));
#13956=CARTESIAN_POINT('Ctrl Pts',(78.7255828616531,31.674333796059,44.6));
#13957=CARTESIAN_POINT('Ctrl Pts',(78.9652204681825,31.6679806196562,44.6));
#13958=CARTESIAN_POINT('Ctrl Pts',(79.1999276413448,31.6192952554691,44.6));
#13959=CARTESIAN_POINT('Ctrl Pts',(79.3155709564685,31.5953073353866,44.6));
#13960=CARTESIAN_POINT('Origin',(77.1962127745151,31.6775566787818,45.));
#13961=CARTESIAN_POINT('',(77.1962127745151,31.6775566787818,45.));
#13962=CARTESIAN_POINT('',(79.7481063872576,31.6775566787818,45.));
#13963=CARTESIAN_POINT('',(77.1962127745151,31.6775566787818,44.6));
#13964=CARTESIAN_POINT('',(77.1962127745151,31.6775566787818,45.));
#13965=CARTESIAN_POINT('',(77.1962127745151,31.6775566787818,44.6));
#13966=CARTESIAN_POINT('Origin',(77.1962127745151,26.6775566787818,45.));
#13967=CARTESIAN_POINT('',(77.1962127745151,26.6775566787818,45.));
#13968=CARTESIAN_POINT('',(77.1962127745151,25.6262783393909,45.));
#13969=CARTESIAN_POINT('',(77.1962127745151,26.6775566787818,44.6));
#13970=CARTESIAN_POINT('',(77.1962127745151,26.6775566787818,45.));
#13971=CARTESIAN_POINT('',(77.1962127745151,26.6775566787818,44.6));
#13972=CARTESIAN_POINT('Origin',(77.8771606743335,26.6775566787818,45.));
#13973=CARTESIAN_POINT('',(77.8771606743335,26.6775566787818,45.));
#13974=CARTESIAN_POINT('',(80.0885803371668,26.6775566787818,45.));
#13975=CARTESIAN_POINT('',(77.8771606743335,26.6775566787818,44.6));
#13976=CARTESIAN_POINT('',(77.8771606743335,26.6775566787818,45.));
#13977=CARTESIAN_POINT('',(77.8771606743335,26.6775566787818,44.6));
#13978=CARTESIAN_POINT('Origin',(77.8771606743335,28.4717417211631,45.));
#13979=CARTESIAN_POINT('',(77.8771606743335,28.4717417211631,45.));
#13980=CARTESIAN_POINT('',(77.8771606743336,26.5233708605815,45.));
#13981=CARTESIAN_POINT('',(77.8771606743335,28.4717417211631,44.6));
#13982=CARTESIAN_POINT('',(77.8771606743335,28.4717417211631,45.));
#13983=CARTESIAN_POINT('',(77.8771606743335,28.4717417211631,44.6));
#13984=CARTESIAN_POINT('Origin',(78.4969011604786,28.4717417211631,45.));
#13985=CARTESIAN_POINT('',(78.4969011604786,28.4717417211631,45.));
#13986=CARTESIAN_POINT('',(80.3984505802393,28.4717417211631,45.));
#13987=CARTESIAN_POINT('',(78.4969011604786,28.4717417211631,44.6));
#13988=CARTESIAN_POINT('',(78.4969011604786,28.4717417211631,45.));
#13989=CARTESIAN_POINT('',(78.4969011604786,28.4717417211631,44.6));
#13990=CARTESIAN_POINT('Ctrl Pts',(79.392081862688,28.619025990496,45.));
#13991=CARTESIAN_POINT('Ctrl Pts',(79.392081862688,28.619025990496,44.6));
#13992=CARTESIAN_POINT('Ctrl Pts',(79.2560389512516,28.5761173616404,45.));
#13993=CARTESIAN_POINT('Ctrl Pts',(79.2560389512516,28.5761173616404,44.6));
#13994=CARTESIAN_POINT('Ctrl Pts',(78.9649420973597,28.4843039276821,45.));
#13995=CARTESIAN_POINT('Ctrl Pts',(78.9649420973597,28.4843039276821,44.6));
#13996=CARTESIAN_POINT('Ctrl Pts',(78.6595627383309,28.4761075536634,45.));
#13997=CARTESIAN_POINT('Ctrl Pts',(78.6595627383309,28.4761075536634,44.6));
#13998=CARTESIAN_POINT('Ctrl Pts',(78.4969011604786,28.4717417211631,45.));
#13999=CARTESIAN_POINT('Ctrl Pts',(78.4969011604786,28.4717417211631,44.6));
#14000=CARTESIAN_POINT('',(79.392081862688,28.619025990496,45.));
#14001=CARTESIAN_POINT('Ctrl Pts',(79.392081862688,28.619025990496,45.));
#14002=CARTESIAN_POINT('Ctrl Pts',(79.2560389512516,28.5761173616404,45.));
#14003=CARTESIAN_POINT('Ctrl Pts',(78.9649420973597,28.4843039276821,45.));
#14004=CARTESIAN_POINT('Ctrl Pts',(78.6595627383309,28.4761075536634,45.));
#14005=CARTESIAN_POINT('Ctrl Pts',(78.4969011604786,28.4717417211631,45.));
#14006=CARTESIAN_POINT('',(79.392081862688,28.619025990496,44.6));
#14007=CARTESIAN_POINT('',(79.392081862688,28.619025990496,45.));
#14008=CARTESIAN_POINT('Ctrl Pts',(79.392081862688,28.619025990496,44.6));
#14009=CARTESIAN_POINT('Ctrl Pts',(79.2560389512516,28.5761173616404,44.6));
#14010=CARTESIAN_POINT('Ctrl Pts',(78.9649420973597,28.4843039276821,44.6));
#14011=CARTESIAN_POINT('Ctrl Pts',(78.6595627383309,28.4761075536634,44.6));
#14012=CARTESIAN_POINT('Ctrl Pts',(78.4969011604786,28.4717417211631,44.6));
#14013=CARTESIAN_POINT('Ctrl Pts',(80.0079957306385,29.0034938306907,45.));
#14014=CARTESIAN_POINT('Ctrl Pts',(80.0079957306385,29.0034938306907,44.6));
#14015=CARTESIAN_POINT('Ctrl Pts',(79.9194901493755,28.9271839078984,45.));
#14016=CARTESIAN_POINT('Ctrl Pts',(79.9194901493755,28.9271839078984,44.6));
#14017=CARTESIAN_POINT('Ctrl Pts',(79.7341439064079,28.7673775172857,45.));
#14018=CARTESIAN_POINT('Ctrl Pts',(79.7341439064079,28.7673775172857,44.6));
#14019=CARTESIAN_POINT('Ctrl Pts',(79.5094704236362,28.6699371411601,45.));
#14020=CARTESIAN_POINT('Ctrl Pts',(79.5094704236362,28.6699371411601,44.6));
#14021=CARTESIAN_POINT('Ctrl Pts',(79.392081862688,28.619025990496,45.));
#14022=CARTESIAN_POINT('Ctrl Pts',(79.392081862688,28.619025990496,44.6));
#14023=CARTESIAN_POINT('',(80.0079957306385,29.0034938306907,45.));
#14024=CARTESIAN_POINT('Ctrl Pts',(80.0079957306385,29.0034938306907,45.));
#14025=CARTESIAN_POINT('Ctrl Pts',(79.9194901493755,28.9271839078984,45.));
#14026=CARTESIAN_POINT('Ctrl Pts',(79.7341439064079,28.7673775172857,45.));
#14027=CARTESIAN_POINT('Ctrl Pts',(79.5094704236362,28.6699371411601,45.));
#14028=CARTESIAN_POINT('Ctrl Pts',(79.392081862688,28.619025990496,45.));
#14029=CARTESIAN_POINT('',(80.0079957306385,29.0034938306907,44.6));
#14030=CARTESIAN_POINT('',(80.0079957306385,29.0034938306907,45.));
#14031=CARTESIAN_POINT('Ctrl Pts',(80.0079957306385,29.0034938306907,44.6));
#14032=CARTESIAN_POINT('Ctrl Pts',(79.9194901493755,28.9271839078984,44.6));
#14033=CARTESIAN_POINT('Ctrl Pts',(79.7341439064079,28.7673775172857,44.6));
#14034=CARTESIAN_POINT('Ctrl Pts',(79.5094704236362,28.6699371411601,44.6));
#14035=CARTESIAN_POINT('Ctrl Pts',(79.392081862688,28.619025990496,44.6));
#14036=CARTESIAN_POINT('Ctrl Pts',(80.3637710869312,29.5409846754172,45.));
#14037=CARTESIAN_POINT('Ctrl Pts',(80.3637710869312,29.5409846754172,44.6));
#14038=CARTESIAN_POINT('Ctrl Pts',(80.3197423839763,29.443010337321,45.));
#14039=CARTESIAN_POINT('Ctrl Pts',(80.3197423839763,29.443010337321,44.6));
#14040=CARTESIAN_POINT('Ctrl Pts',(80.2305190276267,29.2444671440311,45.));
#14041=CARTESIAN_POINT('Ctrl Pts',(80.2305190276267,29.2444671440311,44.6));
#14042=CARTESIAN_POINT('Ctrl Pts',(80.0828135567524,29.0845150077972,45.));
#14043=CARTESIAN_POINT('Ctrl Pts',(80.0828135567524,29.0845150077972,44.6));
#14044=CARTESIAN_POINT('Ctrl Pts',(80.0079957306385,29.0034938306907,45.));
#14045=CARTESIAN_POINT('Ctrl Pts',(80.0079957306385,29.0034938306907,44.6));
#14046=CARTESIAN_POINT('',(80.3637710869312,29.5409846754172,45.));
#14047=CARTESIAN_POINT('Ctrl Pts',(80.3637710869312,29.5409846754172,45.));
#14048=CARTESIAN_POINT('Ctrl Pts',(80.3197423839763,29.443010337321,45.));
#14049=CARTESIAN_POINT('Ctrl Pts',(80.2305190276267,29.2444671440311,45.));
#14050=CARTESIAN_POINT('Ctrl Pts',(80.0828135567524,29.0845150077972,45.));
#14051=CARTESIAN_POINT('Ctrl Pts',(80.0079957306385,29.0034938306907,45.));
#14052=CARTESIAN_POINT('',(80.3637710869312,29.5409846754172,44.6));
#14053=CARTESIAN_POINT('',(80.3637710869312,29.5409846754172,45.));
#14054=CARTESIAN_POINT('Ctrl Pts',(80.3637710869312,29.5409846754172,44.6));
#14055=CARTESIAN_POINT('Ctrl Pts',(80.3197423839763,29.443010337321,44.6));
#14056=CARTESIAN_POINT('Ctrl Pts',(80.2305190276267,29.2444671440311,44.6));
#14057=CARTESIAN_POINT('Ctrl Pts',(80.0828135567524,29.0845150077972,44.6));
#14058=CARTESIAN_POINT('Ctrl Pts',(80.0079957306385,29.0034938306907,44.6));
#14059=CARTESIAN_POINT('Ctrl Pts',(80.4785386383533,30.1473346800902,45.));
#14060=CARTESIAN_POINT('Ctrl Pts',(80.4785386383533,30.1473346800902,44.6));
#14061=CARTESIAN_POINT('Ctrl Pts',(80.4735201052124,30.0449433431139,45.));
#14062=CARTESIAN_POINT('Ctrl Pts',(80.4735201052124,30.0449433431139,44.6));
#14063=CARTESIAN_POINT('Ctrl Pts',(80.4633547713996,29.8375436725977,45.));
#14064=CARTESIAN_POINT('Ctrl Pts',(80.4633547713996,29.8375436725977,44.6));
#14065=CARTESIAN_POINT('Ctrl Pts',(80.3972437144504,29.6406657517209,45.));
#14066=CARTESIAN_POINT('Ctrl Pts',(80.3972437144504,29.6406657517209,44.6));
#14067=CARTESIAN_POINT('Ctrl Pts',(80.3637710869312,29.5409846754172,45.));
#14068=CARTESIAN_POINT('Ctrl Pts',(80.3637710869312,29.5409846754172,44.6));
#14069=CARTESIAN_POINT('',(80.4785386383533,30.1473346800902,45.));
#14070=CARTESIAN_POINT('Ctrl Pts',(80.4785386383533,30.1473346800902,45.));
#14071=CARTESIAN_POINT('Ctrl Pts',(80.4735201052124,30.0449433431139,45.));
#14072=CARTESIAN_POINT('Ctrl Pts',(80.4633547713996,29.8375436725977,45.));
#14073=CARTESIAN_POINT('Ctrl Pts',(80.3972437144504,29.6406657517209,45.));
#14074=CARTESIAN_POINT('Ctrl Pts',(80.3637710869312,29.5409846754172,45.));
#14075=CARTESIAN_POINT('',(80.4785386383533,30.1473346800902,44.6));
#14076=CARTESIAN_POINT('',(80.4785386383533,30.1473346800902,45.));
#14077=CARTESIAN_POINT('Ctrl Pts',(80.4785386383533,30.1473346800902,44.6));
#14078=CARTESIAN_POINT('Ctrl Pts',(80.4735201052124,30.0449433431139,44.6));
#14079=CARTESIAN_POINT('Ctrl Pts',(80.4633547713996,29.8375436725977,44.6));
#14080=CARTESIAN_POINT('Ctrl Pts',(80.3972437144504,29.6406657517209,44.6));
#14081=CARTESIAN_POINT('Ctrl Pts',(80.3637710869312,29.5409846754172,44.6));
#14082=CARTESIAN_POINT('Ctrl Pts',(80.3255168259144,30.8550623507598,45.));
#14083=CARTESIAN_POINT('Ctrl Pts',(80.3255168259144,30.8550623507598,44.6));
#14084=CARTESIAN_POINT('Ctrl Pts',(80.3701020975606,30.7490468996819,45.));
#14085=CARTESIAN_POINT('Ctrl Pts',(80.3701020975606,30.7490468996819,44.6));
#14086=CARTESIAN_POINT('Ctrl Pts',(80.4651620149954,30.5230121654709,45.));
#14087=CARTESIAN_POINT('Ctrl Pts',(80.4651620149954,30.5230121654709,44.6));
#14088=CARTESIAN_POINT('Ctrl Pts',(80.4738993258018,30.2776280453593,45.));
#14089=CARTESIAN_POINT('Ctrl Pts',(80.4738993258018,30.2776280453593,44.6));
#14090=CARTESIAN_POINT('Ctrl Pts',(80.4785386383533,30.1473346800902,45.));
#14091=CARTESIAN_POINT('Ctrl Pts',(80.4785386383533,30.1473346800902,44.6));
#14092=CARTESIAN_POINT('Ctrl Pts',(80.3255168259144,30.8550623507598,45.));
#14093=CARTESIAN_POINT('Ctrl Pts',(80.3701020975606,30.7490468996819,45.));
#14094=CARTESIAN_POINT('Ctrl Pts',(80.4651620149954,30.5230121654709,45.));
#14095=CARTESIAN_POINT('Ctrl Pts',(80.4738993258018,30.2776280453593,45.));
#14096=CARTESIAN_POINT('Ctrl Pts',(80.4785386383533,30.1473346800902,45.));
#14097=CARTESIAN_POINT('Ctrl Pts',(80.3255168259144,30.8550623507598,44.6));
#14098=CARTESIAN_POINT('Ctrl Pts',(80.3701020975606,30.7490468996819,44.6));
#14099=CARTESIAN_POINT('Ctrl Pts',(80.4651620149954,30.5230121654709,44.6));
#14100=CARTESIAN_POINT('Ctrl Pts',(80.4738993258018,30.2776280453593,44.6));
#14101=CARTESIAN_POINT('Ctrl Pts',(80.4785386383533,30.1473346800902,44.6));
#14102=CARTESIAN_POINT('Origin',(76.8499997168779,28.7223154754737,44.6));
#14103=CARTESIAN_POINT('Ctrl Pts',(83.2807556450367,27.3030347080329,45.));
#14104=CARTESIAN_POINT('Ctrl Pts',(83.2807556450367,27.3030347080329,44.6));
#14105=CARTESIAN_POINT('Ctrl Pts',(83.3846171454285,27.3597958303878,45.));
#14106=CARTESIAN_POINT('Ctrl Pts',(83.3846171454285,27.3597958303878,44.6));
#14107=CARTESIAN_POINT('Ctrl Pts',(83.6099504563647,27.4829422473416,45.));
#14108=CARTESIAN_POINT('Ctrl Pts',(83.6099504563647,27.4829422473416,44.6));
#14109=CARTESIAN_POINT('Ctrl Pts',(83.8024584181925,27.6531379059517,45.));
#14110=CARTESIAN_POINT('Ctrl Pts',(83.8024584181925,27.6531379059517,44.6));
#14111=CARTESIAN_POINT('Ctrl Pts',(83.9062348663807,27.7448863239387,45.));
#14112=CARTESIAN_POINT('Ctrl Pts',(83.9062348663807,27.7448863239387,44.6));
#14113=CARTESIAN_POINT('',(83.2807556450367,27.3030347080329,45.));
#14114=CARTESIAN_POINT('',(83.9062348663807,27.7448863239387,45.));
#14115=CARTESIAN_POINT('Ctrl Pts',(83.2807556450367,27.3030347080329,45.));
#14116=CARTESIAN_POINT('Ctrl Pts',(83.3846171454285,27.3597958303878,45.));
#14117=CARTESIAN_POINT('Ctrl Pts',(83.6099504563647,27.4829422473416,45.));
#14118=CARTESIAN_POINT('Ctrl Pts',(83.8024584181925,27.6531379059517,45.));
#14119=CARTESIAN_POINT('Ctrl Pts',(83.9062348663807,27.7448863239387,45.));
#14120=CARTESIAN_POINT('',(83.2807556450367,27.3030347080329,44.6));
#14121=CARTESIAN_POINT('',(83.2807556450367,27.3030347080329,45.));
#14122=CARTESIAN_POINT('',(83.9062348663807,27.7448863239387,44.6));
#14123=CARTESIAN_POINT('Ctrl Pts',(83.2807556450367,27.3030347080329,44.6));
#14124=CARTESIAN_POINT('Ctrl Pts',(83.3846171454285,27.3597958303878,44.6));
#14125=CARTESIAN_POINT('Ctrl Pts',(83.6099504563647,27.4829422473416,44.6));
#14126=CARTESIAN_POINT('Ctrl Pts',(83.8024584181925,27.6531379059517,44.6));
#14127=CARTESIAN_POINT('Ctrl Pts',(83.9062348663807,27.7448863239387,44.6));
#14128=CARTESIAN_POINT('',(83.9062348663807,27.7448863239387,45.));
#14129=CARTESIAN_POINT('Ctrl Pts',(82.7547422707081,27.1634018869498,45.));
#14130=CARTESIAN_POINT('Ctrl Pts',(82.7547422707081,27.1634018869498,44.6));
#14131=CARTESIAN_POINT('Ctrl Pts',(82.8378421502348,27.1710775260672,45.));
#14132=CARTESIAN_POINT('Ctrl Pts',(82.8378421502348,27.1710775260672,44.6));
#14133=CARTESIAN_POINT('Ctrl Pts',(83.0207356231213,27.1879707430344,45.));
#14134=CARTESIAN_POINT('Ctrl Pts',(83.0207356231213,27.1879707430344,44.6));
#14135=CARTESIAN_POINT('Ctrl Pts',(83.1889639239757,27.2624150692008,45.));
#14136=CARTESIAN_POINT('Ctrl Pts',(83.1889639239757,27.2624150692008,44.6));
#14137=CARTESIAN_POINT('Ctrl Pts',(83.2807556450367,27.3030347080329,45.));
#14138=CARTESIAN_POINT('Ctrl Pts',(83.2807556450367,27.3030347080329,44.6));
#14139=CARTESIAN_POINT('',(82.7547422707081,27.1634018869498,45.));
#14140=CARTESIAN_POINT('Ctrl Pts',(82.7547422707081,27.1634018869498,45.));
#14141=CARTESIAN_POINT('Ctrl Pts',(82.8378421502348,27.1710775260672,45.));
#14142=CARTESIAN_POINT('Ctrl Pts',(83.0207356231213,27.1879707430344,45.));
#14143=CARTESIAN_POINT('Ctrl Pts',(83.1889639239757,27.2624150692008,45.));
#14144=CARTESIAN_POINT('Ctrl Pts',(83.2807556450367,27.3030347080329,45.));
#14145=CARTESIAN_POINT('',(82.7547422707081,27.1634018869498,44.6));
#14146=CARTESIAN_POINT('',(82.7547422707081,27.1634018869498,45.));
#14147=CARTESIAN_POINT('Ctrl Pts',(82.7547422707081,27.1634018869498,44.6));
#14148=CARTESIAN_POINT('Ctrl Pts',(82.8378421502348,27.1710775260672,44.6));
#14149=CARTESIAN_POINT('Ctrl Pts',(83.0207356231213,27.1879707430344,44.6));
#14150=CARTESIAN_POINT('Ctrl Pts',(83.1889639239757,27.2624150692008,44.6));
#14151=CARTESIAN_POINT('Ctrl Pts',(83.2807556450367,27.3030347080329,44.6));
#14152=CARTESIAN_POINT('Ctrl Pts',(82.4563494980335,27.2093087883094,45.));
#14153=CARTESIAN_POINT('Ctrl Pts',(82.4563494980335,27.2093087883094,44.6));
#14154=CARTESIAN_POINT('Ctrl Pts',(82.5013146215963,27.1959396247267,45.));
#14155=CARTESIAN_POINT('Ctrl Pts',(82.5013146215963,27.1959396247267,44.6));
#14156=CARTESIAN_POINT('Ctrl Pts',(82.5985895766622,27.1670175472648,45.));
#14157=CARTESIAN_POINT('Ctrl Pts',(82.5985895766622,27.1670175472648,44.6));
#14158=CARTESIAN_POINT('Ctrl Pts',(82.7001356405711,27.1646662841267,45.));
#14159=CARTESIAN_POINT('Ctrl Pts',(82.7001356405711,27.1646662841267,44.6));
#14160=CARTESIAN_POINT('Ctrl Pts',(82.7547422707081,27.1634018869498,45.));
#14161=CARTESIAN_POINT('Ctrl Pts',(82.7547422707081,27.1634018869498,44.6));
#14162=CARTESIAN_POINT('',(82.4563494980335,27.2093087883094,45.));
#14163=CARTESIAN_POINT('Ctrl Pts',(82.4563494980335,27.2093087883094,45.));
#14164=CARTESIAN_POINT('Ctrl Pts',(82.5013146215963,27.1959396247267,45.));
#14165=CARTESIAN_POINT('Ctrl Pts',(82.5985895766622,27.1670175472648,45.));
#14166=CARTESIAN_POINT('Ctrl Pts',(82.7001356405711,27.1646662841267,45.));
#14167=CARTESIAN_POINT('Ctrl Pts',(82.7547422707081,27.1634018869498,45.));
#14168=CARTESIAN_POINT('',(82.4563494980335,27.2093087883094,44.6));
#14169=CARTESIAN_POINT('',(82.4563494980335,27.2093087883094,45.));
#14170=CARTESIAN_POINT('Ctrl Pts',(82.4563494980335,27.2093087883094,44.6));
#14171=CARTESIAN_POINT('Ctrl Pts',(82.5013146215963,27.1959396247267,44.6));
#14172=CARTESIAN_POINT('Ctrl Pts',(82.5985895766622,27.1670175472648,44.6));
#14173=CARTESIAN_POINT('Ctrl Pts',(82.7001356405711,27.1646662841267,44.6));
#14174=CARTESIAN_POINT('Ctrl Pts',(82.7547422707081,27.1634018869498,44.6));
#14175=CARTESIAN_POINT('Ctrl Pts',(82.2574201881885,27.3336393089393,45.));
#14176=CARTESIAN_POINT('Ctrl Pts',(82.2574201881885,27.3336393089393,44.6));
#14177=CARTESIAN_POINT('Ctrl Pts',(82.28569469642,27.3085395020441,45.));
#14178=CARTESIAN_POINT('Ctrl Pts',(82.28569469642,27.3085395020441,44.6));
#14179=CARTESIAN_POINT('Ctrl Pts',(82.3449509961891,27.2559365825042,45.));
#14180=CARTESIAN_POINT('Ctrl Pts',(82.3449509961891,27.2559365825042,44.6));
#14181=CARTESIAN_POINT('Ctrl Pts',(82.4181026212238,27.2253176885275,45.));
#14182=CARTESIAN_POINT('Ctrl Pts',(82.4181026212238,27.2253176885275,44.6));
#14183=CARTESIAN_POINT('Ctrl Pts',(82.4563494980335,27.2093087883094,45.));
#14184=CARTESIAN_POINT('Ctrl Pts',(82.4563494980335,27.2093087883094,44.6));
#14185=CARTESIAN_POINT('',(82.2574201881885,27.3336393089393,45.));
#14186=CARTESIAN_POINT('Ctrl Pts',(82.2574201881885,27.3336393089393,45.));
#14187=CARTESIAN_POINT('Ctrl Pts',(82.28569469642,27.3085395020441,45.));
#14188=CARTESIAN_POINT('Ctrl Pts',(82.3449509961891,27.2559365825042,45.));
#14189=CARTESIAN_POINT('Ctrl Pts',(82.4181026212238,27.2253176885275,45.));
#14190=CARTESIAN_POINT('Ctrl Pts',(82.4563494980335,27.2093087883094,45.));
#14191=CARTESIAN_POINT('',(82.2574201881885,27.3336393089393,44.6));
#14192=CARTESIAN_POINT('',(82.2574201881885,27.3336393089393,45.));
#14193=CARTESIAN_POINT('Ctrl Pts',(82.2574201881885,27.3336393089393,44.6));
#14194=CARTESIAN_POINT('Ctrl Pts',(82.28569469642,27.3085395020441,44.6));
#14195=CARTESIAN_POINT('Ctrl Pts',(82.3449509961891,27.2559365825042,44.6));
#14196=CARTESIAN_POINT('Ctrl Pts',(82.4181026212238,27.2253176885275,44.6));
#14197=CARTESIAN_POINT('Ctrl Pts',(82.4563494980335,27.2093087883094,44.6));
#14198=CARTESIAN_POINT('Ctrl Pts',(82.146479254961,27.5134402961829,45.));
#14199=CARTESIAN_POINT('Ctrl Pts',(82.146479254961,27.5134402961829,44.6));
#14200=CARTESIAN_POINT('Ctrl Pts',(82.1597843779865,27.4805270288237,45.));
#14201=CARTESIAN_POINT('Ctrl Pts',(82.1597843779865,27.4805270288237,44.6));
#14202=CARTESIAN_POINT('Ctrl Pts',(82.1865551356868,27.4143034317995,45.));
#14203=CARTESIAN_POINT('Ctrl Pts',(82.1865551356868,27.4143034317995,44.6));
#14204=CARTESIAN_POINT('Ctrl Pts',(82.2337042720274,27.3606346120885,45.));
#14205=CARTESIAN_POINT('Ctrl Pts',(82.2337042720274,27.3606346120885,44.6));
#14206=CARTESIAN_POINT('Ctrl Pts',(82.2574201881885,27.3336393089393,45.));
#14207=CARTESIAN_POINT('Ctrl Pts',(82.2574201881885,27.3336393089393,44.6));
#14208=CARTESIAN_POINT('',(82.146479254961,27.5134402961829,45.));
#14209=CARTESIAN_POINT('Ctrl Pts',(82.146479254961,27.5134402961829,45.));
#14210=CARTESIAN_POINT('Ctrl Pts',(82.1597843779865,27.4805270288237,45.));
#14211=CARTESIAN_POINT('Ctrl Pts',(82.1865551356868,27.4143034317995,45.));
#14212=CARTESIAN_POINT('Ctrl Pts',(82.2337042720274,27.3606346120885,45.));
#14213=CARTESIAN_POINT('Ctrl Pts',(82.2574201881885,27.3336393089393,45.));
#14214=CARTESIAN_POINT('',(82.146479254961,27.5134402961829,44.6));
#14215=CARTESIAN_POINT('',(82.146479254961,27.5134402961829,45.));
#14216=CARTESIAN_POINT('Ctrl Pts',(82.146479254961,27.5134402961829,44.6));
#14217=CARTESIAN_POINT('Ctrl Pts',(82.1597843779865,27.4805270288237,44.6));
#14218=CARTESIAN_POINT('Ctrl Pts',(82.1865551356868,27.4143034317995,44.6));
#14219=CARTESIAN_POINT('Ctrl Pts',(82.2337042720274,27.3606346120885,44.6));
#14220=CARTESIAN_POINT('Ctrl Pts',(82.2574201881885,27.3336393089393,44.6));
#14221=CARTESIAN_POINT('Ctrl Pts',(82.112049227953,27.7257585973838,45.));
#14222=CARTESIAN_POINT('Ctrl Pts',(82.112049227953,27.7257585973838,44.6));
#14223=CARTESIAN_POINT('Ctrl Pts',(82.1134307400094,27.689332847037,45.));
#14224=CARTESIAN_POINT('Ctrl Pts',(82.1134307400094,27.689332847037,44.6));
#14225=CARTESIAN_POINT('Ctrl Pts',(82.1161689235693,27.6171363068143,45.));
#14226=CARTESIAN_POINT('Ctrl Pts',(82.1161689235693,27.6171363068143,44.6));
#14227=CARTESIAN_POINT('Ctrl Pts',(82.1364371015217,27.5477959499152,45.));
#14228=CARTESIAN_POINT('Ctrl Pts',(82.1364371015217,27.5477959499152,44.6));
#14229=CARTESIAN_POINT('Ctrl Pts',(82.146479254961,27.5134402961829,45.));
#14230=CARTESIAN_POINT('Ctrl Pts',(82.146479254961,27.5134402961829,44.6));
#14231=CARTESIAN_POINT('',(82.112049227953,27.7257585973838,45.));
#14232=CARTESIAN_POINT('Ctrl Pts',(82.112049227953,27.7257585973838,45.));
#14233=CARTESIAN_POINT('Ctrl Pts',(82.1134307400094,27.689332847037,45.));
#14234=CARTESIAN_POINT('Ctrl Pts',(82.1161689235693,27.6171363068143,45.));
#14235=CARTESIAN_POINT('Ctrl Pts',(82.1364371015217,27.5477959499152,45.));
#14236=CARTESIAN_POINT('Ctrl Pts',(82.146479254961,27.5134402961829,45.));
#14237=CARTESIAN_POINT('',(82.112049227953,27.7257585973838,44.6));
#14238=CARTESIAN_POINT('',(82.112049227953,27.7257585973838,45.));
#14239=CARTESIAN_POINT('Ctrl Pts',(82.112049227953,27.7257585973838,44.6));
#14240=CARTESIAN_POINT('Ctrl Pts',(82.1134307400094,27.689332847037,44.6));
#14241=CARTESIAN_POINT('Ctrl Pts',(82.1161689235693,27.6171363068143,44.6));
#14242=CARTESIAN_POINT('Ctrl Pts',(82.1364371015217,27.5477959499152,44.6));
#14243=CARTESIAN_POINT('Ctrl Pts',(82.146479254961,27.5134402961829,44.6));
#14244=CARTESIAN_POINT('Ctrl Pts',(82.1675196945667,28.0145878048041,45.));
#14245=CARTESIAN_POINT('Ctrl Pts',(82.1675196945667,28.0145878048041,44.6));
#14246=CARTESIAN_POINT('Ctrl Pts',(82.1513466284489,27.9696110124463,45.));
#14247=CARTESIAN_POINT('Ctrl Pts',(82.1513466284489,27.9696110124463,44.6));
#14248=CARTESIAN_POINT('Ctrl Pts',(82.1177884378001,27.8762867310933,45.));
#14249=CARTESIAN_POINT('Ctrl Pts',(82.1177884378001,27.8762867310933,44.6));
#14250=CARTESIAN_POINT('Ctrl Pts',(82.1140078142277,27.7771284452377,45.));
#14251=CARTESIAN_POINT('Ctrl Pts',(82.1140078142277,27.7771284452377,44.6));
#14252=CARTESIAN_POINT('Ctrl Pts',(82.112049227953,27.7257585973838,45.));
#14253=CARTESIAN_POINT('Ctrl Pts',(82.112049227953,27.7257585973838,44.6));
#14254=CARTESIAN_POINT('',(82.1675196945667,28.0145878048041,45.));
#14255=CARTESIAN_POINT('Ctrl Pts',(82.1675196945667,28.0145878048041,45.));
#14256=CARTESIAN_POINT('Ctrl Pts',(82.1513466284489,27.9696110124463,45.));
#14257=CARTESIAN_POINT('Ctrl Pts',(82.1177884378001,27.8762867310933,45.));
#14258=CARTESIAN_POINT('Ctrl Pts',(82.1140078142277,27.7771284452377,45.));
#14259=CARTESIAN_POINT('Ctrl Pts',(82.112049227953,27.7257585973838,45.));
#14260=CARTESIAN_POINT('',(82.1675196945667,28.0145878048041,44.6));
#14261=CARTESIAN_POINT('',(82.1675196945667,28.0145878048041,45.));
#14262=CARTESIAN_POINT('Ctrl Pts',(82.1675196945667,28.0145878048041,44.6));
#14263=CARTESIAN_POINT('Ctrl Pts',(82.1513466284489,27.9696110124463,44.6));
#14264=CARTESIAN_POINT('Ctrl Pts',(82.1177884378001,27.8762867310933,44.6));
#14265=CARTESIAN_POINT('Ctrl Pts',(82.1140078142277,27.7771284452377,44.6));
#14266=CARTESIAN_POINT('Ctrl Pts',(82.112049227953,27.7257585973838,44.6));
#14267=CARTESIAN_POINT('Ctrl Pts',(82.3377577126026,28.2345575542548,45.));
#14268=CARTESIAN_POINT('Ctrl Pts',(82.3377577126026,28.2345575542548,44.6));
#14269=CARTESIAN_POINT('Ctrl Pts',(82.3021001302676,28.2027314738564,45.));
#14270=CARTESIAN_POINT('Ctrl Pts',(82.3021001302676,28.2027314738564,44.6));
#14271=CARTESIAN_POINT('Ctrl Pts',(82.231725904464,28.1399191455454,45.));
#14272=CARTESIAN_POINT('Ctrl Pts',(82.231725904464,28.1399191455454,44.6));
#14273=CARTESIAN_POINT('Ctrl Pts',(82.188730139517,28.0559908639099,45.));
#14274=CARTESIAN_POINT('Ctrl Pts',(82.188730139517,28.0559908639099,44.6));
#14275=CARTESIAN_POINT('Ctrl Pts',(82.1675196945667,28.0145878048041,45.));
#14276=CARTESIAN_POINT('Ctrl Pts',(82.1675196945667,28.0145878048041,44.6));
#14277=CARTESIAN_POINT('',(82.3377577126026,28.2345575542548,45.));
#14278=CARTESIAN_POINT('Ctrl Pts',(82.3377577126026,28.2345575542548,45.));
#14279=CARTESIAN_POINT('Ctrl Pts',(82.3021001302676,28.2027314738564,45.));
#14280=CARTESIAN_POINT('Ctrl Pts',(82.231725904464,28.1399191455454,45.));
#14281=CARTESIAN_POINT('Ctrl Pts',(82.188730139517,28.0559908639099,45.));
#14282=CARTESIAN_POINT('Ctrl Pts',(82.1675196945667,28.0145878048041,45.));
#14283=CARTESIAN_POINT('',(82.3377577126026,28.2345575542548,44.6));
#14284=CARTESIAN_POINT('',(82.3377577126026,28.2345575542548,45.));
#14285=CARTESIAN_POINT('Ctrl Pts',(82.3377577126026,28.2345575542548,44.6));
#14286=CARTESIAN_POINT('Ctrl Pts',(82.3021001302676,28.2027314738564,44.6));
#14287=CARTESIAN_POINT('Ctrl Pts',(82.231725904464,28.1399191455454,44.6));
#14288=CARTESIAN_POINT('Ctrl Pts',(82.188730139517,28.0559908639099,44.6));
#14289=CARTESIAN_POINT('Ctrl Pts',(82.1675196945667,28.0145878048041,44.6));
#14290=CARTESIAN_POINT('Ctrl Pts',(82.6323262512684,28.3761030883887,45.));
#14291=CARTESIAN_POINT('Ctrl Pts',(82.6323262512684,28.3761030883887,44.6));
#14292=CARTESIAN_POINT('Ctrl Pts',(82.5764461769595,28.3588163464043,45.));
#14293=CARTESIAN_POINT('Ctrl Pts',(82.5764461769595,28.3588163464043,44.6));
#14294=CARTESIAN_POINT('Ctrl Pts',(82.4711285064855,28.326235870834,45.));
#14295=CARTESIAN_POINT('Ctrl Pts',(82.4711285064855,28.326235870834,44.6));
#14296=CARTESIAN_POINT('Ctrl Pts',(82.3803638971377,28.2638448004376,45.));
#14297=CARTESIAN_POINT('Ctrl Pts',(82.3803638971377,28.2638448004376,44.6));
#14298=CARTESIAN_POINT('Ctrl Pts',(82.3377577126026,28.2345575542548,45.));
#14299=CARTESIAN_POINT('Ctrl Pts',(82.3377577126026,28.2345575542548,44.6));
#14300=CARTESIAN_POINT('',(82.6323262512684,28.3761030883887,45.));
#14301=CARTESIAN_POINT('Ctrl Pts',(82.6323262512684,28.3761030883887,45.));
#14302=CARTESIAN_POINT('Ctrl Pts',(82.5764461769595,28.3588163464043,45.));
#14303=CARTESIAN_POINT('Ctrl Pts',(82.4711285064855,28.326235870834,45.));
#14304=CARTESIAN_POINT('Ctrl Pts',(82.3803638971377,28.2638448004376,45.));
#14305=CARTESIAN_POINT('Ctrl Pts',(82.3377577126026,28.2345575542548,45.));
#14306=CARTESIAN_POINT('',(82.6323262512684,28.3761030883887,44.6));
#14307=CARTESIAN_POINT('',(82.6323262512684,28.3761030883887,45.));
#14308=CARTESIAN_POINT('Ctrl Pts',(82.6323262512684,28.3761030883887,44.6));
#14309=CARTESIAN_POINT('Ctrl Pts',(82.5764461769595,28.3588163464043,44.6));
#14310=CARTESIAN_POINT('Ctrl Pts',(82.4711285064855,28.326235870834,44.6));
#14311=CARTESIAN_POINT('Ctrl Pts',(82.3803638971377,28.2638448004376,44.6));
#14312=CARTESIAN_POINT('Ctrl Pts',(82.3377577126026,28.2345575542548,44.6));
#14313=CARTESIAN_POINT('Ctrl Pts',(83.0607882797718,28.42583541585,45.));
#14314=CARTESIAN_POINT('Ctrl Pts',(83.0607882797718,28.42583541585,44.6));
#14315=CARTESIAN_POINT('Ctrl Pts',(82.9833079281217,28.4244328607339,45.));
#14316=CARTESIAN_POINT('Ctrl Pts',(82.9833079281217,28.4244328607339,44.6));
#14317=CARTESIAN_POINT('Ctrl Pts',(82.8387982989251,28.4218169366263,45.));
#14318=CARTESIAN_POINT('Ctrl Pts',(82.8387982989251,28.4218169366263,44.6));
#14319=CARTESIAN_POINT('Ctrl Pts',(82.6977500184658,28.3905882073128,45.));
#14320=CARTESIAN_POINT('Ctrl Pts',(82.6977500184658,28.3905882073128,44.6));
#14321=CARTESIAN_POINT('Ctrl Pts',(82.6323262512684,28.3761030883887,45.));
#14322=CARTESIAN_POINT('Ctrl Pts',(82.6323262512684,28.3761030883887,44.6));
#14323=CARTESIAN_POINT('',(83.0607882797718,28.42583541585,45.));
#14324=CARTESIAN_POINT('Ctrl Pts',(83.0607882797718,28.42583541585,45.));
#14325=CARTESIAN_POINT('Ctrl Pts',(82.9833079281217,28.4244328607339,45.));
#14326=CARTESIAN_POINT('Ctrl Pts',(82.8387982989251,28.4218169366263,45.));
#14327=CARTESIAN_POINT('Ctrl Pts',(82.6977500184658,28.3905882073128,45.));
#14328=CARTESIAN_POINT('Ctrl Pts',(82.6323262512684,28.3761030883887,45.));
#14329=CARTESIAN_POINT('',(83.0607882797718,28.42583541585,44.6));
#14330=CARTESIAN_POINT('',(83.0607882797718,28.42583541585,45.));
#14331=CARTESIAN_POINT('Ctrl Pts',(83.0607882797718,28.42583541585,44.6));
#14332=CARTESIAN_POINT('Ctrl Pts',(82.9833079281217,28.4244328607339,44.6));
#14333=CARTESIAN_POINT('Ctrl Pts',(82.8387982989251,28.4218169366263,44.6));
#14334=CARTESIAN_POINT('Ctrl Pts',(82.6977500184658,28.3905882073128,44.6));
#14335=CARTESIAN_POINT('Ctrl Pts',(82.6323262512684,28.3761030883887,44.6));
#14336=CARTESIAN_POINT('Origin',(83.9062348663807,28.42583541585,45.));
#14337=CARTESIAN_POINT('',(83.9062348663807,28.42583541585,45.));
#14338=CARTESIAN_POINT('',(83.1031174331903,28.42583541585,45.));
#14339=CARTESIAN_POINT('',(83.9062348663807,28.42583541585,44.6));
#14340=CARTESIAN_POINT('',(83.9062348663807,28.42583541585,45.));
#14341=CARTESIAN_POINT('',(83.9062348663807,28.42583541585,44.6));
#14342=CARTESIAN_POINT('Origin',(83.9062348663807,27.7448863239387,45.));
#14343=CARTESIAN_POINT('',(83.9062348663807,26.1599431619693,45.));
#14344=CARTESIAN_POINT('',(83.9062348663807,27.7448863239387,44.6));
#14345=CARTESIAN_POINT('Origin',(84.5757070839405,29.3248403520683,45.));
#14346=CARTESIAN_POINT('',(84.5757070839405,29.3248403520683,45.));
#14347=CARTESIAN_POINT('',(84.5757070839405,26.6775566787818,45.));
#14348=CARTESIAN_POINT('',(84.5757070839405,26.9499201760341,45.));
#14349=CARTESIAN_POINT('',(84.5757070839405,29.3248403520683,44.6));
#14350=CARTESIAN_POINT('',(84.5757070839405,29.3248403520683,45.));
#14351=CARTESIAN_POINT('',(84.5757070839405,26.6775566787818,44.6));
#14352=CARTESIAN_POINT('',(84.5757070839405,29.3248403520683,44.6));
#14353=CARTESIAN_POINT('',(84.5757070839405,26.6775566787818,45.));
#14354=CARTESIAN_POINT('Ctrl Pts',(84.4724170029163,29.8833713383773,45.));
#14355=CARTESIAN_POINT('Ctrl Pts',(84.4724170029163,29.8833713383773,44.6));
#14356=CARTESIAN_POINT('Ctrl Pts',(84.5025176707738,29.7981130453598,45.));
#14357=CARTESIAN_POINT('Ctrl Pts',(84.5025176707738,29.7981130453598,44.6));
#14358=CARTESIAN_POINT('Ctrl Pts',(84.5662717298634,29.6175335885632,45.));
#14359=CARTESIAN_POINT('Ctrl Pts',(84.5662717298634,29.6175335885632,44.6));
#14360=CARTESIAN_POINT('Ctrl Pts',(84.5724472546243,29.4259632124473,45.));
#14361=CARTESIAN_POINT('Ctrl Pts',(84.5724472546243,29.4259632124473,44.6));
#14362=CARTESIAN_POINT('Ctrl Pts',(84.5757070839405,29.3248403520683,45.));
#14363=CARTESIAN_POINT('Ctrl Pts',(84.5757070839405,29.3248403520683,44.6));
#14364=CARTESIAN_POINT('',(84.4724170029163,29.8833713383773,45.));
#14365=CARTESIAN_POINT('Ctrl Pts',(84.4724170029163,29.8833713383773,45.));
#14366=CARTESIAN_POINT('Ctrl Pts',(84.5025176707738,29.7981130453598,45.));
#14367=CARTESIAN_POINT('Ctrl Pts',(84.5662717298634,29.6175335885632,45.));
#14368=CARTESIAN_POINT('Ctrl Pts',(84.5724472546243,29.4259632124473,45.));
#14369=CARTESIAN_POINT('Ctrl Pts',(84.5757070839405,29.3248403520683,45.));
#14370=CARTESIAN_POINT('',(84.4724170029163,29.8833713383773,44.6));
#14371=CARTESIAN_POINT('',(84.4724170029163,29.8833713383773,45.));
#14372=CARTESIAN_POINT('Ctrl Pts',(84.4724170029163,29.8833713383773,44.6));
#14373=CARTESIAN_POINT('Ctrl Pts',(84.5025176707738,29.7981130453598,44.6));
#14374=CARTESIAN_POINT('Ctrl Pts',(84.5662717298634,29.6175335885632,44.6));
#14375=CARTESIAN_POINT('Ctrl Pts',(84.5724472546243,29.4259632124473,44.6));
#14376=CARTESIAN_POINT('Ctrl Pts',(84.5757070839405,29.3248403520683,44.6));
#14377=CARTESIAN_POINT('Ctrl Pts',(84.1759363472462,30.2774036378959,45.));
#14378=CARTESIAN_POINT('Ctrl Pts',(84.1759363472462,30.2774036378959,44.6));
#14379=CARTESIAN_POINT('Ctrl Pts',(84.2367578200584,30.2213805086487,45.));
#14380=CARTESIAN_POINT('Ctrl Pts',(84.2367578200584,30.2213805086487,44.6));
#14381=CARTESIAN_POINT('Ctrl Pts',(84.3596459459189,30.1081873050037,45.));
#14382=CARTESIAN_POINT('Ctrl Pts',(84.3596459459189,30.1081873050037,44.6));
#14383=CARTESIAN_POINT('Ctrl Pts',(84.4345735791895,29.9588145071487,45.));
#14384=CARTESIAN_POINT('Ctrl Pts',(84.4345735791895,29.9588145071487,44.6));
#14385=CARTESIAN_POINT('Ctrl Pts',(84.4724170029163,29.8833713383773,45.));
#14386=CARTESIAN_POINT('Ctrl Pts',(84.4724170029163,29.8833713383773,44.6));
#14387=CARTESIAN_POINT('',(84.1759363472462,30.2774036378959,45.));
#14388=CARTESIAN_POINT('Ctrl Pts',(84.1759363472462,30.2774036378959,45.));
#14389=CARTESIAN_POINT('Ctrl Pts',(84.2367578200584,30.2213805086487,45.));
#14390=CARTESIAN_POINT('Ctrl Pts',(84.3596459459189,30.1081873050037,45.));
#14391=CARTESIAN_POINT('Ctrl Pts',(84.4345735791895,29.9588145071487,45.));
#14392=CARTESIAN_POINT('Ctrl Pts',(84.4724170029163,29.8833713383773,45.));
#14393=CARTESIAN_POINT('',(84.1759363472462,30.2774036378959,44.6));
#14394=CARTESIAN_POINT('',(84.1759363472462,30.2774036378959,45.));
#14395=CARTESIAN_POINT('Ctrl Pts',(84.1759363472462,30.2774036378959,44.6));
#14396=CARTESIAN_POINT('Ctrl Pts',(84.2367578200584,30.2213805086487,44.6));
#14397=CARTESIAN_POINT('Ctrl Pts',(84.3596459459189,30.1081873050037,44.6));
#14398=CARTESIAN_POINT('Ctrl Pts',(84.4345735791895,29.9588145071487,44.6));
#14399=CARTESIAN_POINT('Ctrl Pts',(84.4724170029163,29.8833713383773,44.6));
#14400=CARTESIAN_POINT('Ctrl Pts',(83.7034813225269,30.5107623787025,45.));
#14401=CARTESIAN_POINT('Ctrl Pts',(83.7034813225269,30.5107623787025,44.6));
#14402=CARTESIAN_POINT('Ctrl Pts',(83.791611981901,30.4830040989624,45.));
#14403=CARTESIAN_POINT('Ctrl Pts',(83.791611981901,30.4830040989624,44.6));
#14404=CARTESIAN_POINT('Ctrl Pts',(83.9612509174044,30.4295733739464,45.));
#14405=CARTESIAN_POINT('Ctrl Pts',(83.9612509174044,30.4295733739464,44.6));
#14406=CARTESIAN_POINT('Ctrl Pts',(84.1062615171626,30.3267893857363,45.));
#14407=CARTESIAN_POINT('Ctrl Pts',(84.1062615171626,30.3267893857363,44.6));
#14408=CARTESIAN_POINT('Ctrl Pts',(84.1759363472462,30.2774036378959,45.));
#14409=CARTESIAN_POINT('Ctrl Pts',(84.1759363472462,30.2774036378959,44.6));
#14410=CARTESIAN_POINT('',(83.7034813225269,30.5107623787025,45.));
#14411=CARTESIAN_POINT('Ctrl Pts',(83.7034813225269,30.5107623787025,45.));
#14412=CARTESIAN_POINT('Ctrl Pts',(83.791611981901,30.4830040989624,45.));
#14413=CARTESIAN_POINT('Ctrl Pts',(83.9612509174044,30.4295733739464,45.));
#14414=CARTESIAN_POINT('Ctrl Pts',(84.1062615171626,30.3267893857363,45.));
#14415=CARTESIAN_POINT('Ctrl Pts',(84.1759363472462,30.2774036378959,45.));
#14416=CARTESIAN_POINT('',(83.7034813225269,30.5107623787025,44.6));
#14417=CARTESIAN_POINT('',(83.7034813225269,30.5107623787025,45.));
#14418=CARTESIAN_POINT('Ctrl Pts',(83.7034813225269,30.5107623787025,44.6));
#14419=CARTESIAN_POINT('Ctrl Pts',(83.791611981901,30.4830040989624,44.6));
#14420=CARTESIAN_POINT('Ctrl Pts',(83.9612509174044,30.4295733739464,44.6));
#14421=CARTESIAN_POINT('Ctrl Pts',(84.1062615171626,30.3267893857363,44.6));
#14422=CARTESIAN_POINT('Ctrl Pts',(84.1759363472462,30.2774036378959,44.6));
#14423=CARTESIAN_POINT('Ctrl Pts',(83.0760899841785,30.5872735829452,45.));
#14424=CARTESIAN_POINT('Ctrl Pts',(83.0760899841785,30.5872735829452,44.6));
#14425=CARTESIAN_POINT('Ctrl Pts',(83.1868720658575,30.5847224181421,45.));
#14426=CARTESIAN_POINT('Ctrl Pts',(83.1868720658575,30.5847224181421,44.6));
#14427=CARTESIAN_POINT('Ctrl Pts',(83.3985832902857,30.5798469886865,45.));
#14428=CARTESIAN_POINT('Ctrl Pts',(83.3985832902857,30.5798469886865,44.6));
#14429=CARTESIAN_POINT('Ctrl Pts',(83.6050516242194,30.5330648424752,45.));
#14430=CARTESIAN_POINT('Ctrl Pts',(83.6050516242194,30.5330648424752,44.6));
#14431=CARTESIAN_POINT('Ctrl Pts',(83.7034813225269,30.5107623787025,45.));
#14432=CARTESIAN_POINT('Ctrl Pts',(83.7034813225269,30.5107623787025,44.6));
#14433=CARTESIAN_POINT('',(83.0760899841785,30.5872735829452,45.));
#14434=CARTESIAN_POINT('Ctrl Pts',(83.0760899841785,30.5872735829452,45.));
#14435=CARTESIAN_POINT('Ctrl Pts',(83.1868720658575,30.5847224181421,45.));
#14436=CARTESIAN_POINT('Ctrl Pts',(83.3985832902857,30.5798469886865,45.));
#14437=CARTESIAN_POINT('Ctrl Pts',(83.6050516242194,30.5330648424752,45.));
#14438=CARTESIAN_POINT('Ctrl Pts',(83.7034813225269,30.5107623787025,45.));
#14439=CARTESIAN_POINT('',(83.0760899841785,30.5872735829452,44.6));
#14440=CARTESIAN_POINT('',(83.0760899841785,30.5872735829452,45.));
#14441=CARTESIAN_POINT('Ctrl Pts',(83.0760899841785,30.5872735829452,44.6));
#14442=CARTESIAN_POINT('Ctrl Pts',(83.1868720658575,30.5847224181421,44.6));
#14443=CARTESIAN_POINT('Ctrl Pts',(83.3985832902857,30.5798469886865,44.6));
#14444=CARTESIAN_POINT('Ctrl Pts',(83.6050516242194,30.5330648424752,44.6));
#14445=CARTESIAN_POINT('Ctrl Pts',(83.7034813225269,30.5107623787025,44.6));
#14446=CARTESIAN_POINT('Ctrl Pts',(82.6973596870899,30.5662331433395,45.));
#14447=CARTESIAN_POINT('Ctrl Pts',(82.6973596870899,30.5662331433395,44.6));
#14448=CARTESIAN_POINT('Ctrl Pts',(82.7601135304604,30.5723699168411,45.));
#14449=CARTESIAN_POINT('Ctrl Pts',(82.7601135304604,30.5723699168411,44.6));
#14450=CARTESIAN_POINT('Ctrl Pts',(82.8860618244228,30.5846865513523,45.));
#14451=CARTESIAN_POINT('Ctrl Pts',(82.8860618244228,30.5846865513523,44.6));
#14452=CARTESIAN_POINT('Ctrl Pts',(83.0125997076625,30.5864092302545,45.));
#14453=CARTESIAN_POINT('Ctrl Pts',(83.0125997076625,30.5864092302545,44.6));
#14454=CARTESIAN_POINT('Ctrl Pts',(83.0760899841785,30.5872735829452,45.));
#14455=CARTESIAN_POINT('Ctrl Pts',(83.0760899841785,30.5872735829452,44.6));
#14456=CARTESIAN_POINT('',(82.6973596870899,30.5662331433395,45.));
#14457=CARTESIAN_POINT('Ctrl Pts',(82.6973596870899,30.5662331433395,45.));
#14458=CARTESIAN_POINT('Ctrl Pts',(82.7601135304604,30.5723699168411,45.));
#14459=CARTESIAN_POINT('Ctrl Pts',(82.8860618244228,30.5846865513523,45.));
#14460=CARTESIAN_POINT('Ctrl Pts',(83.0125997076625,30.5864092302545,45.));
#14461=CARTESIAN_POINT('Ctrl Pts',(83.0760899841785,30.5872735829452,45.));
#14462=CARTESIAN_POINT('',(82.6973596870899,30.5662331433395,44.6));
#14463=CARTESIAN_POINT('',(82.6973596870899,30.5662331433395,45.));
#14464=CARTESIAN_POINT('Ctrl Pts',(82.6973596870899,30.5662331433395,44.6));
#14465=CARTESIAN_POINT('Ctrl Pts',(82.7601135304604,30.5723699168411,44.6));
#14466=CARTESIAN_POINT('Ctrl Pts',(82.8860618244228,30.5846865513523,44.6));
#14467=CARTESIAN_POINT('Ctrl Pts',(83.0125997076625,30.5864092302545,44.6));
#14468=CARTESIAN_POINT('Ctrl Pts',(83.0760899841785,30.5872735829452,44.6));
#14469=CARTESIAN_POINT('Ctrl Pts',(82.3377577126026,30.5107623787025,45.));
#14470=CARTESIAN_POINT('Ctrl Pts',(82.3377577126026,30.5107623787025,44.6));
#14471=CARTESIAN_POINT('Ctrl Pts',(82.3963202112556,30.5217415838541,45.));
#14472=CARTESIAN_POINT('Ctrl Pts',(82.3963202112556,30.5217415838541,44.6));
#14473=CARTESIAN_POINT('Ctrl Pts',(82.5155890296925,30.5441019143715,45.));
#14474=CARTESIAN_POINT('Ctrl Pts',(82.5155890296925,30.5441019143715,44.6));
#14475=CARTESIAN_POINT('Ctrl Pts',(82.6360477316477,30.5587681930345,45.));
#14476=CARTESIAN_POINT('Ctrl Pts',(82.6360477316477,30.5587681930345,44.6));
#14477=CARTESIAN_POINT('Ctrl Pts',(82.6973596870899,30.5662331433395,45.));
#14478=CARTESIAN_POINT('Ctrl Pts',(82.6973596870899,30.5662331433395,44.6));
#14479=CARTESIAN_POINT('',(82.3377577126026,30.5107623787025,45.));
#14480=CARTESIAN_POINT('Ctrl Pts',(82.3377577126026,30.5107623787025,45.));
#14481=CARTESIAN_POINT('Ctrl Pts',(82.3963202112556,30.5217415838541,45.));
#14482=CARTESIAN_POINT('Ctrl Pts',(82.5155890296925,30.5441019143715,45.));
#14483=CARTESIAN_POINT('Ctrl Pts',(82.6360477316477,30.5587681930345,45.));
#14484=CARTESIAN_POINT('Ctrl Pts',(82.6973596870899,30.5662331433395,45.));
#14485=CARTESIAN_POINT('',(82.3377577126026,30.5107623787025,44.6));
#14486=CARTESIAN_POINT('',(82.3377577126026,30.5107623787025,45.));
#14487=CARTESIAN_POINT('Ctrl Pts',(82.3377577126026,30.5107623787025,44.6));
#14488=CARTESIAN_POINT('Ctrl Pts',(82.3963202112556,30.5217415838541,44.6));
#14489=CARTESIAN_POINT('Ctrl Pts',(82.5155890296925,30.5441019143715,44.6));
#14490=CARTESIAN_POINT('Ctrl Pts',(82.6360477316477,30.5587681930345,44.6));
#14491=CARTESIAN_POINT('Ctrl Pts',(82.6973596870899,30.5662331433395,44.6));
#14492=CARTESIAN_POINT('Ctrl Pts',(82.010673648119,30.4323384614089,45.));
#14493=CARTESIAN_POINT('Ctrl Pts',(82.010673648119,30.4323384614089,44.6));
#14494=CARTESIAN_POINT('Ctrl Pts',(82.0636286555298,30.4467228771022,45.));
#14495=CARTESIAN_POINT('Ctrl Pts',(82.0636286555298,30.4467228771022,44.6));
#14496=CARTESIAN_POINT('Ctrl Pts',(82.1718731667893,30.4761258386463,45.));
#14497=CARTESIAN_POINT('Ctrl Pts',(82.1718731667893,30.4761258386463,44.6));
#14498=CARTESIAN_POINT('Ctrl Pts',(82.2816735136786,30.4990520497323,45.));
#14499=CARTESIAN_POINT('Ctrl Pts',(82.2816735136786,30.4990520497323,44.6));
#14500=CARTESIAN_POINT('Ctrl Pts',(82.3377577126026,30.5107623787025,45.));
#14501=CARTESIAN_POINT('Ctrl Pts',(82.3377577126026,30.5107623787025,44.6));
#14502=CARTESIAN_POINT('',(82.010673648119,30.4323384614089,45.));
#14503=CARTESIAN_POINT('Ctrl Pts',(82.010673648119,30.4323384614089,45.));
#14504=CARTESIAN_POINT('Ctrl Pts',(82.0636286555298,30.4467228771022,45.));
#14505=CARTESIAN_POINT('Ctrl Pts',(82.1718731667893,30.4761258386463,45.));
#14506=CARTESIAN_POINT('Ctrl Pts',(82.2816735136786,30.4990520497323,45.));
#14507=CARTESIAN_POINT('Ctrl Pts',(82.3377577126026,30.5107623787025,45.));
#14508=CARTESIAN_POINT('',(82.010673648119,30.4323384614089,44.6));
#14509=CARTESIAN_POINT('',(82.010673648119,30.4323384614089,45.));
#14510=CARTESIAN_POINT('Ctrl Pts',(82.010673648119,30.4323384614089,44.6));
#14511=CARTESIAN_POINT('Ctrl Pts',(82.0636286555298,30.4467228771022,44.6));
#14512=CARTESIAN_POINT('Ctrl Pts',(82.1718731667893,30.4761258386463,44.6));
#14513=CARTESIAN_POINT('Ctrl Pts',(82.2816735136786,30.4990520497323,44.6));
#14514=CARTESIAN_POINT('Ctrl Pts',(82.3377577126026,30.5107623787025,44.6));
#14515=CARTESIAN_POINT('Ctrl Pts',(81.7294946968555,30.3424379677871,45.));
#14516=CARTESIAN_POINT('Ctrl Pts',(81.7294946968555,30.3424379677871,44.6));
#14517=CARTESIAN_POINT('Ctrl Pts',(81.7738442161511,30.3579635142304,45.));
#14518=CARTESIAN_POINT('Ctrl Pts',(81.7738442161511,30.3579635142304,44.6));
#14519=CARTESIAN_POINT('Ctrl Pts',(81.8667506531431,30.3904875015321,45.));
#14520=CARTESIAN_POINT('Ctrl Pts',(81.8667506531431,30.3904875015321,44.6));
#14521=CARTESIAN_POINT('Ctrl Pts',(81.9612724654801,30.4179732314967,45.));
#14522=CARTESIAN_POINT('Ctrl Pts',(81.9612724654801,30.4179732314967,44.6));
#14523=CARTESIAN_POINT('Ctrl Pts',(82.010673648119,30.4323384614089,45.));
#14524=CARTESIAN_POINT('Ctrl Pts',(82.010673648119,30.4323384614089,44.6));
#14525=CARTESIAN_POINT('',(81.7294946968555,30.3424379677871,45.));
#14526=CARTESIAN_POINT('Ctrl Pts',(81.7294946968555,30.3424379677871,45.));
#14527=CARTESIAN_POINT('Ctrl Pts',(81.7738442161511,30.3579635142304,45.));
#14528=CARTESIAN_POINT('Ctrl Pts',(81.8667506531431,30.3904875015321,45.));
#14529=CARTESIAN_POINT('Ctrl Pts',(81.9612724654801,30.4179732314967,45.));
#14530=CARTESIAN_POINT('Ctrl Pts',(82.010673648119,30.4323384614089,45.));
#14531=CARTESIAN_POINT('',(81.7294946968555,30.3424379677871,44.6));
#14532=CARTESIAN_POINT('',(81.7294946968555,30.3424379677871,45.));
#14533=CARTESIAN_POINT('Ctrl Pts',(81.7294946968555,30.3424379677871,44.6));
#14534=CARTESIAN_POINT('Ctrl Pts',(81.7738442161511,30.3579635142304,44.6));
#14535=CARTESIAN_POINT('Ctrl Pts',(81.8667506531431,30.3904875015321,44.6));
#14536=CARTESIAN_POINT('Ctrl Pts',(81.9612724654801,30.4179732314967,44.6));
#14537=CARTESIAN_POINT('Ctrl Pts',(82.010673648119,30.4323384614089,44.6));
#14538=CARTESIAN_POINT('Origin',(81.7294946968555,29.7418261022666,45.));
#14539=CARTESIAN_POINT('',(81.7294946968555,29.7418261022666,45.));
#14540=CARTESIAN_POINT('',(81.7294946968555,27.1584130511333,45.));
#14541=CARTESIAN_POINT('',(81.7294946968555,29.7418261022666,44.6));
#14542=CARTESIAN_POINT('',(81.7294946968555,29.7418261022666,45.));
#14543=CARTESIAN_POINT('',(81.7294946968555,29.7418261022666,44.6));
#14544=CARTESIAN_POINT('Ctrl Pts',(82.3817507088184,29.9484059662917,45.));
#14545=CARTESIAN_POINT('Ctrl Pts',(82.3817507088184,29.9484059662917,44.6));
#14546=CARTESIAN_POINT('Ctrl Pts',(82.2741782321404,29.9210299087722,45.));
#14547=CARTESIAN_POINT('Ctrl Pts',(82.2741782321404,29.9210299087722,44.6));
#14548=CARTESIAN_POINT('Ctrl Pts',(82.0528078885142,29.8646934977554,45.));
#14549=CARTESIAN_POINT('Ctrl Pts',(82.0528078885142,29.8646934977554,44.6));
#14550=CARTESIAN_POINT('Ctrl Pts',(81.8392674927418,29.7835426108225,45.));
#14551=CARTESIAN_POINT('Ctrl Pts',(81.8392674927418,29.7835426108225,44.6));
#14552=CARTESIAN_POINT('Ctrl Pts',(81.7294946968555,29.7418261022666,45.));
#14553=CARTESIAN_POINT('Ctrl Pts',(81.7294946968555,29.7418261022666,44.6));
#14554=CARTESIAN_POINT('',(82.3817507088184,29.9484059662917,45.));
#14555=CARTESIAN_POINT('Ctrl Pts',(82.3817507088184,29.9484059662917,45.));
#14556=CARTESIAN_POINT('Ctrl Pts',(82.2741782321404,29.9210299087722,45.));
#14557=CARTESIAN_POINT('Ctrl Pts',(82.0528078885142,29.8646934977554,45.));
#14558=CARTESIAN_POINT('Ctrl Pts',(81.8392674927418,29.7835426108225,45.));
#14559=CARTESIAN_POINT('Ctrl Pts',(81.7294946968555,29.7418261022666,45.));
#14560=CARTESIAN_POINT('',(82.3817507088184,29.9484059662917,44.6));
#14561=CARTESIAN_POINT('',(82.3817507088184,29.9484059662917,45.));
#14562=CARTESIAN_POINT('Ctrl Pts',(82.3817507088184,29.9484059662917,44.6));
#14563=CARTESIAN_POINT('Ctrl Pts',(82.2741782321404,29.9210299087722,44.6));
#14564=CARTESIAN_POINT('Ctrl Pts',(82.0528078885142,29.8646934977554,44.6));
#14565=CARTESIAN_POINT('Ctrl Pts',(81.8392674927418,29.7835426108225,44.6));
#14566=CARTESIAN_POINT('Ctrl Pts',(81.7294946968555,29.7418261022666,44.6));
#14567=CARTESIAN_POINT('Ctrl Pts',(83.0225316345692,30.0210914464095,45.));
#14568=CARTESIAN_POINT('Ctrl Pts',(83.0225316345692,30.0210914464095,44.6));
#14569=CARTESIAN_POINT('Ctrl Pts',(82.9145929931309,30.0180751425236,45.));
#14570=CARTESIAN_POINT('Ctrl Pts',(82.9145929931309,30.0180751425236,44.6));
#14571=CARTESIAN_POINT('Ctrl Pts',(82.6989335944197,30.0120486234409,45.));
#14572=CARTESIAN_POINT('Ctrl Pts',(82.6989335944197,30.0120486234409,44.6));
#14573=CARTESIAN_POINT('Ctrl Pts',(82.487407101144,29.9696058918163,45.));
#14574=CARTESIAN_POINT('Ctrl Pts',(82.487407101144,29.9696058918163,44.6));
#14575=CARTESIAN_POINT('Ctrl Pts',(82.3817507088184,29.9484059662917,45.));
#14576=CARTESIAN_POINT('Ctrl Pts',(82.3817507088184,29.9484059662917,44.6));
#14577=CARTESIAN_POINT('',(83.0225316345692,30.0210914464095,45.));
#14578=CARTESIAN_POINT('Ctrl Pts',(83.0225316345692,30.0210914464095,45.));
#14579=CARTESIAN_POINT('Ctrl Pts',(82.9145929931309,30.0180751425236,45.));
#14580=CARTESIAN_POINT('Ctrl Pts',(82.6989335944197,30.0120486234409,45.));
#14581=CARTESIAN_POINT('Ctrl Pts',(82.487407101144,29.9696058918163,45.));
#14582=CARTESIAN_POINT('Ctrl Pts',(82.3817507088184,29.9484059662917,45.));
#14583=CARTESIAN_POINT('',(83.0225316345692,30.0210914464095,44.6));
#14584=CARTESIAN_POINT('',(83.0225316345692,30.0210914464095,45.));
#14585=CARTESIAN_POINT('Ctrl Pts',(83.0225316345692,30.0210914464095,44.6));
#14586=CARTESIAN_POINT('Ctrl Pts',(82.9145929931309,30.0180751425236,44.6));
#14587=CARTESIAN_POINT('Ctrl Pts',(82.6989335944197,30.0120486234409,44.6));
#14588=CARTESIAN_POINT('Ctrl Pts',(82.487407101144,29.9696058918163,44.6));
#14589=CARTESIAN_POINT('Ctrl Pts',(82.3817507088184,29.9484059662917,44.6));
#14590=CARTESIAN_POINT('Ctrl Pts',(83.6881796181202,29.8164242954353,45.));
#14591=CARTESIAN_POINT('Ctrl Pts',(83.6881796181202,29.8164242954353,44.6));
#14592=CARTESIAN_POINT('Ctrl Pts',(83.5991247323533,29.8759318718675,45.));
#14593=CARTESIAN_POINT('Ctrl Pts',(83.5991247323533,29.8759318718675,44.6));
#14594=CARTESIAN_POINT('Ctrl Pts',(83.3989228961806,30.0097092156406,45.));
#14595=CARTESIAN_POINT('Ctrl Pts',(83.3989228961806,30.0097092156406,44.6));
#14596=CARTESIAN_POINT('Ctrl Pts',(83.156897794615,30.0170281569627,45.));
#14597=CARTESIAN_POINT('Ctrl Pts',(83.156897794615,30.0170281569627,44.6));
#14598=CARTESIAN_POINT('Ctrl Pts',(83.0225316345692,30.0210914464095,45.));
#14599=CARTESIAN_POINT('Ctrl Pts',(83.0225316345692,30.0210914464095,44.6));
#14600=CARTESIAN_POINT('',(83.6881796181202,29.8164242954353,45.));
#14601=CARTESIAN_POINT('Ctrl Pts',(83.6881796181202,29.8164242954353,45.));
#14602=CARTESIAN_POINT('Ctrl Pts',(83.5991247323533,29.8759318718675,45.));
#14603=CARTESIAN_POINT('Ctrl Pts',(83.3989228961806,30.0097092156406,45.));
#14604=CARTESIAN_POINT('Ctrl Pts',(83.156897794615,30.0170281569627,45.));
#14605=CARTESIAN_POINT('Ctrl Pts',(83.0225316345692,30.0210914464095,45.));
#14606=CARTESIAN_POINT('',(83.6881796181202,29.8164242954353,44.6));
#14607=CARTESIAN_POINT('',(83.6881796181202,29.8164242954353,45.));
#14608=CARTESIAN_POINT('Ctrl Pts',(83.6881796181202,29.8164242954353,44.6));
#14609=CARTESIAN_POINT('Ctrl Pts',(83.5991247323533,29.8759318718675,44.6));
#14610=CARTESIAN_POINT('Ctrl Pts',(83.3989228961806,30.0097092156406,44.6));
#14611=CARTESIAN_POINT('Ctrl Pts',(83.156897794615,30.0170281569627,44.6));
#14612=CARTESIAN_POINT('Ctrl Pts',(83.0225316345692,30.0210914464095,44.6));
#14613=CARTESIAN_POINT('Ctrl Pts',(83.9062348663807,29.2712825985053,45.));
#14614=CARTESIAN_POINT('Ctrl Pts',(83.9062348663807,29.2712825985053,44.6));
#14615=CARTESIAN_POINT('Ctrl Pts',(83.8985593392488,29.3777517316266,45.));
#14616=CARTESIAN_POINT('Ctrl Pts',(83.8985593392488,29.3777517316266,44.6));
#14617=CARTESIAN_POINT('Ctrl Pts',(83.8837518726819,29.5831497586304,45.));
#14618=CARTESIAN_POINT('Ctrl Pts',(83.8837518726819,29.5831497586304,44.6));
#14619=CARTESIAN_POINT('Ctrl Pts',(83.7517551531453,29.7405927133004,45.));
#14620=CARTESIAN_POINT('Ctrl Pts',(83.7517551531453,29.7405927133004,44.6));
#14621=CARTESIAN_POINT('Ctrl Pts',(83.6881796181202,29.8164242954353,45.));
#14622=CARTESIAN_POINT('Ctrl Pts',(83.6881796181202,29.8164242954353,44.6));
#14623=CARTESIAN_POINT('',(83.9062348663807,29.2712825985053,45.));
#14624=CARTESIAN_POINT('Ctrl Pts',(83.9062348663807,29.2712825985053,45.));
#14625=CARTESIAN_POINT('Ctrl Pts',(83.8985593392488,29.3777517316266,45.));
#14626=CARTESIAN_POINT('Ctrl Pts',(83.8837518726819,29.5831497586304,45.));
#14627=CARTESIAN_POINT('Ctrl Pts',(83.7517551531453,29.7405927133004,45.));
#14628=CARTESIAN_POINT('Ctrl Pts',(83.6881796181202,29.8164242954353,45.));
#14629=CARTESIAN_POINT('',(83.9062348663807,29.2712825985053,44.6));
#14630=CARTESIAN_POINT('',(83.9062348663807,29.2712825985053,45.));
#14631=CARTESIAN_POINT('Ctrl Pts',(83.9062348663807,29.2712825985053,44.6));
#14632=CARTESIAN_POINT('Ctrl Pts',(83.8985593392488,29.3777517316266,44.6));
#14633=CARTESIAN_POINT('Ctrl Pts',(83.8837518726819,29.5831497586304,44.6));
#14634=CARTESIAN_POINT('Ctrl Pts',(83.7517551531453,29.7405927133004,44.6));
#14635=CARTESIAN_POINT('Ctrl Pts',(83.6881796181202,29.8164242954353,44.6));
#14636=CARTESIAN_POINT('Origin',(83.9062348663807,28.9346337766746,45.));
#14637=CARTESIAN_POINT('',(83.9062348663807,28.9346337766746,45.));
#14638=CARTESIAN_POINT('',(83.9062348663807,26.7548168883373,45.));
#14639=CARTESIAN_POINT('',(83.9062348663807,28.9346337766746,44.6));
#14640=CARTESIAN_POINT('',(83.9062348663807,28.9346337766746,45.));
#14641=CARTESIAN_POINT('',(83.9062348663807,28.9346337766746,44.6));
#14642=CARTESIAN_POINT('Origin',(83.1105200111866,28.9346337766746,45.));
#14643=CARTESIAN_POINT('',(83.1105200111866,28.9346337766746,45.));
#14644=CARTESIAN_POINT('',(82.7052600055933,28.9346337766746,45.));
#14645=CARTESIAN_POINT('',(83.1105200111866,28.9346337766746,44.6));
#14646=CARTESIAN_POINT('',(83.1105200111866,28.9346337766746,45.));
#14647=CARTESIAN_POINT('',(83.1105200111866,28.9346337766746,44.6));
#14648=CARTESIAN_POINT('Ctrl Pts',(81.8385235130787,28.6075491161445,45.));
#14649=CARTESIAN_POINT('Ctrl Pts',(81.8385235130787,28.6075491161445,44.6));
#14650=CARTESIAN_POINT('Ctrl Pts',(82.0125630450779,28.7026114051563,45.));
#14651=CARTESIAN_POINT('Ctrl Pts',(82.0125630450779,28.7026114051563,44.6));
#14652=CARTESIAN_POINT('Ctrl Pts',(82.4070236262014,28.9180700732863,45.));
#14653=CARTESIAN_POINT('Ctrl Pts',(82.4070236262014,28.9180700732863,44.6));
#14654=CARTESIAN_POINT('Ctrl Pts',(82.8583325923315,28.9286960665551,45.));
#14655=CARTESIAN_POINT('Ctrl Pts',(82.8583325923315,28.9286960665551,44.6));
#14656=CARTESIAN_POINT('Ctrl Pts',(83.1105200111866,28.9346337766746,45.));
#14657=CARTESIAN_POINT('Ctrl Pts',(83.1105200111866,28.9346337766746,44.6));
#14658=CARTESIAN_POINT('',(81.8385235130787,28.6075491161445,45.));
#14659=CARTESIAN_POINT('Ctrl Pts',(81.8385235130787,28.6075491161445,45.));
#14660=CARTESIAN_POINT('Ctrl Pts',(82.0125630450779,28.7026114051563,45.));
#14661=CARTESIAN_POINT('Ctrl Pts',(82.4070236262014,28.9180700732863,45.));
#14662=CARTESIAN_POINT('Ctrl Pts',(82.8583325923315,28.9286960665551,45.));
#14663=CARTESIAN_POINT('Ctrl Pts',(83.1105200111866,28.9346337766746,45.));
#14664=CARTESIAN_POINT('',(81.8385235130787,28.6075491161445,44.6));
#14665=CARTESIAN_POINT('',(81.8385235130787,28.6075491161445,45.));
#14666=CARTESIAN_POINT('Ctrl Pts',(81.8385235130787,28.6075491161445,44.6));
#14667=CARTESIAN_POINT('Ctrl Pts',(82.0125630450779,28.7026114051563,44.6));
#14668=CARTESIAN_POINT('Ctrl Pts',(82.4070236262014,28.9180700732863,44.6));
#14669=CARTESIAN_POINT('Ctrl Pts',(82.8583325923315,28.9286960665551,44.6));
#14670=CARTESIAN_POINT('Ctrl Pts',(83.1105200111866,28.9346337766746,44.6));
#14671=CARTESIAN_POINT('Ctrl Pts',(81.4081469833851,27.7028054447272,45.));
#14672=CARTESIAN_POINT('Ctrl Pts',(81.4081469833851,27.7028054447272,44.6));
#14673=CARTESIAN_POINT('Ctrl Pts',(81.4246411030072,27.8838062700808,45.));
#14674=CARTESIAN_POINT('Ctrl Pts',(81.4246411030072,27.8838062700808,44.6));
#14675=CARTESIAN_POINT('Ctrl Pts',(81.4569994256199,28.2388954311937,45.));
#14676=CARTESIAN_POINT('Ctrl Pts',(81.4569994256199,28.2388954311937,44.6));
#14677=CARTESIAN_POINT('Ctrl Pts',(81.7130100628084,28.486269759286,45.));
#14678=CARTESIAN_POINT('Ctrl Pts',(81.7130100628084,28.486269759286,44.6));
#14679=CARTESIAN_POINT('Ctrl Pts',(81.8385235130787,28.6075491161445,45.));
#14680=CARTESIAN_POINT('Ctrl Pts',(81.8385235130787,28.6075491161445,44.6));
#14681=CARTESIAN_POINT('',(81.4081469833851,27.7028054447272,45.));
#14682=CARTESIAN_POINT('Ctrl Pts',(81.4081469833851,27.7028054447272,45.));
#14683=CARTESIAN_POINT('Ctrl Pts',(81.4246411030072,27.8838062700808,45.));
#14684=CARTESIAN_POINT('Ctrl Pts',(81.4569994256199,28.2388954311937,45.));
#14685=CARTESIAN_POINT('Ctrl Pts',(81.7130100628084,28.486269759286,45.));
#14686=CARTESIAN_POINT('Ctrl Pts',(81.8385235130787,28.6075491161445,45.));
#14687=CARTESIAN_POINT('',(81.4081469833851,27.7028054447272,44.6));
#14688=CARTESIAN_POINT('',(81.4081469833851,27.7028054447272,45.));
#14689=CARTESIAN_POINT('Ctrl Pts',(81.4081469833851,27.7028054447272,44.6));
#14690=CARTESIAN_POINT('Ctrl Pts',(81.4246411030072,27.8838062700808,44.6));
#14691=CARTESIAN_POINT('Ctrl Pts',(81.4569994256199,28.2388954311937,44.6));
#14692=CARTESIAN_POINT('Ctrl Pts',(81.7130100628084,28.486269759286,44.6));
#14693=CARTESIAN_POINT('Ctrl Pts',(81.8385235130787,28.6075491161445,44.6));
#14694=CARTESIAN_POINT('Ctrl Pts',(81.4789191544056,27.2705173940757,45.));
#14695=CARTESIAN_POINT('Ctrl Pts',(81.4789191544056,27.2705173940757,44.6));
#14696=CARTESIAN_POINT('Ctrl Pts',(81.4582810235429,27.3392073229129,45.));
#14697=CARTESIAN_POINT('Ctrl Pts',(81.4582810235429,27.3392073229129,44.6));
#14698=CARTESIAN_POINT('Ctrl Pts',(81.4159227640268,27.4801883958202,45.));
#14699=CARTESIAN_POINT('Ctrl Pts',(81.4159227640268,27.4801883958202,44.6));
#14700=CARTESIAN_POINT('Ctrl Pts',(81.4107826763346,27.6273467591888,45.));
#14701=CARTESIAN_POINT('Ctrl Pts',(81.4107826763346,27.6273467591888,44.6));
#14702=CARTESIAN_POINT('Ctrl Pts',(81.4081469833851,27.7028054447272,45.));
#14703=CARTESIAN_POINT('Ctrl Pts',(81.4081469833851,27.7028054447272,44.6));
#14704=CARTESIAN_POINT('',(81.4789191544056,27.2705173940757,45.));
#14705=CARTESIAN_POINT('Ctrl Pts',(81.4789191544056,27.2705173940757,45.));
#14706=CARTESIAN_POINT('Ctrl Pts',(81.4582810235429,27.3392073229129,45.));
#14707=CARTESIAN_POINT('Ctrl Pts',(81.4159227640268,27.4801883958202,45.));
#14708=CARTESIAN_POINT('Ctrl Pts',(81.4107826763346,27.6273467591888,45.));
#14709=CARTESIAN_POINT('Ctrl Pts',(81.4081469833851,27.7028054447272,45.));
#14710=CARTESIAN_POINT('',(81.4789191544056,27.2705173940757,44.6));
#14711=CARTESIAN_POINT('',(81.4789191544056,27.2705173940757,45.));
#14712=CARTESIAN_POINT('Ctrl Pts',(81.4789191544056,27.2705173940757,44.6));
#14713=CARTESIAN_POINT('Ctrl Pts',(81.4582810235429,27.3392073229129,44.6));
#14714=CARTESIAN_POINT('Ctrl Pts',(81.4159227640268,27.4801883958202,44.6));
#14715=CARTESIAN_POINT('Ctrl Pts',(81.4107826763346,27.6273467591888,44.6));
#14716=CARTESIAN_POINT('Ctrl Pts',(81.4081469833851,27.7028054447272,44.6));
#14717=CARTESIAN_POINT('Ctrl Pts',(81.7008034050465,26.9243050069907,45.));
#14718=CARTESIAN_POINT('Ctrl Pts',(81.7008034050465,26.9243050069907,44.6));
#14719=CARTESIAN_POINT('Ctrl Pts',(81.6537786163163,26.9755566046871,45.));
#14720=CARTESIAN_POINT('Ctrl Pts',(81.6537786163163,26.9755566046871,44.6));
#14721=CARTESIAN_POINT('Ctrl Pts',(81.559713962782,27.0780762312623,45.));
#14722=CARTESIAN_POINT('Ctrl Pts',(81.559713962782,27.0780762312623,44.6));
#14723=CARTESIAN_POINT('Ctrl Pts',(81.5058536346593,27.2063634861209,45.));
#14724=CARTESIAN_POINT('Ctrl Pts',(81.5058536346593,27.2063634861209,44.6));
#14725=CARTESIAN_POINT('Ctrl Pts',(81.4789191544056,27.2705173940757,45.));
#14726=CARTESIAN_POINT('Ctrl Pts',(81.4789191544056,27.2705173940757,44.6));
#14727=CARTESIAN_POINT('',(81.7008034050465,26.9243050069907,45.));
#14728=CARTESIAN_POINT('Ctrl Pts',(81.7008034050465,26.9243050069907,45.));
#14729=CARTESIAN_POINT('Ctrl Pts',(81.6537786163163,26.9755566046871,45.));
#14730=CARTESIAN_POINT('Ctrl Pts',(81.559713962782,27.0780762312623,45.));
#14731=CARTESIAN_POINT('Ctrl Pts',(81.5058536346593,27.2063634861209,45.));
#14732=CARTESIAN_POINT('Ctrl Pts',(81.4789191544056,27.2705173940757,45.));
#14733=CARTESIAN_POINT('',(81.7008034050465,26.9243050069907,44.6));
#14734=CARTESIAN_POINT('',(81.7008034050465,26.9243050069907,45.));
#14735=CARTESIAN_POINT('Ctrl Pts',(81.7008034050465,26.9243050069907,44.6));
#14736=CARTESIAN_POINT('Ctrl Pts',(81.6537786163163,26.9755566046871,44.6));
#14737=CARTESIAN_POINT('Ctrl Pts',(81.559713962782,27.0780762312623,44.6));
#14738=CARTESIAN_POINT('Ctrl Pts',(81.5058536346593,27.2063634861209,44.6));
#14739=CARTESIAN_POINT('Ctrl Pts',(81.4789191544056,27.2705173940757,44.6));
#14740=CARTESIAN_POINT('Ctrl Pts',(82.0852700531483,26.692858979235,45.));
#14741=CARTESIAN_POINT('Ctrl Pts',(82.0852700531483,26.692858979235,44.6));
#14742=CARTESIAN_POINT('Ctrl Pts',(82.0120668458429,26.7224383624841,45.));
#14743=CARTESIAN_POINT('Ctrl Pts',(82.0120668458429,26.7224383624841,44.6));
#14744=CARTESIAN_POINT('Ctrl Pts',(81.8715289069801,26.7792258408977,45.));
#14745=CARTESIAN_POINT('Ctrl Pts',(81.8715289069801,26.7792258408977,44.6));
#14746=CARTESIAN_POINT('Ctrl Pts',(81.7561053156798,26.8773105334811,45.));
#14747=CARTESIAN_POINT('Ctrl Pts',(81.7561053156798,26.8773105334811,44.6));
#14748=CARTESIAN_POINT('Ctrl Pts',(81.7008034050465,26.9243050069907,45.));
#14749=CARTESIAN_POINT('Ctrl Pts',(81.7008034050465,26.9243050069907,44.6));
#14750=CARTESIAN_POINT('',(82.0852700531483,26.692858979235,45.));
#14751=CARTESIAN_POINT('Ctrl Pts',(82.0852700531483,26.692858979235,45.));
#14752=CARTESIAN_POINT('Ctrl Pts',(82.0120668458429,26.7224383624841,45.));
#14753=CARTESIAN_POINT('Ctrl Pts',(81.8715289069801,26.7792258408977,45.));
#14754=CARTESIAN_POINT('Ctrl Pts',(81.7561053156798,26.8773105334811,45.));
#14755=CARTESIAN_POINT('Ctrl Pts',(81.7008034050465,26.9243050069907,45.));
#14756=CARTESIAN_POINT('',(82.0852700531483,26.692858979235,44.6));
#14757=CARTESIAN_POINT('',(82.0852700531483,26.692858979235,45.));
#14758=CARTESIAN_POINT('Ctrl Pts',(82.0852700531483,26.692858979235,44.6));
#14759=CARTESIAN_POINT('Ctrl Pts',(82.0120668458429,26.7224383624841,44.6));
#14760=CARTESIAN_POINT('Ctrl Pts',(81.8715289069801,26.7792258408977,44.6));
#14761=CARTESIAN_POINT('Ctrl Pts',(81.7561053156798,26.8773105334811,44.6));
#14762=CARTESIAN_POINT('Ctrl Pts',(81.7008034050465,26.9243050069907,44.6));
#14763=CARTESIAN_POINT('Ctrl Pts',(82.6476279556751,26.6086966247657,45.));
#14764=CARTESIAN_POINT('Ctrl Pts',(82.6476279556751,26.6086966247657,44.6));
#14765=CARTESIAN_POINT('Ctrl Pts',(82.5452097152554,26.6110812405792,45.));
#14766=CARTESIAN_POINT('Ctrl Pts',(82.5452097152554,26.6110812405792,44.6));
#14767=CARTESIAN_POINT('Ctrl Pts',(82.3540754574471,26.6155314417523,45.));
#14768=CARTESIAN_POINT('Ctrl Pts',(82.3540754574471,26.6155314417523,44.6));
#14769=CARTESIAN_POINT('Ctrl Pts',(82.1704847091108,26.6683451882262,45.));
#14770=CARTESIAN_POINT('Ctrl Pts',(82.1704847091108,26.6683451882262,44.6));
#14771=CARTESIAN_POINT('Ctrl Pts',(82.0852700531483,26.692858979235,45.));
#14772=CARTESIAN_POINT('Ctrl Pts',(82.0852700531483,26.692858979235,44.6));
#14773=CARTESIAN_POINT('',(82.6476279556751,26.6086966247657,45.));
#14774=CARTESIAN_POINT('Ctrl Pts',(82.6476279556751,26.6086966247657,45.));
#14775=CARTESIAN_POINT('Ctrl Pts',(82.5452097152554,26.6110812405792,45.));
#14776=CARTESIAN_POINT('Ctrl Pts',(82.3540754574471,26.6155314417523,45.));
#14777=CARTESIAN_POINT('Ctrl Pts',(82.1704847091108,26.6683451882262,45.));
#14778=CARTESIAN_POINT('Ctrl Pts',(82.0852700531483,26.692858979235,45.));
#14779=CARTESIAN_POINT('',(82.6476279556751,26.6086966247657,44.6));
#14780=CARTESIAN_POINT('',(82.6476279556751,26.6086966247657,45.));
#14781=CARTESIAN_POINT('Ctrl Pts',(82.6476279556751,26.6086966247657,44.6));
#14782=CARTESIAN_POINT('Ctrl Pts',(82.5452097152554,26.6110812405792,44.6));
#14783=CARTESIAN_POINT('Ctrl Pts',(82.3540754574471,26.6155314417523,44.6));
#14784=CARTESIAN_POINT('Ctrl Pts',(82.1704847091108,26.6683451882262,44.6));
#14785=CARTESIAN_POINT('Ctrl Pts',(82.0852700531483,26.692858979235,44.6));
#14786=CARTESIAN_POINT('Ctrl Pts',(83.3266631424427,26.7464167327979,45.));
#14787=CARTESIAN_POINT('Ctrl Pts',(83.3266631424427,26.7464167327979,44.6));
#14788=CARTESIAN_POINT('Ctrl Pts',(83.2173660054197,26.7062484857047,45.));
#14789=CARTESIAN_POINT('Ctrl Pts',(83.2173660054197,26.7062484857047,44.6));
#14790=CARTESIAN_POINT('Ctrl Pts',(82.9980681708944,26.6256534230695,45.));
#14791=CARTESIAN_POINT('Ctrl Pts',(82.9980681708944,26.6256534230695,44.6));
#14792=CARTESIAN_POINT('Ctrl Pts',(82.7646909376132,26.6143609671767,45.));
#14793=CARTESIAN_POINT('Ctrl Pts',(82.7646909376132,26.6143609671767,44.6));
#14794=CARTESIAN_POINT('Ctrl Pts',(82.6476279556751,26.6086966247657,45.));
#14795=CARTESIAN_POINT('Ctrl Pts',(82.6476279556751,26.6086966247657,44.6));
#14796=CARTESIAN_POINT('',(83.3266631424427,26.7464167327979,45.));
#14797=CARTESIAN_POINT('Ctrl Pts',(83.3266631424427,26.7464167327979,45.));
#14798=CARTESIAN_POINT('Ctrl Pts',(83.2173660054197,26.7062484857047,45.));
#14799=CARTESIAN_POINT('Ctrl Pts',(82.9980681708944,26.6256534230695,45.));
#14800=CARTESIAN_POINT('Ctrl Pts',(82.7646909376132,26.6143609671767,45.));
#14801=CARTESIAN_POINT('Ctrl Pts',(82.6476279556751,26.6086966247657,45.));
#14802=CARTESIAN_POINT('',(83.3266631424427,26.7464167327979,44.6));
#14803=CARTESIAN_POINT('',(83.3266631424427,26.7464167327979,45.));
#14804=CARTESIAN_POINT('Ctrl Pts',(83.3266631424427,26.7464167327979,44.6));
#14805=CARTESIAN_POINT('Ctrl Pts',(83.2173660054197,26.7062484857047,44.6));
#14806=CARTESIAN_POINT('Ctrl Pts',(82.9980681708944,26.6256534230695,44.6));
#14807=CARTESIAN_POINT('Ctrl Pts',(82.7646909376132,26.6143609671767,44.6));
#14808=CARTESIAN_POINT('Ctrl Pts',(82.6476279556751,26.6086966247657,44.6));
#14809=CARTESIAN_POINT('Ctrl Pts',(83.9636174499988,27.1940064878562,45.));
#14810=CARTESIAN_POINT('Ctrl Pts',(83.9636174499988,27.1940064878562,44.6));
#14811=CARTESIAN_POINT('Ctrl Pts',(83.8621627789153,27.0994369116128,45.));
#14812=CARTESIAN_POINT('Ctrl Pts',(83.8621627789153,27.0994369116128,44.6));
#14813=CARTESIAN_POINT('Ctrl Pts',(83.6703821494437,26.9206712356008,45.));
#14814=CARTESIAN_POINT('Ctrl Pts',(83.6703821494437,26.9206712356008,44.6));
#14815=CARTESIAN_POINT('Ctrl Pts',(83.4367163991181,26.8022102011055,45.));
#14816=CARTESIAN_POINT('Ctrl Pts',(83.4367163991181,26.8022102011055,44.6));
#14817=CARTESIAN_POINT('Ctrl Pts',(83.3266631424427,26.7464167327979,45.));
#14818=CARTESIAN_POINT('Ctrl Pts',(83.3266631424427,26.7464167327979,44.6));
#14819=CARTESIAN_POINT('',(83.9636174499988,27.1940064878562,45.));
#14820=CARTESIAN_POINT('Ctrl Pts',(83.9636174499988,27.1940064878562,45.));
#14821=CARTESIAN_POINT('Ctrl Pts',(83.8621627789153,27.0994369116128,45.));
#14822=CARTESIAN_POINT('Ctrl Pts',(83.6703821494437,26.9206712356008,45.));
#14823=CARTESIAN_POINT('Ctrl Pts',(83.4367163991181,26.8022102011055,45.));
#14824=CARTESIAN_POINT('Ctrl Pts',(83.3266631424427,26.7464167327979,45.));
#14825=CARTESIAN_POINT('',(83.9636174499988,27.1940064878562,44.6));
#14826=CARTESIAN_POINT('',(83.9636174499988,27.1940064878562,45.));
#14827=CARTESIAN_POINT('Ctrl Pts',(83.9636174499988,27.1940064878562,44.6));
#14828=CARTESIAN_POINT('Ctrl Pts',(83.8621627789153,27.0994369116128,44.6));
#14829=CARTESIAN_POINT('Ctrl Pts',(83.6703821494437,26.9206712356008,44.6));
#14830=CARTESIAN_POINT('Ctrl Pts',(83.4367163991181,26.8022102011055,44.6));
#14831=CARTESIAN_POINT('Ctrl Pts',(83.3266631424427,26.7464167327979,44.6));
#14832=CARTESIAN_POINT('Origin',(83.9789215385914,26.6775566787818,45.));
#14833=CARTESIAN_POINT('',(83.9789215385914,26.6775566787818,45.));
#14834=CARTESIAN_POINT('',(84.0093104961602,25.6520548176628,45.));
#14835=CARTESIAN_POINT('',(83.9789215385914,26.6775566787818,44.6));
#14836=CARTESIAN_POINT('',(83.9789215385914,26.6775566787818,45.));
#14837=CARTESIAN_POINT('',(83.9789215385914,26.6775566787818,44.6));
#14838=CARTESIAN_POINT('Origin',(84.5757070839405,26.6775566787818,45.));
#14839=CARTESIAN_POINT('',(83.4378535419702,26.6775566787818,45.));
#14840=CARTESIAN_POINT('',(84.5757070839405,26.6775566787818,44.6));
#14841=CARTESIAN_POINT('Origin',(76.8499997168779,28.7223154754737,44.6));
#14842=CARTESIAN_POINT('Ctrl Pts',(74.7593340933323,28.6897981615165,45.));
#14843=CARTESIAN_POINT('Ctrl Pts',(74.7593340933323,28.6897981615165,44.6));
#14844=CARTESIAN_POINT('Ctrl Pts',(74.6890732035071,29.2897055652622,45.));
#14845=CARTESIAN_POINT('Ctrl Pts',(74.6890732035071,29.2897055652622,44.6));
#14846=CARTESIAN_POINT('Ctrl Pts',(74.5431985740243,30.535224522726,45.));
#14847=CARTESIAN_POINT('Ctrl Pts',(74.5431985740243,30.535224522726,44.6));
#14848=CARTESIAN_POINT('Ctrl Pts',(73.7104810925762,31.4765431036005,45.));
#14849=CARTESIAN_POINT('Ctrl Pts',(73.7104810925762,31.4765431036005,44.6));
#14850=CARTESIAN_POINT('Ctrl Pts',(73.2788441240787,31.9644731731513,45.));
#14851=CARTESIAN_POINT('Ctrl Pts',(73.2788441240787,31.9644731731513,44.6));
#14852=CARTESIAN_POINT('',(74.7593340933323,28.6897981615165,45.));
#14853=CARTESIAN_POINT('',(73.2788441240787,31.9644731731513,45.));
#14854=CARTESIAN_POINT('Ctrl Pts',(74.7593340933323,28.6897981615165,45.));
#14855=CARTESIAN_POINT('Ctrl Pts',(74.6890732035071,29.2897055652622,45.));
#14856=CARTESIAN_POINT('Ctrl Pts',(74.5431985740243,30.535224522726,45.));
#14857=CARTESIAN_POINT('Ctrl Pts',(73.7104810925762,31.4765431036005,45.));
#14858=CARTESIAN_POINT('Ctrl Pts',(73.2788441240787,31.9644731731513,45.));
#14859=CARTESIAN_POINT('',(74.7593340933323,28.6897981615165,44.6));
#14860=CARTESIAN_POINT('',(74.7593340933323,28.6897981615165,45.));
#14861=CARTESIAN_POINT('',(73.2788441240787,31.9644731731513,44.6));
#14862=CARTESIAN_POINT('Ctrl Pts',(74.7593340933323,28.6897981615165,44.6));
#14863=CARTESIAN_POINT('Ctrl Pts',(74.6890732035071,29.2897055652622,44.6));
#14864=CARTESIAN_POINT('Ctrl Pts',(74.5431985740243,30.535224522726,44.6));
#14865=CARTESIAN_POINT('Ctrl Pts',(73.7104810925762,31.4765431036005,44.6));
#14866=CARTESIAN_POINT('Ctrl Pts',(73.2788441240787,31.9644731731513,44.6));
#14867=CARTESIAN_POINT('',(73.2788441240787,31.9644731731513,45.));
#14868=CARTESIAN_POINT('Ctrl Pts',(74.3920800745487,27.0065546484092,45.));
#14869=CARTESIAN_POINT('Ctrl Pts',(74.3920800745487,27.0065546484092,44.6));
#14870=CARTESIAN_POINT('Ctrl Pts',(74.4991959476543,27.2773824093344,45.));
#14871=CARTESIAN_POINT('Ctrl Pts',(74.4991959476543,27.2773824093344,44.6));
#14872=CARTESIAN_POINT('Ctrl Pts',(74.713210731192,27.8184893708885,45.));
#14873=CARTESIAN_POINT('Ctrl Pts',(74.713210731192,27.8184893708885,44.6));
#14874=CARTESIAN_POINT('Ctrl Pts',(74.7439700336149,28.3995582555286,45.));
#14875=CARTESIAN_POINT('Ctrl Pts',(74.7439700336149,28.3995582555286,44.6));
#14876=CARTESIAN_POINT('Ctrl Pts',(74.7593340933323,28.6897981615165,45.));
#14877=CARTESIAN_POINT('Ctrl Pts',(74.7593340933323,28.6897981615165,44.6));
#14878=CARTESIAN_POINT('',(74.3920800745487,27.0065546484092,45.));
#14879=CARTESIAN_POINT('Ctrl Pts',(74.3920800745487,27.0065546484092,45.));
#14880=CARTESIAN_POINT('Ctrl Pts',(74.4991959476543,27.2773824093344,45.));
#14881=CARTESIAN_POINT('Ctrl Pts',(74.713210731192,27.8184893708885,45.));
#14882=CARTESIAN_POINT('Ctrl Pts',(74.7439700336149,28.3995582555286,45.));
#14883=CARTESIAN_POINT('Ctrl Pts',(74.7593340933323,28.6897981615165,45.));
#14884=CARTESIAN_POINT('',(74.3920800745487,27.0065546484092,44.6));
#14885=CARTESIAN_POINT('',(74.3920800745487,27.0065546484092,45.));
#14886=CARTESIAN_POINT('Ctrl Pts',(74.3920800745487,27.0065546484092,44.6));
#14887=CARTESIAN_POINT('Ctrl Pts',(74.4991959476543,27.2773824093344,44.6));
#14888=CARTESIAN_POINT('Ctrl Pts',(74.713210731192,27.8184893708885,44.6));
#14889=CARTESIAN_POINT('Ctrl Pts',(74.7439700336149,28.3995582555286,44.6));
#14890=CARTESIAN_POINT('Ctrl Pts',(74.7593340933323,28.6897981615165,44.6));
#14891=CARTESIAN_POINT('Ctrl Pts',(73.2788441240787,25.4648554773429,45.));
#14892=CARTESIAN_POINT('Ctrl Pts',(73.2788441240787,25.4648554773429,44.6));
#14893=CARTESIAN_POINT('Ctrl Pts',(73.5087144390476,25.707242405445,45.));
#14894=CARTESIAN_POINT('Ctrl Pts',(73.5087144390476,25.707242405445,44.6));
#14895=CARTESIAN_POINT('Ctrl Pts',(73.9490495758311,26.1715541246631,45.));
#14896=CARTESIAN_POINT('Ctrl Pts',(73.9490495758311,26.1715541246631,44.6));
#14897=CARTESIAN_POINT('Ctrl Pts',(74.2488066558289,26.7365204633673,45.));
#14898=CARTESIAN_POINT('Ctrl Pts',(74.2488066558289,26.7365204633673,44.6));
#14899=CARTESIAN_POINT('Ctrl Pts',(74.3920800745487,27.0065546484092,45.));
#14900=CARTESIAN_POINT('Ctrl Pts',(74.3920800745487,27.0065546484092,44.6));
#14901=CARTESIAN_POINT('',(73.2788441240787,25.4648554773429,45.));
#14902=CARTESIAN_POINT('Ctrl Pts',(73.2788441240787,25.4648554773429,45.));
#14903=CARTESIAN_POINT('Ctrl Pts',(73.5087144390476,25.707242405445,45.));
#14904=CARTESIAN_POINT('Ctrl Pts',(73.9490495758311,26.1715541246631,45.));
#14905=CARTESIAN_POINT('Ctrl Pts',(74.2488066558289,26.7365204633673,45.));
#14906=CARTESIAN_POINT('Ctrl Pts',(74.3920800745487,27.0065546484092,45.));
#14907=CARTESIAN_POINT('',(73.2788441240787,25.4648554773429,44.6));
#14908=CARTESIAN_POINT('',(73.2788441240787,25.4648554773429,45.));
#14909=CARTESIAN_POINT('Ctrl Pts',(73.2788441240787,25.4648554773429,44.6));
#14910=CARTESIAN_POINT('Ctrl Pts',(73.5087144390476,25.707242405445,44.6));
#14911=CARTESIAN_POINT('Ctrl Pts',(73.9490495758311,26.1715541246631,44.6));
#14912=CARTESIAN_POINT('Ctrl Pts',(74.2488066558289,26.7365204633673,44.6));
#14913=CARTESIAN_POINT('Ctrl Pts',(74.3920800745487,27.0065546484092,44.6));
#14914=CARTESIAN_POINT('Origin',(73.6652252733707,25.0708234758475,45.));
#14915=CARTESIAN_POINT('',(73.6652252733707,25.0708234758475,45.));
#14916=CARTESIAN_POINT('',(75.905529162281,22.7861586392666,45.));
#14917=CARTESIAN_POINT('',(73.6652252733707,25.0708234758475,44.6));
#14918=CARTESIAN_POINT('',(73.6652252733707,25.0708234758475,45.));
#14919=CARTESIAN_POINT('',(73.6652252733707,25.0708234758475,44.6));
#14920=CARTESIAN_POINT('Ctrl Pts',(74.5278880655765,26.0310376138785,45.));
#14921=CARTESIAN_POINT('Ctrl Pts',(74.5278880655765,26.0310376138785,44.6));
#14922=CARTESIAN_POINT('Ctrl Pts',(74.402603704523,25.8680405020008,45.));
#14923=CARTESIAN_POINT('Ctrl Pts',(74.402603704523,25.8680405020008,44.6));
#14924=CARTESIAN_POINT('Ctrl Pts',(74.1396680988475,25.5259567496909,45.));
#14925=CARTESIAN_POINT('Ctrl Pts',(74.1396680988475,25.5259567496909,44.6));
#14926=CARTESIAN_POINT('Ctrl Pts',(73.8282552015383,25.2272181791857,45.));
#14927=CARTESIAN_POINT('Ctrl Pts',(73.8282552015383,25.2272181791857,44.6));
#14928=CARTESIAN_POINT('Ctrl Pts',(73.6652252733707,25.0708234758475,45.));
#14929=CARTESIAN_POINT('Ctrl Pts',(73.6652252733707,25.0708234758475,44.6));
#14930=CARTESIAN_POINT('',(74.5278880655765,26.0310376138785,45.));
#14931=CARTESIAN_POINT('Ctrl Pts',(74.5278880655765,26.0310376138785,45.));
#14932=CARTESIAN_POINT('Ctrl Pts',(74.402603704523,25.8680405020008,45.));
#14933=CARTESIAN_POINT('Ctrl Pts',(74.1396680988475,25.5259567496909,45.));
#14934=CARTESIAN_POINT('Ctrl Pts',(73.8282552015383,25.2272181791857,45.));
#14935=CARTESIAN_POINT('Ctrl Pts',(73.6652252733707,25.0708234758475,45.));
#14936=CARTESIAN_POINT('',(74.5278880655765,26.0310376138785,44.6));
#14937=CARTESIAN_POINT('',(74.5278880655765,26.0310376138785,45.));
#14938=CARTESIAN_POINT('Ctrl Pts',(74.5278880655765,26.0310376138785,44.6));
#14939=CARTESIAN_POINT('Ctrl Pts',(74.402603704523,25.8680405020008,44.6));
#14940=CARTESIAN_POINT('Ctrl Pts',(74.1396680988475,25.5259567496909,44.6));
#14941=CARTESIAN_POINT('Ctrl Pts',(73.8282552015383,25.2272181791857,44.6));
#14942=CARTESIAN_POINT('Ctrl Pts',(73.6652252733707,25.0708234758475,44.6));
#14943=CARTESIAN_POINT('Ctrl Pts',(75.0730297625065,26.9740367384055,45.));
#14944=CARTESIAN_POINT('Ctrl Pts',(75.0730297625065,26.9740367384055,44.6));
#14945=CARTESIAN_POINT('Ctrl Pts',(74.9976358675905,26.8157838155216,45.));
#14946=CARTESIAN_POINT('Ctrl Pts',(74.9976358675905,26.8157838155216,44.6));
#14947=CARTESIAN_POINT('Ctrl Pts',(74.8410059785271,26.4870153153278,45.));
#14948=CARTESIAN_POINT('Ctrl Pts',(74.8410059785271,26.4870153153278,44.6));
#14949=CARTESIAN_POINT('Ctrl Pts',(74.6348241448518,26.1867631907722,45.));
#14950=CARTESIAN_POINT('Ctrl Pts',(74.6348241448518,26.1867631907722,44.6));
#14951=CARTESIAN_POINT('Ctrl Pts',(74.5278880655765,26.0310376138785,45.));
#14952=CARTESIAN_POINT('Ctrl Pts',(74.5278880655765,26.0310376138785,44.6));
#14953=CARTESIAN_POINT('',(75.0730297625065,26.9740367384055,45.));
#14954=CARTESIAN_POINT('Ctrl Pts',(75.0730297625065,26.9740367384055,45.));
#14955=CARTESIAN_POINT('Ctrl Pts',(74.9976358675905,26.8157838155216,45.));
#14956=CARTESIAN_POINT('Ctrl Pts',(74.8410059785271,26.4870153153278,45.));
#14957=CARTESIAN_POINT('Ctrl Pts',(74.6348241448518,26.1867631907722,45.));
#14958=CARTESIAN_POINT('Ctrl Pts',(74.5278880655765,26.0310376138785,45.));
#14959=CARTESIAN_POINT('',(75.0730297625065,26.9740367384055,44.6));
#14960=CARTESIAN_POINT('',(75.0730297625065,26.9740367384055,45.));
#14961=CARTESIAN_POINT('Ctrl Pts',(75.0730297625065,26.9740367384055,44.6));
#14962=CARTESIAN_POINT('Ctrl Pts',(74.9976358675905,26.8157838155216,44.6));
#14963=CARTESIAN_POINT('Ctrl Pts',(74.8410059785271,26.4870153153278,44.6));
#14964=CARTESIAN_POINT('Ctrl Pts',(74.6348241448518,26.1867631907722,44.6));
#14965=CARTESIAN_POINT('Ctrl Pts',(74.5278880655765,26.0310376138785,44.6));
#14966=CARTESIAN_POINT('Ctrl Pts',(75.359946256876,27.8826064319709,45.));
#14967=CARTESIAN_POINT('Ctrl Pts',(75.359946256876,27.8826064319709,44.6));
#14968=CARTESIAN_POINT('Ctrl Pts',(75.3260122986203,27.7316745114627,45.));
#14969=CARTESIAN_POINT('Ctrl Pts',(75.3260122986203,27.7316745114627,44.6));
#14970=CARTESIAN_POINT('Ctrl Pts',(75.2561047048272,27.4207385661247,45.));
#14971=CARTESIAN_POINT('Ctrl Pts',(75.2561047048272,27.4207385661247,44.6));
#14972=CARTESIAN_POINT('Ctrl Pts',(75.1352303177202,27.1258057426555,45.));
#14973=CARTESIAN_POINT('Ctrl Pts',(75.1352303177202,27.1258057426555,44.6));
#14974=CARTESIAN_POINT('Ctrl Pts',(75.0730297625065,26.9740367384055,45.));
#14975=CARTESIAN_POINT('Ctrl Pts',(75.0730297625065,26.9740367384055,44.6));
#14976=CARTESIAN_POINT('',(75.359946256876,27.8826064319709,45.));
#14977=CARTESIAN_POINT('Ctrl Pts',(75.359946256876,27.8826064319709,45.));
#14978=CARTESIAN_POINT('Ctrl Pts',(75.3260122986203,27.7316745114627,45.));
#14979=CARTESIAN_POINT('Ctrl Pts',(75.2561047048272,27.4207385661247,45.));
#14980=CARTESIAN_POINT('Ctrl Pts',(75.1352303177202,27.1258057426555,45.));
#14981=CARTESIAN_POINT('Ctrl Pts',(75.0730297625065,26.9740367384055,45.));
#14982=CARTESIAN_POINT('',(75.359946256876,27.8826064319709,44.6));
#14983=CARTESIAN_POINT('',(75.359946256876,27.8826064319709,45.));
#14984=CARTESIAN_POINT('Ctrl Pts',(75.359946256876,27.8826064319709,44.6));
#14985=CARTESIAN_POINT('Ctrl Pts',(75.3260122986203,27.7316745114627,44.6));
#14986=CARTESIAN_POINT('Ctrl Pts',(75.2561047048272,27.4207385661247,44.6));
#14987=CARTESIAN_POINT('Ctrl Pts',(75.1352303177202,27.1258057426555,44.6));
#14988=CARTESIAN_POINT('Ctrl Pts',(75.0730297625065,26.9740367384055,44.6));
#14989=CARTESIAN_POINT('Ctrl Pts',(75.4441080152988,28.7395304889777,45.));
#14990=CARTESIAN_POINT('Ctrl Pts',(75.4441080152988,28.7395304889777,44.6));
#14991=CARTESIAN_POINT('Ctrl Pts',(75.4402972201298,28.5989489496103,45.));
#14992=CARTESIAN_POINT('Ctrl Pts',(75.4402972201298,28.5989489496103,44.6));
#14993=CARTESIAN_POINT('Ctrl Pts',(75.4325008865282,28.3113395320169,45.));
#14994=CARTESIAN_POINT('Ctrl Pts',(75.4325008865282,28.3113395320169,44.6));
#14995=CARTESIAN_POINT('Ctrl Pts',(75.3844898323028,28.0276370555076,45.));
#14996=CARTESIAN_POINT('Ctrl Pts',(75.3844898323028,28.0276370555076,44.6));
#14997=CARTESIAN_POINT('Ctrl Pts',(75.359946256876,27.8826064319709,45.));
#14998=CARTESIAN_POINT('Ctrl Pts',(75.359946256876,27.8826064319709,44.6));
#14999=CARTESIAN_POINT('',(75.4441080152988,28.7395304889777,45.));
#15000=CARTESIAN_POINT('Ctrl Pts',(75.4441080152988,28.7395304889777,45.));
#15001=CARTESIAN_POINT('Ctrl Pts',(75.4402972201298,28.5989489496103,45.));
#15002=CARTESIAN_POINT('Ctrl Pts',(75.4325008865282,28.3113395320169,45.));
#15003=CARTESIAN_POINT('Ctrl Pts',(75.3844898323028,28.0276370555076,45.));
#15004=CARTESIAN_POINT('Ctrl Pts',(75.359946256876,27.8826064319709,45.));
#15005=CARTESIAN_POINT('',(75.4441080152988,28.7395304889777,44.6));
#15006=CARTESIAN_POINT('',(75.4441080152988,28.7395304889777,45.));
#15007=CARTESIAN_POINT('Ctrl Pts',(75.4441080152988,28.7395304889777,44.6));
#15008=CARTESIAN_POINT('Ctrl Pts',(75.4402972201298,28.5989489496103,44.6));
#15009=CARTESIAN_POINT('Ctrl Pts',(75.4325008865282,28.3113395320169,44.6));
#15010=CARTESIAN_POINT('Ctrl Pts',(75.3844898323028,28.0276370555076,44.6));
#15011=CARTESIAN_POINT('Ctrl Pts',(75.359946256876,27.8826064319709,44.6));
#15012=CARTESIAN_POINT('Ctrl Pts',(73.6805269777774,32.3738074750999,45.));
#15013=CARTESIAN_POINT('Ctrl Pts',(73.6805269777774,32.3738074750999,44.6));
#15014=CARTESIAN_POINT('Ctrl Pts',(74.1944863000536,31.8331427227046,45.));
#15015=CARTESIAN_POINT('Ctrl Pts',(74.1944863000536,31.8331427227046,44.6));
#15016=CARTESIAN_POINT('Ctrl Pts',(75.1716265079176,30.8052301124214,45.));
#15017=CARTESIAN_POINT('Ctrl Pts',(75.1716265079176,30.8052301124214,44.6));
#15018=CARTESIAN_POINT('Ctrl Pts',(75.3564829527562,29.4038216566174,45.));
#15019=CARTESIAN_POINT('Ctrl Pts',(75.3564829527562,29.4038216566174,44.6));
#15020=CARTESIAN_POINT('Ctrl Pts',(75.4441080152988,28.7395304889777,45.));
#15021=CARTESIAN_POINT('Ctrl Pts',(75.4441080152988,28.7395304889777,44.6));
#15022=CARTESIAN_POINT('',(73.6805269777774,32.3738074750999,45.));
#15023=CARTESIAN_POINT('Ctrl Pts',(73.6805269777774,32.3738074750999,45.));
#15024=CARTESIAN_POINT('Ctrl Pts',(74.1944863000536,31.8331427227046,45.));
#15025=CARTESIAN_POINT('Ctrl Pts',(75.1716265079176,30.8052301124214,45.));
#15026=CARTESIAN_POINT('Ctrl Pts',(75.3564829527562,29.4038216566174,45.));
#15027=CARTESIAN_POINT('Ctrl Pts',(75.4441080152988,28.7395304889777,45.));
#15028=CARTESIAN_POINT('',(73.6805269777774,32.3738074750999,44.6));
#15029=CARTESIAN_POINT('',(73.6805269777774,32.3738074750999,45.));
#15030=CARTESIAN_POINT('Ctrl Pts',(73.6805269777774,32.3738074750999,44.6));
#15031=CARTESIAN_POINT('Ctrl Pts',(74.1944863000536,31.8331427227046,44.6));
#15032=CARTESIAN_POINT('Ctrl Pts',(75.1716265079176,30.8052301124214,44.6));
#15033=CARTESIAN_POINT('Ctrl Pts',(75.3564829527562,29.4038216566174,44.6));
#15034=CARTESIAN_POINT('Ctrl Pts',(75.4441080152988,28.7395304889777,44.6));
#15035=CARTESIAN_POINT('Origin',(73.2788441240787,31.9644731731513,45.));
#15036=CARTESIAN_POINT('',(73.6445428878292,32.3371379428941,45.));
#15037=CARTESIAN_POINT('',(73.2788441240787,31.9644731731513,44.6));
#15038=CARTESIAN_POINT('Origin',(76.8499997168779,28.7223154754737,44.6));
#15039=CARTESIAN_POINT('Ctrl Pts',(69.757420784235,31.9759506435493,45.));
#15040=CARTESIAN_POINT('Ctrl Pts',(69.757420784235,31.9759506435493,44.6));
#15041=CARTESIAN_POINT('Ctrl Pts',(69.7821381910323,31.9988620283851,45.));
#15042=CARTESIAN_POINT('Ctrl Pts',(69.7821381910323,31.9988620283851,44.6));
#15043=CARTESIAN_POINT('Ctrl Pts',(69.8318580424599,32.0449490090858,45.));
#15044=CARTESIAN_POINT('Ctrl Pts',(69.8318580424599,32.0449490090858,44.6));
#15045=CARTESIAN_POINT('Ctrl Pts',(69.8930571877967,32.0741300990393,45.));
#15046=CARTESIAN_POINT('Ctrl Pts',(69.8930571877967,32.0741300990393,44.6));
#15047=CARTESIAN_POINT('Ctrl Pts',(69.9238321840763,32.0888042898276,45.));
#15048=CARTESIAN_POINT('Ctrl Pts',(69.9238321840763,32.0888042898276,44.6));
#15049=CARTESIAN_POINT('',(69.757420784235,31.9759506435493,45.));
#15050=CARTESIAN_POINT('',(69.9238321840763,32.0888042898276,45.));
#15051=CARTESIAN_POINT('Ctrl Pts',(69.757420784235,31.9759506435493,45.));
#15052=CARTESIAN_POINT('Ctrl Pts',(69.7821381910323,31.9988620283851,45.));
#15053=CARTESIAN_POINT('Ctrl Pts',(69.8318580424599,32.0449490090858,45.));
#15054=CARTESIAN_POINT('Ctrl Pts',(69.8930571877967,32.0741300990393,45.));
#15055=CARTESIAN_POINT('Ctrl Pts',(69.9238321840763,32.0888042898276,45.));
#15056=CARTESIAN_POINT('',(69.757420784235,31.9759506435493,44.6));
#15057=CARTESIAN_POINT('',(69.757420784235,31.9759506435493,45.));
#15058=CARTESIAN_POINT('',(69.9238321840763,32.0888042898276,44.6));
#15059=CARTESIAN_POINT('Ctrl Pts',(69.757420784235,31.9759506435493,44.6));
#15060=CARTESIAN_POINT('Ctrl Pts',(69.7821381910323,31.9988620283851,44.6));
#15061=CARTESIAN_POINT('Ctrl Pts',(69.8318580424599,32.0449490090858,44.6));
#15062=CARTESIAN_POINT('Ctrl Pts',(69.8930571877967,32.0741300990393,44.6));
#15063=CARTESIAN_POINT('Ctrl Pts',(69.9238321840763,32.0888042898276,44.6));
#15064=CARTESIAN_POINT('',(69.9238321840763,32.0888042898276,45.));
#15065=CARTESIAN_POINT('Ctrl Pts',(69.6464798510074,31.8095386476615,45.));
#15066=CARTESIAN_POINT('Ctrl Pts',(69.6464798510074,31.8095386476615,44.6));
#15067=CARTESIAN_POINT('Ctrl Pts',(69.6611289175622,31.8398879453645,45.));
#15068=CARTESIAN_POINT('Ctrl Pts',(69.6611289175622,31.8398879453645,44.6));
#15069=CARTESIAN_POINT('Ctrl Pts',(69.6903886570564,31.9005069985513,45.));
#15070=CARTESIAN_POINT('Ctrl Pts',(69.6903886570564,31.9005069985513,44.6));
#15071=CARTESIAN_POINT('Ctrl Pts',(69.7350962964468,31.950824770295,45.));
#15072=CARTESIAN_POINT('Ctrl Pts',(69.7350962964468,31.950824770295,44.6));
#15073=CARTESIAN_POINT('Ctrl Pts',(69.757420784235,31.9759506435493,45.));
#15074=CARTESIAN_POINT('Ctrl Pts',(69.757420784235,31.9759506435493,44.6));
#15075=CARTESIAN_POINT('',(69.6464798510074,31.8095386476615,45.));
#15076=CARTESIAN_POINT('Ctrl Pts',(69.6464798510074,31.8095386476615,45.));
#15077=CARTESIAN_POINT('Ctrl Pts',(69.6611289175622,31.8398879453645,45.));
#15078=CARTESIAN_POINT('Ctrl Pts',(69.6903886570564,31.9005069985513,45.));
#15079=CARTESIAN_POINT('Ctrl Pts',(69.7350962964468,31.950824770295,45.));
#15080=CARTESIAN_POINT('Ctrl Pts',(69.757420784235,31.9759506435493,45.));
#15081=CARTESIAN_POINT('',(69.6464798510074,31.8095386476615,44.6));
#15082=CARTESIAN_POINT('',(69.6464798510074,31.8095386476615,45.));
#15083=CARTESIAN_POINT('Ctrl Pts',(69.6464798510074,31.8095386476615,44.6));
#15084=CARTESIAN_POINT('Ctrl Pts',(69.6611289175622,31.8398879453645,44.6));
#15085=CARTESIAN_POINT('Ctrl Pts',(69.6903886570564,31.9005069985513,44.6));
#15086=CARTESIAN_POINT('Ctrl Pts',(69.7350962964468,31.950824770295,44.6));
#15087=CARTESIAN_POINT('Ctrl Pts',(69.757420784235,31.9759506435493,44.6));
#15088=CARTESIAN_POINT('Ctrl Pts',(69.6063116848468,31.6048714966872,45.));
#15089=CARTESIAN_POINT('Ctrl Pts',(69.6063116848468,31.6048714966872,44.6));
#15090=CARTESIAN_POINT('Ctrl Pts',(69.6078350732584,31.6407795138483,45.));
#15091=CARTESIAN_POINT('Ctrl Pts',(69.6078350732584,31.6407795138483,44.6));
#15092=CARTESIAN_POINT('Ctrl Pts',(69.6108170670631,31.7110685379083,45.));
#15093=CARTESIAN_POINT('Ctrl Pts',(69.6108170670631,31.7110685379083,44.6));
#15094=CARTESIAN_POINT('Ctrl Pts',(69.6347656821131,31.7771941313587,45.));
#15095=CARTESIAN_POINT('Ctrl Pts',(69.6347656821131,31.7771941313587,44.6));
#15096=CARTESIAN_POINT('Ctrl Pts',(69.6464798510074,31.8095386476615,45.));
#15097=CARTESIAN_POINT('Ctrl Pts',(69.6464798510074,31.8095386476615,44.6));
#15098=CARTESIAN_POINT('',(69.6063116848468,31.6048714966872,45.));
#15099=CARTESIAN_POINT('Ctrl Pts',(69.6063116848468,31.6048714966872,45.));
#15100=CARTESIAN_POINT('Ctrl Pts',(69.6078350732584,31.6407795138483,45.));
#15101=CARTESIAN_POINT('Ctrl Pts',(69.6108170670631,31.7110685379083,45.));
#15102=CARTESIAN_POINT('Ctrl Pts',(69.6347656821131,31.7771941313587,45.));
#15103=CARTESIAN_POINT('Ctrl Pts',(69.6464798510074,31.8095386476615,45.));
#15104=CARTESIAN_POINT('',(69.6063116848468,31.6048714966872,44.6));
#15105=CARTESIAN_POINT('',(69.6063116848468,31.6048714966872,45.));
#15106=CARTESIAN_POINT('Ctrl Pts',(69.6063116848468,31.6048714966872,44.6));
#15107=CARTESIAN_POINT('Ctrl Pts',(69.6078350732584,31.6407795138483,44.6));
#15108=CARTESIAN_POINT('Ctrl Pts',(69.6108170670631,31.7110685379083,44.6));
#15109=CARTESIAN_POINT('Ctrl Pts',(69.6347656821131,31.7771941313587,44.6));
#15110=CARTESIAN_POINT('Ctrl Pts',(69.6464798510074,31.8095386476615,44.6));
#15111=CARTESIAN_POINT('Ctrl Pts',(69.6464798510074,31.4021170587638,45.));
#15112=CARTESIAN_POINT('Ctrl Pts',(69.6464798510074,31.4021170587638,44.6));
#15113=CARTESIAN_POINT('Ctrl Pts',(69.6347643627456,31.4346200801483,45.));
#15114=CARTESIAN_POINT('Ctrl Pts',(69.6347643627456,31.4346200801483,44.6));
#15115=CARTESIAN_POINT('Ctrl Pts',(69.6111380783734,31.5001679778565,45.));
#15116=CARTESIAN_POINT('Ctrl Pts',(69.6111380783734,31.5001679778565,44.6));
#15117=CARTESIAN_POINT('Ctrl Pts',(69.6079293244634,31.5697785107723,45.));
#15118=CARTESIAN_POINT('Ctrl Pts',(69.6079293244634,31.5697785107723,44.6));
#15119=CARTESIAN_POINT('Ctrl Pts',(69.6063116848468,31.6048714966872,45.));
#15120=CARTESIAN_POINT('Ctrl Pts',(69.6063116848468,31.6048714966872,44.6));
#15121=CARTESIAN_POINT('',(69.6464798510074,31.4021170587638,45.));
#15122=CARTESIAN_POINT('Ctrl Pts',(69.6464798510074,31.4021170587638,45.));
#15123=CARTESIAN_POINT('Ctrl Pts',(69.6347643627456,31.4346200801483,45.));
#15124=CARTESIAN_POINT('Ctrl Pts',(69.6111380783734,31.5001679778565,45.));
#15125=CARTESIAN_POINT('Ctrl Pts',(69.6079293244634,31.5697785107723,45.));
#15126=CARTESIAN_POINT('Ctrl Pts',(69.6063116848468,31.6048714966872,45.));
#15127=CARTESIAN_POINT('',(69.6464798510074,31.4021170587638,44.6));
#15128=CARTESIAN_POINT('',(69.6464798510074,31.4021170587638,45.));
#15129=CARTESIAN_POINT('Ctrl Pts',(69.6464798510074,31.4021170587638,44.6));
#15130=CARTESIAN_POINT('Ctrl Pts',(69.6347643627456,31.4346200801483,44.6));
#15131=CARTESIAN_POINT('Ctrl Pts',(69.6111380783734,31.5001679778565,44.6));
#15132=CARTESIAN_POINT('Ctrl Pts',(69.6079293244634,31.5697785107723,44.6));
#15133=CARTESIAN_POINT('Ctrl Pts',(69.6063116848468,31.6048714966872,44.6));
#15134=CARTESIAN_POINT('Ctrl Pts',(69.757420784235,31.2337926478484,45.));
#15135=CARTESIAN_POINT('Ctrl Pts',(69.757420784235,31.2337926478484,44.6));
#15136=CARTESIAN_POINT('Ctrl Pts',(69.7350673444465,31.2590676150438,45.));
#15137=CARTESIAN_POINT('Ctrl Pts',(69.7350673444465,31.2590676150438,44.6));
#15138=CARTESIAN_POINT('Ctrl Pts',(69.6901037282551,31.3099078407529,45.));
#15139=CARTESIAN_POINT('Ctrl Pts',(69.6901037282551,31.3099078407529,44.6));
#15140=CARTESIAN_POINT('Ctrl Pts',(69.6610763909097,31.3712638743389,45.));
#15141=CARTESIAN_POINT('Ctrl Pts',(69.6610763909097,31.3712638743389,44.6));
#15142=CARTESIAN_POINT('Ctrl Pts',(69.6464798510074,31.4021170587638,45.));
#15143=CARTESIAN_POINT('Ctrl Pts',(69.6464798510074,31.4021170587638,44.6));
#15144=CARTESIAN_POINT('',(69.757420784235,31.2337926478484,45.));
#15145=CARTESIAN_POINT('Ctrl Pts',(69.757420784235,31.2337926478484,45.));
#15146=CARTESIAN_POINT('Ctrl Pts',(69.7350673444465,31.2590676150438,45.));
#15147=CARTESIAN_POINT('Ctrl Pts',(69.6901037282551,31.3099078407529,45.));
#15148=CARTESIAN_POINT('Ctrl Pts',(69.6610763909097,31.3712638743389,45.));
#15149=CARTESIAN_POINT('Ctrl Pts',(69.6464798510074,31.4021170587638,45.));
#15150=CARTESIAN_POINT('',(69.757420784235,31.2337926478484,44.6));
#15151=CARTESIAN_POINT('',(69.757420784235,31.2337926478484,45.));
#15152=CARTESIAN_POINT('Ctrl Pts',(69.757420784235,31.2337926478484,44.6));
#15153=CARTESIAN_POINT('Ctrl Pts',(69.7350673444465,31.2590676150438,44.6));
#15154=CARTESIAN_POINT('Ctrl Pts',(69.6901037282551,31.3099078407529,44.6));
#15155=CARTESIAN_POINT('Ctrl Pts',(69.6610763909097,31.3712638743389,44.6));
#15156=CARTESIAN_POINT('Ctrl Pts',(69.6464798510074,31.4021170587638,44.6));
#15157=CARTESIAN_POINT('Ctrl Pts',(69.9238321840763,31.1209387035468,45.));
#15158=CARTESIAN_POINT('Ctrl Pts',(69.9238321840763,31.1209387035468,44.6));
#15159=CARTESIAN_POINT('Ctrl Pts',(69.8930571762741,31.1356128808502,45.));
#15160=CARTESIAN_POINT('Ctrl Pts',(69.8930571762741,31.1356128808502,44.6));
#15161=CARTESIAN_POINT('Ctrl Pts',(69.8318579500396,31.1647939716355,45.));
#15162=CARTESIAN_POINT('Ctrl Pts',(69.8318579500396,31.1647939716355,44.6));
#15163=CARTESIAN_POINT('Ctrl Pts',(69.7821381761662,31.2108811451836,45.));
#15164=CARTESIAN_POINT('Ctrl Pts',(69.7821381761662,31.2108811451836,44.6));
#15165=CARTESIAN_POINT('Ctrl Pts',(69.757420784235,31.2337926478484,45.));
#15166=CARTESIAN_POINT('Ctrl Pts',(69.757420784235,31.2337926478484,44.6));
#15167=CARTESIAN_POINT('',(69.9238321840763,31.1209387035468,45.));
#15168=CARTESIAN_POINT('Ctrl Pts',(69.9238321840763,31.1209387035468,45.));
#15169=CARTESIAN_POINT('Ctrl Pts',(69.8930571762741,31.1356128808502,45.));
#15170=CARTESIAN_POINT('Ctrl Pts',(69.8318579500396,31.1647939716355,45.));
#15171=CARTESIAN_POINT('Ctrl Pts',(69.7821381761662,31.2108811451836,45.));
#15172=CARTESIAN_POINT('Ctrl Pts',(69.757420784235,31.2337926478484,45.));
#15173=CARTESIAN_POINT('',(69.9238321840763,31.1209387035468,44.6));
#15174=CARTESIAN_POINT('',(69.9238321840763,31.1209387035468,45.));
#15175=CARTESIAN_POINT('Ctrl Pts',(69.9238321840763,31.1209387035468,44.6));
#15176=CARTESIAN_POINT('Ctrl Pts',(69.8930571762741,31.1356128808502,44.6));
#15177=CARTESIAN_POINT('Ctrl Pts',(69.8318579500396,31.1647939716355,44.6));
#15178=CARTESIAN_POINT('Ctrl Pts',(69.7821381761662,31.2108811451836,44.6));
#15179=CARTESIAN_POINT('Ctrl Pts',(69.757420784235,31.2337926478484,44.6));
#15180=CARTESIAN_POINT('Ctrl Pts',(70.1304123461246,31.0807705373862,45.));
#15181=CARTESIAN_POINT('Ctrl Pts',(70.1304123461246,31.0807705373862,44.6));
#15182=CARTESIAN_POINT('Ctrl Pts',(70.0943553981147,31.082325436668,45.));
#15183=CARTESIAN_POINT('Ctrl Pts',(70.0943553981147,31.082325436668,44.6));
#15184=CARTESIAN_POINT('Ctrl Pts',(70.0234675905669,31.0853823620908,45.));
#15185=CARTESIAN_POINT('Ctrl Pts',(70.0234675905669,31.0853823620908,44.6));
#15186=CARTESIAN_POINT('Ctrl Pts',(69.9566588072653,31.1092240464378,45.));
#15187=CARTESIAN_POINT('Ctrl Pts',(69.9566588072653,31.1092240464378,44.6));
#15188=CARTESIAN_POINT('Ctrl Pts',(69.9238321840763,31.1209387035468,45.));
#15189=CARTESIAN_POINT('Ctrl Pts',(69.9238321840763,31.1209387035468,44.6));
#15190=CARTESIAN_POINT('',(70.1304123461246,31.0807705373862,45.));
#15191=CARTESIAN_POINT('Ctrl Pts',(70.1304123461246,31.0807705373862,45.));
#15192=CARTESIAN_POINT('Ctrl Pts',(70.0943553981147,31.082325436668,45.));
#15193=CARTESIAN_POINT('Ctrl Pts',(70.0234675905669,31.0853823620908,45.));
#15194=CARTESIAN_POINT('Ctrl Pts',(69.9566588072653,31.1092240464378,45.));
#15195=CARTESIAN_POINT('Ctrl Pts',(69.9238321840763,31.1209387035468,45.));
#15196=CARTESIAN_POINT('',(70.1304123461246,31.0807705373862,44.6));
#15197=CARTESIAN_POINT('',(70.1304123461246,31.0807705373862,45.));
#15198=CARTESIAN_POINT('Ctrl Pts',(70.1304123461246,31.0807705373862,44.6));
#15199=CARTESIAN_POINT('Ctrl Pts',(70.0943553981147,31.082325436668,44.6));
#15200=CARTESIAN_POINT('Ctrl Pts',(70.0234675905669,31.0853823620908,44.6));
#15201=CARTESIAN_POINT('Ctrl Pts',(69.9566588072653,31.1092240464378,44.6));
#15202=CARTESIAN_POINT('Ctrl Pts',(69.9238321840763,31.1209387035468,44.6));
#15203=CARTESIAN_POINT('Ctrl Pts',(70.336992508173,31.1209387035468,45.));
#15204=CARTESIAN_POINT('Ctrl Pts',(70.336992508173,31.1209387035468,44.6));
#15205=CARTESIAN_POINT('Ctrl Pts',(70.3041658944006,31.1092238990536,45.));
#15206=CARTESIAN_POINT('Ctrl Pts',(70.3041658944006,31.1092238990536,44.6));
#15207=CARTESIAN_POINT('Ctrl Pts',(70.2373571672986,31.0853819279668,45.));
#15208=CARTESIAN_POINT('Ctrl Pts',(70.2373571672986,31.0853819279668,44.6));
#15209=CARTESIAN_POINT('Ctrl Pts',(70.1664693034592,31.0823252897491,45.));
#15210=CARTESIAN_POINT('Ctrl Pts',(70.1664693034592,31.0823252897491,44.6));
#15211=CARTESIAN_POINT('Ctrl Pts',(70.1304123461246,31.0807705373862,45.));
#15212=CARTESIAN_POINT('Ctrl Pts',(70.1304123461246,31.0807705373862,44.6));
#15213=CARTESIAN_POINT('',(70.336992508173,31.1209387035468,45.));
#15214=CARTESIAN_POINT('Ctrl Pts',(70.336992508173,31.1209387035468,45.));
#15215=CARTESIAN_POINT('Ctrl Pts',(70.3041658944006,31.1092238990536,45.));
#15216=CARTESIAN_POINT('Ctrl Pts',(70.2373571672986,31.0853819279668,45.));
#15217=CARTESIAN_POINT('Ctrl Pts',(70.1664693034592,31.0823252897491,45.));
#15218=CARTESIAN_POINT('Ctrl Pts',(70.1304123461246,31.0807705373862,45.));
#15219=CARTESIAN_POINT('',(70.336992508173,31.1209387035468,44.6));
#15220=CARTESIAN_POINT('',(70.336992508173,31.1209387035468,45.));
#15221=CARTESIAN_POINT('Ctrl Pts',(70.336992508173,31.1209387035468,44.6));
#15222=CARTESIAN_POINT('Ctrl Pts',(70.3041658944006,31.1092238990536,44.6));
#15223=CARTESIAN_POINT('Ctrl Pts',(70.2373571672986,31.0853819279668,44.6));
#15224=CARTESIAN_POINT('Ctrl Pts',(70.1664693034592,31.0823252897491,44.6));
#15225=CARTESIAN_POINT('Ctrl Pts',(70.1304123461246,31.0807705373862,44.6));
#15226=CARTESIAN_POINT('Ctrl Pts',(70.5034039080143,31.2337926478484,45.));
#15227=CARTESIAN_POINT('Ctrl Pts',(70.5034039080143,31.2337926478484,44.6));
#15228=CARTESIAN_POINT('Ctrl Pts',(70.478686516083,31.2108811451836,45.));
#15229=CARTESIAN_POINT('Ctrl Pts',(70.478686516083,31.2108811451836,44.6));
#15230=CARTESIAN_POINT('Ctrl Pts',(70.4289667422097,31.1647939716355,45.));
#15231=CARTESIAN_POINT('Ctrl Pts',(70.4289667422097,31.1647939716355,44.6));
#15232=CARTESIAN_POINT('Ctrl Pts',(70.3677675159752,31.1356128808502,45.));
#15233=CARTESIAN_POINT('Ctrl Pts',(70.3677675159752,31.1356128808502,44.6));
#15234=CARTESIAN_POINT('Ctrl Pts',(70.336992508173,31.1209387035468,45.));
#15235=CARTESIAN_POINT('Ctrl Pts',(70.336992508173,31.1209387035468,44.6));
#15236=CARTESIAN_POINT('',(70.5034039080143,31.2337926478484,45.));
#15237=CARTESIAN_POINT('Ctrl Pts',(70.5034039080143,31.2337926478484,45.));
#15238=CARTESIAN_POINT('Ctrl Pts',(70.478686516083,31.2108811451836,45.));
#15239=CARTESIAN_POINT('Ctrl Pts',(70.4289667422097,31.1647939716355,45.));
#15240=CARTESIAN_POINT('Ctrl Pts',(70.3677675159752,31.1356128808502,45.));
#15241=CARTESIAN_POINT('Ctrl Pts',(70.336992508173,31.1209387035468,45.));
#15242=CARTESIAN_POINT('',(70.5034039080143,31.2337926478484,44.6));
#15243=CARTESIAN_POINT('',(70.5034039080143,31.2337926478484,45.));
#15244=CARTESIAN_POINT('Ctrl Pts',(70.5034039080143,31.2337926478484,44.6));
#15245=CARTESIAN_POINT('Ctrl Pts',(70.478686516083,31.2108811451836,44.6));
#15246=CARTESIAN_POINT('Ctrl Pts',(70.4289667422097,31.1647939716355,44.6));
#15247=CARTESIAN_POINT('Ctrl Pts',(70.3677675159752,31.1356128808502,44.6));
#15248=CARTESIAN_POINT('Ctrl Pts',(70.336992508173,31.1209387035468,44.6));
#15249=CARTESIAN_POINT('Ctrl Pts',(70.6143448412418,31.4021170587638,45.));
#15250=CARTESIAN_POINT('Ctrl Pts',(70.6143448412418,31.4021170587638,44.6));
#15251=CARTESIAN_POINT('Ctrl Pts',(70.5997482006338,31.3712637751662,45.));
#15252=CARTESIAN_POINT('Ctrl Pts',(70.5997482006338,31.3712637751662,44.6));
#15253=CARTESIAN_POINT('Ctrl Pts',(70.5707207802092,31.3099077920661,45.));
#15254=CARTESIAN_POINT('Ctrl Pts',(70.5707207802092,31.3099077920661,44.6));
#15255=CARTESIAN_POINT('Ctrl Pts',(70.5257572258045,31.2590675299377,45.));
#15256=CARTESIAN_POINT('Ctrl Pts',(70.5257572258045,31.2590675299377,44.6));
#15257=CARTESIAN_POINT('Ctrl Pts',(70.5034039080143,31.2337926478484,45.));
#15258=CARTESIAN_POINT('Ctrl Pts',(70.5034039080143,31.2337926478484,44.6));
#15259=CARTESIAN_POINT('',(70.6143448412418,31.4021170587638,45.));
#15260=CARTESIAN_POINT('Ctrl Pts',(70.6143448412418,31.4021170587638,45.));
#15261=CARTESIAN_POINT('Ctrl Pts',(70.5997482006338,31.3712637751662,45.));
#15262=CARTESIAN_POINT('Ctrl Pts',(70.5707207802092,31.3099077920661,45.));
#15263=CARTESIAN_POINT('Ctrl Pts',(70.5257572258045,31.2590675299377,45.));
#15264=CARTESIAN_POINT('Ctrl Pts',(70.5034039080143,31.2337926478484,45.));
#15265=CARTESIAN_POINT('',(70.6143448412418,31.4021170587638,44.6));
#15266=CARTESIAN_POINT('',(70.6143448412418,31.4021170587638,45.));
#15267=CARTESIAN_POINT('Ctrl Pts',(70.6143448412418,31.4021170587638,44.6));
#15268=CARTESIAN_POINT('Ctrl Pts',(70.5997482006338,31.3712637751662,44.6));
#15269=CARTESIAN_POINT('Ctrl Pts',(70.5707207802092,31.3099077920661,44.6));
#15270=CARTESIAN_POINT('Ctrl Pts',(70.5257572258045,31.2590675299377,44.6));
#15271=CARTESIAN_POINT('Ctrl Pts',(70.5034039080143,31.2337926478484,44.6));
#15272=CARTESIAN_POINT('Ctrl Pts',(70.6545136034488,31.6048714966872,45.));
#15273=CARTESIAN_POINT('Ctrl Pts',(70.6545136034488,31.6048714966872,44.6));
#15274=CARTESIAN_POINT('Ctrl Pts',(70.6528959359419,31.5697785014339,45.));
#15275=CARTESIAN_POINT('Ctrl Pts',(70.6528959359419,31.5697785014339,44.6));
#15276=CARTESIAN_POINT('Ctrl Pts',(70.6496871249061,31.5001679108957,45.));
#15277=CARTESIAN_POINT('Ctrl Pts',(70.6496871249061,31.5001679108957,44.6));
#15278=CARTESIAN_POINT('Ctrl Pts',(70.6260605033781,31.4346200703593,45.));
#15279=CARTESIAN_POINT('Ctrl Pts',(70.6260605033781,31.4346200703593,44.6));
#15280=CARTESIAN_POINT('Ctrl Pts',(70.6143448412418,31.4021170587638,45.));
#15281=CARTESIAN_POINT('Ctrl Pts',(70.6143448412418,31.4021170587638,44.6));
#15282=CARTESIAN_POINT('',(70.6545136034488,31.6048714966872,45.));
#15283=CARTESIAN_POINT('Ctrl Pts',(70.6545136034488,31.6048714966872,45.));
#15284=CARTESIAN_POINT('Ctrl Pts',(70.6528959359419,31.5697785014339,45.));
#15285=CARTESIAN_POINT('Ctrl Pts',(70.6496871249061,31.5001679108957,45.));
#15286=CARTESIAN_POINT('Ctrl Pts',(70.6260605033781,31.4346200703593,45.));
#15287=CARTESIAN_POINT('Ctrl Pts',(70.6143448412418,31.4021170587638,45.));
#15288=CARTESIAN_POINT('',(70.6545136034488,31.6048714966872,44.6));
#15289=CARTESIAN_POINT('',(70.6545136034488,31.6048714966872,45.));
#15290=CARTESIAN_POINT('Ctrl Pts',(70.6545136034488,31.6048714966872,44.6));
#15291=CARTESIAN_POINT('Ctrl Pts',(70.6528959359419,31.5697785014339,44.6));
#15292=CARTESIAN_POINT('Ctrl Pts',(70.6496871249061,31.5001679108957,44.6));
#15293=CARTESIAN_POINT('Ctrl Pts',(70.6260605033781,31.4346200703593,44.6));
#15294=CARTESIAN_POINT('Ctrl Pts',(70.6143448412418,31.4021170587638,44.6));
#15295=CARTESIAN_POINT('Ctrl Pts',(70.6143448412418,31.8095386476615,45.));
#15296=CARTESIAN_POINT('Ctrl Pts',(70.6143448412418,31.8095386476615,44.6));
#15297=CARTESIAN_POINT('Ctrl Pts',(70.626059184041,31.7771941411266,45.));
#15298=CARTESIAN_POINT('Ctrl Pts',(70.626059184041,31.7771941411266,44.6));
#15299=CARTESIAN_POINT('Ctrl Pts',(70.6500081405541,31.7110686064962,45.));
#15300=CARTESIAN_POINT('Ctrl Pts',(70.6500081405541,31.7110686064962,44.6));
#15301=CARTESIAN_POINT('Ctrl Pts',(70.652990188325,31.64077952367,45.));
#15302=CARTESIAN_POINT('Ctrl Pts',(70.652990188325,31.64077952367,44.6));
#15303=CARTESIAN_POINT('Ctrl Pts',(70.6545136034488,31.6048714966872,45.));
#15304=CARTESIAN_POINT('Ctrl Pts',(70.6545136034488,31.6048714966872,44.6));
#15305=CARTESIAN_POINT('',(70.6143448412418,31.8095386476615,45.));
#15306=CARTESIAN_POINT('Ctrl Pts',(70.6143448412418,31.8095386476615,45.));
#15307=CARTESIAN_POINT('Ctrl Pts',(70.626059184041,31.7771941411266,45.));
#15308=CARTESIAN_POINT('Ctrl Pts',(70.6500081405541,31.7110686064962,45.));
#15309=CARTESIAN_POINT('Ctrl Pts',(70.652990188325,31.64077952367,45.));
#15310=CARTESIAN_POINT('Ctrl Pts',(70.6545136034488,31.6048714966872,45.));
#15311=CARTESIAN_POINT('',(70.6143448412418,31.8095386476615,44.6));
#15312=CARTESIAN_POINT('',(70.6143448412418,31.8095386476615,45.));
#15313=CARTESIAN_POINT('Ctrl Pts',(70.6143448412418,31.8095386476615,44.6));
#15314=CARTESIAN_POINT('Ctrl Pts',(70.626059184041,31.7771941411266,44.6));
#15315=CARTESIAN_POINT('Ctrl Pts',(70.6500081405541,31.7110686064962,44.6));
#15316=CARTESIAN_POINT('Ctrl Pts',(70.652990188325,31.64077952367,44.6));
#15317=CARTESIAN_POINT('Ctrl Pts',(70.6545136034488,31.6048714966872,44.6));
#15318=CARTESIAN_POINT('Ctrl Pts',(70.5034039080143,31.9759506435493,45.));
#15319=CARTESIAN_POINT('Ctrl Pts',(70.5034039080143,31.9759506435493,44.6));
#15320=CARTESIAN_POINT('Ctrl Pts',(70.5257282578293,31.9508247448098,45.));
#15321=CARTESIAN_POINT('Ctrl Pts',(70.5257282578293,31.9508247448098,44.6));
#15322=CARTESIAN_POINT('Ctrl Pts',(70.5704356943087,31.9005068394198,45.));
#15323=CARTESIAN_POINT('Ctrl Pts',(70.5704356943087,31.9005068394198,44.6));
#15324=CARTESIAN_POINT('Ctrl Pts',(70.5996956449752,31.8398879253898,45.));
#15325=CARTESIAN_POINT('Ctrl Pts',(70.5996956449752,31.8398879253898,44.6));
#15326=CARTESIAN_POINT('Ctrl Pts',(70.6143448412418,31.8095386476615,45.));
#15327=CARTESIAN_POINT('Ctrl Pts',(70.6143448412418,31.8095386476615,44.6));
#15328=CARTESIAN_POINT('',(70.5034039080143,31.9759506435493,45.));
#15329=CARTESIAN_POINT('Ctrl Pts',(70.5034039080143,31.9759506435493,45.));
#15330=CARTESIAN_POINT('Ctrl Pts',(70.5257282578293,31.9508247448098,45.));
#15331=CARTESIAN_POINT('Ctrl Pts',(70.5704356943087,31.9005068394198,45.));
#15332=CARTESIAN_POINT('Ctrl Pts',(70.5996956449752,31.8398879253898,45.));
#15333=CARTESIAN_POINT('Ctrl Pts',(70.6143448412418,31.8095386476615,45.));
#15334=CARTESIAN_POINT('',(70.5034039080143,31.9759506435493,44.6));
#15335=CARTESIAN_POINT('',(70.5034039080143,31.9759506435493,45.));
#15336=CARTESIAN_POINT('Ctrl Pts',(70.5034039080143,31.9759506435493,44.6));
#15337=CARTESIAN_POINT('Ctrl Pts',(70.5257282578293,31.9508247448098,44.6));
#15338=CARTESIAN_POINT('Ctrl Pts',(70.5704356943087,31.9005068394198,44.6));
#15339=CARTESIAN_POINT('Ctrl Pts',(70.5996956449752,31.8398879253898,44.6));
#15340=CARTESIAN_POINT('Ctrl Pts',(70.6143448412418,31.8095386476615,44.6));
#15341=CARTESIAN_POINT('Ctrl Pts',(70.336992508173,32.0888042898276,45.));
#15342=CARTESIAN_POINT('Ctrl Pts',(70.336992508173,32.0888042898276,44.6));
#15343=CARTESIAN_POINT('Ctrl Pts',(70.3677675044525,32.0741300990393,45.));
#15344=CARTESIAN_POINT('Ctrl Pts',(70.3677675044525,32.0741300990393,44.6));
#15345=CARTESIAN_POINT('Ctrl Pts',(70.4289666497893,32.0449490090858,45.));
#15346=CARTESIAN_POINT('Ctrl Pts',(70.4289666497893,32.0449490090858,44.6));
#15347=CARTESIAN_POINT('Ctrl Pts',(70.478686501217,31.9988620283851,45.));
#15348=CARTESIAN_POINT('Ctrl Pts',(70.478686501217,31.9988620283851,44.6));
#15349=CARTESIAN_POINT('Ctrl Pts',(70.5034039080143,31.9759506435493,45.));
#15350=CARTESIAN_POINT('Ctrl Pts',(70.5034039080143,31.9759506435493,44.6));
#15351=CARTESIAN_POINT('',(70.336992508173,32.0888042898276,45.));
#15352=CARTESIAN_POINT('Ctrl Pts',(70.336992508173,32.0888042898276,45.));
#15353=CARTESIAN_POINT('Ctrl Pts',(70.3677675044525,32.0741300990393,45.));
#15354=CARTESIAN_POINT('Ctrl Pts',(70.4289666497893,32.0449490090858,45.));
#15355=CARTESIAN_POINT('Ctrl Pts',(70.478686501217,31.9988620283851,45.));
#15356=CARTESIAN_POINT('Ctrl Pts',(70.5034039080143,31.9759506435493,45.));
#15357=CARTESIAN_POINT('',(70.336992508173,32.0888042898276,44.6));
#15358=CARTESIAN_POINT('',(70.336992508173,32.0888042898276,45.));
#15359=CARTESIAN_POINT('Ctrl Pts',(70.336992508173,32.0888042898276,44.6));
#15360=CARTESIAN_POINT('Ctrl Pts',(70.3677675044525,32.0741300990393,44.6));
#15361=CARTESIAN_POINT('Ctrl Pts',(70.4289666497893,32.0449490090858,44.6));
#15362=CARTESIAN_POINT('Ctrl Pts',(70.478686501217,31.9988620283851,44.6));
#15363=CARTESIAN_POINT('Ctrl Pts',(70.5034039080143,31.9759506435493,44.6));
#15364=CARTESIAN_POINT('Ctrl Pts',(70.1304123461246,32.1289724559882,45.));
#15365=CARTESIAN_POINT('Ctrl Pts',(70.1304123461246,32.1289724559882,44.6));
#15366=CARTESIAN_POINT('Ctrl Pts',(70.1664692941346,32.1274175567065,45.));
#15367=CARTESIAN_POINT('Ctrl Pts',(70.1664692941346,32.1274175567065,44.6));
#15368=CARTESIAN_POINT('Ctrl Pts',(70.2373571016824,32.1243606312837,45.));
#15369=CARTESIAN_POINT('Ctrl Pts',(70.2373571016824,32.1243606312837,44.6));
#15370=CARTESIAN_POINT('Ctrl Pts',(70.3041658849839,32.1005189469367,45.));
#15371=CARTESIAN_POINT('Ctrl Pts',(70.3041658849839,32.1005189469367,44.6));
#15372=CARTESIAN_POINT('Ctrl Pts',(70.336992508173,32.0888042898276,45.));
#15373=CARTESIAN_POINT('Ctrl Pts',(70.336992508173,32.0888042898276,44.6));
#15374=CARTESIAN_POINT('',(70.1304123461246,32.1289724559882,45.));
#15375=CARTESIAN_POINT('Ctrl Pts',(70.1304123461246,32.1289724559882,45.));
#15376=CARTESIAN_POINT('Ctrl Pts',(70.1664692941346,32.1274175567065,45.));
#15377=CARTESIAN_POINT('Ctrl Pts',(70.2373571016824,32.1243606312837,45.));
#15378=CARTESIAN_POINT('Ctrl Pts',(70.3041658849839,32.1005189469367,45.));
#15379=CARTESIAN_POINT('Ctrl Pts',(70.336992508173,32.0888042898276,45.));
#15380=CARTESIAN_POINT('',(70.1304123461246,32.1289724559882,44.6));
#15381=CARTESIAN_POINT('',(70.1304123461246,32.1289724559882,45.));
#15382=CARTESIAN_POINT('Ctrl Pts',(70.1304123461246,32.1289724559882,44.6));
#15383=CARTESIAN_POINT('Ctrl Pts',(70.1664692941346,32.1274175567065,44.6));
#15384=CARTESIAN_POINT('Ctrl Pts',(70.2373571016824,32.1243606312837,44.6));
#15385=CARTESIAN_POINT('Ctrl Pts',(70.3041658849839,32.1005189469367,44.6));
#15386=CARTESIAN_POINT('Ctrl Pts',(70.336992508173,32.0888042898276,44.6));
#15387=CARTESIAN_POINT('Ctrl Pts',(69.9238321840763,32.0888042898276,45.));
#15388=CARTESIAN_POINT('Ctrl Pts',(69.9238321840763,32.0888042898276,44.6));
#15389=CARTESIAN_POINT('Ctrl Pts',(69.9566588072653,32.1005189469367,45.));
#15390=CARTESIAN_POINT('Ctrl Pts',(69.9566588072653,32.1005189469367,44.6));
#15391=CARTESIAN_POINT('Ctrl Pts',(70.0234675905669,32.1243606312837,45.));
#15392=CARTESIAN_POINT('Ctrl Pts',(70.0234675905669,32.1243606312837,44.6));
#15393=CARTESIAN_POINT('Ctrl Pts',(70.0943553981147,32.1274175567065,45.));
#15394=CARTESIAN_POINT('Ctrl Pts',(70.0943553981147,32.1274175567065,44.6));
#15395=CARTESIAN_POINT('Ctrl Pts',(70.1304123461246,32.1289724559882,45.));
#15396=CARTESIAN_POINT('Ctrl Pts',(70.1304123461246,32.1289724559882,44.6));
#15397=CARTESIAN_POINT('Ctrl Pts',(69.9238321840763,32.0888042898276,45.));
#15398=CARTESIAN_POINT('Ctrl Pts',(69.9566588072653,32.1005189469367,45.));
#15399=CARTESIAN_POINT('Ctrl Pts',(70.0234675905669,32.1243606312837,45.));
#15400=CARTESIAN_POINT('Ctrl Pts',(70.0943553981147,32.1274175567065,45.));
#15401=CARTESIAN_POINT('Ctrl Pts',(70.1304123461246,32.1289724559882,45.));
#15402=CARTESIAN_POINT('Ctrl Pts',(69.9238321840763,32.0888042898276,44.6));
#15403=CARTESIAN_POINT('Ctrl Pts',(69.9566588072653,32.1005189469367,44.6));
#15404=CARTESIAN_POINT('Ctrl Pts',(70.0234675905669,32.1243606312837,44.6));
#15405=CARTESIAN_POINT('Ctrl Pts',(70.0943553981147,32.1274175567065,44.6));
#15406=CARTESIAN_POINT('Ctrl Pts',(70.1304123461246,32.1289724559882,44.6));
#15407=CARTESIAN_POINT('Origin',(76.8499997168779,28.7223154754737,44.6));
#15408=CARTESIAN_POINT('Ctrl Pts',(65.8725703418255,27.0256817789176,45.));
#15409=CARTESIAN_POINT('Ctrl Pts',(65.8725703418255,27.0256817789176,44.6));
#15410=CARTESIAN_POINT('Ctrl Pts',(66.0165757459701,26.7526507622916,45.));
#15411=CARTESIAN_POINT('Ctrl Pts',(66.0165757459701,26.7526507622916,44.6));
#15412=CARTESIAN_POINT('Ctrl Pts',(66.3151000170855,26.1866554393082,45.));
#15413=CARTESIAN_POINT('Ctrl Pts',(66.3151000170855,26.1866554393082,44.6));
#15414=CARTESIAN_POINT('Ctrl Pts',(66.7545288299994,25.7211220679419,45.));
#15415=CARTESIAN_POINT('Ctrl Pts',(66.7545288299994,25.7211220679419,44.6));
#15416=CARTESIAN_POINT('Ctrl Pts',(66.981981164217,25.4801577777961,45.));
#15417=CARTESIAN_POINT('Ctrl Pts',(66.981981164217,25.4801577777961,44.6));
#15418=CARTESIAN_POINT('',(65.8725703418255,27.0256817789176,45.));
#15419=CARTESIAN_POINT('',(66.981981164217,25.4801577777961,45.));
#15420=CARTESIAN_POINT('Ctrl Pts',(65.8725703418255,27.0256817789176,45.));
#15421=CARTESIAN_POINT('Ctrl Pts',(66.0165757459701,26.7526507622916,45.));
#15422=CARTESIAN_POINT('Ctrl Pts',(66.3151000170855,26.1866554393082,45.));
#15423=CARTESIAN_POINT('Ctrl Pts',(66.7545288299994,25.7211220679419,45.));
#15424=CARTESIAN_POINT('Ctrl Pts',(66.981981164217,25.4801577777961,45.));
#15425=CARTESIAN_POINT('',(65.8725703418255,27.0256817789176,44.6));
#15426=CARTESIAN_POINT('',(65.8725703418255,27.0256817789176,45.));
#15427=CARTESIAN_POINT('',(66.981981164217,25.4801577777961,44.6));
#15428=CARTESIAN_POINT('Ctrl Pts',(65.8725703418255,27.0256817789176,44.6));
#15429=CARTESIAN_POINT('Ctrl Pts',(66.0165757459701,26.7526507622916,44.6));
#15430=CARTESIAN_POINT('Ctrl Pts',(66.3151000170855,26.1866554393082,44.6));
#15431=CARTESIAN_POINT('Ctrl Pts',(66.7545288299994,25.7211220679419,44.6));
#15432=CARTESIAN_POINT('Ctrl Pts',(66.981981164217,25.4801577777961,44.6));
#15433=CARTESIAN_POINT('',(66.981981164217,25.4801577777961,45.));
#15434=CARTESIAN_POINT('Ctrl Pts',(65.4976657688617,28.7318796367743,45.));
#15435=CARTESIAN_POINT('Ctrl Pts',(65.4976657688617,28.7318796367743,44.6));
#15436=CARTESIAN_POINT('Ctrl Pts',(65.5135189006935,28.4384002302313,45.));
#15437=CARTESIAN_POINT('Ctrl Pts',(65.5135189006935,28.4384002302313,44.6));
#15438=CARTESIAN_POINT('Ctrl Pts',(65.5453440288086,27.8492409517065,45.));
#15439=CARTESIAN_POINT('Ctrl Pts',(65.5453440288086,27.8492409517065,44.6));
#15440=CARTESIAN_POINT('Ctrl Pts',(65.7632236495069,27.3008841935488,45.));
#15441=CARTESIAN_POINT('Ctrl Pts',(65.7632236495069,27.3008841935488,44.6));
#15442=CARTESIAN_POINT('Ctrl Pts',(65.8725703418255,27.0256817789176,45.));
#15443=CARTESIAN_POINT('Ctrl Pts',(65.8725703418255,27.0256817789176,44.6));
#15444=CARTESIAN_POINT('',(65.4976657688617,28.7318796367743,45.));
#15445=CARTESIAN_POINT('Ctrl Pts',(65.4976657688617,28.7318796367743,45.));
#15446=CARTESIAN_POINT('Ctrl Pts',(65.5135189006935,28.4384002302313,45.));
#15447=CARTESIAN_POINT('Ctrl Pts',(65.5453440288086,27.8492409517065,45.));
#15448=CARTESIAN_POINT('Ctrl Pts',(65.7632236495069,27.3008841935488,45.));
#15449=CARTESIAN_POINT('Ctrl Pts',(65.8725703418255,27.0256817789176,45.));
#15450=CARTESIAN_POINT('',(65.4976657688617,28.7318796367743,44.6));
#15451=CARTESIAN_POINT('',(65.4976657688617,28.7318796367743,45.));
#15452=CARTESIAN_POINT('Ctrl Pts',(65.4976657688617,28.7318796367743,44.6));
#15453=CARTESIAN_POINT('Ctrl Pts',(65.5135189006935,28.4384002302313,44.6));
#15454=CARTESIAN_POINT('Ctrl Pts',(65.5453440288086,27.8492409517065,44.6));
#15455=CARTESIAN_POINT('Ctrl Pts',(65.7632236495069,27.3008841935488,44.6));
#15456=CARTESIAN_POINT('Ctrl Pts',(65.8725703418255,27.0256817789176,44.6));
#15457=CARTESIAN_POINT('Ctrl Pts',(66.981981164217,31.9797754736045,45.));
#15458=CARTESIAN_POINT('Ctrl Pts',(66.981981164217,31.9797754736045,44.6));
#15459=CARTESIAN_POINT('Ctrl Pts',(66.5493069126643,31.4923899615359,45.));
#15460=CARTESIAN_POINT('Ctrl Pts',(66.5493069126643,31.4923899615359,44.6));
#15461=CARTESIAN_POINT('Ctrl Pts',(65.7204686074153,30.5587458161397,45.));
#15462=CARTESIAN_POINT('Ctrl Pts',(65.7204686074153,30.5587458161397,44.6));
#15463=CARTESIAN_POINT('Ctrl Pts',(65.5697198959839,29.322685610243,45.));
#15464=CARTESIAN_POINT('Ctrl Pts',(65.5697198959839,29.322685610243,44.6));
#15465=CARTESIAN_POINT('Ctrl Pts',(65.4976657688617,28.7318796367743,45.));
#15466=CARTESIAN_POINT('Ctrl Pts',(65.4976657688617,28.7318796367743,44.6));
#15467=CARTESIAN_POINT('',(66.981981164217,31.9797754736045,45.));
#15468=CARTESIAN_POINT('Ctrl Pts',(66.981981164217,31.9797754736045,45.));
#15469=CARTESIAN_POINT('Ctrl Pts',(66.5493069126643,31.4923899615359,45.));
#15470=CARTESIAN_POINT('Ctrl Pts',(65.7204686074153,30.5587458161397,45.));
#15471=CARTESIAN_POINT('Ctrl Pts',(65.5697198959839,29.322685610243,45.));
#15472=CARTESIAN_POINT('Ctrl Pts',(65.4976657688617,28.7318796367743,45.));
#15473=CARTESIAN_POINT('',(66.981981164217,31.9797754736045,44.6));
#15474=CARTESIAN_POINT('',(66.981981164217,31.9797754736045,45.));
#15475=CARTESIAN_POINT('Ctrl Pts',(66.981981164217,31.9797754736045,44.6));
#15476=CARTESIAN_POINT('Ctrl Pts',(66.5493069126643,31.4923899615359,44.6));
#15477=CARTESIAN_POINT('Ctrl Pts',(65.7204686074153,30.5587458161397,44.6));
#15478=CARTESIAN_POINT('Ctrl Pts',(65.5697198959839,29.322685610243,44.6));
#15479=CARTESIAN_POINT('Ctrl Pts',(65.4976657688617,28.7318796367743,44.6));
#15480=CARTESIAN_POINT('Origin',(66.595600014925,32.3738074750999,45.));
#15481=CARTESIAN_POINT('',(66.595600014925,32.3738074750999,45.));
#15482=CARTESIAN_POINT('',(72.3940547746571,26.4605357258331,45.));
#15483=CARTESIAN_POINT('',(66.595600014925,32.3738074750999,44.6));
#15484=CARTESIAN_POINT('',(66.595600014925,32.3738074750999,45.));
#15485=CARTESIAN_POINT('',(66.595600014925,32.3738074750999,44.6));
#15486=CARTESIAN_POINT('Ctrl Pts',(65.7635418236255,31.4556742162803,45.));
#15487=CARTESIAN_POINT('Ctrl Pts',(65.7635418236255,31.4556742162803,44.6));
#15488=CARTESIAN_POINT('Ctrl Pts',(65.8866666173218,31.6122942890366,45.));
#15489=CARTESIAN_POINT('Ctrl Pts',(65.8866666173218,31.6122942890366,44.6));
#15490=CARTESIAN_POINT('Ctrl Pts',(66.1425217632821,31.93775312127,45.));
#15491=CARTESIAN_POINT('Ctrl Pts',(66.1425217632821,31.93775312127,44.6));
#15492=CARTESIAN_POINT('Ctrl Pts',(66.4408406731108,32.2248630387928,45.));
#15493=CARTESIAN_POINT('Ctrl Pts',(66.4408406731108,32.2248630387928,44.6));
#15494=CARTESIAN_POINT('Ctrl Pts',(66.595600014925,32.3738074750999,45.));
#15495=CARTESIAN_POINT('Ctrl Pts',(66.595600014925,32.3738074750999,44.6));
#15496=CARTESIAN_POINT('',(65.7635418236255,31.4556742162803,45.));
#15497=CARTESIAN_POINT('Ctrl Pts',(65.7635418236255,31.4556742162803,45.));
#15498=CARTESIAN_POINT('Ctrl Pts',(65.8866666173218,31.6122942890366,45.));
#15499=CARTESIAN_POINT('Ctrl Pts',(66.1425217632821,31.93775312127,45.));
#15500=CARTESIAN_POINT('Ctrl Pts',(66.4408406731108,32.2248630387928,45.));
#15501=CARTESIAN_POINT('Ctrl Pts',(66.595600014925,32.3738074750999,45.));
#15502=CARTESIAN_POINT('',(65.7635418236255,31.4556742162803,44.6));
#15503=CARTESIAN_POINT('',(65.7635418236255,31.4556742162803,45.));
#15504=CARTESIAN_POINT('Ctrl Pts',(65.7635418236255,31.4556742162803,44.6));
#15505=CARTESIAN_POINT('Ctrl Pts',(65.8866666173218,31.6122942890366,44.6));
#15506=CARTESIAN_POINT('Ctrl Pts',(66.1425217632821,31.93775312127,44.6));
#15507=CARTESIAN_POINT('Ctrl Pts',(66.4408406731108,32.2248630387928,44.6));
#15508=CARTESIAN_POINT('Ctrl Pts',(66.595600014925,32.3738074750999,44.6));
#15509=CARTESIAN_POINT('Ctrl Pts',(65.2126619875431,30.5298901052573,45.));
#15510=CARTESIAN_POINT('Ctrl Pts',(65.2126619875431,30.5298901052573,44.6));
#15511=CARTESIAN_POINT('Ctrl Pts',(65.2894465475063,30.6864819360247,45.));
#15512=CARTESIAN_POINT('Ctrl Pts',(65.2894465475063,30.6864819360247,44.6));
#15513=CARTESIAN_POINT('Ctrl Pts',(65.4480411365744,31.0099143691057,45.));
#15514=CARTESIAN_POINT('Ctrl Pts',(65.4480411365744,31.0099143691057,44.6));
#15515=CARTESIAN_POINT('Ctrl Pts',(65.6561764968426,31.3039815144167,45.));
#15516=CARTESIAN_POINT('Ctrl Pts',(65.6561764968426,31.3039815144167,44.6));
#15517=CARTESIAN_POINT('Ctrl Pts',(65.7635418236255,31.4556742162803,45.));
#15518=CARTESIAN_POINT('Ctrl Pts',(65.7635418236255,31.4556742162803,44.6));
#15519=CARTESIAN_POINT('',(65.2126619875431,30.5298901052573,45.));
#15520=CARTESIAN_POINT('Ctrl Pts',(65.2126619875431,30.5298901052573,45.));
#15521=CARTESIAN_POINT('Ctrl Pts',(65.2894465475063,30.6864819360247,45.));
#15522=CARTESIAN_POINT('Ctrl Pts',(65.4480411365744,31.0099143691057,45.));
#15523=CARTESIAN_POINT('Ctrl Pts',(65.6561764968426,31.3039815144167,45.));
#15524=CARTESIAN_POINT('Ctrl Pts',(65.7635418236255,31.4556742162803,45.));
#15525=CARTESIAN_POINT('',(65.2126619875431,30.5298901052573,44.6));
#15526=CARTESIAN_POINT('',(65.2126619875431,30.5298901052573,45.));
#15527=CARTESIAN_POINT('Ctrl Pts',(65.2126619875431,30.5298901052573,44.6));
#15528=CARTESIAN_POINT('Ctrl Pts',(65.2894465475063,30.6864819360247,44.6));
#15529=CARTESIAN_POINT('Ctrl Pts',(65.4480411365744,31.0099143691057,44.6));
#15530=CARTESIAN_POINT('Ctrl Pts',(65.6561764968426,31.3039815144167,44.6));
#15531=CARTESIAN_POINT('Ctrl Pts',(65.7635418236255,31.4556742162803,44.6));
#15532=CARTESIAN_POINT('Ctrl Pts',(64.9104431927204,29.6060187072852,45.));
#15533=CARTESIAN_POINT('Ctrl Pts',(64.9104431927204,29.6060187072852,44.6));
#15534=CARTESIAN_POINT('Ctrl Pts',(64.9471135664219,29.7611858358061,45.));
#15535=CARTESIAN_POINT('Ctrl Pts',(64.9471135664219,29.7611858358061,44.6));
#15536=CARTESIAN_POINT('Ctrl Pts',(65.0218922368747,30.0776045247239,45.));
#15537=CARTESIAN_POINT('Ctrl Pts',(65.0218922368747,30.0776045247239,44.6));
#15538=CARTESIAN_POINT('Ctrl Pts',(65.1482620798328,30.3772078820905,45.));
#15539=CARTESIAN_POINT('Ctrl Pts',(65.1482620798328,30.3772078820905,44.6));
#15540=CARTESIAN_POINT('Ctrl Pts',(65.2126619875431,30.5298901052573,45.));
#15541=CARTESIAN_POINT('Ctrl Pts',(65.2126619875431,30.5298901052573,44.6));
#15542=CARTESIAN_POINT('',(64.9104431927204,29.6060187072852,45.));
#15543=CARTESIAN_POINT('Ctrl Pts',(64.9104431927204,29.6060187072852,45.));
#15544=CARTESIAN_POINT('Ctrl Pts',(64.9471135664219,29.7611858358061,45.));
#15545=CARTESIAN_POINT('Ctrl Pts',(65.0218922368747,30.0776045247239,45.));
#15546=CARTESIAN_POINT('Ctrl Pts',(65.1482620798328,30.3772078820905,45.));
#15547=CARTESIAN_POINT('Ctrl Pts',(65.2126619875431,30.5298901052573,45.));
#15548=CARTESIAN_POINT('',(64.9104431927204,29.6060187072852,44.6));
#15549=CARTESIAN_POINT('',(64.9104431927204,29.6060187072852,45.));
#15550=CARTESIAN_POINT('Ctrl Pts',(64.9104431927204,29.6060187072852,44.6));
#15551=CARTESIAN_POINT('Ctrl Pts',(64.9471135664219,29.7611858358061,44.6));
#15552=CARTESIAN_POINT('Ctrl Pts',(65.0218922368747,30.0776045247239,44.6));
#15553=CARTESIAN_POINT('Ctrl Pts',(65.1482620798328,30.3772078820905,44.6));
#15554=CARTESIAN_POINT('Ctrl Pts',(65.2126619875431,30.5298901052573,44.6));
#15555=CARTESIAN_POINT('Ctrl Pts',(64.8167171239853,28.6821473093131,45.));
#15556=CARTESIAN_POINT('Ctrl Pts',(64.8167171239853,28.6821473093131,44.6));
#15557=CARTESIAN_POINT('Ctrl Pts',(64.8206853694825,28.836674318665,45.));
#15558=CARTESIAN_POINT('Ctrl Pts',(64.8206853694825,28.836674318665,44.6));
#15559=CARTESIAN_POINT('Ctrl Pts',(64.828654200804,29.1469876984716,45.));
#15560=CARTESIAN_POINT('Ctrl Pts',(64.828654200804,29.1469876984716,44.6));
#15561=CARTESIAN_POINT('Ctrl Pts',(64.8831065331606,29.4525949503552,45.));
#15562=CARTESIAN_POINT('Ctrl Pts',(64.8831065331606,29.4525949503552,44.6));
#15563=CARTESIAN_POINT('Ctrl Pts',(64.9104431927204,29.6060187072852,45.));
#15564=CARTESIAN_POINT('Ctrl Pts',(64.9104431927204,29.6060187072852,44.6));
#15565=CARTESIAN_POINT('',(64.8167171239853,28.6821473093131,45.));
#15566=CARTESIAN_POINT('Ctrl Pts',(64.8167171239853,28.6821473093131,45.));
#15567=CARTESIAN_POINT('Ctrl Pts',(64.8206853694825,28.836674318665,45.));
#15568=CARTESIAN_POINT('Ctrl Pts',(64.828654200804,29.1469876984716,45.));
#15569=CARTESIAN_POINT('Ctrl Pts',(64.8831065331606,29.4525949503552,45.));
#15570=CARTESIAN_POINT('Ctrl Pts',(64.9104431927204,29.6060187072852,45.));
#15571=CARTESIAN_POINT('',(64.8167171239853,28.6821473093131,44.6));
#15572=CARTESIAN_POINT('',(64.8167171239853,28.6821473093131,45.));
#15573=CARTESIAN_POINT('Ctrl Pts',(64.8167171239853,28.6821473093131,44.6));
#15574=CARTESIAN_POINT('Ctrl Pts',(64.8206853694825,28.836674318665,44.6));
#15575=CARTESIAN_POINT('Ctrl Pts',(64.828654200804,29.1469876984716,44.6));
#15576=CARTESIAN_POINT('Ctrl Pts',(64.8831065331606,29.4525949503552,44.6));
#15577=CARTESIAN_POINT('Ctrl Pts',(64.9104431927204,29.6060187072852,44.6));
#15578=CARTESIAN_POINT('Ctrl Pts',(66.5802977144718,25.0708234758475,45.));
#15579=CARTESIAN_POINT('Ctrl Pts',(66.5802977144718,25.0708234758475,44.6));
#15580=CARTESIAN_POINT('Ctrl Pts',(66.0663941226562,25.6094407798884,45.));
#15581=CARTESIAN_POINT('Ctrl Pts',(66.0663941226562,25.6094407798884,44.6));
#15582=CARTESIAN_POINT('Ctrl Pts',(65.0923606482945,26.6303156917622,45.));
#15583=CARTESIAN_POINT('Ctrl Pts',(65.0923606482945,26.6303156917622,44.6));
#15584=CARTESIAN_POINT('Ctrl Pts',(64.9051532298543,28.0238477950766,45.));
#15585=CARTESIAN_POINT('Ctrl Pts',(64.9051532298543,28.0238477950766,44.6));
#15586=CARTESIAN_POINT('Ctrl Pts',(64.8167171239853,28.6821473093131,45.));
#15587=CARTESIAN_POINT('Ctrl Pts',(64.8167171239853,28.6821473093131,44.6));
#15588=CARTESIAN_POINT('',(66.5802977144718,25.0708234758475,45.));
#15589=CARTESIAN_POINT('Ctrl Pts',(66.5802977144718,25.0708234758475,45.));
#15590=CARTESIAN_POINT('Ctrl Pts',(66.0663941226562,25.6094407798884,45.));
#15591=CARTESIAN_POINT('Ctrl Pts',(65.0923606482945,26.6303156917622,45.));
#15592=CARTESIAN_POINT('Ctrl Pts',(64.9051532298543,28.0238477950766,45.));
#15593=CARTESIAN_POINT('Ctrl Pts',(64.8167171239853,28.6821473093131,45.));
#15594=CARTESIAN_POINT('',(66.5802977144718,25.0708234758475,44.6));
#15595=CARTESIAN_POINT('',(66.5802977144718,25.0708234758475,45.));
#15596=CARTESIAN_POINT('Ctrl Pts',(66.5802977144718,25.0708234758475,44.6));
#15597=CARTESIAN_POINT('Ctrl Pts',(66.0663941226562,25.6094407798884,44.6));
#15598=CARTESIAN_POINT('Ctrl Pts',(65.0923606482945,26.6303156917622,44.6));
#15599=CARTESIAN_POINT('Ctrl Pts',(64.9051532298543,28.0238477950766,44.6));
#15600=CARTESIAN_POINT('Ctrl Pts',(64.8167171239853,28.6821473093131,44.6));
#15601=CARTESIAN_POINT('Origin',(66.981981164217,25.4801577777961,45.));
#15602=CARTESIAN_POINT('',(70.5129907680882,29.0784224120278,45.));
#15603=CARTESIAN_POINT('',(66.981981164217,25.4801577777961,44.6));
#15604=CARTESIAN_POINT('Origin',(76.8499997168779,28.7223154754737,44.6));
#15605=CARTESIAN_POINT('Origin',(82.3,24.575,45.));
#15606=CARTESIAN_POINT('Origin',(82.3,24.575,45.));
#15607=CARTESIAN_POINT('Origin',(82.3,24.575,45.));
#15608=CARTESIAN_POINT('Origin',(78.51200661613,4.01978174567997,45.));
#15609=CARTESIAN_POINT('',(78.51200661613,4.01978174567997,43.));
#15610=CARTESIAN_POINT('',(78.51200661613,4.01978174567997,45.));
#15611=CARTESIAN_POINT('',(80.406003308065,4.01978174567997,43.));
#15612=CARTESIAN_POINT('Origin',(78.51200661613,6.61772086309997,45.));
#15613=CARTESIAN_POINT('',(78.51200661613,15.59636043155,43.));
#15614=CARTESIAN_POINT('Origin',(61.95130970911,4.01978174567997,45.));
#15615=CARTESIAN_POINT('',(61.95130970911,4.01978174567997,43.));
#15616=CARTESIAN_POINT('',(61.95130970911,4.01978174567997,45.));
#15617=CARTESIAN_POINT('',(61.95130970911,14.29739087284,43.));
#15618=CARTESIAN_POINT('Origin',(64.22450661613,4.01978174567997,45.));
#15619=CARTESIAN_POINT('',(73.262253308065,4.01978174567997,43.));
#15620=CARTESIAN_POINT('Origin',(81.00130970911,4.01978174567997,45.));
#15621=CARTESIAN_POINT('',(81.00130970911,4.01978174567997,43.));
#15622=CARTESIAN_POINT('',(81.0013097091099,4.01978174567996,45.));
#15623=CARTESIAN_POINT('',(81.00130970911,14.29739087284,43.));
#15624=CARTESIAN_POINT('Origin',(83.27450661613,4.01978174567997,45.));
#15625=CARTESIAN_POINT('',(82.787253308065,4.01978174567997,43.));
#15626=CARTESIAN_POINT('Origin',(73.74950661613,4.01978174567997,45.));
#15627=CARTESIAN_POINT('',(73.74950661613,4.01978174567997,43.));
#15628=CARTESIAN_POINT('',(73.74950661613,4.01978174567997,45.));
#15629=CARTESIAN_POINT('',(78.024753308065,4.01978174567997,43.));
#15630=CARTESIAN_POINT('Origin',(73.74950661613,6.61772086309997,45.));
#15631=CARTESIAN_POINT('',(73.74950661613,15.59636043155,43.));
#15632=CARTESIAN_POINT('Origin',(66.71380970911,4.01978174567997,45.));
#15633=CARTESIAN_POINT('',(66.71380970911,4.01978174567997,43.));
#15634=CARTESIAN_POINT('',(66.7138097091099,4.01978174567996,45.));
#15635=CARTESIAN_POINT('',(66.71380970911,14.29739087284,43.));
#15636=CARTESIAN_POINT('Origin',(68.98700661613,4.01978174567997,45.));
#15637=CARTESIAN_POINT('',(75.643503308065,4.01978174567997,43.));
#15638=CARTESIAN_POINT('Origin',(85.76380970911,4.01978174567997,45.));
#15639=CARTESIAN_POINT('',(85.76380970911,4.01978174567997,43.));
#15640=CARTESIAN_POINT('',(85.7638097091099,4.01978174567996,45.));
#15641=CARTESIAN_POINT('',(85.76380970911,14.29739087284,43.));
#15642=CARTESIAN_POINT('Origin',(88.03700661613,4.01978174567997,45.));
#15643=CARTESIAN_POINT('',(85.168503308065,4.01978174567997,43.));
#15644=CARTESIAN_POINT('Origin',(95.4750000596047,47.2750000596047,44.));
#15645=CARTESIAN_POINT('',(96.4750000596047,46.2750000596047,44.));
#15646=CARTESIAN_POINT('',(94.4750000596047,45.2750000596048,45.));
#15647=CARTESIAN_POINT('',(96.4750000596047,46.2750000596047,44.));
#15648=CARTESIAN_POINT('',(95.4750000596047,47.2750000596047,44.));
#15649=CARTESIAN_POINT('',(95.4750000596047,47.2750000596047,44.));
#15650=CARTESIAN_POINT('',(94.4750000596047,45.2750000596048,45.));
#15651=CARTESIAN_POINT('Origin',(95.9750000596047,46.7750000596047,43.));
#15652=CARTESIAN_POINT('',(96.4750000596047,46.2750000596047,43.));
#15653=CARTESIAN_POINT('',(95.4750000596047,47.2750000596047,43.));
#15654=CARTESIAN_POINT('',(98.1062500596047,44.6437500596047,43.));
#15655=CARTESIAN_POINT('',(95.4750000596047,47.2750000596047,43.));
#15656=CARTESIAN_POINT('',(96.4750000596047,46.2750000596047,43.));
#15657=CARTESIAN_POINT('Origin',(94.4750000596047,57.7749999999999,44.));
#15658=CARTESIAN_POINT('',(95.4750000596047,56.7749999999999,44.));
#15659=CARTESIAN_POINT('',(94.4750000596047,56.7749999999999,45.));
#15660=CARTESIAN_POINT('',(95.4750000596047,56.7749999999999,44.));
#15661=CARTESIAN_POINT('',(94.4750000596047,57.7749999999999,44.));
#15662=CARTESIAN_POINT('',(94.4750000596047,57.7749999999999,44.));
#15663=CARTESIAN_POINT('',(94.4750000596047,56.7749999999999,45.));
#15664=CARTESIAN_POINT('Origin',(94.9750000596047,57.2749999999999,43.));
#15665=CARTESIAN_POINT('',(95.4750000596047,56.7749999999999,43.));
#15666=CARTESIAN_POINT('',(94.4750000596047,57.7749999999999,43.));
#15667=CARTESIAN_POINT('',(99.9812500447035,52.2687500149011,43.));
#15668=CARTESIAN_POINT('',(94.4750000596047,57.7749999999999,43.));
#15669=CARTESIAN_POINT('',(95.4750000596047,56.7749999999999,43.));
#15670=CARTESIAN_POINT('Origin',(105.975,46.2750000596048,44.));
#15671=CARTESIAN_POINT('',(106.975,45.2750000596048,44.));
#15672=CARTESIAN_POINT('',(105.975,45.2750000596048,45.));
#15673=CARTESIAN_POINT('',(106.975,45.2750000596048,44.));
#15674=CARTESIAN_POINT('',(105.975,46.2750000596048,44.));
#15675=CARTESIAN_POINT('',(105.975,46.2750000596048,44.));
#15676=CARTESIAN_POINT('',(105.975,45.2750000596048,45.));
#15677=CARTESIAN_POINT('Origin',(106.475,45.7750000596048,43.));
#15678=CARTESIAN_POINT('',(106.975,45.2750000596048,43.));
#15679=CARTESIAN_POINT('',(105.975,46.2750000596048,43.));
#15680=CARTESIAN_POINT('',(105.731250014901,46.5187500447035,43.));
#15681=CARTESIAN_POINT('',(105.975,46.2750000596048,43.));
#15682=CARTESIAN_POINT('',(106.975,45.2750000596048,43.));
#15683=CARTESIAN_POINT('Origin',(94.6375,45.7750000596047,44.5));
#15684=CARTESIAN_POINT('',(94.6375,45.2750000596048,45.));
#15685=CARTESIAN_POINT('',(94.6375,46.2750000596047,44.));
#15686=CARTESIAN_POINT('Origin',(57.625,56.7749999999999,44.));
#15687=CARTESIAN_POINT('',(58.625,57.7749999999999,44.));
#15688=CARTESIAN_POINT('',(58.625,56.7749999999999,45.));
#15689=CARTESIAN_POINT('',(58.625,57.7749999999999,44.));
#15690=CARTESIAN_POINT('',(57.625,56.7749999999999,44.));
#15691=CARTESIAN_POINT('',(57.625,56.7749999999999,44.));
#15692=CARTESIAN_POINT('',(58.625,56.7749999999999,45.));
#15693=CARTESIAN_POINT('Origin',(58.125,57.2749999999999,43.));
#15694=CARTESIAN_POINT('',(58.625,57.7749999999999,43.));
#15695=CARTESIAN_POINT('',(57.625,56.7749999999999,43.));
#15696=CARTESIAN_POINT('',(55.99375,55.14375,43.));
#15697=CARTESIAN_POINT('',(57.625,56.7749999999999,43.));
#15698=CARTESIAN_POINT('',(58.625,57.7749999999999,43.));
#15699=CARTESIAN_POINT('Origin',(106.975,-7.625,44.));
#15700=CARTESIAN_POINT('',(105.975,-8.625,44.));
#15701=CARTESIAN_POINT('',(105.975,-7.625,45.));
#15702=CARTESIAN_POINT('',(105.975,-8.625,44.));
#15703=CARTESIAN_POINT('',(106.975,-7.625,44.));
#15704=CARTESIAN_POINT('',(106.975,-7.625,44.));
#15705=CARTESIAN_POINT('',(105.975,-7.625,45.));
#15706=CARTESIAN_POINT('Origin',(106.475,-8.125,43.));
#15707=CARTESIAN_POINT('',(105.975,-8.625,43.));
#15708=CARTESIAN_POINT('',(106.975,-7.625,43.));
#15709=CARTESIAN_POINT('',(108.60625,-5.99374999999999,43.));
#15710=CARTESIAN_POINT('',(106.975,-7.625,43.));
#15711=CARTESIAN_POINT('',(105.975,-8.625,43.));
#15712=CARTESIAN_POINT('Origin',(106.475,7.97499999999999,44.5));
#15713=CARTESIAN_POINT('',(105.975,7.97499999999999,45.));
#15714=CARTESIAN_POINT('',(106.975,7.97499999999999,44.));
#15715=CARTESIAN_POINT('Origin',(58.625,-8.62500000000001,44.));
#15716=CARTESIAN_POINT('',(57.625,-7.62500000000001,44.));
#15717=CARTESIAN_POINT('',(58.625,-7.62500000000001,45.));
#15718=CARTESIAN_POINT('',(57.625,-7.62500000000001,44.));
#15719=CARTESIAN_POINT('',(58.625,-8.62500000000001,44.));
#15720=CARTESIAN_POINT('',(58.625,-8.62500000000001,44.));
#15721=CARTESIAN_POINT('',(58.625,-7.62500000000001,45.));
#15722=CARTESIAN_POINT('Origin',(58.125,-8.12500000000001,43.));
#15723=CARTESIAN_POINT('',(57.625,-7.62500000000001,43.));
#15724=CARTESIAN_POINT('',(58.625,-8.62500000000001,43.));
#15725=CARTESIAN_POINT('',(55.99375,-5.99374999999998,43.));
#15726=CARTESIAN_POINT('',(58.625,-8.62500000000001,43.));
#15727=CARTESIAN_POINT('',(57.625,-7.62500000000001,43.));
#15728=CARTESIAN_POINT('Origin',(69.9625,-8.125,44.5));
#15729=CARTESIAN_POINT('',(69.9625,-7.625,45.));
#15730=CARTESIAN_POINT('',(69.9625,-8.62500000000001,44.));
#15731=CARTESIAN_POINT('Origin',(58.125,41.175,44.5));
#15732=CARTESIAN_POINT('',(58.625,41.175,45.));
#15733=CARTESIAN_POINT('',(57.625,41.175,44.));
#15734=CARTESIAN_POINT('Origin',(88.8875000298023,57.2749999999999,44.5));
#15735=CARTESIAN_POINT('',(88.8875000298023,56.7749999999999,45.));
#15736=CARTESIAN_POINT('',(88.8875000298023,57.7749999999999,44.));
#15737=CARTESIAN_POINT('Origin',(94.9750000596047,35.4250000298024,44.5));
#15738=CARTESIAN_POINT('',(94.4750000596047,35.4250000298024,45.));
#15739=CARTESIAN_POINT('',(95.4750000596047,35.4250000298024,44.));
#15740=CARTESIAN_POINT('Origin',(106.975,46.2750000596048,43.));
#15741=CARTESIAN_POINT('',(95.4750000596047,46.2750000596047,43.));
#15742=CARTESIAN_POINT('Origin',(106.975,-8.625,43.));
#15743=CARTESIAN_POINT('',(106.975,-20.1250000000001,43.));
#15744=CARTESIAN_POINT('Origin',(57.625,-8.62500000000001,43.));
#15745=CARTESIAN_POINT('',(106.975,-8.625,43.));
#15746=CARTESIAN_POINT('Origin',(82.3,24.575,43.));
#15747=CARTESIAN_POINT('',(57.625,-8.62500000000001,43.));
#15748=CARTESIAN_POINT('',(103.975,57.7749999999999,43.));
#15749=CARTESIAN_POINT('',(95.4750000596047,57.7749999999999,43.));
#15750=CARTESIAN_POINT('',(85.8137499999999,48.3875,43.));
#15751=CARTESIAN_POINT('',(81.2737499999999,48.3875,43.));
#15752=CARTESIAN_POINT('',(84.056875,48.3875,43.));
#15753=CARTESIAN_POINT('',(81.2737499999999,28.6074999999999,43.));
#15754=CARTESIAN_POINT('',(81.2737499999999,36.48125,43.));
#15755=CARTESIAN_POINT('',(85.8137499999999,28.6074999999999,43.));
#15756=CARTESIAN_POINT('',(81.786875,28.6074999999999,43.));
#15757=CARTESIAN_POINT('',(85.8137499999999,26.5912499999999,43.));
#15758=CARTESIAN_POINT('',(70.56375,28.6074999999999,43.));
#15759=CARTESIAN_POINT('',(70.56375,48.3875,43.));
#15760=CARTESIAN_POINT('',(70.56375,26.5912499999999,43.));
#15761=CARTESIAN_POINT('',(66.02375,48.3875,43.));
#15762=CARTESIAN_POINT('',(76.431875,48.3875,43.));
#15763=CARTESIAN_POINT('',(66.02375,28.6074999999999,43.));
#15764=CARTESIAN_POINT('',(66.02375,36.48125,43.));
#15765=CARTESIAN_POINT('',(74.161875,28.6074999999999,43.));
#15766=CARTESIAN_POINT('',(100.3,9.97499999999999,43.));
#15767=CARTESIAN_POINT('',(70.3,9.97499999999999,43.));
#15768=CARTESIAN_POINT('',(100.3,24.475,43.));
#15769=CARTESIAN_POINT('',(100.3,17.275,43.));
#15770=CARTESIAN_POINT('',(91.3,24.475,43.));
#15771=CARTESIAN_POINT('Origin',(82.3,24.575,45.));
#15772=CARTESIAN_POINT('',(63.85,11.575,45.));
#15773=CARTESIAN_POINT('',(86.075,11.575,45.));
#15774=CARTESIAN_POINT('',(63.85,22.875,45.));
#15775=CARTESIAN_POINT('',(63.85,18.075,45.));
#15776=CARTESIAN_POINT('',(73.075,22.875,45.));
#15777=CARTESIAN_POINT('Origin',(66.02375,48.3875,40.));
#15778=CARTESIAN_POINT('',(66.02375,48.3875,44.));
#15779=CARTESIAN_POINT('',(66.02375,48.3875,40.));
#15780=CARTESIAN_POINT('',(66.02375,28.6074999999999,44.));
#15781=CARTESIAN_POINT('',(66.02375,28.6074999999999,44.));
#15782=CARTESIAN_POINT('',(66.02375,28.6074999999999,40.));
#15783=CARTESIAN_POINT('Origin',(66.02375,28.6074999999999,40.));
#15784=CARTESIAN_POINT('',(70.56375,28.6074999999999,44.));
#15785=CARTESIAN_POINT('',(70.56375,28.6074999999999,44.));
#15786=CARTESIAN_POINT('',(70.56375,28.6074999999999,40.));
#15787=CARTESIAN_POINT('Origin',(70.56375,28.6074999999999,40.));
#15788=CARTESIAN_POINT('',(70.56375,48.3875,44.));
#15789=CARTESIAN_POINT('',(70.56375,48.3875,44.));
#15790=CARTESIAN_POINT('',(70.56375,48.3875,40.));
#15791=CARTESIAN_POINT('Origin',(70.56375,48.3875,40.));
#15792=CARTESIAN_POINT('',(66.02375,48.3875,44.));
#15793=CARTESIAN_POINT('Origin',(68.29375,38.4975,44.));
#15794=CARTESIAN_POINT('Origin',(81.2737499999999,28.6074999999999,40.));
#15795=CARTESIAN_POINT('',(81.2737499999999,28.6074999999999,44.));
#15796=CARTESIAN_POINT('',(81.2737499999999,28.6074999999999,40.));
#15797=CARTESIAN_POINT('',(85.8137499999999,28.6074999999999,44.));
#15798=CARTESIAN_POINT('',(81.2737499999999,28.6074999999999,44.));
#15799=CARTESIAN_POINT('',(85.8137499999999,28.6074999999999,40.));
#15800=CARTESIAN_POINT('Origin',(85.8137499999999,28.6074999999999,40.));
#15801=CARTESIAN_POINT('',(85.8137499999999,48.3875,44.));
#15802=CARTESIAN_POINT('',(85.8137499999999,28.6074999999999,44.));
#15803=CARTESIAN_POINT('',(85.8137499999999,48.3875,40.));
#15804=CARTESIAN_POINT('Origin',(85.8137499999999,48.3875,40.));
#15805=CARTESIAN_POINT('',(81.2737499999999,48.3875,44.));
#15806=CARTESIAN_POINT('',(85.8137499999999,48.3875,44.));
#15807=CARTESIAN_POINT('',(81.2737499999999,48.3875,40.));
#15808=CARTESIAN_POINT('Origin',(81.2737499999999,48.3875,40.));
#15809=CARTESIAN_POINT('',(81.2737499999999,48.3875,44.));
#15810=CARTESIAN_POINT('Origin',(83.5437499999999,38.4975,44.));
#15811=CARTESIAN_POINT('Origin',(58.2999999999999,9.97499999999999,43.));
#15812=CARTESIAN_POINT('',(100.3,9.97499999999999,44.));
#15813=CARTESIAN_POINT('',(58.2999999999999,9.97499999999999,44.));
#15814=CARTESIAN_POINT('',(100.3,9.97499999999999,43.));
#15815=CARTESIAN_POINT('Origin',(100.3,24.475,43.));
#15816=CARTESIAN_POINT('',(100.3,24.475,44.));
#15817=CARTESIAN_POINT('',(100.3,24.475,43.));
#15818=CARTESIAN_POINT('',(100.3,24.475,44.));
#15819=CARTESIAN_POINT('Origin',(100.3,9.97499999999999,43.));
#15820=CARTESIAN_POINT('',(100.3,9.97499999999999,44.));
#15821=CARTESIAN_POINT('Origin',(79.2999999999999,17.225,44.));
#15822=CARTESIAN_POINT('',(63.8499999999999,11.575,44.));
#15823=CARTESIAN_POINT('',(63.8499999999999,22.875,44.));
#15824=CARTESIAN_POINT('',(63.85,14.4,44.));
#15825=CARTESIAN_POINT('',(89.85,11.575,44.));
#15826=CARTESIAN_POINT('',(84.575,11.575,44.));
#15827=CARTESIAN_POINT('',(89.85,22.875,44.));
#15828=CARTESIAN_POINT('',(89.85,20.05,44.));
#15829=CARTESIAN_POINT('',(71.575,22.875,44.));
#15830=CARTESIAN_POINT('Origin',(89.85,11.575,45.));
#15831=CARTESIAN_POINT('',(63.85,11.575,45.));
#15832=CARTESIAN_POINT('',(89.85,11.575,45.));
#15833=CARTESIAN_POINT('Origin',(63.85,11.575,45.));
#15834=CARTESIAN_POINT('',(63.85,22.875,45.));
#15835=CARTESIAN_POINT('Origin',(89.85,22.875,45.));
#15836=CARTESIAN_POINT('',(89.85,22.875,45.));
#15837=CARTESIAN_POINT('Origin',(63.85,22.875,45.));
#15838=CARTESIAN_POINT('Origin',(95.4750000596047,46.2750000596047,43.));
#15839=CARTESIAN_POINT('Origin',(57.625,57.7749999999999,43.));
#15840=CARTESIAN_POINT('Origin',(95.4750000596047,57.7749999999999,43.));
#15841=CARTESIAN_POINT('',(1.11022302462516E-15,46.,40.));
#15842=UNCERTAINTY_MEASURE_WITH_UNIT(LENGTH_MEASURE(0.01),#15848,
'DISTANCE_ACCURACY_VALUE',
'Maximum model space distance between geometric entities at asserted c
onnectivities');
#15843=UNCERTAINTY_MEASURE_WITH_UNIT(LENGTH_MEASURE(0.01),#15848,
'DISTANCE_ACCURACY_VALUE',
'Maximum model space distance between geometric entities at asserted c
onnectivities');
#15844=UNCERTAINTY_MEASURE_WITH_UNIT(LENGTH_MEASURE(0.01),#15848,
'DISTANCE_ACCURACY_VALUE',
'Maximum model space distance between geometric entities at asserted c
onnectivities');
#15845=(
GEOMETRIC_REPRESENTATION_CONTEXT(3)
GLOBAL_UNCERTAINTY_ASSIGNED_CONTEXT((#15842))
GLOBAL_UNIT_ASSIGNED_CONTEXT((#15848,#15850,#15851))
REPRESENTATION_CONTEXT('','3D')
);
#15846=(
GEOMETRIC_REPRESENTATION_CONTEXT(3)
GLOBAL_UNCERTAINTY_ASSIGNED_CONTEXT((#15843))
GLOBAL_UNIT_ASSIGNED_CONTEXT((#15848,#15850,#15851))
REPRESENTATION_CONTEXT('','3D')
);
#15847=(
GEOMETRIC_REPRESENTATION_CONTEXT(3)
GLOBAL_UNCERTAINTY_ASSIGNED_CONTEXT((#15844))
GLOBAL_UNIT_ASSIGNED_CONTEXT((#15848,#15850,#15851))
REPRESENTATION_CONTEXT('','3D')
);
#15848=(
LENGTH_UNIT()
NAMED_UNIT(*)
SI_UNIT(.MILLI.,.METRE.)
);
#15849=(
LENGTH_UNIT()
NAMED_UNIT(*)
SI_UNIT($,.METRE.)
);
#15850=(
NAMED_UNIT(*)
PLANE_ANGLE_UNIT()
SI_UNIT($,.RADIAN.)
);
#15851=(
NAMED_UNIT(*)
SI_UNIT($,.STERADIAN.)
SOLID_ANGLE_UNIT()
);
#15852=SHAPE_DEFINITION_REPRESENTATION(#15854,#15857);
#15853=SHAPE_DEFINITION_REPRESENTATION(#15855,#15858);
#15854=PRODUCT_DEFINITION_SHAPE('',$,#15860);
#15855=PRODUCT_DEFINITION_SHAPE('',$,#15861);
#15856=PRODUCT_DEFINITION_SHAPE($,$,#14);
#15857=SHAPE_REPRESENTATION('',(#9044,#9597),#15845);
#15858=SHAPE_REPRESENTATION('',(#9045),#15846);
#15859=PRODUCT_DEFINITION_CONTEXT('part definition',#15867,'design');
#15860=PRODUCT_DEFINITION('Plate','Plate',#15862,#15859);
#15861=PRODUCT_DEFINITION('plate v2','plate v2',#15863,#15859);
#15862=PRODUCT_DEFINITION_FORMATION('',$,#15869);
#15863=PRODUCT_DEFINITION_FORMATION('',$,#15870);
#15864=PRODUCT_RELATED_PRODUCT_CATEGORY('Plate','Plate',(#15869));
#15865=PRODUCT_RELATED_PRODUCT_CATEGORY('plate v2','plate v2',(#15870));
#15866=APPLICATION_PROTOCOL_DEFINITION('international standard',
'automotive_design',2009,#15867);
#15867=APPLICATION_CONTEXT(
'Core Data for Automotive Mechanical Design Process');
#15868=PRODUCT_CONTEXT('part definition',#15867,'mechanical');
#15869=PRODUCT('Plate','Plate',$,(#15868));
#15870=PRODUCT('plate v2','plate v2',$,(#15868));
#15871=PRESENTATION_STYLE_ASSIGNMENT((#15873));
#15872=PRESENTATION_STYLE_ASSIGNMENT((#15874));
#15873=SURFACE_STYLE_USAGE(.BOTH.,#15875);
#15874=SURFACE_STYLE_USAGE(.BOTH.,#15876);
#15875=SURFACE_SIDE_STYLE('',(#15877));
#15876=SURFACE_SIDE_STYLE('',(#15878));
#15877=SURFACE_STYLE_FILL_AREA(#15879);
#15878=SURFACE_STYLE_FILL_AREA(#15880);
#15879=FILL_AREA_STYLE('Steel - Satin',(#15881));
#15880=FILL_AREA_STYLE('Plastic - Matte (Black)',(#15882));
#15881=FILL_AREA_STYLE_COLOUR('Steel - Satin',#15883);
#15882=FILL_AREA_STYLE_COLOUR('Plastic - Matte (Black)',#15884);
#15883=COLOUR_RGB('Steel - Satin',0.627450980392157,0.627450980392157,0.627450980392157);
#15884=COLOUR_RGB('Plastic - Matte (Black)',0.0980392156862745,0.0980392156862745,
0.0980392156862745);
ENDSEC;
END-ISO-10303-21;
